[codex/sprint-193-runtime-at-scale 2030b4c9] fix(s193): reconcile resolver and component integration before corrective proof
 2895 files changed, 748425 insertions(+), 86 deletions(-)
 create mode 100644 artifacts/product-reality/sprint-193/m07/ci/attempt-1/forge-s193-ci-job-103162610321.log
 create mode 100644 artifacts/product-reality/sprint-193/m07/ci/attempt-1/forge-s193-ci-job-103162610333.log
 create mode 100644 artifacts/product-reality/sprint-193/m07/ci/attempt-1/forge-s193-ci-job-103162610359.log
 create mode 100644 artifacts/product-reality/sprint-193/m07/ci/attempt-1/forge-s193-ci-job-103162610367.log
 create mode 100644 artifacts/product-reality/sprint-193/m07/ci/attempt-1/forge-s193-ci-job-103162610427.log
 create mode 100644 artifacts/product-reality/sprint-193/m07/ci/attempt-1/observed-in-progress.json
 create mode 100644 artifacts/product-reality/sprint-193/m07/five-suite-closeout-attempt-1/four-suite-baseline.json
 create mode 100644 artifacts/product-reality/sprint-193/m07/five-suite-closeout-attempt-1/run-1/component-packages.json
 create mode 100644 artifacts/product-reality/sprint-193/m07/five-suite-closeout-attempt-1/run-1/component-packages.log
 create mode 100644 artifacts/product-reality/sprint-193/m07/five-suite-closeout-attempt-1/run-1/component-packages.vitest.json
 create mode 100644 artifacts/product-reality/sprint-193/m07/five-suite-closeout-attempt-1/run-1/mcp-server.json
 create mode 100644 artifacts/product-reality/sprint-193/m07/five-suite-closeout-attempt-1/run-1/mcp-server.log
 create mode 100644 artifacts/product-reality/sprint-193/m07/five-suite-closeout-attempt-1/run-1/mcp-server.vitest.json
 create mode 100644 artifacts/product-reality/sprint-193/m07/five-suite-closeout-attempt-1/run-1/root-core.json
 create mode 100644 artifacts/product-reality/sprint-193/m07/five-suite-closeout-attempt-1/run-1/root-core.log
 create mode 100644 artifacts/product-reality/sprint-193/m07/five-suite-closeout-attempt-1/run-1/root-core.vitest.json
 create mode 100644 artifacts/product-reality/sprint-193/m07/five-suite-closeout-attempt-1/run-1/viz-core.json
 create mode 100644 artifacts/product-reality/sprint-193/m07/five-suite-closeout-attempt-1/run-1/viz-core.log
 create mode 100644 artifacts/product-reality/sprint-193/m07/five-suite-closeout-attempt-1/run-1/viz-core.vitest.json
 create mode 100644 artifacts/product-reality/sprint-193/m07/five-suite-closeout-attempt-1/run-1/viz-render.json
 create mode 100644 artifacts/product-reality/sprint-193/m07/five-suite-closeout-attempt-1/run-1/viz-render.log
 create mode 100644 artifacts/product-reality/sprint-193/m07/five-suite-closeout-attempt-1/run-1/viz-render.vitest.json
 create mode 100644 artifacts/product-reality/sprint-193/m07/five-suite-closeout-attempt-1/setup/build-packages.log
 create mode 100644 artifacts/product-reality/sprint-193/m07/five-suite-closeout-attempt-1/setup/build-publishable-package.log
 create mode 100644 artifacts/product-reality/sprint-193/m07/five-suite-closeout-attempt-1/setup/build-tokens.log
 create mode 100644 artifacts/product-reality/sprint-193/m07/five-suite-closeout-attempt-1/setup/install.log
 create mode 100644 artifacts/product-reality/sprint-193/m07/logs/corrective/forge-s193-corrective-census-preflight.log
 create mode 100644 artifacts/product-reality/sprint-193/m07/logs/corrective/forge-s193-corrective-component-targeted.log
 create mode 100644 artifacts/product-reality/sprint-193/m07/logs/corrective/forge-s193-corrective-contracts-targeted.json
 create mode 100644 artifacts/product-reality/sprint-193/m07/logs/corrective/forge-s193-corrective-contracts-targeted.log
 create mode 100644 artifacts/product-reality/sprint-193/m07/logs/corrective/forge-s193-corrective-enum.log
 create mode 100644 artifacts/product-reality/sprint-193/m07/logs/corrective/forge-s193-corrective-gate-1.log
 create mode 100644 artifacts/product-reality/sprint-193/m07/logs/corrective/forge-s193-corrective-gate-10.log
 create mode 100644 artifacts/product-reality/sprint-193/m07/logs/corrective/forge-s193-corrective-gate-11.log
 create mode 100644 artifacts/product-reality/sprint-193/m07/logs/corrective/forge-s193-corrective-gate-2.log
 create mode 100644 artifacts/product-reality/sprint-193/m07/logs/corrective/forge-s193-corrective-gate-3.log
 create mode 100644 artifacts/product-reality/sprint-193/m07/logs/corrective/forge-s193-corrective-gate-4.log
 create mode 100644 artifacts/product-reality/sprint-193/m07/logs/corrective/forge-s193-corrective-gate-5.log
 create mode 100644 artifacts/product-reality/sprint-193/m07/logs/corrective/forge-s193-corrective-gate-6.log
 create mode 100644 artifacts/product-reality/sprint-193/m07/logs/corrective/forge-s193-corrective-gate-7.log
 create mode 100644 artifacts/product-reality/sprint-193/m07/logs/corrective/forge-s193-corrective-gate-8.log
 create mode 100644 artifacts/product-reality/sprint-193/m07/logs/corrective/forge-s193-corrective-gate-9.log
 create mode 100644 artifacts/product-reality/sprint-193/m07/logs/corrective/forge-s193-corrective-gates.json
 create mode 100644 artifacts/product-reality/sprint-193/m07/logs/corrective/forge-s193-corrective-packages-build.log
 create mode 100644 artifacts/product-reality/sprint-193/m07/logs/corrective/forge-s193-corrective-root-targeted.json
 create mode 100644 artifacts/product-reality/sprint-193/m07/logs/corrective/forge-s193-corrective-root-targeted.log
 create mode 100644 artifacts/product-reality/sprint-193/m07/logs/corrective/forge-s193-corrective-server-build.log
 create mode 100644 artifacts/product-reality/sprint-193/m07/logs/corrective/forge-s193-corrective-server-targeted-2.json
 create mode 100644 artifacts/product-reality/sprint-193/m07/logs/corrective/forge-s193-corrective-server-targeted-2.log
 create mode 100644 artifacts/product-reality/sprint-193/m07/logs/corrective/forge-s193-corrective-server-targeted.json
 create mode 100644 artifacts/product-reality/sprint-193/m07/logs/corrective/forge-s193-corrective-server-targeted.log
 create mode 100644 artifacts/product-reality/sprint-193/m07/logs/corrective/forge-s193-corrective-ssr-targeted.json
 create mode 100644 artifacts/product-reality/sprint-193/m07/logs/corrective/forge-s193-corrective-ssr-targeted.log
 create mode 100644 artifacts/product-reality/sprint-193/m07/logs/corrective/forge-s193-corrective-styles-targeted.json
 create mode 100644 artifacts/product-reality/sprint-193/m07/logs/corrective/forge-s193-corrective-styles-targeted.log
 create mode 100644 artifacts/product-reality/sprint-193/m07/logs/corrective/forge-s193-corrective-typecheck.log
 create mode 100644 artifacts/product-reality/sprint-193/m07/proof-attempt-1/README.md
 create mode 100644 artifacts/product-reality/sprint-193/m07/proof-attempt-1/builder-inspection.json
 create mode 100644 artifacts/product-reality/sprint-193/m07/proof-attempt-1/catalog-list-dist.json
 create mode 100644 artifacts/product-reality/sprint-193/m07/proof-attempt-1/component-census/Article-card.composition.json
 create mode 100644 artifacts/product-reality/sprint-193/m07/proof-attempt-1/component-census/Article-card.react.json
 create mode 100644 artifacts/product-reality/sprint-193/m07/proof-attempt-1/component-census/Article-card.vue.json
 create mode 100644 artifacts/product-reality/sprint-193/m07/proof-attempt-1/component-census/Article-detail.composition.json
 create mode 100644 artifacts/product-reality/sprint-193/m07/proof-attempt-1/component-census/Article-detail.react.json
 create mode 100644 artifacts/product-reality/sprint-193/m07/proof-attempt-1/component-census/Article-detail.vue.json
 create mode 100644 artifacts/product-reality/sprint-193/m07/proof-attempt-1/component-census/Article-form.composition.json
 create mode 100644 artifacts/product-reality/sprint-193/m07/proof-attempt-1/component-census/Article-form.react.json
 create mode 100644 artifacts/product-reality/sprint-193/m07/proof-attempt-1/component-census/Article-form.vue.json
 create mode 100644 artifacts/product-reality/sprint-193/m07/proof-attempt-1/component-census/Article-inline.composition.json
 create mode 100644 artifacts/product-reality/sprint-193/m07/proof-attempt-1/component-census/Article-inline.react.json
 create mode 100644 artifacts/product-reality/sprint-193/m07/proof-attempt-1/component-census/Article-inline.vue.json
 create mode 100644 artifacts/product-reality/sprint-193/m07/proof-attempt-1/component-census/Article-list.composition.json
 create mode 100644 artifacts/product-reality/sprint-193/m07/proof-attempt-1/component-census/Article-list.react.json
 create mode 100644 artifacts/product-reality/sprint-193/m07/proof-attempt-1/component-census/Article-list.vue.json
 create mode 100644 artifacts/product-reality/sprint-193/m07/proof-attempt-1/component-census/Article-timeline.composition.json
 create mode 100644 artifacts/product-reality/sprint-193/m07/proof-attempt-1/component-census/Article-timeline.react.json
 create mode 100644 artifacts/product-reality/sprint-193/m07/proof-attempt-1/component-census/Article-timeline.vue.json
 create mode 100644 artifacts/product-reality/sprint-193/m07/proof-attempt-1/component-census/Article-workflow.composition.json
 create mode 100644 artifacts/product-reality/sprint-193/m07/proof-attempt-1/component-census/Article-workflow.react.json
 create mode 100644 artifacts/product-reality/sprint-193/m07/proof-attempt-1/component-census/Article-workflow.vue.json
 create mode 100644 artifacts/product-reality/sprint-193/m07/proof-attempt-1/component-census/Invoice-card.composition.json
 create mode 100644 artifacts/product-reality/sprint-193/m07/proof-attempt-1/component-census/Invoice-card.react.json
 create mode 100644 artifacts/product-reality/sprint-193/m07/proof-attempt-1/component-census/Invoice-card.vue.json
 create mode 100644 artifacts/product-reality/sprint-193/m07/proof-attempt-1/component-census/Invoice-detail.composition.json
 create mode 100644 artifacts/product-reality/sprint-193/m07/proof-attempt-1/component-census/Invoice-detail.react.json
 create mode 100644 artifacts/product-reality/sprint-193/m07/proof-attempt-1/component-census/Invoice-detail.vue.json
 create mode 100644 artifacts/product-reality/sprint-193/m07/proof-attempt-1/component-census/Invoice-form.composition.json
 create mode 100644 artifacts/product-reality/sprint-193/m07/proof-attempt-1/component-census/Invoice-form.react.json
 create mode 100644 artifacts/product-reality/sprint-193/m07/proof-attempt-1/component-census/Invoice-form.vue.json
 create mode 100644 artifacts/product-reality/sprint-193/m07/proof-attempt-1/component-census/Invoice-inline.composition.json
 create mode 100644 artifacts/product-reality/sprint-193/m07/proof-attempt-1/component-census/Invoice-inline.react.json
 create mode 100644 artifacts/product-reality/sprint-193/m07/proof-attempt-1/component-census/Invoice-inline.vue.json
 create mode 100644 artifacts/product-reality/sprint-193/m07/proof-attempt-1/component-census/Invoice-list.composition.json
 create mode 100644 artifacts/product-reality/sprint-193/m07/proof-attempt-1/component-census/Invoice-list.react.json
 create mode 100644 artifacts/product-reality/sprint-193/m07/proof-attempt-1/component-census/Invoice-list.vue.json
 create mode 100644 artifacts/product-reality/sprint-193/m07/proof-attempt-1/component-census/Invoice-timeline.composition.json
 create mode 100644 artifacts/product-reality/sprint-193/m07/proof-attempt-1/component-census/Invoice-timeline.react.json
 create mode 100644 artifacts/product-reality/sprint-193/m07/proof-attempt-1/component-census/Invoice-timeline.vue.json
 create mode 100644 artifacts/product-reality/sprint-193/m07/proof-attempt-1/component-census/Invoice-workflow.composition.json
 create mode 100644 artifacts/product-reality/sprint-193/m07/proof-attempt-1/component-census/Invoice-workflow.react.json
 create mode 100644 artifacts/product-reality/sprint-193/m07/proof-attempt-1/component-census/Invoice-workflow.vue.json
 create mode 100644 artifacts/product-reality/sprint-193/m07/proof-attempt-1/component-census/Media-card.composition.json
 create mode 100644 artifacts/product-reality/sprint-193/m07/proof-attempt-1/component-census/Media-card.react.json
 create mode 100644 artifacts/product-reality/sprint-193/m07/proof-attempt-1/component-census/Media-card.vue.json
 create mode 100644 artifacts/product-reality/sprint-193/m07/proof-attempt-1/component-census/Media-detail.composition.json
 create mode 100644 artifacts/product-reality/sprint-193/m07/proof-attempt-1/component-census/Media-detail.react.json
 create mode 100644 artifacts/product-reality/sprint-193/m07/proof-attempt-1/component-census/Media-detail.vue.json
 create mode 100644 artifacts/product-reality/sprint-193/m07/proof-attempt-1/component-census/Media-form.composition.json
 create mode 100644 artifacts/product-reality/sprint-193/m07/proof-attempt-1/component-census/Media-form.react.json
 create mode 100644 artifacts/product-reality/sprint-193/m07/proof-attempt-1/component-census/Media-form.vue.json
 create mode 100644 artifacts/product-reality/sprint-193/m07/proof-attempt-1/component-census/Media-inline.composition.json
 create mode 100644 artifacts/product-reality/sprint-193/m07/proof-attempt-1/component-census/Media-inline.react.json
 create mode 100644 artifacts/product-reality/sprint-193/m07/proof-attempt-1/component-census/Media-inline.vue.json
 create mode 100644 artifacts/product-reality/sprint-193/m07/proof-attempt-1/component-census/Media-list.composition.json
 create mode 100644 artifacts/product-reality/sprint-193/m07/proof-attempt-1/component-census/Media-list.react.json
 create mode 100644 artifacts/product-reality/sprint-193/m07/proof-attempt-1/component-census/Media-list.vue.json
 create mode 100644 artifacts/product-reality/sprint-193/m07/proof-attempt-1/component-census/Media-timeline.composition.json
 create mode 100644 artifacts/product-reality/sprint-193/m07/proof-attempt-1/component-census/Media-timeline.react.json
 create mode 100644 artifacts/product-reality/sprint-193/m07/proof-attempt-1/component-census/Media-timeline.vue.json
 create mode 100644 artifacts/product-reality/sprint-193/m07/proof-attempt-1/component-census/Media-workflow.composition.json
 create mode 100644 artifacts/product-reality/sprint-193/m07/proof-attempt-1/component-census/Media-workflow.react.json
 create mode 100644 artifacts/product-reality/sprint-193/m07/proof-attempt-1/component-census/Media-workflow.vue.json
 create mode 100644 artifacts/product-reality/sprint-193/m07/proof-attempt-1/component-census/Organization-card.composition.json
 create mode 100644 artifacts/product-reality/sprint-193/m07/proof-attempt-1/component-census/Organization-card.react.json
 create mode 100644 artifacts/product-reality/sprint-193/m07/proof-attempt-1/component-census/Organization-card.vue.json
 create mode 100644 artifacts/product-reality/sprint-193/m07/proof-attempt-1/component-census/Organization-detail.composition.json
 create mode 100644 artifacts/product-reality/sprint-193/m07/proof-attempt-1/component-census/Organization-detail.react.json
 create mode 100644 artifacts/product-reality/sprint-193/m07/proof-attempt-1/component-census/Organization-detail.vue.json
 create mode 100644 artifacts/product-reality/sprint-193/m07/proof-attempt-1/component-census/Organization-form.composition.json
 create mode 100644 artifacts/product-reality/sprint-193/m07/proof-attempt-1/component-census/Organization-form.react.json
 create mode 100644 artifacts/product-reality/sprint-193/m07/proof-attempt-1/component-census/Organization-form.vue.json
 create mode 100644 artifacts/product-reality/sprint-193/m07/proof-attempt-1/component-census/Organization-inline.composition.json
 create mode 100644 artifacts/product-reality/sprint-193/m07/proof-attempt-1/component-census/Organization-inline.react.json
 create mode 100644 artifacts/product-reality/sprint-193/m07/proof-attempt-1/component-census/Organization-inline.vue.json
 create mode 100644 artifacts/product-reality/sprint-193/m07/proof-attempt-1/component-census/Organization-list.composition.json
 create mode 100644 artifacts/product-reality/sprint-193/m07/proof-attempt-1/component-census/Organization-list.react.json
 create mode 100644 artifacts/product-reality/sprint-193/m07/proof-attempt-1/component-census/Organization-list.vue.json
 create mode 100644 artifacts/product-reality/sprint-193/m07/proof-attempt-1/component-census/Organization-timeline.composition.json
 create mode 100644 artifacts/product-reality/sprint-193/m07/proof-attempt-1/component-census/Organization-timeline.react.json
 create mode 100644 artifacts/product-reality/sprint-193/m07/proof-attempt-1/component-census/Organization-timeline.vue.json
 create mode 100644 artifacts/product-reality/sprint-193/m07/proof-attempt-1/component-census/Organization-workflow.composition.json
 create mode 100644 artifacts/product-reality/sprint-193/m07/proof-attempt-1/component-census/Organization-workflow.react.json
 create mode 100644 artifacts/product-reality/sprint-193/m07/proof-attempt-1/component-census/Organization-workflow.vue.json
 create mode 100644 artifacts/product-reality/sprint-193/m07/proof-attempt-1/component-census/Plan-card.composition.json
 create mode 100644 artifacts/product-reality/sprint-193/m07/proof-attempt-1/component-census/Plan-card.react.json
 create mode 100644 artifacts/product-reality/sprint-193/m07/proof-attempt-1/component-census/Plan-card.vue.json
 create mode 100644 artifacts/product-reality/sprint-193/m07/proof-attempt-1/component-census/Plan-detail.composition.json
 create mode 100644 artifacts/product-reality/sprint-193/m07/proof-attempt-1/component-census/Plan-detail.react.json
 create mode 100644 artifacts/product-reality/sprint-193/m07/proof-attempt-1/component-census/Plan-detail.vue.json
 create mode 100644 artifacts/product-reality/sprint-193/m07/proof-attempt-1/component-census/Plan-form.composition.json
 create mode 100644 artifacts/product-reality/sprint-193/m07/proof-attempt-1/component-census/Plan-form.react.json
 create mode 100644 artifacts/product-reality/sprint-193/m07/proof-attempt-1/component-census/Plan-form.vue.json
 create mode 100644 artifacts/product-reality/sprint-193/m07/proof-attempt-1/component-census/Plan-inline.composition.json
 create mode 100644 artifacts/product-reality/sprint-193/m07/proof-attempt-1/component-census/Plan-inline.react.json
 create mode 100644 artifacts/product-reality/sprint-193/m07/proof-attempt-1/component-census/Plan-inline.vue.json
 create mode 100644 artifacts/product-reality/sprint-193/m07/proof-attempt-1/component-census/Plan-list.composition.json
 create mode 100644 artifacts/product-reality/sprint-193/m07/proof-attempt-1/component-census/Plan-list.react.json
 create mode 100644 artifacts/product-reality/sprint-193/m07/proof-attempt-1/component-census/Plan-list.vue.json
 create mode 100644 artifacts/product-reality/sprint-193/m07/proof-attempt-1/component-census/Plan-timeline.composition.json
 create mode 100644 artifacts/product-reality/sprint-193/m07/proof-attempt-1/component-census/Plan-timeline.react.json
 create mode 100644 artifacts/product-reality/sprint-193/m07/proof-attempt-1/component-census/Plan-timeline.vue.json
 create mode 100644 artifacts/product-reality/sprint-193/m07/proof-attempt-1/component-census/Plan-workflow.composition.json
 create mode 100644 artifacts/product-reality/sprint-193/m07/proof-attempt-1/component-census/Plan-workflow.react.json
 create mode 100644 artifacts/product-reality/sprint-193/m07/proof-attempt-1/component-census/Plan-workflow.vue.json
 create mode 100644 artifacts/product-reality/sprint-193/m07/proof-attempt-1/component-census/Product-card.composition.json
 create mode 100644 artifacts/product-reality/sprint-193/m07/proof-attempt-1/component-census/Product-card.react.json
 create mode 100644 artifacts/product-reality/sprint-193/m07/proof-attempt-1/component-census/Product-card.vue.json
 create mode 100644 artifacts/product-reality/sprint-193/m07/proof-attempt-1/component-census/Product-detail.composition.json
 create mode 100644 artifacts/product-reality/sprint-193/m07/proof-attempt-1/component-census/Product-detail.react.json
 create mode 100644 artifacts/product-reality/sprint-193/m07/proof-attempt-1/component-census/Product-detail.vue.json
 create mode 100644 artifacts/product-reality/sprint-193/m07/proof-attempt-1/component-census/Product-form.composition.json
 create mode 100644 artifacts/product-reality/sprint-193/m07/proof-attempt-1/component-census/Product-form.react.json
 create mode 100644 artifacts/product-reality/sprint-193/m07/proof-attempt-1/component-census/Product-form.vue.json
 create mode 100644 artifacts/product-reality/sprint-193/m07/proof-attempt-1/component-census/Product-inline.composition.json
 create mode 100644 artifacts/product-reality/sprint-193/m07/proof-attempt-1/component-census/Product-inline.react.json
 create mode 100644 artifacts/product-reality/sprint-193/m07/proof-attempt-1/component-census/Product-inline.vue.json
 create mode 100644 artifacts/product-reality/sprint-193/m07/proof-attempt-1/component-census/Product-list.composition.json
 create mode 100644 artifacts/product-reality/sprint-193/m07/proof-attempt-1/component-census/Product-list.react.json
 create mode 100644 artifacts/product-reality/sprint-193/m07/proof-attempt-1/component-census/Product-list.vue.json
 create mode 100644 artifacts/product-reality/sprint-193/m07/proof-attempt-1/component-census/Product-timeline.composition.json
 create mode 100644 artifacts/product-reality/sprint-193/m07/proof-attempt-1/component-census/Product-timeline.react.json
 create mode 100644 artifacts/product-reality/sprint-193/m07/proof-attempt-1/component-census/Product-timeline.vue.json
 create mode 100644 artifacts/product-reality/sprint-193/m07/proof-attempt-1/component-census/Product-workflow.composition.json
 create mode 100644 artifacts/product-reality/sprint-193/m07/proof-attempt-1/component-census/Product-workflow.react.json
 create mode 100644 artifacts/product-reality/sprint-193/m07/proof-attempt-1/component-census/Product-workflow.vue.json
 create mode 100644 artifacts/product-reality/sprint-193/m07/proof-attempt-1/component-census/Relationship-card.composition.json
 create mode 100644 artifacts/product-reality/sprint-193/m07/proof-attempt-1/component-census/Relationship-card.react.json
 create mode 100644 artifacts/product-reality/sprint-193/m07/proof-attempt-1/component-census/Relationship-card.vue.json
 create mode 100644 artifacts/product-reality/sprint-193/m07/proof-attempt-1/component-census/Relationship-detail.composition.json
 create mode 100644 artifacts/product-reality/sprint-193/m07/proof-attempt-1/component-census/Relationship-detail.react.json
 create mode 100644 artifacts/product-reality/sprint-193/m07/proof-attempt-1/component-census/Relationship-detail.vue.json
 create mode 100644 artifacts/product-reality/sprint-193/m07/proof-attempt-1/component-census/Relationship-form.composition.json
 create mode 100644 artifacts/product-reality/sprint-193/m07/proof-attempt-1/component-census/Relationship-form.react.json
 create mode 100644 artifacts/product-reality/sprint-193/m07/proof-attempt-1/component-census/Relationship-form.vue.json
 create mode 100644 artifacts/product-reality/sprint-193/m07/proof-attempt-1/component-census/Relationship-inline.composition.json
 create mode 100644 artifacts/product-reality/sprint-193/m07/proof-attempt-1/component-census/Relationship-inline.react.json
 create mode 100644 artifacts/product-reality/sprint-193/m07/proof-attempt-1/component-census/Relationship-inline.vue.json
 create mode 100644 artifacts/product-reality/sprint-193/m07/proof-attempt-1/component-census/Relationship-list.composition.json
 create mode 100644 artifacts/product-reality/sprint-193/m07/proof-attempt-1/component-census/Relationship-list.react.json
 create mode 100644 artifacts/product-reality/sprint-193/m07/proof-attempt-1/component-census/Relationship-list.vue.json
 create mode 100644 artifacts/product-reality/sprint-193/m07/proof-attempt-1/component-census/Relationship-timeline.composition.json
 create mode 100644 artifacts/product-reality/sprint-193/m07/proof-attempt-1/component-census/Relationship-timeline.react.json
 create mode 100644 artifacts/product-reality/sprint-193/m07/proof-attempt-1/component-census/Relationship-timeline.vue.json
 create mode 100644 artifacts/product-reality/sprint-193/m07/proof-attempt-1/component-census/Relationship-workflow.composition.json
 create mode 100644 artifacts/product-reality/sprint-193/m07/proof-attempt-1/component-census/Relationship-workflow.react.json
 create mode 100644 artifacts/product-reality/sprint-193/m07/proof-attempt-1/component-census/Relationship-workflow.vue.json
 create mode 100644 artifacts/product-reality/sprint-193/m07/proof-attempt-1/component-census/Subscription-card.composition.json
 create mode 100644 artifacts/product-reality/sprint-193/m07/proof-attempt-1/component-census/Subscription-card.react.json
 create mode 100644 artifacts/product-reality/sprint-193/m07/proof-attempt-1/component-census/Subscription-card.vue.json
 create mode 100644 artifacts/product-reality/sprint-193/m07/proof-attempt-1/component-census/Subscription-detail.composition.json
 create mode 100644 artifacts/product-reality/sprint-193/m07/proof-attempt-1/component-census/Subscription-detail.react.json
 create mode 100644 artifacts/product-reality/sprint-193/m07/proof-attempt-1/component-census/Subscription-detail.vue.json
 create mode 100644 artifacts/product-reality/sprint-193/m07/proof-attempt-1/component-census/Subscription-form.composition.json
 create mode 100644 artifacts/product-reality/sprint-193/m07/proof-attempt-1/component-census/Subscription-form.react.json
 create mode 100644 artifacts/product-reality/sprint-193/m07/proof-attempt-1/component-census/Subscription-form.vue.json
 create mode 100644 artifacts/product-reality/sprint-193/m07/proof-attempt-1/component-census/Subscription-inline.composition.json
 create mode 100644 artifacts/product-reality/sprint-193/m07/proof-attempt-1/component-census/Subscription-inline.react.json
 create mode 100644 artifacts/product-reality/sprint-193/m07/proof-attempt-1/component-census/Subscription-inline.vue.json
 create mode 100644 artifacts/product-reality/sprint-193/m07/proof-attempt-1/component-census/Subscription-list.composition.json
 create mode 100644 artifacts/product-reality/sprint-193/m07/proof-attempt-1/component-census/Subscription-list.react.json
 create mode 100644 artifacts/product-reality/sprint-193/m07/proof-attempt-1/component-census/Subscription-list.vue.json
 create mode 100644 artifacts/product-reality/sprint-193/m07/proof-attempt-1/component-census/Subscription-timeline.composition.json
 create mode 100644 artifacts/product-reality/sprint-193/m07/proof-attempt-1/component-census/Subscription-timeline.react.json
 create mode 100644 artifacts/product-reality/sprint-193/m07/proof-attempt-1/component-census/Subscription-timeline.vue.json
 create mode 100644 artifacts/product-reality/sprint-193/m07/proof-attempt-1/component-census/Subscription-workflow.composition.json
 create mode 100644 artifacts/product-reality/sprint-193/m07/proof-attempt-1/component-census/Subscription-workflow.react.json
 create mode 100644 artifacts/product-reality/sprint-193/m07/proof-attempt-1/component-census/Subscription-workflow.vue.json
 create mode 100644 artifacts/product-reality/sprint-193/m07/proof-attempt-1/component-census/Transaction-card.composition.json
 create mode 100644 artifacts/product-reality/sprint-193/m07/proof-attempt-1/component-census/Transaction-card.react.json
 create mode 100644 artifacts/product-reality/sprint-193/m07/proof-attempt-1/component-census/Transaction-card.vue.json
 create mode 100644 artifacts/product-reality/sprint-193/m07/proof-attempt-1/component-census/Transaction-detail.composition.json
 create mode 100644 artifacts/product-reality/sprint-193/m07/proof-attempt-1/component-census/Transaction-detail.react.json
 create mode 100644 artifacts/product-reality/sprint-193/m07/proof-attempt-1/component-census/Transaction-detail.vue.json
 create mode 100644 artifacts/product-reality/sprint-193/m07/proof-attempt-1/component-census/Transaction-form.composition.json
 create mode 100644 artifacts/product-reality/sprint-193/m07/proof-attempt-1/component-census/Transaction-form.react.json
 create mode 100644 artifacts/product-reality/sprint-193/m07/proof-attempt-1/component-census/Transaction-form.vue.json
 create mode 100644 artifacts/product-reality/sprint-193/m07/proof-attempt-1/component-census/Transaction-inline.composition.json
 create mode 100644 artifacts/product-reality/sprint-193/m07/proof-attempt-1/component-census/Transaction-inline.react.json
 create mode 100644 artifacts/product-reality/sprint-193/m07/proof-attempt-1/component-census/Transaction-inline.vue.json
 create mode 100644 artifacts/product-reality/sprint-193/m07/proof-attempt-1/component-census/Transaction-list.composition.json
 create mode 100644 artifacts/product-reality/sprint-193/m07/proof-attempt-1/component-census/Transaction-list.react.json
 create mode 100644 artifacts/product-reality/sprint-193/m07/proof-attempt-1/component-census/Transaction-list.vue.json
 create mode 100644 artifacts/product-reality/sprint-193/m07/proof-attempt-1/component-census/Transaction-timeline.composition.json
 create mode 100644 artifacts/product-reality/sprint-193/m07/proof-attempt-1/component-census/Transaction-timeline.react.json
 create mode 100644 artifacts/product-reality/sprint-193/m07/proof-attempt-1/component-census/Transaction-timeline.vue.json
 create mode 100644 artifacts/product-reality/sprint-193/m07/proof-attempt-1/component-census/Transaction-workflow.composition.json
 create mode 100644 artifacts/product-reality/sprint-193/m07/proof-attempt-1/component-census/Transaction-workflow.react.json
 create mode 100644 artifacts/product-reality/sprint-193/m07/proof-attempt-1/component-census/Transaction-workflow.vue.json
 create mode 100644 artifacts/product-reality/sprint-193/m07/proof-attempt-1/component-census/Usage-card.composition.json
 create mode 100644 artifacts/product-reality/sprint-193/m07/proof-attempt-1/component-census/Usage-card.react.json
 create mode 100644 artifacts/product-reality/sprint-193/m07/proof-attempt-1/component-census/Usage-card.vue.json
 create mode 100644 artifacts/product-reality/sprint-193/m07/proof-attempt-1/component-census/Usage-detail.composition.json
 create mode 100644 artifacts/product-reality/sprint-193/m07/proof-attempt-1/component-census/Usage-detail.react.json
 create mode 100644 artifacts/product-reality/sprint-193/m07/proof-attempt-1/component-census/Usage-detail.vue.json
 create mode 100644 artifacts/product-reality/sprint-193/m07/proof-attempt-1/component-census/Usage-form.composition.json
 create mode 100644 artifacts/product-reality/sprint-193/m07/proof-attempt-1/component-census/Usage-form.react.json
 create mode 100644 artifacts/product-reality/sprint-193/m07/proof-attempt-1/component-census/Usage-form.vue.json
 create mode 100644 artifacts/product-reality/sprint-193/m07/proof-attempt-1/component-census/Usage-inline.composition.json
 create mode 100644 artifacts/product-reality/sprint-193/m07/proof-attempt-1/component-census/Usage-inline.react.json
 create mode 100644 artifacts/product-reality/sprint-193/m07/proof-attempt-1/component-census/Usage-inline.vue.json
 create mode 100644 artifacts/product-reality/sprint-193/m07/proof-attempt-1/component-census/Usage-list.composition.json
 create mode 100644 artifacts/product-reality/sprint-193/m07/proof-attempt-1/component-census/Usage-list.react.json
 create mode 100644 artifacts/product-reality/sprint-193/m07/proof-attempt-1/component-census/Usage-list.vue.json
 create mode 100644 artifacts/product-reality/sprint-193/m07/proof-attempt-1/component-census/Usage-timeline.composition.json
 create mode 100644 artifacts/product-reality/sprint-193/m07/proof-attempt-1/component-census/Usage-timeline.react.json
 create mode 100644 artifacts/product-reality/sprint-193/m07/proof-attempt-1/component-census/Usage-timeline.vue.json
 create mode 100644 artifacts/product-reality/sprint-193/m07/proof-attempt-1/component-census/Usage-workflow.composition.json
 create mode 100644 artifacts/product-reality/sprint-193/m07/proof-attempt-1/component-census/Usage-workflow.react.json
 create mode 100644 artifacts/product-reality/sprint-193/m07/proof-attempt-1/component-census/Usage-workflow.vue.json
 create mode 100644 artifacts/product-reality/sprint-193/m07/proof-attempt-1/component-census/User-card.composition.json
 create mode 100644 artifacts/product-reality/sprint-193/m07/proof-attempt-1/component-census/User-card.react.json
 create mode 100644 artifacts/product-reality/sprint-193/m07/proof-attempt-1/component-census/User-card.vue.json
 create mode 100644 artifacts/product-reality/sprint-193/m07/proof-attempt-1/component-census/User-detail.composition.json
 create mode 100644 artifacts/product-reality/sprint-193/m07/proof-attempt-1/component-census/User-detail.react.json
 create mode 100644 artifacts/product-reality/sprint-193/m07/proof-attempt-1/component-census/User-detail.vue.json
 create mode 100644 artifacts/product-reality/sprint-193/m07/proof-attempt-1/component-census/User-form.composition.json
 create mode 100644 artifacts/product-reality/sprint-193/m07/proof-attempt-1/component-census/User-form.react.json
 create mode 100644 artifacts/product-reality/sprint-193/m07/proof-attempt-1/component-census/User-form.vue.json
 create mode 100644 artifacts/product-reality/sprint-193/m07/proof-attempt-1/component-census/User-inline.composition.json
 create mode 100644 artifacts/product-reality/sprint-193/m07/proof-attempt-1/component-census/User-inline.react.json
 create mode 100644 artifacts/product-reality/sprint-193/m07/proof-attempt-1/component-census/User-inline.vue.json
 create mode 100644 artifacts/product-reality/sprint-193/m07/proof-attempt-1/component-census/User-list.composition.json
 create mode 100644 artifacts/product-reality/sprint-193/m07/proof-attempt-1/component-census/User-list.react.json
 create mode 100644 artifacts/product-reality/sprint-193/m07/proof-attempt-1/component-census/User-list.vue.json
 create mode 100644 artifacts/product-reality/sprint-193/m07/proof-attempt-1/component-census/User-timeline.composition.json
 create mode 100644 artifacts/product-reality/sprint-193/m07/proof-attempt-1/component-census/User-timeline.react.json
 create mode 100644 artifacts/product-reality/sprint-193/m07/proof-attempt-1/component-census/User-timeline.vue.json
 create mode 100644 artifacts/product-reality/sprint-193/m07/proof-attempt-1/component-census/User-workflow.composition.json
 create mode 100644 artifacts/product-reality/sprint-193/m07/proof-attempt-1/component-census/User-workflow.react.json
 create mode 100644 artifacts/product-reality/sprint-193/m07/proof-attempt-1/component-census/User-workflow.vue.json
 create mode 100644 artifacts/product-reality/sprint-193/m07/proof-attempt-1/component-census/report.json
 create mode 100644 artifacts/product-reality/sprint-193/m07/proof-attempt-1/component-ledger.json
 create mode 100644 artifacts/product-reality/sprint-193/m07/proof-attempt-1/component-proof.json
 create mode 100644 artifacts/product-reality/sprint-193/m07/proof-attempt-1/golden-attribution.json
 create mode 100644 artifacts/product-reality/sprint-193/m07/proof-attempt-1/health-dist.json
 create mode 100644 artifacts/product-reality/sprint-193/m07/proof-attempt-1/logs/api-refresh.log
 create mode 100644 artifacts/product-reality/sprint-193/m07/proof-attempt-1/logs/boundary-preflight.log
 create mode 100644 artifacts/product-reality/sprint-193/m07/proof-attempt-1/logs/catalog-fixed.log
 create mode 100644 artifacts/product-reality/sprint-193/m07/proof-attempt-1/logs/census-verification.log
 create mode 100644 artifacts/product-reality/sprint-193/m07/proof-attempt-1/logs/closeout-modes.log
 create mode 100644 artifacts/product-reality/sprint-193/m07/proof-attempt-1/logs/component-verification.log
 create mode 100644 artifacts/product-reality/sprint-193/m07/proof-attempt-1/logs/final-census.log
 create mode 100644 artifacts/product-reality/sprint-193/m07/proof-attempt-1/logs/final-ledger-server-build.log
 create mode 100644 artifacts/product-reality/sprint-193/m07/proof-attempt-1/logs/final-receipt-tests.log
 create mode 100644 artifacts/product-reality/sprint-193/m07/proof-attempt-1/logs/final-server-build.log
 create mode 100644 artifacts/product-reality/sprint-193/m07/proof-attempt-1/logs/freeze-contracts.log
 create mode 100644 artifacts/product-reality/sprint-193/m07/proof-attempt-1/logs/ledger-contracts.log
 create mode 100644 artifacts/product-reality/sprint-193/m07/proof-attempt-1/logs/packages-build.log
 create mode 100644 artifacts/product-reality/sprint-193/m07/proof-attempt-1/logs/portable-boundary-fixed.log
 create mode 100644 artifacts/product-reality/sprint-193/m07/proof-attempt-1/logs/portable-build.log
 create mode 100644 artifacts/product-reality/sprint-193/m07/proof-attempt-1/logs/portable-e2e.log
 create mode 100644 artifacts/product-reality/sprint-193/m07/proof-attempt-1/logs/preflight-sentinels-fixed-02.log
 create mode 100644 artifacts/product-reality/sprint-193/m07/proof-attempt-1/logs/preflight-sentinels-fixed.log
 create mode 100644 artifacts/product-reality/sprint-193/m07/proof-attempt-1/logs/preflight-sentinels.log
 create mode 100644 artifacts/product-reality/sprint-193/m07/proof-attempt-1/logs/preparation-census.log
 create mode 100644 artifacts/product-reality/sprint-193/m07/proof-attempt-1/logs/prose-fixed.log
 create mode 100644 artifacts/product-reality/sprint-193/m07/proof-attempt-1/logs/prose.log
 create mode 100644 artifacts/product-reality/sprint-193/m07/proof-attempt-1/logs/python.log
 create mode 100644 artifacts/product-reality/sprint-193/m07/proof-attempt-1/logs/react-measured.log
 create mode 100644 artifacts/product-reality/sprint-193/m07/proof-attempt-1/logs/react-theme.log
 create mode 100644 artifacts/product-reality/sprint-193/m07/proof-attempt-1/logs/refresh.log
 create mode 100644 artifacts/product-reality/sprint-193/m07/proof-attempt-1/logs/saved-compiler-before.log
 create mode 100644 artifacts/product-reality/sprint-193/m07/proof-attempt-1/logs/saved-compiler-fixed.log
 create mode 100644 artifacts/product-reality/sprint-193/m07/proof-attempt-1/logs/saved-original.log
 create mode 100644 artifacts/product-reality/sprint-193/m07/proof-attempt-1/logs/saved-successor-correct-path.log
 create mode 100644 artifacts/product-reality/sprint-193/m07/proof-attempt-1/logs/saved-successor.log
 create mode 100644 artifacts/product-reality/sprint-193/m07/proof-attempt-1/logs/server-build.log
 create mode 100644 artifacts/product-reality/sprint-193/m07/proof-attempt-1/logs/tool-final.log
 create mode 100644 artifacts/product-reality/sprint-193/m07/proof-attempt-1/logs/viz-census.log
 create mode 100644 artifacts/product-reality/sprint-193/m07/proof-attempt-1/logs/vue-measured.log
 create mode 100644 artifacts/product-reality/sprint-193/m07/proof-attempt-1/logs/vue-theme.log
 create mode 100644 artifacts/product-reality/sprint-193/m07/proof-attempt-1/missions.json
 create mode 100644 artifacts/product-reality/sprint-193/m07/proof-attempt-1/movers/attribution.json
 create mode 100644 artifacts/product-reality/sprint-193/m07/proof-attempt-1/movers/declared-movers.json
 create mode 100644 artifacts/product-reality/sprint-193/m07/proof-attempt-1/movers/sprint-wide-movers.json
 create mode 100644 artifacts/product-reality/sprint-193/m07/proof-attempt-1/portable-preflight-manifest.json
 create mode 100644 artifacts/product-reality/sprint-193/m07/proof-attempt-1/preparation-schema-diff.json
 create mode 100644 artifacts/product-reality/sprint-193/m07/proof-attempt-1/projection-verification.json
 create mode 100644 artifacts/product-reality/sprint-193/m07/proof-attempt-1/prose.json
 create mode 100644 artifacts/product-reality/sprint-193/m07/proof-attempt-1/prose.log
 create mode 100644 artifacts/product-reality/sprint-193/m07/proof-attempt-1/react-measured.json
 create mode 100644 artifacts/product-reality/sprint-193/m07/proof-attempt-1/react-theme/react-A-dark.png
 create mode 100644 artifacts/product-reality/sprint-193/m07/proof-attempt-1/react-theme/react-A-hc.png
 create mode 100644 artifacts/product-reality/sprint-193/m07/proof-attempt-1/react-theme/react-A-light.png
 create mode 100644 artifacts/product-reality/sprint-193/m07/proof-attempt-1/react-theme/react-B-dark.png
 create mode 100644 artifacts/product-reality/sprint-193/m07/proof-attempt-1/react-theme/react-B-hc.png
 create mode 100644 artifacts/product-reality/sprint-193/m07/proof-attempt-1/react-theme/react-B-light.png
 create mode 100644 artifacts/product-reality/sprint-193/m07/proof-attempt-1/react-theme/report.json
 create mode 100644 artifacts/product-reality/sprint-193/m07/proof-attempt-1/reconnect-plan.json
 create mode 100644 artifacts/product-reality/sprint-193/m07/proof-attempt-1/retention.json
 create mode 100644 artifacts/product-reality/sprint-193/m07/proof-attempt-1/runtime/bite/red-contract-spec.json
 create mode 100644 artifacts/product-reality/sprint-193/m07/proof-attempt-1/runtime/bite/red-runtime-cells.v1.json
 create mode 100644 artifacts/product-reality/sprint-193/m07/proof-attempt-1/runtime/bite/red/cells/Article/card/react/build.json
 create mode 100644 artifacts/product-reality/sprint-193/m07/proof-attempt-1/runtime/bite/red/cells/Article/card/react/composition.json
 create mode 100644 artifacts/product-reality/sprint-193/m07/proof-attempt-1/runtime/bite/red/cells/Article/card/react/generation.json
 create mode 100644 artifacts/product-reality/sprint-193/m07/proof-attempt-1/runtime/bite/red/cells/Article/card/react/install.json
 create mode 100644 artifacts/product-reality/sprint-193/m07/proof-attempt-1/runtime/bite/red/cells/Article/card/react/process.log
 create mode 100644 artifacts/product-reality/sprint-193/m07/proof-attempt-1/runtime/bite/red/cells/Article/card/react/receipt.json
 create mode 100644 artifacts/product-reality/sprint-193/m07/proof-attempt-1/runtime/bite/red/cells/Article/card/react/typecheck.json
 create mode 100644 artifacts/product-reality/sprint-193/m07/proof-attempt-1/runtime/bite/restored/cells/Article/card/react/accessibility-tree.txt
 create mode 100644 artifacts/product-reality/sprint-193/m07/proof-attempt-1/runtime/bite/restored/cells/Article/card/react/build.json
 create mode 100644 artifacts/product-reality/sprint-193/m07/proof-attempt-1/runtime/bite/restored/cells/Article/card/react/composition.json
 create mode 100644 artifacts/product-reality/sprint-193/m07/proof-attempt-1/runtime/bite/restored/cells/Article/card/react/generation.json
 create mode 100644 artifacts/product-reality/sprint-193/m07/proof-attempt-1/runtime/bite/restored/cells/Article/card/react/install.json
 create mode 100644 artifacts/product-reality/sprint-193/m07/proof-attempt-1/runtime/bite/restored/cells/Article/card/react/process.log
 create mode 100644 artifacts/product-reality/sprint-193/m07/proof-attempt-1/runtime/bite/restored/cells/Article/card/react/receipt.json
 create mode 100644 artifacts/product-reality/sprint-193/m07/proof-attempt-1/runtime/bite/restored/cells/Article/card/react/seeded-1440.png
 create mode 100644 artifacts/product-reality/sprint-193/m07/proof-attempt-1/runtime/bite/restored/cells/Article/card/react/seeded-390.png
 create mode 100644 artifacts/product-reality/sprint-193/m07/proof-attempt-1/runtime/bite/restored/cells/Article/card/react/typecheck.json
 create mode 100644 artifacts/product-reality/sprint-193/m07/proof-attempt-1/runtime/browser.json
 create mode 100644 artifacts/product-reality/sprint-193/m07/proof-attempt-1/runtime/cells/Article/card/react/accessibility-tree.txt
 create mode 100644 artifacts/product-reality/sprint-193/m07/proof-attempt-1/runtime/cells/Article/card/react/build.json
 create mode 100644 artifacts/product-reality/sprint-193/m07/proof-attempt-1/runtime/cells/Article/card/react/composition.json
 create mode 100644 artifacts/product-reality/sprint-193/m07/proof-attempt-1/runtime/cells/Article/card/react/generation.json
 create mode 100644 artifacts/product-reality/sprint-193/m07/proof-attempt-1/runtime/cells/Article/card/react/install.json
 create mode 100644 artifacts/product-reality/sprint-193/m07/proof-attempt-1/runtime/cells/Article/card/react/process.log
 create mode 100644 artifacts/product-reality/sprint-193/m07/proof-attempt-1/runtime/cells/Article/card/react/receipt.json
 create mode 100644 artifacts/product-reality/sprint-193/m07/proof-attempt-1/runtime/cells/Article/card/react/seeded-1440.png
 create mode 100644 artifacts/product-reality/sprint-193/m07/proof-attempt-1/runtime/cells/Article/card/react/seeded-390.png
 create mode 100644 artifacts/product-reality/sprint-193/m07/proof-attempt-1/runtime/cells/Article/card/react/typecheck.json
 create mode 100644 artifacts/product-reality/sprint-193/m07/proof-attempt-1/runtime/cells/Article/card/vue/accessibility-tree.txt
 create mode 100644 artifacts/product-reality/sprint-193/m07/proof-attempt-1/runtime/cells/Article/card/vue/build.json
 create mode 100644 artifacts/product-reality/sprint-193/m07/proof-attempt-1/runtime/cells/Article/card/vue/composition.json
 create mode 100644 artifacts/product-reality/sprint-193/m07/proof-attempt-1/runtime/cells/Article/card/vue/generation.json
 create mode 100644 artifacts/product-reality/sprint-193/m07/proof-attempt-1/runtime/cells/Article/card/vue/install.json
 create mode 100644 artifacts/product-reality/sprint-193/m07/proof-attempt-1/runtime/cells/Article/card/vue/process.log
 create mode 100644 artifacts/product-reality/sprint-193/m07/proof-attempt-1/runtime/cells/Article/card/vue/receipt.json
 create mode 100644 artifacts/product-reality/sprint-193/m07/proof-attempt-1/runtime/cells/Article/card/vue/seeded-1440.png
 create mode 100644 artifacts/product-reality/sprint-193/m07/proof-attempt-1/runtime/cells/Article/card/vue/seeded-390.png
 create mode 100644 artifacts/product-reality/sprint-193/m07/proof-attempt-1/runtime/cells/Article/card/vue/typecheck.json
 create mode 100644 artifacts/product-reality/sprint-193/m07/proof-attempt-1/runtime/cells/Article/detail/react/accessibility-tree.txt
 create mode 100644 artifacts/product-reality/sprint-193/m07/proof-attempt-1/runtime/cells/Article/detail/react/build.json
 create mode 100644 artifacts/product-reality/sprint-193/m07/proof-attempt-1/runtime/cells/Article/detail/react/composition.json
 create mode 100644 artifacts/product-reality/sprint-193/m07/proof-attempt-1/runtime/cells/Article/detail/react/generation.json
 create mode 100644 artifacts/product-reality/sprint-193/m07/proof-attempt-1/runtime/cells/Article/detail/react/install.json
 create mode 100644 artifacts/product-reality/sprint-193/m07/proof-attempt-1/runtime/cells/Article/detail/react/process.log
 create mode 100644 artifacts/product-reality/sprint-193/m07/proof-attempt-1/runtime/cells/Article/detail/react/receipt.json
 create mode 100644 artifacts/product-reality/sprint-193/m07/proof-attempt-1/runtime/cells/Article/detail/react/seeded-1440.png
 create mode 100644 artifacts/product-reality/sprint-193/m07/proof-attempt-1/runtime/cells/Article/detail/react/seeded-390.png
 create mode 100644 artifacts/product-reality/sprint-193/m07/proof-attempt-1/runtime/cells/Article/detail/react/typecheck.json
 create mode 100644 artifacts/product-reality/sprint-193/m07/proof-attempt-1/runtime/cells/Article/detail/vue/accessibility-tree.txt
 create mode 100644 artifacts/product-reality/sprint-193/m07/proof-attempt-1/runtime/cells/Article/detail/vue/build.json
 create mode 100644 artifacts/product-reality/sprint-193/m07/proof-attempt-1/runtime/cells/Article/detail/vue/composition.json
 create mode 100644 artifacts/product-reality/sprint-193/m07/proof-attempt-1/runtime/cells/Article/detail/vue/generation.json
 create mode 100644 artifacts/product-reality/sprint-193/m07/proof-attempt-1/runtime/cells/Article/detail/vue/install.json
 create mode 100644 artifacts/product-reality/sprint-193/m07/proof-attempt-1/runtime/cells/Article/detail/vue/process.log
 create mode 100644 artifacts/product-reality/sprint-193/m07/proof-attempt-1/runtime/cells/Article/detail/vue/receipt.json
 create mode 100644 artifacts/product-reality/sprint-193/m07/proof-attempt-1/runtime/cells/Article/detail/vue/seeded-1440.png
 create mode 100644 artifacts/product-reality/sprint-193/m07/proof-attempt-1/runtime/cells/Article/detail/vue/seeded-390.png
 create mode 100644 artifacts/product-reality/sprint-193/m07/proof-attempt-1/runtime/cells/Article/detail/vue/typecheck.json
 create mode 100644 artifacts/product-reality/sprint-193/m07/proof-attempt-1/runtime/cells/Article/form/react/accessibility-tree.txt
 create mode 100644 artifacts/product-reality/sprint-193/m07/proof-attempt-1/runtime/cells/Article/form/react/build.json
 create mode 100644 artifacts/product-reality/sprint-193/m07/proof-attempt-1/runtime/cells/Article/form/react/composition.json
 create mode 100644 artifacts/product-reality/sprint-193/m07/proof-attempt-1/runtime/cells/Article/form/react/generation.json
 create mode 100644 artifacts/product-reality/sprint-193/m07/proof-attempt-1/runtime/cells/Article/form/react/install.json
 create mode 100644 artifacts/product-reality/sprint-193/m07/proof-attempt-1/runtime/cells/Article/form/react/process.log
 create mode 100644 artifacts/product-reality/sprint-193/m07/proof-attempt-1/runtime/cells/Article/form/react/receipt.json
 create mode 100644 artifacts/product-reality/sprint-193/m07/proof-attempt-1/runtime/cells/Article/form/react/seeded-1440.png
 create mode 100644 artifacts/product-reality/sprint-193/m07/proof-attempt-1/runtime/cells/Article/form/react/seeded-390.png
 create mode 100644 artifacts/product-reality/sprint-193/m07/proof-attempt-1/runtime/cells/Article/form/react/typecheck.json
 create mode 100644 artifacts/product-reality/sprint-193/m07/proof-attempt-1/runtime/cells/Article/form/vue/accessibility-tree.txt
 create mode 100644 artifacts/product-reality/sprint-193/m07/proof-attempt-1/runtime/cells/Article/form/vue/build.json
 create mode 100644 artifacts/product-reality/sprint-193/m07/proof-attempt-1/runtime/cells/Article/form/vue/composition.json
 create mode 100644 artifacts/product-reality/sprint-193/m07/proof-attempt-1/runtime/cells/Article/form/vue/generation.json
 create mode 100644 artifacts/product-reality/sprint-193/m07/proof-attempt-1/runtime/cells/Article/form/vue/install.json
 create mode 100644 artifacts/product-reality/sprint-193/m07/proof-attempt-1/runtime/cells/Article/form/vue/process.log
 create mode 100644 artifacts/product-reality/sprint-193/m07/proof-attempt-1/runtime/cells/Article/form/vue/receipt.json
 create mode 100644 artifacts/product-reality/sprint-193/m07/proof-attempt-1/runtime/cells/Article/form/vue/seeded-1440.png
 create mode 100644 artifacts/product-reality/sprint-193/m07/proof-attempt-1/runtime/cells/Article/form/vue/seeded-390.png
 create mode 100644 artifacts/product-reality/sprint-193/m07/proof-attempt-1/runtime/cells/Article/form/vue/typecheck.json
 create mode 100644 artifacts/product-reality/sprint-193/m07/proof-attempt-1/runtime/cells/Article/inline/react/accessibility-tree.txt
 create mode 100644 artifacts/product-reality/sprint-193/m07/proof-attempt-1/runtime/cells/Article/inline/react/build.json
 create mode 100644 artifacts/product-reality/sprint-193/m07/proof-attempt-1/runtime/cells/Article/inline/react/composition.json
 create mode 100644 artifacts/product-reality/sprint-193/m07/proof-attempt-1/runtime/cells/Article/inline/react/generation.json
 create mode 100644 artifacts/product-reality/sprint-193/m07/proof-attempt-1/runtime/cells/Article/inline/react/install.json
 create mode 100644 artifacts/product-reality/sprint-193/m07/proof-attempt-1/runtime/cells/Article/inline/react/process.log
 create mode 100644 artifacts/product-reality/sprint-193/m07/proof-attempt-1/runtime/cells/Article/inline/react/receipt.json
 create mode 100644 artifacts/product-reality/sprint-193/m07/proof-attempt-1/runtime/cells/Article/inline/react/seeded-1440.png
 create mode 100644 artifacts/product-reality/sprint-193/m07/proof-attempt-1/runtime/cells/Article/inline/react/seeded-390.png
 create mode 100644 artifacts/product-reality/sprint-193/m07/proof-attempt-1/runtime/cells/Article/inline/react/typecheck.json
 create mode 100644 artifacts/product-reality/sprint-193/m07/proof-attempt-1/runtime/cells/Article/inline/vue/accessibility-tree.txt
 create mode 100644 artifacts/product-reality/sprint-193/m07/proof-attempt-1/runtime/cells/Article/inline/vue/build.json
 create mode 100644 artifacts/product-reality/sprint-193/m07/proof-attempt-1/runtime/cells/Article/inline/vue/composition.json
 create mode 100644 artifacts/product-reality/sprint-193/m07/proof-attempt-1/runtime/cells/Article/inline/vue/generation.json
 create mode 100644 artifacts/product-reality/sprint-193/m07/proof-attempt-1/runtime/cells/Article/inline/vue/install.json
 create mode 100644 artifacts/product-reality/sprint-193/m07/proof-attempt-1/runtime/cells/Article/inline/vue/process.log
 create mode 100644 artifacts/product-reality/sprint-193/m07/proof-attempt-1/runtime/cells/Article/inline/vue/receipt.json
 create mode 100644 artifacts/product-reality/sprint-193/m07/proof-attempt-1/runtime/cells/Article/inline/vue/seeded-1440.png
 create mode 100644 artifacts/product-reality/sprint-193/m07/proof-attempt-1/runtime/cells/Article/inline/vue/seeded-390.png
 create mode 100644 artifacts/product-reality/sprint-193/m07/proof-attempt-1/runtime/cells/Article/inline/vue/typecheck.json
 create mode 100644 artifacts/product-reality/sprint-193/m07/proof-attempt-1/runtime/cells/Article/list/react/accessibility-tree.txt
 create mode 100644 artifacts/product-reality/sprint-193/m07/proof-attempt-1/runtime/cells/Article/list/react/build.json
 create mode 100644 artifacts/product-reality/sprint-193/m07/proof-attempt-1/runtime/cells/Article/list/react/composition.json
 create mode 100644 artifacts/product-reality/sprint-193/m07/proof-attempt-1/runtime/cells/Article/list/react/generation.json
 create mode 100644 artifacts/product-reality/sprint-193/m07/proof-attempt-1/runtime/cells/Article/list/react/install.json
 create mode 100644 artifacts/product-reality/sprint-193/m07/proof-attempt-1/runtime/cells/Article/list/react/process.log
 create mode 100644 artifacts/product-reality/sprint-193/m07/proof-attempt-1/runtime/cells/Article/list/react/receipt.json
 create mode 100644 artifacts/product-reality/sprint-193/m07/proof-attempt-1/runtime/cells/Article/list/react/seeded-1440.png
 create mode 100644 artifacts/product-reality/sprint-193/m07/proof-attempt-1/runtime/cells/Article/list/react/seeded-390.png
 create mode 100644 artifacts/product-reality/sprint-193/m07/proof-attempt-1/runtime/cells/Article/list/react/typecheck.json
 create mode 100644 artifacts/product-reality/sprint-193/m07/proof-attempt-1/runtime/cells/Article/list/vue/accessibility-tree.txt
 create mode 100644 artifacts/product-reality/sprint-193/m07/proof-attempt-1/runtime/cells/Article/list/vue/build.json
 create mode 100644 artifacts/product-reality/sprint-193/m07/proof-attempt-1/runtime/cells/Article/list/vue/composition.json
 create mode 100644 artifacts/product-reality/sprint-193/m07/proof-attempt-1/runtime/cells/Article/list/vue/generation.json
 create mode 100644 artifacts/product-reality/sprint-193/m07/proof-attempt-1/runtime/cells/Article/list/vue/install.json
 create mode 100644 artifacts/product-reality/sprint-193/m07/proof-attempt-1/runtime/cells/Article/list/vue/process.log
 create mode 100644 artifacts/product-reality/sprint-193/m07/proof-attempt-1/runtime/cells/Article/list/vue/receipt.json
 create mode 100644 artifacts/product-reality/sprint-193/m07/proof-attempt-1/runtime/cells/Article/list/vue/seeded-1440.png
 create mode 100644 artifacts/product-reality/sprint-193/m07/proof-attempt-1/runtime/cells/Article/list/vue/seeded-390.png
 create mode 100644 artifacts/product-reality/sprint-193/m07/proof-attempt-1/runtime/cells/Article/list/vue/typecheck.json
 create mode 100644 artifacts/product-reality/sprint-193/m07/proof-attempt-1/runtime/cells/Article/timeline/react/accessibility-tree.txt
 create mode 100644 artifacts/product-reality/sprint-193/m07/proof-attempt-1/runtime/cells/Article/timeline/react/build.json
 create mode 100644 artifacts/product-reality/sprint-193/m07/proof-attempt-1/runtime/cells/Article/timeline/react/composition.json
 create mode 100644 artifacts/product-reality/sprint-193/m07/proof-attempt-1/runtime/cells/Article/timeline/react/generation.json
 create mode 100644 artifacts/product-reality/sprint-193/m07/proof-attempt-1/runtime/cells/Article/timeline/react/install.json
 create mode 100644 artifacts/product-reality/sprint-193/m07/proof-attempt-1/runtime/cells/Article/timeline/react/process.log
 create mode 100644 artifacts/product-reality/sprint-193/m07/proof-attempt-1/runtime/cells/Article/timeline/react/receipt.json
 create mode 100644 artifacts/product-reality/sprint-193/m07/proof-attempt-1/runtime/cells/Article/timeline/react/seeded-1440.png
 create mode 100644 artifacts/product-reality/sprint-193/m07/proof-attempt-1/runtime/cells/Article/timeline/react/seeded-390.png
 create mode 100644 artifacts/product-reality/sprint-193/m07/proof-attempt-1/runtime/cells/Article/timeline/react/typecheck.json
 create mode 100644 artifacts/product-reality/sprint-193/m07/proof-attempt-1/runtime/cells/Article/timeline/vue/accessibility-tree.txt
 create mode 100644 artifacts/product-reality/sprint-193/m07/proof-attempt-1/runtime/cells/Article/timeline/vue/build.json
 create mode 100644 artifacts/product-reality/sprint-193/m07/proof-attempt-1/runtime/cells/Article/timeline/vue/composition.json
 create mode 100644 artifacts/product-reality/sprint-193/m07/proof-attempt-1/runtime/cells/Article/timeline/vue/generation.json
 create mode 100644 artifacts/product-reality/sprint-193/m07/proof-attempt-1/runtime/cells/Article/timeline/vue/install.json
 create mode 100644 artifacts/product-reality/sprint-193/m07/proof-attempt-1/runtime/cells/Article/timeline/vue/process.log
 create mode 100644 artifacts/product-reality/sprint-193/m07/proof-attempt-1/runtime/cells/Article/timeline/vue/receipt.json
 create mode 100644 artifacts/product-reality/sprint-193/m07/proof-attempt-1/runtime/cells/Article/timeline/vue/seeded-1440.png
 create mode 100644 artifacts/product-reality/sprint-193/m07/proof-attempt-1/runtime/cells/Article/timeline/vue/seeded-390.png
 create mode 100644 artifacts/product-reality/sprint-193/m07/proof-attempt-1/runtime/cells/Article/timeline/vue/typecheck.json
 create mode 100644 artifacts/product-reality/sprint-193/m07/proof-attempt-1/runtime/cells/Article/workflow/react/process.log
 create mode 100644 artifacts/product-reality/sprint-193/m07/proof-attempt-1/runtime/cells/Article/workflow/react/receipt.json
 create mode 100644 artifacts/product-reality/sprint-193/m07/proof-attempt-1/runtime/cells/Article/workflow/vue/receipt.json
 create mode 100644 artifacts/product-reality/sprint-193/m07/proof-attempt-1/runtime/cells/Invoice/card/react/accessibility-tree.txt
 create mode 100644 artifacts/product-reality/sprint-193/m07/proof-attempt-1/runtime/cells/Invoice/card/react/build.json
 create mode 100644 artifacts/product-reality/sprint-193/m07/proof-attempt-1/runtime/cells/Invoice/card/react/composition.json
 create mode 100644 artifacts/product-reality/sprint-193/m07/proof-attempt-1/runtime/cells/Invoice/card/react/generation.json
 create mode 100644 artifacts/product-reality/sprint-193/m07/proof-attempt-1/runtime/cells/Invoice/card/react/install.json
 create mode 100644 artifacts/product-reality/sprint-193/m07/proof-attempt-1/runtime/cells/Invoice/card/react/process.log
 create mode 100644 artifacts/product-reality/sprint-193/m07/proof-attempt-1/runtime/cells/Invoice/card/react/receipt.json
 create mode 100644 artifacts/product-reality/sprint-193/m07/proof-attempt-1/runtime/cells/Invoice/card/react/seeded-1440.png
 create mode 100644 artifacts/product-reality/sprint-193/m07/proof-attempt-1/runtime/cells/Invoice/card/react/seeded-390.png
 create mode 100644 artifacts/product-reality/sprint-193/m07/proof-attempt-1/runtime/cells/Invoice/card/react/typecheck.json
 create mode 100644 artifacts/product-reality/sprint-193/m07/proof-attempt-1/runtime/cells/Invoice/card/vue/accessibility-tree.txt
 create mode 100644 artifacts/product-reality/sprint-193/m07/proof-attempt-1/runtime/cells/Invoice/card/vue/build.json
 create mode 100644 artifacts/product-reality/sprint-193/m07/proof-attempt-1/runtime/cells/Invoice/card/vue/composition.json
 create mode 100644 artifacts/product-reality/sprint-193/m07/proof-attempt-1/runtime/cells/Invoice/card/vue/generation.json
 create mode 100644 artifacts/product-reality/sprint-193/m07/proof-attempt-1/runtime/cells/Invoice/card/vue/install.json
 create mode 100644 artifacts/product-reality/sprint-193/m07/proof-attempt-1/runtime/cells/Invoice/card/vue/process.log
 create mode 100644 artifacts/product-reality/sprint-193/m07/proof-attempt-1/runtime/cells/Invoice/card/vue/receipt.json
 create mode 100644 artifacts/product-reality/sprint-193/m07/proof-attempt-1/runtime/cells/Invoice/card/vue/seeded-1440.png
 create mode 100644 artifacts/product-reality/sprint-193/m07/proof-attempt-1/runtime/cells/Invoice/card/vue/seeded-390.png
 create mode 100644 artifacts/product-reality/sprint-193/m07/proof-attempt-1/runtime/cells/Invoice/card/vue/typecheck.json
 create mode 100644 artifacts/product-reality/sprint-193/m07/proof-attempt-1/runtime/cells/Invoice/detail/react/accessibility-tree.txt
 create mode 100644 artifacts/product-reality/sprint-193/m07/proof-attempt-1/runtime/cells/Invoice/detail/react/build.json
 create mode 100644 artifacts/product-reality/sprint-193/m07/proof-attempt-1/runtime/cells/Invoice/detail/react/composition.json
 create mode 100644 artifacts/product-reality/sprint-193/m07/proof-attempt-1/runtime/cells/Invoice/detail/react/generation.json
 create mode 100644 artifacts/product-reality/sprint-193/m07/proof-attempt-1/runtime/cells/Invoice/detail/react/install.json
 create mode 100644 artifacts/product-reality/sprint-193/m07/proof-attempt-1/runtime/cells/Invoice/detail/react/process.log
 create mode 100644 artifacts/product-reality/sprint-193/m07/proof-attempt-1/runtime/cells/Invoice/detail/react/receipt.json
 create mode 100644 artifacts/product-reality/sprint-193/m07/proof-attempt-1/runtime/cells/Invoice/detail/react/seeded-1440.png
 create mode 100644 artifacts/product-reality/sprint-193/m07/proof-attempt-1/runtime/cells/Invoice/detail/react/seeded-390.png
 create mode 100644 artifacts/product-reality/sprint-193/m07/proof-attempt-1/runtime/cells/Invoice/detail/react/typecheck.json
 create mode 100644 artifacts/product-reality/sprint-193/m07/proof-attempt-1/runtime/cells/Invoice/detail/vue/accessibility-tree.txt
 create mode 100644 artifacts/product-reality/sprint-193/m07/proof-attempt-1/runtime/cells/Invoice/detail/vue/build.json
 create mode 100644 artifacts/product-reality/sprint-193/m07/proof-attempt-1/runtime/cells/Invoice/detail/vue/composition.json
 create mode 100644 artifacts/product-reality/sprint-193/m07/proof-attempt-1/runtime/cells/Invoice/detail/vue/generation.json
 create mode 100644 artifacts/product-reality/sprint-193/m07/proof-attempt-1/runtime/cells/Invoice/detail/vue/install.json
 create mode 100644 artifacts/product-reality/sprint-193/m07/proof-attempt-1/runtime/cells/Invoice/detail/vue/process.log
 create mode 100644 artifacts/product-reality/sprint-193/m07/proof-attempt-1/runtime/cells/Invoice/detail/vue/receipt.json
 create mode 100644 artifacts/product-reality/sprint-193/m07/proof-attempt-1/runtime/cells/Invoice/detail/vue/seeded-1440.png
 create mode 100644 artifacts/product-reality/sprint-193/m07/proof-attempt-1/runtime/cells/Invoice/detail/vue/seeded-390.png
 create mode 100644 artifacts/product-reality/sprint-193/m07/proof-attempt-1/runtime/cells/Invoice/detail/vue/typecheck.json
 create mode 100644 artifacts/product-reality/sprint-193/m07/proof-attempt-1/runtime/cells/Invoice/form/react/accessibility-tree.txt
 create mode 100644 artifacts/product-reality/sprint-193/m07/proof-attempt-1/runtime/cells/Invoice/form/react/build.json
 create mode 100644 artifacts/product-reality/sprint-193/m07/proof-attempt-1/runtime/cells/Invoice/form/react/composition.json
 create mode 100644 artifacts/product-reality/sprint-193/m07/proof-attempt-1/runtime/cells/Invoice/form/react/generation.json
 create mode 100644 artifacts/product-reality/sprint-193/m07/proof-attempt-1/runtime/cells/Invoice/form/react/install.json
 create mode 100644 artifacts/product-reality/sprint-193/m07/proof-attempt-1/runtime/cells/Invoice/form/react/process.log
 create mode 100644 artifacts/product-reality/sprint-193/m07/proof-attempt-1/runtime/cells/Invoice/form/react/receipt.json
 create mode 100644 artifacts/product-reality/sprint-193/m07/proof-attempt-1/runtime/cells/Invoice/form/react/seeded-1440.png
 create mode 100644 artifacts/product-reality/sprint-193/m07/proof-attempt-1/runtime/cells/Invoice/form/react/seeded-390.png
 create mode 100644 artifacts/product-reality/sprint-193/m07/proof-attempt-1/runtime/cells/Invoice/form/react/typecheck.json
 create mode 100644 artifacts/product-reality/sprint-193/m07/proof-attempt-1/runtime/cells/Invoice/form/vue/accessibility-tree.txt
 create mode 100644 artifacts/product-reality/sprint-193/m07/proof-attempt-1/runtime/cells/Invoice/form/vue/build.json
 create mode 100644 artifacts/product-reality/sprint-193/m07/proof-attempt-1/runtime/cells/Invoice/form/vue/composition.json
 create mode 100644 artifacts/product-reality/sprint-193/m07/proof-attempt-1/runtime/cells/Invoice/form/vue/generation.json
 create mode 100644 artifacts/product-reality/sprint-193/m07/proof-attempt-1/runtime/cells/Invoice/form/vue/install.json
 create mode 100644 artifacts/product-reality/sprint-193/m07/proof-attempt-1/runtime/cells/Invoice/form/vue/process.log
 create mode 100644 artifacts/product-reality/sprint-193/m07/proof-attempt-1/runtime/cells/Invoice/form/vue/receipt.json
 create mode 100644 artifacts/product-reality/sprint-193/m07/proof-attempt-1/runtime/cells/Invoice/form/vue/seeded-1440.png
 create mode 100644 artifacts/product-reality/sprint-193/m07/proof-attempt-1/runtime/cells/Invoice/form/vue/seeded-390.png
 create mode 100644 artifacts/product-reality/sprint-193/m07/proof-attempt-1/runtime/cells/Invoice/form/vue/typecheck.json
 create mode 100644 artifacts/product-reality/sprint-193/m07/proof-attempt-1/runtime/cells/Invoice/inline/react/accessibility-tree.txt
 create mode 100644 artifacts/product-reality/sprint-193/m07/proof-attempt-1/runtime/cells/Invoice/inline/react/build.json
 create mode 100644 artifacts/product-reality/sprint-193/m07/proof-attempt-1/runtime/cells/Invoice/inline/react/composition.json
 create mode 100644 artifacts/product-reality/sprint-193/m07/proof-attempt-1/runtime/cells/Invoice/inline/react/generation.json
 create mode 100644 artifacts/product-reality/sprint-193/m07/proof-attempt-1/runtime/cells/Invoice/inline/react/install.json
 create mode 100644 artifacts/product-reality/sprint-193/m07/proof-attempt-1/runtime/cells/Invoice/inline/react/process.log
 create mode 100644 artifacts/product-reality/sprint-193/m07/proof-attempt-1/runtime/cells/Invoice/inline/react/receipt.json
 create mode 100644 artifacts/product-reality/sprint-193/m07/proof-attempt-1/runtime/cells/Invoice/inline/react/seeded-1440.png
 create mode 100644 artifacts/product-reality/sprint-193/m07/proof-attempt-1/runtime/cells/Invoice/inline/react/seeded-390.png
 create mode 100644 artifacts/product-reality/sprint-193/m07/proof-attempt-1/runtime/cells/Invoice/inline/react/typecheck.json
 create mode 100644 artifacts/product-reality/sprint-193/m07/proof-attempt-1/runtime/cells/Invoice/inline/vue/accessibility-tree.txt
 create mode 100644 artifacts/product-reality/sprint-193/m07/proof-attempt-1/runtime/cells/Invoice/inline/vue/build.json
 create mode 100644 artifacts/product-reality/sprint-193/m07/proof-attempt-1/runtime/cells/Invoice/inline/vue/composition.json
 create mode 100644 artifacts/product-reality/sprint-193/m07/proof-attempt-1/runtime/cells/Invoice/inline/vue/generation.json
 create mode 100644 artifacts/product-reality/sprint-193/m07/proof-attempt-1/runtime/cells/Invoice/inline/vue/install.json
 create mode 100644 artifacts/product-reality/sprint-193/m07/proof-attempt-1/runtime/cells/Invoice/inline/vue/process.log
 create mode 100644 artifacts/product-reality/sprint-193/m07/proof-attempt-1/runtime/cells/Invoice/inline/vue/receipt.json
 create mode 100644 artifacts/product-reality/sprint-193/m07/proof-attempt-1/runtime/cells/Invoice/inline/vue/seeded-1440.png
 create mode 100644 artifacts/product-reality/sprint-193/m07/proof-attempt-1/runtime/cells/Invoice/inline/vue/seeded-390.png
 create mode 100644 artifacts/product-reality/sprint-193/m07/proof-attempt-1/runtime/cells/Invoice/inline/vue/typecheck.json
 create mode 100644 artifacts/product-reality/sprint-193/m07/proof-attempt-1/runtime/cells/Invoice/list/react/accessibility-tree.txt
 create mode 100644 artifacts/product-reality/sprint-193/m07/proof-attempt-1/runtime/cells/Invoice/list/react/build.json
 create mode 100644 artifacts/product-reality/sprint-193/m07/proof-attempt-1/runtime/cells/Invoice/list/react/composition.json
 create mode 100644 artifacts/product-reality/sprint-193/m07/proof-attempt-1/runtime/cells/Invoice/list/react/generation.json
 create mode 100644 artifacts/product-reality/sprint-193/m07/proof-attempt-1/runtime/cells/Invoice/list/react/install.json
 create mode 100644 artifacts/product-reality/sprint-193/m07/proof-attempt-1/runtime/cells/Invoice/list/react/process.log
 create mode 100644 artifacts/product-reality/sprint-193/m07/proof-attempt-1/runtime/cells/Invoice/list/react/receipt.json
 create mode 100644 artifacts/product-reality/sprint-193/m07/proof-attempt-1/runtime/cells/Invoice/list/react/seeded-1440.png
 create mode 100644 artifacts/product-reality/sprint-193/m07/proof-attempt-1/runtime/cells/Invoice/list/react/seeded-390.png
 create mode 100644 artifacts/product-reality/sprint-193/m07/proof-attempt-1/runtime/cells/Invoice/list/react/typecheck.json
 create mode 100644 artifacts/product-reality/sprint-193/m07/proof-attempt-1/runtime/cells/Invoice/list/vue/accessibility-tree.txt
 create mode 100644 artifacts/product-reality/sprint-193/m07/proof-attempt-1/runtime/cells/Invoice/list/vue/build.json
 create mode 100644 artifacts/product-reality/sprint-193/m07/proof-attempt-1/runtime/cells/Invoice/list/vue/composition.json
 create mode 100644 artifacts/product-reality/sprint-193/m07/proof-attempt-1/runtime/cells/Invoice/list/vue/generation.json
 create mode 100644 artifacts/product-reality/sprint-193/m07/proof-attempt-1/runtime/cells/Invoice/list/vue/install.json
 create mode 100644 artifacts/product-reality/sprint-193/m07/proof-attempt-1/runtime/cells/Invoice/list/vue/process.log
 create mode 100644 artifacts/product-reality/sprint-193/m07/proof-attempt-1/runtime/cells/Invoice/list/vue/receipt.json
 create mode 100644 artifacts/product-reality/sprint-193/m07/proof-attempt-1/runtime/cells/Invoice/list/vue/seeded-1440.png
 create mode 100644 artifacts/product-reality/sprint-193/m07/proof-attempt-1/runtime/cells/Invoice/list/vue/seeded-390.png
 create mode 100644 artifacts/product-reality/sprint-193/m07/proof-attempt-1/runtime/cells/Invoice/list/vue/typecheck.json
 create mode 100644 artifacts/product-reality/sprint-193/m07/proof-attempt-1/runtime/cells/Invoice/timeline/react/accessibility-tree.txt
 create mode 100644 artifacts/product-reality/sprint-193/m07/proof-attempt-1/runtime/cells/Invoice/timeline/react/build.json
 create mode 100644 artifacts/product-reality/sprint-193/m07/proof-attempt-1/runtime/cells/Invoice/timeline/react/composition.json
 create mode 100644 artifacts/product-reality/sprint-193/m07/proof-attempt-1/runtime/cells/Invoice/timeline/react/generation.json
 create mode 100644 artifacts/product-reality/sprint-193/m07/proof-attempt-1/runtime/cells/Invoice/timeline/react/install.json
 create mode 100644 artifacts/product-reality/sprint-193/m07/proof-attempt-1/runtime/cells/Invoice/timeline/react/process.log
 create mode 100644 artifacts/product-reality/sprint-193/m07/proof-attempt-1/runtime/cells/Invoice/timeline/react/receipt.json
 create mode 100644 artifacts/product-reality/sprint-193/m07/proof-attempt-1/runtime/cells/Invoice/timeline/react/seeded-1440.png
 create mode 100644 artifacts/product-reality/sprint-193/m07/proof-attempt-1/runtime/cells/Invoice/timeline/react/seeded-390.png
 create mode 100644 artifacts/product-reality/sprint-193/m07/proof-attempt-1/runtime/cells/Invoice/timeline/react/typecheck.json
 create mode 100644 artifacts/product-reality/sprint-193/m07/proof-attempt-1/runtime/cells/Invoice/timeline/vue/accessibility-tree.txt
 create mode 100644 artifacts/product-reality/sprint-193/m07/proof-attempt-1/runtime/cells/Invoice/timeline/vue/build.json
 create mode 100644 artifacts/product-reality/sprint-193/m07/proof-attempt-1/runtime/cells/Invoice/timeline/vue/composition.json
 create mode 100644 artifacts/product-reality/sprint-193/m07/proof-attempt-1/runtime/cells/Invoice/timeline/vue/generation.json
 create mode 100644 artifacts/product-reality/sprint-193/m07/proof-attempt-1/runtime/cells/Invoice/timeline/vue/install.json
 create mode 100644 artifacts/product-reality/sprint-193/m07/proof-attempt-1/runtime/cells/Invoice/timeline/vue/process.log
 create mode 100644 artifacts/product-reality/sprint-193/m07/proof-attempt-1/runtime/cells/Invoice/timeline/vue/receipt.json
 create mode 100644 artifacts/product-reality/sprint-193/m07/proof-attempt-1/runtime/cells/Invoice/timeline/vue/seeded-1440.png
 create mode 100644 artifacts/product-reality/sprint-193/m07/proof-attempt-1/runtime/cells/Invoice/timeline/vue/seeded-390.png
 create mode 100644 artifacts/product-reality/sprint-193/m07/proof-attempt-1/runtime/cells/Invoice/timeline/vue/typecheck.json
 create mode 100644 artifacts/product-reality/sprint-193/m07/proof-attempt-1/runtime/cells/Invoice/workflow/react/process.log
 create mode 100644 artifacts/product-reality/sprint-193/m07/proof-attempt-1/runtime/cells/Invoice/workflow/react/receipt.json
 create mode 100644 artifacts/product-reality/sprint-193/m07/proof-attempt-1/runtime/cells/Invoice/workflow/vue/receipt.json
 create mode 100644 artifacts/product-reality/sprint-193/m07/proof-attempt-1/runtime/cells/Media/card/react/accessibility-tree.txt
 create mode 100644 artifacts/product-reality/sprint-193/m07/proof-attempt-1/runtime/cells/Media/card/react/build.json
 create mode 100644 artifacts/product-reality/sprint-193/m07/proof-attempt-1/runtime/cells/Media/card/react/composition.json
 create mode 100644 artifacts/product-reality/sprint-193/m07/proof-attempt-1/runtime/cells/Media/card/react/generation.json
 create mode 100644 artifacts/product-reality/sprint-193/m07/proof-attempt-1/runtime/cells/Media/card/react/install.json
 create mode 100644 artifacts/product-reality/sprint-193/m07/proof-attempt-1/runtime/cells/Media/card/react/process.log
 create mode 100644 artifacts/product-reality/sprint-193/m07/proof-attempt-1/runtime/cells/Media/card/react/receipt.json
 create mode 100644 artifacts/product-reality/sprint-193/m07/proof-attempt-1/runtime/cells/Media/card/react/seeded-1440.png
 create mode 100644 artifacts/product-reality/sprint-193/m07/proof-attempt-1/runtime/cells/Media/card/react/seeded-390.png
 create mode 100644 artifacts/product-reality/sprint-193/m07/proof-attempt-1/runtime/cells/Media/card/react/typecheck.json
 create mode 100644 artifacts/product-reality/sprint-193/m07/proof-attempt-1/runtime/cells/Media/card/vue/accessibility-tree.txt
 create mode 100644 artifacts/product-reality/sprint-193/m07/proof-attempt-1/runtime/cells/Media/card/vue/build.json
 create mode 100644 artifacts/product-reality/sprint-193/m07/proof-attempt-1/runtime/cells/Media/card/vue/composition.json
 create mode 100644 artifacts/product-reality/sprint-193/m07/proof-attempt-1/runtime/cells/Media/card/vue/generation.json
 create mode 100644 artifacts/product-reality/sprint-193/m07/proof-attempt-1/runtime/cells/Media/card/vue/install.json
 create mode 100644 artifacts/product-reality/sprint-193/m07/proof-attempt-1/runtime/cells/Media/card/vue/process.log
 create mode 100644 artifacts/product-reality/sprint-193/m07/proof-attempt-1/runtime/cells/Media/card/vue/receipt.json
 create mode 100644 artifacts/product-reality/sprint-193/m07/proof-attempt-1/runtime/cells/Media/card/vue/seeded-1440.png
 create mode 100644 artifacts/product-reality/sprint-193/m07/proof-attempt-1/runtime/cells/Media/card/vue/seeded-390.png
 create mode 100644 artifacts/product-reality/sprint-193/m07/proof-attempt-1/runtime/cells/Media/card/vue/typecheck.json
 create mode 100644 artifacts/product-reality/sprint-193/m07/proof-attempt-1/runtime/cells/Media/detail/react/accessibility-tree.txt
 create mode 100644 artifacts/product-reality/sprint-193/m07/proof-attempt-1/runtime/cells/Media/detail/react/build.json
 create mode 100644 artifacts/product-reality/sprint-193/m07/proof-attempt-1/runtime/cells/Media/detail/react/composition.json
 create mode 100644 artifacts/product-reality/sprint-193/m07/proof-attempt-1/runtime/cells/Media/detail/react/generation.json
 create mode 100644 artifacts/product-reality/sprint-193/m07/proof-attempt-1/runtime/cells/Media/detail/react/install.json
 create mode 100644 artifacts/product-reality/sprint-193/m07/proof-attempt-1/runtime/cells/Media/detail/react/process.log
 create mode 100644 artifacts/product-reality/sprint-193/m07/proof-attempt-1/runtime/cells/Media/detail/react/receipt.json
 create mode 100644 artifacts/product-reality/sprint-193/m07/proof-attempt-1/runtime/cells/Media/detail/react/seeded-1440.png
 create mode 100644 artifacts/product-reality/sprint-193/m07/proof-attempt-1/runtime/cells/Media/detail/react/seeded-390.png
 create mode 100644 artifacts/product-reality/sprint-193/m07/proof-attempt-1/runtime/cells/Media/detail/react/typecheck.json
 create mode 100644 artifacts/product-reality/sprint-193/m07/proof-attempt-1/runtime/cells/Media/detail/vue/accessibility-tree.txt
 create mode 100644 artifacts/product-reality/sprint-193/m07/proof-attempt-1/runtime/cells/Media/detail/vue/build.json
 create mode 100644 artifacts/product-reality/sprint-193/m07/proof-attempt-1/runtime/cells/Media/detail/vue/composition.json
 create mode 100644 artifacts/product-reality/sprint-193/m07/proof-attempt-1/runtime/cells/Media/detail/vue/generation.json
 create mode 100644 artifacts/product-reality/sprint-193/m07/proof-attempt-1/runtime/cells/Media/detail/vue/install.json
 create mode 100644 artifacts/product-reality/sprint-193/m07/proof-attempt-1/runtime/cells/Media/detail/vue/process.log
 create mode 100644 artifacts/product-reality/sprint-193/m07/proof-attempt-1/runtime/cells/Media/detail/vue/receipt.json
 create mode 100644 artifacts/product-reality/sprint-193/m07/proof-attempt-1/runtime/cells/Media/detail/vue/seeded-1440.png
 create mode 100644 artifacts/product-reality/sprint-193/m07/proof-attempt-1/runtime/cells/Media/detail/vue/seeded-390.png
 create mode 100644 artifacts/product-reality/sprint-193/m07/proof-attempt-1/runtime/cells/Media/detail/vue/typecheck.json
 create mode 100644 artifacts/product-reality/sprint-193/m07/proof-attempt-1/runtime/cells/Media/form/react/accessibility-tree.txt
 create mode 100644 artifacts/product-reality/sprint-193/m07/proof-attempt-1/runtime/cells/Media/form/react/build.json
 create mode 100644 artifacts/product-reality/sprint-193/m07/proof-attempt-1/runtime/cells/Media/form/react/composition.json
 create mode 100644 artifacts/product-reality/sprint-193/m07/proof-attempt-1/runtime/cells/Media/form/react/generation.json
 create mode 100644 artifacts/product-reality/sprint-193/m07/proof-attempt-1/runtime/cells/Media/form/react/install.json
 create mode 100644 artifacts/product-reality/sprint-193/m07/proof-attempt-1/runtime/cells/Media/form/react/process.log
 create mode 100644 artifacts/product-reality/sprint-193/m07/proof-attempt-1/runtime/cells/Media/form/react/receipt.json
 create mode 100644 artifacts/product-reality/sprint-193/m07/proof-attempt-1/runtime/cells/Media/form/react/seeded-1440.png
 create mode 100644 artifacts/product-reality/sprint-193/m07/proof-attempt-1/runtime/cells/Media/form/react/seeded-390.png
 create mode 100644 artifacts/product-reality/sprint-193/m07/proof-attempt-1/runtime/cells/Media/form/react/typecheck.json
 create mode 100644 artifacts/product-reality/sprint-193/m07/proof-attempt-1/runtime/cells/Media/form/vue/accessibility-tree.txt
 create mode 100644 artifacts/product-reality/sprint-193/m07/proof-attempt-1/runtime/cells/Media/form/vue/build.json
 create mode 100644 artifacts/product-reality/sprint-193/m07/proof-attempt-1/runtime/cells/Media/form/vue/composition.json
 create mode 100644 artifacts/product-reality/sprint-193/m07/proof-attempt-1/runtime/cells/Media/form/vue/generation.json
 create mode 100644 artifacts/product-reality/sprint-193/m07/proof-attempt-1/runtime/cells/Media/form/vue/install.json
 create mode 100644 artifacts/product-reality/sprint-193/m07/proof-attempt-1/runtime/cells/Media/form/vue/process.log
 create mode 100644 artifacts/product-reality/sprint-193/m07/proof-attempt-1/runtime/cells/Media/form/vue/receipt.json
 create mode 100644 artifacts/product-reality/sprint-193/m07/proof-attempt-1/runtime/cells/Media/form/vue/seeded-1440.png
 create mode 100644 artifacts/product-reality/sprint-193/m07/proof-attempt-1/runtime/cells/Media/form/vue/seeded-390.png
 create mode 100644 artifacts/product-reality/sprint-193/m07/proof-attempt-1/runtime/cells/Media/form/vue/typecheck.json
 create mode 100644 artifacts/product-reality/sprint-193/m07/proof-attempt-1/runtime/cells/Media/inline/react/accessibility-tree.txt
 create mode 100644 artifacts/product-reality/sprint-193/m07/proof-attempt-1/runtime/cells/Media/inline/react/build.json
 create mode 100644 artifacts/product-reality/sprint-193/m07/proof-attempt-1/runtime/cells/Media/inline/react/composition.json
 create mode 100644 artifacts/product-reality/sprint-193/m07/proof-attempt-1/runtime/cells/Media/inline/react/generation.json
 create mode 100644 artifacts/product-reality/sprint-193/m07/proof-attempt-1/runtime/cells/Media/inline/react/install.json
 create mode 100644 artifacts/product-reality/sprint-193/m07/proof-attempt-1/runtime/cells/Media/inline/react/process.log
 create mode 100644 artifacts/product-reality/sprint-193/m07/proof-attempt-1/runtime/cells/Media/inline/react/receipt.json
 create mode 100644 artifacts/product-reality/sprint-193/m07/proof-attempt-1/runtime/cells/Media/inline/react/seeded-1440.png
 create mode 100644 artifacts/product-reality/sprint-193/m07/proof-attempt-1/runtime/cells/Media/inline/react/seeded-390.png
 create mode 100644 artifacts/product-reality/sprint-193/m07/proof-attempt-1/runtime/cells/Media/inline/react/typecheck.json
 create mode 100644 artifacts/product-reality/sprint-193/m07/proof-attempt-1/runtime/cells/Media/inline/vue/accessibility-tree.txt
 create mode 100644 artifacts/product-reality/sprint-193/m07/proof-attempt-1/runtime/cells/Media/inline/vue/build.json
 create mode 100644 artifacts/product-reality/sprint-193/m07/proof-attempt-1/runtime/cells/Media/inline/vue/composition.json
 create mode 100644 artifacts/product-reality/sprint-193/m07/proof-attempt-1/runtime/cells/Media/inline/vue/generation.json
 create mode 100644 artifacts/product-reality/sprint-193/m07/proof-attempt-1/runtime/cells/Media/inline/vue/install.json
 create mode 100644 artifacts/product-reality/sprint-193/m07/proof-attempt-1/runtime/cells/Media/inline/vue/process.log
 create mode 100644 artifacts/product-reality/sprint-193/m07/proof-attempt-1/runtime/cells/Media/inline/vue/receipt.json
 create mode 100644 artifacts/product-reality/sprint-193/m07/proof-attempt-1/runtime/cells/Media/inline/vue/seeded-1440.png
 create mode 100644 artifacts/product-reality/sprint-193/m07/proof-attempt-1/runtime/cells/Media/inline/vue/seeded-390.png
 create mode 100644 artifacts/product-reality/sprint-193/m07/proof-attempt-1/runtime/cells/Media/inline/vue/typecheck.json
 create mode 100644 artifacts/product-reality/sprint-193/m07/proof-attempt-1/runtime/cells/Media/list/react/accessibility-tree.txt
 create mode 100644 artifacts/product-reality/sprint-193/m07/proof-attempt-1/runtime/cells/Media/list/react/build.json
 create mode 100644 artifacts/product-reality/sprint-193/m07/proof-attempt-1/runtime/cells/Media/list/react/composition.json
 create mode 100644 artifacts/product-reality/sprint-193/m07/proof-attempt-1/runtime/cells/Media/list/react/generation.json
 create mode 100644 artifacts/product-reality/sprint-193/m07/proof-attempt-1/runtime/cells/Media/list/react/install.json
 create mode 100644 artifacts/product-reality/sprint-193/m07/proof-attempt-1/runtime/cells/Media/list/react/process.log
 create mode 100644 artifacts/product-reality/sprint-193/m07/proof-attempt-1/runtime/cells/Media/list/react/receipt.json
 create mode 100644 artifacts/product-reality/sprint-193/m07/proof-attempt-1/runtime/cells/Media/list/react/seeded-1440.png
 create mode 100644 artifacts/product-reality/sprint-193/m07/proof-attempt-1/runtime/cells/Media/list/react/seeded-390.png
 create mode 100644 artifacts/product-reality/sprint-193/m07/proof-attempt-1/runtime/cells/Media/list/react/typecheck.json
 create mode 100644 artifacts/product-reality/sprint-193/m07/proof-attempt-1/runtime/cells/Media/list/vue/accessibility-tree.txt
 create mode 100644 artifacts/product-reality/sprint-193/m07/proof-attempt-1/runtime/cells/Media/list/vue/build.json
 create mode 100644 artifacts/product-reality/sprint-193/m07/proof-attempt-1/runtime/cells/Media/list/vue/composition.json
 create mode 100644 artifacts/product-reality/sprint-193/m07/proof-attempt-1/runtime/cells/Media/list/vue/generation.json
 create mode 100644 artifacts/product-reality/sprint-193/m07/proof-attempt-1/runtime/cells/Media/list/vue/install.json
 create mode 100644 artifacts/product-reality/sprint-193/m07/proof-attempt-1/runtime/cells/Media/list/vue/process.log
 create mode 100644 artifacts/product-reality/sprint-193/m07/proof-attempt-1/runtime/cells/Media/list/vue/receipt.json
 create mode 100644 artifacts/product-reality/sprint-193/m07/proof-attempt-1/runtime/cells/Media/list/vue/seeded-1440.png
 create mode 100644 artifacts/product-reality/sprint-193/m07/proof-attempt-1/runtime/cells/Media/list/vue/seeded-390.png
 create mode 100644 artifacts/product-reality/sprint-193/m07/proof-attempt-1/runtime/cells/Media/list/vue/typecheck.json
 create mode 100644 artifacts/product-reality/sprint-193/m07/proof-attempt-1/runtime/cells/Media/timeline/react/accessibility-tree.txt
 create mode 100644 artifacts/product-reality/sprint-193/m07/proof-attempt-1/runtime/cells/Media/timeline/react/build.json
 create mode 100644 artifacts/product-reality/sprint-193/m07/proof-attempt-1/runtime/cells/Media/timeline/react/composition.json
 create mode 100644 artifacts/product-reality/sprint-193/m07/proof-attempt-1/runtime/cells/Media/timeline/react/generation.json
 create mode 100644 artifacts/product-reality/sprint-193/m07/proof-attempt-1/runtime/cells/Media/timeline/react/install.json
 create mode 100644 artifacts/product-reality/sprint-193/m07/proof-attempt-1/runtime/cells/Media/timeline/react/process.log
 create mode 100644 artifacts/product-reality/sprint-193/m07/proof-attempt-1/runtime/cells/Media/timeline/react/receipt.json
 create mode 100644 artifacts/product-reality/sprint-193/m07/proof-attempt-1/runtime/cells/Media/timeline/react/seeded-1440.png
 create mode 100644 artifacts/product-reality/sprint-193/m07/proof-attempt-1/runtime/cells/Media/timeline/react/seeded-390.png
 create mode 100644 artifacts/product-reality/sprint-193/m07/proof-attempt-1/runtime/cells/Media/timeline/react/typecheck.json
 create mode 100644 artifacts/product-reality/sprint-193/m07/proof-attempt-1/runtime/cells/Media/timeline/vue/accessibility-tree.txt
 create mode 100644 artifacts/product-reality/sprint-193/m07/proof-attempt-1/runtime/cells/Media/timeline/vue/build.json
 create mode 100644 artifacts/product-reality/sprint-193/m07/proof-attempt-1/runtime/cells/Media/timeline/vue/composition.json
 create mode 100644 artifacts/product-reality/sprint-193/m07/proof-attempt-1/runtime/cells/Media/timeline/vue/generation.json
 create mode 100644 artifacts/product-reality/sprint-193/m07/proof-attempt-1/runtime/cells/Media/timeline/vue/install.json
 create mode 100644 artifacts/product-reality/sprint-193/m07/proof-attempt-1/runtime/cells/Media/timeline/vue/process.log
 create mode 100644 artifacts/product-reality/sprint-193/m07/proof-attempt-1/runtime/cells/Media/timeline/vue/receipt.json
 create mode 100644 artifacts/product-reality/sprint-193/m07/proof-attempt-1/runtime/cells/Media/timeline/vue/seeded-1440.png
 create mode 100644 artifacts/product-reality/sprint-193/m07/proof-attempt-1/runtime/cells/Media/timeline/vue/seeded-390.png
 create mode 100644 artifacts/product-reality/sprint-193/m07/proof-attempt-1/runtime/cells/Media/timeline/vue/typecheck.json
 create mode 100644 artifacts/product-reality/sprint-193/m07/proof-attempt-1/runtime/cells/Media/workflow/react/process.log
 create mode 100644 artifacts/product-reality/sprint-193/m07/proof-attempt-1/runtime/cells/Media/workflow/react/receipt.json
 create mode 100644 artifacts/product-reality/sprint-193/m07/proof-attempt-1/runtime/cells/Media/workflow/vue/receipt.json
 create mode 100644 artifacts/product-reality/sprint-193/m07/proof-attempt-1/runtime/cells/Organization/card/react/accessibility-tree.txt
 create mode 100644 artifacts/product-reality/sprint-193/m07/proof-attempt-1/runtime/cells/Organization/card/react/build.json
 create mode 100644 artifacts/product-reality/sprint-193/m07/proof-attempt-1/runtime/cells/Organization/card/react/composition.json
 create mode 100644 artifacts/product-reality/sprint-193/m07/proof-attempt-1/runtime/cells/Organization/card/react/generation.json
 create mode 100644 artifacts/product-reality/sprint-193/m07/proof-attempt-1/runtime/cells/Organization/card/react/install.json
 create mode 100644 artifacts/product-reality/sprint-193/m07/proof-attempt-1/runtime/cells/Organization/card/react/process.log
 create mode 100644 artifacts/product-reality/sprint-193/m07/proof-attempt-1/runtime/cells/Organization/card/react/receipt.json
 create mode 100644 artifacts/product-reality/sprint-193/m07/proof-attempt-1/runtime/cells/Organization/card/react/seeded-1440.png
 create mode 100644 artifacts/product-reality/sprint-193/m07/proof-attempt-1/runtime/cells/Organization/card/react/seeded-390.png
 create mode 100644 artifacts/product-reality/sprint-193/m07/proof-attempt-1/runtime/cells/Organization/card/react/typecheck.json
 create mode 100644 artifacts/product-reality/sprint-193/m07/proof-attempt-1/runtime/cells/Organization/card/vue/accessibility-tree.txt
 create mode 100644 artifacts/product-reality/sprint-193/m07/proof-attempt-1/runtime/cells/Organization/card/vue/build.json
 create mode 100644 artifacts/product-reality/sprint-193/m07/proof-attempt-1/runtime/cells/Organization/card/vue/composition.json
 create mode 100644 artifacts/product-reality/sprint-193/m07/proof-attempt-1/runtime/cells/Organization/card/vue/generation.json
 create mode 100644 artifacts/product-reality/sprint-193/m07/proof-attempt-1/runtime/cells/Organization/card/vue/install.json
 create mode 100644 artifacts/product-reality/sprint-193/m07/proof-attempt-1/runtime/cells/Organization/card/vue/process.log
 create mode 100644 artifacts/product-reality/sprint-193/m07/proof-attempt-1/runtime/cells/Organization/card/vue/receipt.json
 create mode 100644 artifacts/product-reality/sprint-193/m07/proof-attempt-1/runtime/cells/Organization/card/vue/seeded-1440.png
 create mode 100644 artifacts/product-reality/sprint-193/m07/proof-attempt-1/runtime/cells/Organization/card/vue/seeded-390.png
 create mode 100644 artifacts/product-reality/sprint-193/m07/proof-attempt-1/runtime/cells/Organization/card/vue/typecheck.json
 create mode 100644 artifacts/product-reality/sprint-193/m07/proof-attempt-1/runtime/cells/Organization/detail/react/accessibility-tree.txt
 create mode 100644 artifacts/product-reality/sprint-193/m07/proof-attempt-1/runtime/cells/Organization/detail/react/build.json
 create mode 100644 artifacts/product-reality/sprint-193/m07/proof-attempt-1/runtime/cells/Organization/detail/react/composition.json
 create mode 100644 artifacts/product-reality/sprint-193/m07/proof-attempt-1/runtime/cells/Organization/detail/react/generation.json
 create mode 100644 artifacts/product-reality/sprint-193/m07/proof-attempt-1/runtime/cells/Organization/detail/react/install.json
 create mode 100644 artifacts/product-reality/sprint-193/m07/proof-attempt-1/runtime/cells/Organization/detail/react/process.log
 create mode 100644 artifacts/product-reality/sprint-193/m07/proof-attempt-1/runtime/cells/Organization/detail/react/receipt.json
 create mode 100644 artifacts/product-reality/sprint-193/m07/proof-attempt-1/runtime/cells/Organization/detail/react/seeded-1440.png
 create mode 100644 artifacts/product-reality/sprint-193/m07/proof-attempt-1/runtime/cells/Organization/detail/react/seeded-390.png
 create mode 100644 artifacts/product-reality/sprint-193/m07/proof-attempt-1/runtime/cells/Organization/detail/react/typecheck.json
 create mode 100644 artifacts/product-reality/sprint-193/m07/proof-attempt-1/runtime/cells/Organization/detail/vue/accessibility-tree.txt
 create mode 100644 artifacts/product-reality/sprint-193/m07/proof-attempt-1/runtime/cells/Organization/detail/vue/build.json
 create mode 100644 artifacts/product-reality/sprint-193/m07/proof-attempt-1/runtime/cells/Organization/detail/vue/composition.json
 create mode 100644 artifacts/product-reality/sprint-193/m07/proof-attempt-1/runtime/cells/Organization/detail/vue/generation.json
 create mode 100644 artifacts/product-reality/sprint-193/m07/proof-attempt-1/runtime/cells/Organization/detail/vue/install.json
 create mode 100644 artifacts/product-reality/sprint-193/m07/proof-attempt-1/runtime/cells/Organization/detail/vue/process.log
 create mode 100644 artifacts/product-reality/sprint-193/m07/proof-attempt-1/runtime/cells/Organization/detail/vue/receipt.json
 create mode 100644 artifacts/product-reality/sprint-193/m07/proof-attempt-1/runtime/cells/Organization/detail/vue/seeded-1440.png
 create mode 100644 artifacts/product-reality/sprint-193/m07/proof-attempt-1/runtime/cells/Organization/detail/vue/seeded-390.png
 create mode 100644 artifacts/product-reality/sprint-193/m07/proof-attempt-1/runtime/cells/Organization/detail/vue/typecheck.json
 create mode 100644 artifacts/product-reality/sprint-193/m07/proof-attempt-1/runtime/cells/Organization/form/react/accessibility-tree.txt
 create mode 100644 artifacts/product-reality/sprint-193/m07/proof-attempt-1/runtime/cells/Organization/form/react/build.json
 create mode 100644 artifacts/product-reality/sprint-193/m07/proof-attempt-1/runtime/cells/Organization/form/react/composition.json
 create mode 100644 artifacts/product-reality/sprint-193/m07/proof-attempt-1/runtime/cells/Organization/form/react/generation.json
 create mode 100644 artifacts/product-reality/sprint-193/m07/proof-attempt-1/runtime/cells/Organization/form/react/install.json
 create mode 100644 artifacts/product-reality/sprint-193/m07/proof-attempt-1/runtime/cells/Organization/form/react/process.log
 create mode 100644 artifacts/product-reality/sprint-193/m07/proof-attempt-1/runtime/cells/Organization/form/react/receipt.json
 create mode 100644 artifacts/product-reality/sprint-193/m07/proof-attempt-1/runtime/cells/Organization/form/react/seeded-1440.png
 create mode 100644 artifacts/product-reality/sprint-193/m07/proof-attempt-1/runtime/cells/Organization/form/react/seeded-390.png
 create mode 100644 artifacts/product-reality/sprint-193/m07/proof-attempt-1/runtime/cells/Organization/form/react/typecheck.json
 create mode 100644 artifacts/product-reality/sprint-193/m07/proof-attempt-1/runtime/cells/Organization/form/vue/accessibility-tree.txt
 create mode 100644 artifacts/product-reality/sprint-193/m07/proof-attempt-1/runtime/cells/Organization/form/vue/build.json
 create mode 100644 artifacts/product-reality/sprint-193/m07/proof-attempt-1/runtime/cells/Organization/form/vue/composition.json
 create mode 100644 artifacts/product-reality/sprint-193/m07/proof-attempt-1/runtime/cells/Organization/form/vue/generation.json
 create mode 100644 artifacts/product-reality/sprint-193/m07/proof-attempt-1/runtime/cells/Organization/form/vue/install.json
 create mode 100644 artifacts/product-reality/sprint-193/m07/proof-attempt-1/runtime/cells/Organization/form/vue/process.log
 create mode 100644 artifacts/product-reality/sprint-193/m07/proof-attempt-1/runtime/cells/Organization/form/vue/receipt.json
 create mode 100644 artifacts/product-reality/sprint-193/m07/proof-attempt-1/runtime/cells/Organization/form/vue/seeded-1440.png
 create mode 100644 artifacts/product-reality/sprint-193/m07/proof-attempt-1/runtime/cells/Organization/form/vue/seeded-390.png
 create mode 100644 artifacts/product-reality/sprint-193/m07/proof-attempt-1/runtime/cells/Organization/form/vue/typecheck.json
 create mode 100644 artifacts/product-reality/sprint-193/m07/proof-attempt-1/runtime/cells/Organization/inline/react/accessibility-tree.txt
 create mode 100644 artifacts/product-reality/sprint-193/m07/proof-attempt-1/runtime/cells/Organization/inline/react/build.json
 create mode 100644 artifacts/product-reality/sprint-193/m07/proof-attempt-1/runtime/cells/Organization/inline/react/composition.json
 create mode 100644 artifacts/product-reality/sprint-193/m07/proof-attempt-1/runtime/cells/Organization/inline/react/generation.json
 create mode 100644 artifacts/product-reality/sprint-193/m07/proof-attempt-1/runtime/cells/Organization/inline/react/install.json
 create mode 100644 artifacts/product-reality/sprint-193/m07/proof-attempt-1/runtime/cells/Organization/inline/react/process.log
 create mode 100644 artifacts/product-reality/sprint-193/m07/proof-attempt-1/runtime/cells/Organization/inline/react/receipt.json
 create mode 100644 artifacts/product-reality/sprint-193/m07/proof-attempt-1/runtime/cells/Organization/inline/react/seeded-1440.png
 create mode 100644 artifacts/product-reality/sprint-193/m07/proof-attempt-1/runtime/cells/Organization/inline/react/seeded-390.png
 create mode 100644 artifacts/product-reality/sprint-193/m07/proof-attempt-1/runtime/cells/Organization/inline/react/typecheck.json
 create mode 100644 artifacts/product-reality/sprint-193/m07/proof-attempt-1/runtime/cells/Organization/inline/vue/accessibility-tree.txt
 create mode 100644 artifacts/product-reality/sprint-193/m07/proof-attempt-1/runtime/cells/Organization/inline/vue/build.json
 create mode 100644 artifacts/product-reality/sprint-193/m07/proof-attempt-1/runtime/cells/Organization/inline/vue/composition.json
 create mode 100644 artifacts/product-reality/sprint-193/m07/proof-attempt-1/runtime/cells/Organization/inline/vue/generation.json
 create mode 100644 artifacts/product-reality/sprint-193/m07/proof-attempt-1/runtime/cells/Organization/inline/vue/install.json
 create mode 100644 artifacts/product-reality/sprint-193/m07/proof-attempt-1/runtime/cells/Organization/inline/vue/process.log
 create mode 100644 artifacts/product-reality/sprint-193/m07/proof-attempt-1/runtime/cells/Organization/inline/vue/receipt.json
 create mode 100644 artifacts/product-reality/sprint-193/m07/proof-attempt-1/runtime/cells/Organization/inline/vue/seeded-1440.png
 create mode 100644 artifacts/product-reality/sprint-193/m07/proof-attempt-1/runtime/cells/Organization/inline/vue/seeded-390.png
 create mode 100644 artifacts/product-reality/sprint-193/m07/proof-attempt-1/runtime/cells/Organization/inline/vue/typecheck.json
 create mode 100644 artifacts/product-reality/sprint-193/m07/proof-attempt-1/runtime/cells/Organization/list/react/accessibility-tree.txt
 create mode 100644 artifacts/product-reality/sprint-193/m07/proof-attempt-1/runtime/cells/Organization/list/react/build.json
 create mode 100644 artifacts/product-reality/sprint-193/m07/proof-attempt-1/runtime/cells/Organization/list/react/composition.json
 create mode 100644 artifacts/product-reality/sprint-193/m07/proof-attempt-1/runtime/cells/Organization/list/react/generation.json
 create mode 100644 artifacts/product-reality/sprint-193/m07/proof-attempt-1/runtime/cells/Organization/list/react/install.json
 create mode 100644 artifacts/product-reality/sprint-193/m07/proof-attempt-1/runtime/cells/Organization/list/react/process.log
 create mode 100644 artifacts/product-reality/sprint-193/m07/proof-attempt-1/runtime/cells/Organization/list/react/receipt.json
 create mode 100644 artifacts/product-reality/sprint-193/m07/proof-attempt-1/runtime/cells/Organization/list/react/seeded-1440.png
 create mode 100644 artifacts/product-reality/sprint-193/m07/proof-attempt-1/runtime/cells/Organization/list/react/seeded-390.png
 create mode 100644 artifacts/product-reality/sprint-193/m07/proof-attempt-1/runtime/cells/Organization/list/react/typecheck.json
 create mode 100644 artifacts/product-reality/sprint-193/m07/proof-attempt-1/runtime/cells/Organization/list/vue/accessibility-tree.txt
 create mode 100644 artifacts/product-reality/sprint-193/m07/proof-attempt-1/runtime/cells/Organization/list/vue/build.json
 create mode 100644 artifacts/product-reality/sprint-193/m07/proof-attempt-1/runtime/cells/Organization/list/vue/composition.json
 create mode 100644 artifacts/product-reality/sprint-193/m07/proof-attempt-1/runtime/cells/Organization/list/vue/generation.json
 create mode 100644 artifacts/product-reality/sprint-193/m07/proof-attempt-1/runtime/cells/Organization/list/vue/install.json
 create mode 100644 artifacts/product-reality/sprint-193/m07/proof-attempt-1/runtime/cells/Organization/list/vue/process.log
 create mode 100644 artifacts/product-reality/sprint-193/m07/proof-attempt-1/runtime/cells/Organization/list/vue/receipt.json
 create mode 100644 artifacts/product-reality/sprint-193/m07/proof-attempt-1/runtime/cells/Organization/list/vue/seeded-1440.png
 create mode 100644 artifacts/product-reality/sprint-193/m07/proof-attempt-1/runtime/cells/Organization/list/vue/seeded-390.png
 create mode 100644 artifacts/product-reality/sprint-193/m07/proof-attempt-1/runtime/cells/Organization/list/vue/typecheck.json
 create mode 100644 artifacts/product-reality/sprint-193/m07/proof-attempt-1/runtime/cells/Organization/timeline/react/accessibility-tree.txt
 create mode 100644 artifacts/product-reality/sprint-193/m07/proof-attempt-1/runtime/cells/Organization/timeline/react/build.json
 create mode 100644 artifacts/product-reality/sprint-193/m07/proof-attempt-1/runtime/cells/Organization/timeline/react/composition.json
 create mode 100644 artifacts/product-reality/sprint-193/m07/proof-attempt-1/runtime/cells/Organization/timeline/react/generation.json
 create mode 100644 artifacts/product-reality/sprint-193/m07/proof-attempt-1/runtime/cells/Organization/timeline/react/install.json
 create mode 100644 artifacts/product-reality/sprint-193/m07/proof-attempt-1/runtime/cells/Organization/timeline/react/process.log
 create mode 100644 artifacts/product-reality/sprint-193/m07/proof-attempt-1/runtime/cells/Organization/timeline/react/receipt.json
 create mode 100644 artifacts/product-reality/sprint-193/m07/proof-attempt-1/runtime/cells/Organization/timeline/react/seeded-1440.png
 create mode 100644 artifacts/product-reality/sprint-193/m07/proof-attempt-1/runtime/cells/Organization/timeline/react/seeded-390.png
 create mode 100644 artifacts/product-reality/sprint-193/m07/proof-attempt-1/runtime/cells/Organization/timeline/react/typecheck.json
 create mode 100644 artifacts/product-reality/sprint-193/m07/proof-attempt-1/runtime/cells/Organization/timeline/vue/accessibility-tree.txt
 create mode 100644 artifacts/product-reality/sprint-193/m07/proof-attempt-1/runtime/cells/Organization/timeline/vue/build.json
 create mode 100644 artifacts/product-reality/sprint-193/m07/proof-attempt-1/runtime/cells/Organization/timeline/vue/composition.json
 create mode 100644 artifacts/product-reality/sprint-193/m07/proof-attempt-1/runtime/cells/Organization/timeline/vue/generation.json
 create mode 100644 artifacts/product-reality/sprint-193/m07/proof-attempt-1/runtime/cells/Organization/timeline/vue/install.json
 create mode 100644 artifacts/product-reality/sprint-193/m07/proof-attempt-1/runtime/cells/Organization/timeline/vue/process.log
 create mode 100644 artifacts/product-reality/sprint-193/m07/proof-attempt-1/runtime/cells/Organization/timeline/vue/receipt.json
 create mode 100644 artifacts/product-reality/sprint-193/m07/proof-attempt-1/runtime/cells/Organization/timeline/vue/seeded-1440.png
 create mode 100644 artifacts/product-reality/sprint-193/m07/proof-attempt-1/runtime/cells/Organization/timeline/vue/seeded-390.png
 create mode 100644 artifacts/product-reality/sprint-193/m07/proof-attempt-1/runtime/cells/Organization/timeline/vue/typecheck.json
 create mode 100644 artifacts/product-reality/sprint-193/m07/proof-attempt-1/runtime/cells/Organization/workflow/react/process.log
 create mode 100644 artifacts/product-reality/sprint-193/m07/proof-attempt-1/runtime/cells/Organization/workflow/react/receipt.json
 create mode 100644 artifacts/product-reality/sprint-193/m07/proof-attempt-1/runtime/cells/Organization/workflow/vue/receipt.json
 create mode 100644 artifacts/product-reality/sprint-193/m07/proof-attempt-1/runtime/cells/Plan/card/react/accessibility-tree.txt
 create mode 100644 artifacts/product-reality/sprint-193/m07/proof-attempt-1/runtime/cells/Plan/card/react/build.json
 create mode 100644 artifacts/product-reality/sprint-193/m07/proof-attempt-1/runtime/cells/Plan/card/react/composition.json
 create mode 100644 artifacts/product-reality/sprint-193/m07/proof-attempt-1/runtime/cells/Plan/card/react/generation.json
 create mode 100644 artifacts/product-reality/sprint-193/m07/proof-attempt-1/runtime/cells/Plan/card/react/install.json
 create mode 100644 artifacts/product-reality/sprint-193/m07/proof-attempt-1/runtime/cells/Plan/card/react/process.log
 create mode 100644 artifacts/product-reality/sprint-193/m07/proof-attempt-1/runtime/cells/Plan/card/react/receipt.json
 create mode 100644 artifacts/product-reality/sprint-193/m07/proof-attempt-1/runtime/cells/Plan/card/react/seeded-1440.png
 create mode 100644 artifacts/product-reality/sprint-193/m07/proof-attempt-1/runtime/cells/Plan/card/react/seeded-390.png
 create mode 100644 artifacts/product-reality/sprint-193/m07/proof-attempt-1/runtime/cells/Plan/card/react/typecheck.json
 create mode 100644 artifacts/product-reality/sprint-193/m07/proof-attempt-1/runtime/cells/Plan/card/vue/accessibility-tree.txt
 create mode 100644 artifacts/product-reality/sprint-193/m07/proof-attempt-1/runtime/cells/Plan/card/vue/build.json
 create mode 100644 artifacts/product-reality/sprint-193/m07/proof-attempt-1/runtime/cells/Plan/card/vue/composition.json
 create mode 100644 artifacts/product-reality/sprint-193/m07/proof-attempt-1/runtime/cells/Plan/card/vue/generation.json
 create mode 100644 artifacts/product-reality/sprint-193/m07/proof-attempt-1/runtime/cells/Plan/card/vue/install.json
 create mode 100644 artifacts/product-reality/sprint-193/m07/proof-attempt-1/runtime/cells/Plan/card/vue/process.log
 create mode 100644 artifacts/product-reality/sprint-193/m07/proof-attempt-1/runtime/cells/Plan/card/vue/receipt.json
 create mode 100644 artifacts/product-reality/sprint-193/m07/proof-attempt-1/runtime/cells/Plan/card/vue/seeded-1440.png
 create mode 100644 artifacts/product-reality/sprint-193/m07/proof-attempt-1/runtime/cells/Plan/card/vue/seeded-390.png
 create mode 100644 artifacts/product-reality/sprint-193/m07/proof-attempt-1/runtime/cells/Plan/card/vue/typecheck.json
 create mode 100644 artifacts/product-reality/sprint-193/m07/proof-attempt-1/runtime/cells/Plan/detail/react/accessibility-tree.txt
 create mode 100644 artifacts/product-reality/sprint-193/m07/proof-attempt-1/runtime/cells/Plan/detail/react/build.json
 create mode 100644 artifacts/product-reality/sprint-193/m07/proof-attempt-1/runtime/cells/Plan/detail/react/composition.json
 create mode 100644 artifacts/product-reality/sprint-193/m07/proof-attempt-1/runtime/cells/Plan/detail/react/generation.json
 create mode 100644 artifacts/product-reality/sprint-193/m07/proof-attempt-1/runtime/cells/Plan/detail/react/install.json
 create mode 100644 artifacts/product-reality/sprint-193/m07/proof-attempt-1/runtime/cells/Plan/detail/react/process.log
 create mode 100644 artifacts/product-reality/sprint-193/m07/proof-attempt-1/runtime/cells/Plan/detail/react/receipt.json
 create mode 100644 artifacts/product-reality/sprint-193/m07/proof-attempt-1/runtime/cells/Plan/detail/react/seeded-1440.png
 create mode 100644 artifacts/product-reality/sprint-193/m07/proof-attempt-1/runtime/cells/Plan/detail/react/seeded-390.png
 create mode 100644 artifacts/product-reality/sprint-193/m07/proof-attempt-1/runtime/cells/Plan/detail/react/typecheck.json
 create mode 100644 artifacts/product-reality/sprint-193/m07/proof-attempt-1/runtime/cells/Plan/detail/vue/accessibility-tree.txt
 create mode 100644 artifacts/product-reality/sprint-193/m07/proof-attempt-1/runtime/cells/Plan/detail/vue/build.json
 create mode 100644 artifacts/product-reality/sprint-193/m07/proof-attempt-1/runtime/cells/Plan/detail/vue/composition.json
 create mode 100644 artifacts/product-reality/sprint-193/m07/proof-attempt-1/runtime/cells/Plan/detail/vue/generation.json
 create mode 100644 artifacts/product-reality/sprint-193/m07/proof-attempt-1/runtime/cells/Plan/detail/vue/install.json
 create mode 100644 artifacts/product-reality/sprint-193/m07/proof-attempt-1/runtime/cells/Plan/detail/vue/process.log
 create mode 100644 artifacts/product-reality/sprint-193/m07/proof-attempt-1/runtime/cells/Plan/detail/vue/receipt.json
 create mode 100644 artifacts/product-reality/sprint-193/m07/proof-attempt-1/runtime/cells/Plan/detail/vue/seeded-1440.png
 create mode 100644 artifacts/product-reality/sprint-193/m07/proof-attempt-1/runtime/cells/Plan/detail/vue/seeded-390.png
 create mode 100644 artifacts/product-reality/sprint-193/m07/proof-attempt-1/runtime/cells/Plan/detail/vue/typecheck.json
 create mode 100644 artifacts/product-reality/sprint-193/m07/proof-attempt-1/runtime/cells/Plan/form/react/accessibility-tree.txt
 create mode 100644 artifacts/product-reality/sprint-193/m07/proof-attempt-1/runtime/cells/Plan/form/react/build.json
 create mode 100644 artifacts/product-reality/sprint-193/m07/proof-attempt-1/runtime/cells/Plan/form/react/composition.json
 create mode 100644 artifacts/product-reality/sprint-193/m07/proof-attempt-1/runtime/cells/Plan/form/react/generation.json
 create mode 100644 artifacts/product-reality/sprint-193/m07/proof-attempt-1/runtime/cells/Plan/form/react/install.json
 create mode 100644 artifacts/product-reality/sprint-193/m07/proof-attempt-1/runtime/cells/Plan/form/react/process.log
 create mode 100644 artifacts/product-reality/sprint-193/m07/proof-attempt-1/runtime/cells/Plan/form/react/receipt.json
 create mode 100644 artifacts/product-reality/sprint-193/m07/proof-attempt-1/runtime/cells/Plan/form/react/seeded-1440.png
 create mode 100644 artifacts/product-reality/sprint-193/m07/proof-attempt-1/runtime/cells/Plan/form/react/seeded-390.png
 create mode 100644 artifacts/product-reality/sprint-193/m07/proof-attempt-1/runtime/cells/Plan/form/react/typecheck.json
 create mode 100644 artifacts/product-reality/sprint-193/m07/proof-attempt-1/runtime/cells/Plan/form/vue/accessibility-tree.txt
 create mode 100644 artifacts/product-reality/sprint-193/m07/proof-attempt-1/runtime/cells/Plan/form/vue/build.json
 create mode 100644 artifacts/product-reality/sprint-193/m07/proof-attempt-1/runtime/cells/Plan/form/vue/composition.json
 create mode 100644 artifacts/product-reality/sprint-193/m07/proof-attempt-1/runtime/cells/Plan/form/vue/generation.json
 create mode 100644 artifacts/product-reality/sprint-193/m07/proof-attempt-1/runtime/cells/Plan/form/vue/install.json
 create mode 100644 artifacts/product-reality/sprint-193/m07/proof-attempt-1/runtime/cells/Plan/form/vue/process.log
 create mode 100644 artifacts/product-reality/sprint-193/m07/proof-attempt-1/runtime/cells/Plan/form/vue/receipt.json
 create mode 100644 artifacts/product-reality/sprint-193/m07/proof-attempt-1/runtime/cells/Plan/form/vue/seeded-1440.png
 create mode 100644 artifacts/product-reality/sprint-193/m07/proof-attempt-1/runtime/cells/Plan/form/vue/seeded-390.png
 create mode 100644 artifacts/product-reality/sprint-193/m07/proof-attempt-1/runtime/cells/Plan/form/vue/typecheck.json
 create mode 100644 artifacts/product-reality/sprint-193/m07/proof-attempt-1/runtime/cells/Plan/inline/react/accessibility-tree.txt
 create mode 100644 artifacts/product-reality/sprint-193/m07/proof-attempt-1/runtime/cells/Plan/inline/react/build.json
 create mode 100644 artifacts/product-reality/sprint-193/m07/proof-attempt-1/runtime/cells/Plan/inline/react/composition.json
 create mode 100644 artifacts/product-reality/sprint-193/m07/proof-attempt-1/runtime/cells/Plan/inline/react/generation.json
 create mode 100644 artifacts/product-reality/sprint-193/m07/proof-attempt-1/runtime/cells/Plan/inline/react/install.json
 create mode 100644 artifacts/product-reality/sprint-193/m07/proof-attempt-1/runtime/cells/Plan/inline/react/process.log
 create mode 100644 artifacts/product-reality/sprint-193/m07/proof-attempt-1/runtime/cells/Plan/inline/react/receipt.json
 create mode 100644 artifacts/product-reality/sprint-193/m07/proof-attempt-1/runtime/cells/Plan/inline/react/seeded-1440.png
 create mode 100644 artifacts/product-reality/sprint-193/m07/proof-attempt-1/runtime/cells/Plan/inline/react/seeded-390.png
 create mode 100644 artifacts/product-reality/sprint-193/m07/proof-attempt-1/runtime/cells/Plan/inline/react/typecheck.json
 create mode 100644 artifacts/product-reality/sprint-193/m07/proof-attempt-1/runtime/cells/Plan/inline/vue/accessibility-tree.txt
 create mode 100644 artifacts/product-reality/sprint-193/m07/proof-attempt-1/runtime/cells/Plan/inline/vue/build.json
 create mode 100644 artifacts/product-reality/sprint-193/m07/proof-attempt-1/runtime/cells/Plan/inline/vue/composition.json
 create mode 100644 artifacts/product-reality/sprint-193/m07/proof-attempt-1/runtime/cells/Plan/inline/vue/generation.json
 create mode 100644 artifacts/product-reality/sprint-193/m07/proof-attempt-1/runtime/cells/Plan/inline/vue/install.json
 create mode 100644 artifacts/product-reality/sprint-193/m07/proof-attempt-1/runtime/cells/Plan/inline/vue/process.log
 create mode 100644 artifacts/product-reality/sprint-193/m07/proof-attempt-1/runtime/cells/Plan/inline/vue/receipt.json
 create mode 100644 artifacts/product-reality/sprint-193/m07/proof-attempt-1/runtime/cells/Plan/inline/vue/seeded-1440.png
 create mode 100644 artifacts/product-reality/sprint-193/m07/proof-attempt-1/runtime/cells/Plan/inline/vue/seeded-390.png
 create mode 100644 artifacts/product-reality/sprint-193/m07/proof-attempt-1/runtime/cells/Plan/inline/vue/typecheck.json
 create mode 100644 artifacts/product-reality/sprint-193/m07/proof-attempt-1/runtime/cells/Plan/list/react/accessibility-tree.txt
 create mode 100644 artifacts/product-reality/sprint-193/m07/proof-attempt-1/runtime/cells/Plan/list/react/build.json
 create mode 100644 artifacts/product-reality/sprint-193/m07/proof-attempt-1/runtime/cells/Plan/list/react/composition.json
 create mode 100644 artifacts/product-reality/sprint-193/m07/proof-attempt-1/runtime/cells/Plan/list/react/generation.json
 create mode 100644 artifacts/product-reality/sprint-193/m07/proof-attempt-1/runtime/cells/Plan/list/react/install.json
 create mode 100644 artifacts/product-reality/sprint-193/m07/proof-attempt-1/runtime/cells/Plan/list/react/process.log
 create mode 100644 artifacts/product-reality/sprint-193/m07/proof-attempt-1/runtime/cells/Plan/list/react/receipt.json
 create mode 100644 artifacts/product-reality/sprint-193/m07/proof-attempt-1/runtime/cells/Plan/list/react/seeded-1440.png
 create mode 100644 artifacts/product-reality/sprint-193/m07/proof-attempt-1/runtime/cells/Plan/list/react/seeded-390.png
 create mode 100644 artifacts/product-reality/sprint-193/m07/proof-attempt-1/runtime/cells/Plan/list/react/typecheck.json
 create mode 100644 artifacts/product-reality/sprint-193/m07/proof-attempt-1/runtime/cells/Plan/list/vue/accessibility-tree.txt
 create mode 100644 artifacts/product-reality/sprint-193/m07/proof-attempt-1/runtime/cells/Plan/list/vue/build.json
 create mode 100644 artifacts/product-reality/sprint-193/m07/proof-attempt-1/runtime/cells/Plan/list/vue/composition.json
 create mode 100644 artifacts/product-reality/sprint-193/m07/proof-attempt-1/runtime/cells/Plan/list/vue/generation.json
 create mode 100644 artifacts/product-reality/sprint-193/m07/proof-attempt-1/runtime/cells/Plan/list/vue/install.json
 create mode 100644 artifacts/product-reality/sprint-193/m07/proof-attempt-1/runtime/cells/Plan/list/vue/process.log
 create mode 100644 artifacts/product-reality/sprint-193/m07/proof-attempt-1/runtime/cells/Plan/list/vue/receipt.json
 create mode 100644 artifacts/product-reality/sprint-193/m07/proof-attempt-1/runtime/cells/Plan/list/vue/seeded-1440.png
 create mode 100644 artifacts/product-reality/sprint-193/m07/proof-attempt-1/runtime/cells/Plan/list/vue/seeded-390.png
 create mode 100644 artifacts/product-reality/sprint-193/m07/proof-attempt-1/runtime/cells/Plan/list/vue/typecheck.json
 create mode 100644 artifacts/product-reality/sprint-193/m07/proof-attempt-1/runtime/cells/Plan/timeline/react/accessibility-tree.txt
 create mode 100644 artifacts/product-reality/sprint-193/m07/proof-attempt-1/runtime/cells/Plan/timeline/react/build.json
 create mode 100644 artifacts/product-reality/sprint-193/m07/proof-attempt-1/runtime/cells/Plan/timeline/react/composition.json
 create mode 100644 artifacts/product-reality/sprint-193/m07/proof-attempt-1/runtime/cells/Plan/timeline/react/generation.json
 create mode 100644 artifacts/product-reality/sprint-193/m07/proof-attempt-1/runtime/cells/Plan/timeline/react/install.json
 create mode 100644 artifacts/product-reality/sprint-193/m07/proof-attempt-1/runtime/cells/Plan/timeline/react/process.log
 create mode 100644 artifacts/product-reality/sprint-193/m07/proof-attempt-1/runtime/cells/Plan/timeline/react/receipt.json
 create mode 100644 artifacts/product-reality/sprint-193/m07/proof-attempt-1/runtime/cells/Plan/timeline/react/seeded-1440.png
 create mode 100644 artifacts/product-reality/sprint-193/m07/proof-attempt-1/runtime/cells/Plan/timeline/react/seeded-390.png
 create mode 100644 artifacts/product-reality/sprint-193/m07/proof-attempt-1/runtime/cells/Plan/timeline/react/typecheck.json
 create mode 100644 artifacts/product-reality/sprint-193/m07/proof-attempt-1/runtime/cells/Plan/timeline/vue/accessibility-tree.txt
 create mode 100644 artifacts/product-reality/sprint-193/m07/proof-attempt-1/runtime/cells/Plan/timeline/vue/build.json
 create mode 100644 artifacts/product-reality/sprint-193/m07/proof-attempt-1/runtime/cells/Plan/timeline/vue/composition.json
 create mode 100644 artifacts/product-reality/sprint-193/m07/proof-attempt-1/runtime/cells/Plan/timeline/vue/generation.json
 create mode 100644 artifacts/product-reality/sprint-193/m07/proof-attempt-1/runtime/cells/Plan/timeline/vue/install.json
 create mode 100644 artifacts/product-reality/sprint-193/m07/proof-attempt-1/runtime/cells/Plan/timeline/vue/process.log
 create mode 100644 artifacts/product-reality/sprint-193/m07/proof-attempt-1/runtime/cells/Plan/timeline/vue/receipt.json
 create mode 100644 artifacts/product-reality/sprint-193/m07/proof-attempt-1/runtime/cells/Plan/timeline/vue/seeded-1440.png
 create mode 100644 artifacts/product-reality/sprint-193/m07/proof-attempt-1/runtime/cells/Plan/timeline/vue/seeded-390.png
 create mode 100644 artifacts/product-reality/sprint-193/m07/proof-attempt-1/runtime/cells/Plan/timeline/vue/typecheck.json
 create mode 100644 artifacts/product-reality/sprint-193/m07/proof-attempt-1/runtime/cells/Plan/workflow/react/process.log
 create mode 100644 artifacts/product-reality/sprint-193/m07/proof-attempt-1/runtime/cells/Plan/workflow/react/receipt.json
 create mode 100644 artifacts/product-reality/sprint-193/m07/proof-attempt-1/runtime/cells/Plan/workflow/vue/receipt.json
 create mode 100644 artifacts/product-reality/sprint-193/m07/proof-attempt-1/runtime/cells/Product/card/react/accessibility-tree.txt
 create mode 100644 artifacts/product-reality/sprint-193/m07/proof-attempt-1/runtime/cells/Product/card/react/build.json
 create mode 100644 artifacts/product-reality/sprint-193/m07/proof-attempt-1/runtime/cells/Product/card/react/composition.json
 create mode 100644 artifacts/product-reality/sprint-193/m07/proof-attempt-1/runtime/cells/Product/card/react/generation.json
 create mode 100644 artifacts/product-reality/sprint-193/m07/proof-attempt-1/runtime/cells/Product/card/react/install.json
 create mode 100644 artifacts/product-reality/sprint-193/m07/proof-attempt-1/runtime/cells/Product/card/react/process.log
 create mode 100644 artifacts/product-reality/sprint-193/m07/proof-attempt-1/runtime/cells/Product/card/react/receipt.json
 create mode 100644 artifacts/product-reality/sprint-193/m07/proof-attempt-1/runtime/cells/Product/card/react/seeded-1440.png
 create mode 100644 artifacts/product-reality/sprint-193/m07/proof-attempt-1/runtime/cells/Product/card/react/seeded-390.png
 create mode 100644 artifacts/product-reality/sprint-193/m07/proof-attempt-1/runtime/cells/Product/card/react/typecheck.json
 create mode 100644 artifacts/product-reality/sprint-193/m07/proof-attempt-1/runtime/cells/Product/card/vue/accessibility-tree.txt
 create mode 100644 artifacts/product-reality/sprint-193/m07/proof-attempt-1/runtime/cells/Product/card/vue/build.json
 create mode 100644 artifacts/product-reality/sprint-193/m07/proof-attempt-1/runtime/cells/Product/card/vue/composition.json
 create mode 100644 artifacts/product-reality/sprint-193/m07/proof-attempt-1/runtime/cells/Product/card/vue/generation.json
 create mode 100644 artifacts/product-reality/sprint-193/m07/proof-attempt-1/runtime/cells/Product/card/vue/install.json
 create mode 100644 artifacts/product-reality/sprint-193/m07/proof-attempt-1/runtime/cells/Product/card/vue/process.log
 create mode 100644 artifacts/product-reality/sprint-193/m07/proof-attempt-1/runtime/cells/Product/card/vue/receipt.json
 create mode 100644 artifacts/product-reality/sprint-193/m07/proof-attempt-1/runtime/cells/Product/card/vue/seeded-1440.png
 create mode 100644 artifacts/product-reality/sprint-193/m07/proof-attempt-1/runtime/cells/Product/card/vue/seeded-390.png
 create mode 100644 artifacts/product-reality/sprint-193/m07/proof-attempt-1/runtime/cells/Product/card/vue/typecheck.json
 create mode 100644 artifacts/product-reality/sprint-193/m07/proof-attempt-1/runtime/cells/Product/detail/react/accessibility-tree.txt
 create mode 100644 artifacts/product-reality/sprint-193/m07/proof-attempt-1/runtime/cells/Product/detail/react/build.json
 create mode 100644 artifacts/product-reality/sprint-193/m07/proof-attempt-1/runtime/cells/Product/detail/react/composition.json
 create mode 100644 artifacts/product-reality/sprint-193/m07/proof-attempt-1/runtime/cells/Product/detail/react/generation.json
 create mode 100644 artifacts/product-reality/sprint-193/m07/proof-attempt-1/runtime/cells/Product/detail/react/install.json
 create mode 100644 artifacts/product-reality/sprint-193/m07/proof-attempt-1/runtime/cells/Product/detail/react/process.log
 create mode 100644 artifacts/product-reality/sprint-193/m07/proof-attempt-1/runtime/cells/Product/detail/react/receipt.json
 create mode 100644 artifacts/product-reality/sprint-193/m07/proof-attempt-1/runtime/cells/Product/detail/react/seeded-1440.png
 create mode 100644 artifacts/product-reality/sprint-193/m07/proof-attempt-1/runtime/cells/Product/detail/react/seeded-390.png
 create mode 100644 artifacts/product-reality/sprint-193/m07/proof-attempt-1/runtime/cells/Product/detail/react/typecheck.json
 create mode 100644 artifacts/product-reality/sprint-193/m07/proof-attempt-1/runtime/cells/Product/detail/vue/accessibility-tree.txt
 create mode 100644 artifacts/product-reality/sprint-193/m07/proof-attempt-1/runtime/cells/Product/detail/vue/build.json
 create mode 100644 artifacts/product-reality/sprint-193/m07/proof-attempt-1/runtime/cells/Product/detail/vue/composition.json
 create mode 100644 artifacts/product-reality/sprint-193/m07/proof-attempt-1/runtime/cells/Product/detail/vue/generation.json
 create mode 100644 artifacts/product-reality/sprint-193/m07/proof-attempt-1/runtime/cells/Product/detail/vue/install.json
 create mode 100644 artifacts/product-reality/sprint-193/m07/proof-attempt-1/runtime/cells/Product/detail/vue/process.log
 create mode 100644 artifacts/product-reality/sprint-193/m07/proof-attempt-1/runtime/cells/Product/detail/vue/receipt.json
 create mode 100644 artifacts/product-reality/sprint-193/m07/proof-attempt-1/runtime/cells/Product/detail/vue/seeded-1440.png
 create mode 100644 artifacts/product-reality/sprint-193/m07/proof-attempt-1/runtime/cells/Product/detail/vue/seeded-390.png
 create mode 100644 artifacts/product-reality/sprint-193/m07/proof-attempt-1/runtime/cells/Product/detail/vue/typecheck.json
 create mode 100644 artifacts/product-reality/sprint-193/m07/proof-attempt-1/runtime/cells/Product/form/react/accessibility-tree.txt
 create mode 100644 artifacts/product-reality/sprint-193/m07/proof-attempt-1/runtime/cells/Product/form/react/build.json
 create mode 100644 artifacts/product-reality/sprint-193/m07/proof-attempt-1/runtime/cells/Product/form/react/composition.json
 create mode 100644 artifacts/product-reality/sprint-193/m07/proof-attempt-1/runtime/cells/Product/form/react/generation.json
 create mode 100644 artifacts/product-reality/sprint-193/m07/proof-attempt-1/runtime/cells/Product/form/react/install.json
 create mode 100644 artifacts/product-reality/sprint-193/m07/proof-attempt-1/runtime/cells/Product/form/react/process.log
 create mode 100644 artifacts/product-reality/sprint-193/m07/proof-attempt-1/runtime/cells/Product/form/react/receipt.json
 create mode 100644 artifacts/product-reality/sprint-193/m07/proof-attempt-1/runtime/cells/Product/form/react/seeded-1440.png
 create mode 100644 artifacts/product-reality/sprint-193/m07/proof-attempt-1/runtime/cells/Product/form/react/seeded-390.png
 create mode 100644 artifacts/product-reality/sprint-193/m07/proof-attempt-1/runtime/cells/Product/form/react/typecheck.json
 create mode 100644 artifacts/product-reality/sprint-193/m07/proof-attempt-1/runtime/cells/Product/form/vue/accessibility-tree.txt
 create mode 100644 artifacts/product-reality/sprint-193/m07/proof-attempt-1/runtime/cells/Product/form/vue/build.json
 create mode 100644 artifacts/product-reality/sprint-193/m07/proof-attempt-1/runtime/cells/Product/form/vue/composition.json
 create mode 100644 artifacts/product-reality/sprint-193/m07/proof-attempt-1/runtime/cells/Product/form/vue/generation.json
 create mode 100644 artifacts/product-reality/sprint-193/m07/proof-attempt-1/runtime/cells/Product/form/vue/install.json
 create mode 100644 artifacts/product-reality/sprint-193/m07/proof-attempt-1/runtime/cells/Product/form/vue/process.log
 create mode 100644 artifacts/product-reality/sprint-193/m07/proof-attempt-1/runtime/cells/Product/form/vue/receipt.json
 create mode 100644 artifacts/product-reality/sprint-193/m07/proof-attempt-1/runtime/cells/Product/form/vue/seeded-1440.png
 create mode 100644 artifacts/product-reality/sprint-193/m07/proof-attempt-1/runtime/cells/Product/form/vue/seeded-390.png
 create mode 100644 artifacts/product-reality/sprint-193/m07/proof-attempt-1/runtime/cells/Product/form/vue/typecheck.json
 create mode 100644 artifacts/product-reality/sprint-193/m07/proof-attempt-1/runtime/cells/Product/inline/react/accessibility-tree.txt
 create mode 100644 artifacts/product-reality/sprint-193/m07/proof-attempt-1/runtime/cells/Product/inline/react/build.json
 create mode 100644 artifacts/product-reality/sprint-193/m07/proof-attempt-1/runtime/cells/Product/inline/react/composition.json
 create mode 100644 artifacts/product-reality/sprint-193/m07/proof-attempt-1/runtime/cells/Product/inline/react/generation.json
 create mode 100644 artifacts/product-reality/sprint-193/m07/proof-attempt-1/runtime/cells/Product/inline/react/install.json
 create mode 100644 artifacts/product-reality/sprint-193/m07/proof-attempt-1/runtime/cells/Product/inline/react/process.log
 create mode 100644 artifacts/product-reality/sprint-193/m07/proof-attempt-1/runtime/cells/Product/inline/react/receipt.json
 create mode 100644 artifacts/product-reality/sprint-193/m07/proof-attempt-1/runtime/cells/Product/inline/react/seeded-1440.png
 create mode 100644 artifacts/product-reality/sprint-193/m07/proof-attempt-1/runtime/cells/Product/inline/react/seeded-390.png
 create mode 100644 artifacts/product-reality/sprint-193/m07/proof-attempt-1/runtime/cells/Product/inline/react/typecheck.json
 create mode 100644 artifacts/product-reality/sprint-193/m07/proof-attempt-1/runtime/cells/Product/inline/vue/accessibility-tree.txt
 create mode 100644 artifacts/product-reality/sprint-193/m07/proof-attempt-1/runtime/cells/Product/inline/vue/build.json
 create mode 100644 artifacts/product-reality/sprint-193/m07/proof-attempt-1/runtime/cells/Product/inline/vue/composition.json
 create mode 100644 artifacts/product-reality/sprint-193/m07/proof-attempt-1/runtime/cells/Product/inline/vue/generation.json
 create mode 100644 artifacts/product-reality/sprint-193/m07/proof-attempt-1/runtime/cells/Product/inline/vue/install.json
 create mode 100644 artifacts/product-reality/sprint-193/m07/proof-attempt-1/runtime/cells/Product/inline/vue/process.log
 create mode 100644 artifacts/product-reality/sprint-193/m07/proof-attempt-1/runtime/cells/Product/inline/vue/receipt.json
 create mode 100644 artifacts/product-reality/sprint-193/m07/proof-attempt-1/runtime/cells/Product/inline/vue/seeded-1440.png
 create mode 100644 artifacts/product-reality/sprint-193/m07/proof-attempt-1/runtime/cells/Product/inline/vue/seeded-390.png
 create mode 100644 artifacts/product-reality/sprint-193/m07/proof-attempt-1/runtime/cells/Product/inline/vue/typecheck.json
 create mode 100644 artifacts/product-reality/sprint-193/m07/proof-attempt-1/runtime/cells/Product/list/react/accessibility-tree.txt
 create mode 100644 artifacts/product-reality/sprint-193/m07/proof-attempt-1/runtime/cells/Product/list/react/build.json
 create mode 100644 artifacts/product-reality/sprint-193/m07/proof-attempt-1/runtime/cells/Product/list/react/composition.json
 create mode 100644 artifacts/product-reality/sprint-193/m07/proof-attempt-1/runtime/cells/Product/list/react/generation.json
 create mode 100644 artifacts/product-reality/sprint-193/m07/proof-attempt-1/runtime/cells/Product/list/react/install.json
 create mode 100644 artifacts/product-reality/sprint-193/m07/proof-attempt-1/runtime/cells/Product/list/react/process.log
 create mode 100644 artifacts/product-reality/sprint-193/m07/proof-attempt-1/runtime/cells/Product/list/react/receipt.json
 create mode 100644 artifacts/product-reality/sprint-193/m07/proof-attempt-1/runtime/cells/Product/list/react/seeded-1440.png
 create mode 100644 artifacts/product-reality/sprint-193/m07/proof-attempt-1/runtime/cells/Product/list/react/seeded-390.png
 create mode 100644 artifacts/product-reality/sprint-193/m07/proof-attempt-1/runtime/cells/Product/list/react/typecheck.json
 create mode 100644 artifacts/product-reality/sprint-193/m07/proof-attempt-1/runtime/cells/Product/list/vue/accessibility-tree.txt
 create mode 100644 artifacts/product-reality/sprint-193/m07/proof-attempt-1/runtime/cells/Product/list/vue/build.json
 create mode 100644 artifacts/product-reality/sprint-193/m07/proof-attempt-1/runtime/cells/Product/list/vue/composition.json
 create mode 100644 artifacts/product-reality/sprint-193/m07/proof-attempt-1/runtime/cells/Product/list/vue/generation.json
 create mode 100644 artifacts/product-reality/sprint-193/m07/proof-attempt-1/runtime/cells/Product/list/vue/install.json
 create mode 100644 artifacts/product-reality/sprint-193/m07/proof-attempt-1/runtime/cells/Product/list/vue/process.log
 create mode 100644 artifacts/product-reality/sprint-193/m07/proof-attempt-1/runtime/cells/Product/list/vue/receipt.json
 create mode 100644 artifacts/product-reality/sprint-193/m07/proof-attempt-1/runtime/cells/Product/list/vue/seeded-1440.png
 create mode 100644 artifacts/product-reality/sprint-193/m07/proof-attempt-1/runtime/cells/Product/list/vue/seeded-390.png
 create mode 100644 artifacts/product-reality/sprint-193/m07/proof-attempt-1/runtime/cells/Product/list/vue/typecheck.json
 create mode 100644 artifacts/product-reality/sprint-193/m07/proof-attempt-1/runtime/cells/Product/timeline/react/accessibility-tree.txt
 create mode 100644 artifacts/product-reality/sprint-193/m07/proof-attempt-1/runtime/cells/Product/timeline/react/build.json
 create mode 100644 artifacts/product-reality/sprint-193/m07/proof-attempt-1/runtime/cells/Product/timeline/react/composition.json
 create mode 100644 artifacts/product-reality/sprint-193/m07/proof-attempt-1/runtime/cells/Product/timeline/react/generation.json
 create mode 100644 artifacts/product-reality/sprint-193/m07/proof-attempt-1/runtime/cells/Product/timeline/react/install.json
 create mode 100644 artifacts/product-reality/sprint-193/m07/proof-attempt-1/runtime/cells/Product/timeline/react/process.log
 create mode 100644 artifacts/product-reality/sprint-193/m07/proof-attempt-1/runtime/cells/Product/timeline/react/receipt.json
 create mode 100644 artifacts/product-reality/sprint-193/m07/proof-attempt-1/runtime/cells/Product/timeline/react/seeded-1440.png
 create mode 100644 artifacts/product-reality/sprint-193/m07/proof-attempt-1/runtime/cells/Product/timeline/react/seeded-390.png
 create mode 100644 artifacts/product-reality/sprint-193/m07/proof-attempt-1/runtime/cells/Product/timeline/react/typecheck.json
 create mode 100644 artifacts/product-reality/sprint-193/m07/proof-attempt-1/runtime/cells/Product/timeline/vue/accessibility-tree.txt
 create mode 100644 artifacts/product-reality/sprint-193/m07/proof-attempt-1/runtime/cells/Product/timeline/vue/build.json
 create mode 100644 artifacts/product-reality/sprint-193/m07/proof-attempt-1/runtime/cells/Product/timeline/vue/composition.json
 create mode 100644 artifacts/product-reality/sprint-193/m07/proof-attempt-1/runtime/cells/Product/timeline/vue/generation.json
 create mode 100644 artifacts/product-reality/sprint-193/m07/proof-attempt-1/runtime/cells/Product/timeline/vue/install.json
 create mode 100644 artifacts/product-reality/sprint-193/m07/proof-attempt-1/runtime/cells/Product/timeline/vue/process.log
 create mode 100644 artifacts/product-reality/sprint-193/m07/proof-attempt-1/runtime/cells/Product/timeline/vue/receipt.json
 create mode 100644 artifacts/product-reality/sprint-193/m07/proof-attempt-1/runtime/cells/Product/timeline/vue/seeded-1440.png
 create mode 100644 artifacts/product-reality/sprint-193/m07/proof-attempt-1/runtime/cells/Product/timeline/vue/seeded-390.png
 create mode 100644 artifacts/product-reality/sprint-193/m07/proof-attempt-1/runtime/cells/Product/timeline/vue/typecheck.json
 create mode 100644 artifacts/product-reality/sprint-193/m07/proof-attempt-1/runtime/cells/Product/workflow/react/process.log
 create mode 100644 artifacts/product-reality/sprint-193/m07/proof-attempt-1/runtime/cells/Product/workflow/react/receipt.json
 create mode 100644 artifacts/product-reality/sprint-193/m07/proof-attempt-1/runtime/cells/Product/workflow/vue/receipt.json
 create mode 100644 artifacts/product-reality/sprint-193/m07/proof-attempt-1/runtime/cells/Relationship/card/react/accessibility-tree.txt
 create mode 100644 artifacts/product-reality/sprint-193/m07/proof-attempt-1/runtime/cells/Relationship/card/react/build.json
 create mode 100644 artifacts/product-reality/sprint-193/m07/proof-attempt-1/runtime/cells/Relationship/card/react/composition.json
 create mode 100644 artifacts/product-reality/sprint-193/m07/proof-attempt-1/runtime/cells/Relationship/card/react/generation.json
 create mode 100644 artifacts/product-reality/sprint-193/m07/proof-attempt-1/runtime/cells/Relationship/card/react/install.json
 create mode 100644 artifacts/product-reality/sprint-193/m07/proof-attempt-1/runtime/cells/Relationship/card/react/process.log
 create mode 100644 artifacts/product-reality/sprint-193/m07/proof-attempt-1/runtime/cells/Relationship/card/react/receipt.json
 create mode 100644 artifacts/product-reality/sprint-193/m07/proof-attempt-1/runtime/cells/Relationship/card/react/seeded-1440.png
 create mode 100644 artifacts/product-reality/sprint-193/m07/proof-attempt-1/runtime/cells/Relationship/card/react/seeded-390.png
 create mode 100644 artifacts/product-reality/sprint-193/m07/proof-attempt-1/runtime/cells/Relationship/card/react/typecheck.json
 create mode 100644 artifacts/product-reality/sprint-193/m07/proof-attempt-1/runtime/cells/Relationship/card/vue/accessibility-tree.txt
 create mode 100644 artifacts/product-reality/sprint-193/m07/proof-attempt-1/runtime/cells/Relationship/card/vue/build.json
 create mode 100644 artifacts/product-reality/sprint-193/m07/proof-attempt-1/runtime/cells/Relationship/card/vue/composition.json
 create mode 100644 artifacts/product-reality/sprint-193/m07/proof-attempt-1/runtime/cells/Relationship/card/vue/generation.json
 create mode 100644 artifacts/product-reality/sprint-193/m07/proof-attempt-1/runtime/cells/Relationship/card/vue/install.json
 create mode 100644 artifacts/product-reality/sprint-193/m07/proof-attempt-1/runtime/cells/Relationship/card/vue/process.log
 create mode 100644 artifacts/product-reality/sprint-193/m07/proof-attempt-1/runtime/cells/Relationship/card/vue/receipt.json
 create mode 100644 artifacts/product-reality/sprint-193/m07/proof-attempt-1/runtime/cells/Relationship/card/vue/seeded-1440.png
 create mode 100644 artifacts/product-reality/sprint-193/m07/proof-attempt-1/runtime/cells/Relationship/card/vue/seeded-390.png
 create mode 100644 artifacts/product-reality/sprint-193/m07/proof-attempt-1/runtime/cells/Relationship/card/vue/typecheck.json
 create mode 100644 artifacts/product-reality/sprint-193/m07/proof-attempt-1/runtime/cells/Relationship/detail/react/accessibility-tree.txt
 create mode 100644 artifacts/product-reality/sprint-193/m07/proof-attempt-1/runtime/cells/Relationship/detail/react/build.json
 create mode 100644 artifacts/product-reality/sprint-193/m07/proof-attempt-1/runtime/cells/Relationship/detail/react/composition.json
 create mode 100644 artifacts/product-reality/sprint-193/m07/proof-attempt-1/runtime/cells/Relationship/detail/react/generation.json
 create mode 100644 artifacts/product-reality/sprint-193/m07/proof-attempt-1/runtime/cells/Relationship/detail/react/install.json
 create mode 100644 artifacts/product-reality/sprint-193/m07/proof-attempt-1/runtime/cells/Relationship/detail/react/process.log
 create mode 100644 artifacts/product-reality/sprint-193/m07/proof-attempt-1/runtime/cells/Relationship/detail/react/receipt.json
 create mode 100644 artifacts/product-reality/sprint-193/m07/proof-attempt-1/runtime/cells/Relationship/detail/react/seeded-1440.png
 create mode 100644 artifacts/product-reality/sprint-193/m07/proof-attempt-1/runtime/cells/Relationship/detail/react/seeded-390.png
 create mode 100644 artifacts/product-reality/sprint-193/m07/proof-attempt-1/runtime/cells/Relationship/detail/react/typecheck.json
 create mode 100644 artifacts/product-reality/sprint-193/m07/proof-attempt-1/runtime/cells/Relationship/detail/vue/accessibility-tree.txt
 create mode 100644 artifacts/product-reality/sprint-193/m07/proof-attempt-1/runtime/cells/Relationship/detail/vue/build.json
 create mode 100644 artifacts/product-reality/sprint-193/m07/proof-attempt-1/runtime/cells/Relationship/detail/vue/composition.json
 create mode 100644 artifacts/product-reality/sprint-193/m07/proof-attempt-1/runtime/cells/Relationship/detail/vue/generation.json
 create mode 100644 artifacts/product-reality/sprint-193/m07/proof-attempt-1/runtime/cells/Relationship/detail/vue/install.json
 create mode 100644 artifacts/product-reality/sprint-193/m07/proof-attempt-1/runtime/cells/Relationship/detail/vue/process.log
 create mode 100644 artifacts/product-reality/sprint-193/m07/proof-attempt-1/runtime/cells/Relationship/detail/vue/receipt.json
 create mode 100644 artifacts/product-reality/sprint-193/m07/proof-attempt-1/runtime/cells/Relationship/detail/vue/seeded-1440.png
 create mode 100644 artifacts/product-reality/sprint-193/m07/proof-attempt-1/runtime/cells/Relationship/detail/vue/seeded-390.png
 create mode 100644 artifacts/product-reality/sprint-193/m07/proof-attempt-1/runtime/cells/Relationship/detail/vue/typecheck.json
 create mode 100644 artifacts/product-reality/sprint-193/m07/proof-attempt-1/runtime/cells/Relationship/form/react/accessibility-tree.txt
 create mode 100644 artifacts/product-reality/sprint-193/m07/proof-attempt-1/runtime/cells/Relationship/form/react/build.json
 create mode 100644 artifacts/product-reality/sprint-193/m07/proof-attempt-1/runtime/cells/Relationship/form/react/composition.json
 create mode 100644 artifacts/product-reality/sprint-193/m07/proof-attempt-1/runtime/cells/Relationship/form/react/generation.json
 create mode 100644 artifacts/product-reality/sprint-193/m07/proof-attempt-1/runtime/cells/Relationship/form/react/install.json
 create mode 100644 artifacts/product-reality/sprint-193/m07/proof-attempt-1/runtime/cells/Relationship/form/react/process.log
 create mode 100644 artifacts/product-reality/sprint-193/m07/proof-attempt-1/runtime/cells/Relationship/form/react/receipt.json
 create mode 100644 artifacts/product-reality/sprint-193/m07/proof-attempt-1/runtime/cells/Relationship/form/react/seeded-1440.png
 create mode 100644 artifacts/product-reality/sprint-193/m07/proof-attempt-1/runtime/cells/Relationship/form/react/seeded-390.png
 create mode 100644 artifacts/product-reality/sprint-193/m07/proof-attempt-1/runtime/cells/Relationship/form/react/typecheck.json
 create mode 100644 artifacts/product-reality/sprint-193/m07/proof-attempt-1/runtime/cells/Relationship/form/vue/accessibility-tree.txt
 create mode 100644 artifacts/product-reality/sprint-193/m07/proof-attempt-1/runtime/cells/Relationship/form/vue/build.json
 create mode 100644 artifacts/product-reality/sprint-193/m07/proof-attempt-1/runtime/cells/Relationship/form/vue/composition.json
 create mode 100644 artifacts/product-reality/sprint-193/m07/proof-attempt-1/runtime/cells/Relationship/form/vue/generation.json
 create mode 100644 artifacts/product-reality/sprint-193/m07/proof-attempt-1/runtime/cells/Relationship/form/vue/install.json
 create mode 100644 artifacts/product-reality/sprint-193/m07/proof-attempt-1/runtime/cells/Relationship/form/vue/process.log
 create mode 100644 artifacts/product-reality/sprint-193/m07/proof-attempt-1/runtime/cells/Relationship/form/vue/receipt.json
 create mode 100644 artifacts/product-reality/sprint-193/m07/proof-attempt-1/runtime/cells/Relationship/form/vue/seeded-1440.png
 create mode 100644 artifacts/product-reality/sprint-193/m07/proof-attempt-1/runtime/cells/Relationship/form/vue/seeded-390.png
 create mode 100644 artifacts/product-reality/sprint-193/m07/proof-attempt-1/runtime/cells/Relationship/form/vue/typecheck.json
 create mode 100644 artifacts/product-reality/sprint-193/m07/proof-attempt-1/runtime/cells/Relationship/inline/react/accessibility-tree.txt
 create mode 100644 artifacts/product-reality/sprint-193/m07/proof-attempt-1/runtime/cells/Relationship/inline/react/build.json
 create mode 100644 artifacts/product-reality/sprint-193/m07/proof-attempt-1/runtime/cells/Relationship/inline/react/composition.json
 create mode 100644 artifacts/product-reality/sprint-193/m07/proof-attempt-1/runtime/cells/Relationship/inline/react/generation.json
 create mode 100644 artifacts/product-reality/sprint-193/m07/proof-attempt-1/runtime/cells/Relationship/inline/react/install.json
 create mode 100644 artifacts/product-reality/sprint-193/m07/proof-attempt-1/runtime/cells/Relationship/inline/react/process.log
 create mode 100644 artifacts/product-reality/sprint-193/m07/proof-attempt-1/runtime/cells/Relationship/inline/react/receipt.json
 create mode 100644 artifacts/product-reality/sprint-193/m07/proof-attempt-1/runtime/cells/Relationship/inline/react/seeded-1440.png
 create mode 100644 artifacts/product-reality/sprint-193/m07/proof-attempt-1/runtime/cells/Relationship/inline/react/seeded-390.png
 create mode 100644 artifacts/product-reality/sprint-193/m07/proof-attempt-1/runtime/cells/Relationship/inline/react/typecheck.json
 create mode 100644 artifacts/product-reality/sprint-193/m07/proof-attempt-1/runtime/cells/Relationship/inline/vue/accessibility-tree.txt
 create mode 100644 artifacts/product-reality/sprint-193/m07/proof-attempt-1/runtime/cells/Relationship/inline/vue/build.json
 create mode 100644 artifacts/product-reality/sprint-193/m07/proof-attempt-1/runtime/cells/Relationship/inline/vue/composition.json
 create mode 100644 artifacts/product-reality/sprint-193/m07/proof-attempt-1/runtime/cells/Relationship/inline/vue/generation.json
 create mode 100644 artifacts/product-reality/sprint-193/m07/proof-attempt-1/runtime/cells/Relationship/inline/vue/install.json
 create mode 100644 artifacts/product-reality/sprint-193/m07/proof-attempt-1/runtime/cells/Relationship/inline/vue/process.log
 create mode 100644 artifacts/product-reality/sprint-193/m07/proof-attempt-1/runtime/cells/Relationship/inline/vue/receipt.json
 create mode 100644 artifacts/product-reality/sprint-193/m07/proof-attempt-1/runtime/cells/Relationship/inline/vue/seeded-1440.png
 create mode 100644 artifacts/product-reality/sprint-193/m07/proof-attempt-1/runtime/cells/Relationship/inline/vue/seeded-390.png
 create mode 100644 artifacts/product-reality/sprint-193/m07/proof-attempt-1/runtime/cells/Relationship/inline/vue/typecheck.json
 create mode 100644 artifacts/product-reality/sprint-193/m07/proof-attempt-1/runtime/cells/Relationship/list/react/accessibility-tree.txt
 create mode 100644 artifacts/product-reality/sprint-193/m07/proof-attempt-1/runtime/cells/Relationship/list/react/build.json
 create mode 100644 artifacts/product-reality/sprint-193/m07/proof-attempt-1/runtime/cells/Relationship/list/react/composition.json
 create mode 100644 artifacts/product-reality/sprint-193/m07/proof-attempt-1/runtime/cells/Relationship/list/react/generation.json
 create mode 100644 artifacts/product-reality/sprint-193/m07/proof-attempt-1/runtime/cells/Relationship/list/react/install.json
 create mode 100644 artifacts/product-reality/sprint-193/m07/proof-attempt-1/runtime/cells/Relationship/list/react/process.log
 create mode 100644 artifacts/product-reality/sprint-193/m07/proof-attempt-1/runtime/cells/Relationship/list/react/receipt.json
 create mode 100644 artifacts/product-reality/sprint-193/m07/proof-attempt-1/runtime/cells/Relationship/list/react/seeded-1440.png
 create mode 100644 artifacts/product-reality/sprint-193/m07/proof-attempt-1/runtime/cells/Relationship/list/react/seeded-390.png
 create mode 100644 artifacts/product-reality/sprint-193/m07/proof-attempt-1/runtime/cells/Relationship/list/react/typecheck.json
 create mode 100644 artifacts/product-reality/sprint-193/m07/proof-attempt-1/runtime/cells/Relationship/list/vue/accessibility-tree.txt
 create mode 100644 artifacts/product-reality/sprint-193/m07/proof-attempt-1/runtime/cells/Relationship/list/vue/build.json
 create mode 100644 artifacts/product-reality/sprint-193/m07/proof-attempt-1/runtime/cells/Relationship/list/vue/composition.json
 create mode 100644 artifacts/product-reality/sprint-193/m07/proof-attempt-1/runtime/cells/Relationship/list/vue/generation.json
 create mode 100644 artifacts/product-reality/sprint-193/m07/proof-attempt-1/runtime/cells/Relationship/list/vue/install.json
 create mode 100644 artifacts/product-reality/sprint-193/m07/proof-attempt-1/runtime/cells/Relationship/list/vue/process.log
 create mode 100644 artifacts/product-reality/sprint-193/m07/proof-attempt-1/runtime/cells/Relationship/list/vue/receipt.json
 create mode 100644 artifacts/product-reality/sprint-193/m07/proof-attempt-1/runtime/cells/Relationship/list/vue/seeded-1440.png
 create mode 100644 artifacts/product-reality/sprint-193/m07/proof-attempt-1/runtime/cells/Relationship/list/vue/seeded-390.png
 create mode 100644 artifacts/product-reality/sprint-193/m07/proof-attempt-1/runtime/cells/Relationship/list/vue/typecheck.json
 create mode 100644 artifacts/product-reality/sprint-193/m07/proof-attempt-1/runtime/cells/Relationship/timeline/react/accessibility-tree.txt
 create mode 100644 artifacts/product-reality/sprint-193/m07/proof-attempt-1/runtime/cells/Relationship/timeline/react/build.json
 create mode 100644 artifacts/product-reality/sprint-193/m07/proof-attempt-1/runtime/cells/Relationship/timeline/react/composition.json
 create mode 100644 artifacts/product-reality/sprint-193/m07/proof-attempt-1/runtime/cells/Relationship/timeline/react/generation.json
 create mode 100644 artifacts/product-reality/sprint-193/m07/proof-attempt-1/runtime/cells/Relationship/timeline/react/install.json
 create mode 100644 artifacts/product-reality/sprint-193/m07/proof-attempt-1/runtime/cells/Relationship/timeline/react/process.log
 create mode 100644 artifacts/product-reality/sprint-193/m07/proof-attempt-1/runtime/cells/Relationship/timeline/react/receipt.json
 create mode 100644 artifacts/product-reality/sprint-193/m07/proof-attempt-1/runtime/cells/Relationship/timeline/react/seeded-1440.png
 create mode 100644 artifacts/product-reality/sprint-193/m07/proof-attempt-1/runtime/cells/Relationship/timeline/react/seeded-390.png
 create mode 100644 artifacts/product-reality/sprint-193/m07/proof-attempt-1/runtime/cells/Relationship/timeline/react/typecheck.json
 create mode 100644 artifacts/product-reality/sprint-193/m07/proof-attempt-1/runtime/cells/Relationship/timeline/vue/accessibility-tree.txt
 create mode 100644 artifacts/product-reality/sprint-193/m07/proof-attempt-1/runtime/cells/Relationship/timeline/vue/build.json
 create mode 100644 artifacts/product-reality/sprint-193/m07/proof-attempt-1/runtime/cells/Relationship/timeline/vue/composition.json
 create mode 100644 artifacts/product-reality/sprint-193/m07/proof-attempt-1/runtime/cells/Relationship/timeline/vue/generation.json
 create mode 100644 artifacts/product-reality/sprint-193/m07/proof-attempt-1/runtime/cells/Relationship/timeline/vue/install.json
 create mode 100644 artifacts/product-reality/sprint-193/m07/proof-attempt-1/runtime/cells/Relationship/timeline/vue/process.log
 create mode 100644 artifacts/product-reality/sprint-193/m07/proof-attempt-1/runtime/cells/Relationship/timeline/vue/receipt.json
 create mode 100644 artifacts/product-reality/sprint-193/m07/proof-attempt-1/runtime/cells/Relationship/timeline/vue/seeded-1440.png
 create mode 100644 artifacts/product-reality/sprint-193/m07/proof-attempt-1/runtime/cells/Relationship/timeline/vue/seeded-390.png
 create mode 100644 artifacts/product-reality/sprint-193/m07/proof-attempt-1/runtime/cells/Relationship/timeline/vue/typecheck.json
 create mode 100644 artifacts/product-reality/sprint-193/m07/proof-attempt-1/runtime/cells/Relationship/workflow/react/process.log
 create mode 100644 artifacts/product-reality/sprint-193/m07/proof-attempt-1/runtime/cells/Relationship/workflow/react/receipt.json
 create mode 100644 artifacts/product-reality/sprint-193/m07/proof-attempt-1/runtime/cells/Relationship/workflow/vue/receipt.json
 create mode 100644 artifacts/product-reality/sprint-193/m07/proof-attempt-1/runtime/cells/Subscription/card/react/accessibility-tree.txt
 create mode 100644 artifacts/product-reality/sprint-193/m07/proof-attempt-1/runtime/cells/Subscription/card/react/build.json
 create mode 100644 artifacts/product-reality/sprint-193/m07/proof-attempt-1/runtime/cells/Subscription/card/react/composition.json
 create mode 100644 artifacts/product-reality/sprint-193/m07/proof-attempt-1/runtime/cells/Subscription/card/react/generation.json
 create mode 100644 artifacts/product-reality/sprint-193/m07/proof-attempt-1/runtime/cells/Subscription/card/react/install.json
 create mode 100644 artifacts/product-reality/sprint-193/m07/proof-attempt-1/runtime/cells/Subscription/card/react/process.log
 create mode 100644 artifacts/product-reality/sprint-193/m07/proof-attempt-1/runtime/cells/Subscription/card/react/receipt.json
 create mode 100644 artifacts/product-reality/sprint-193/m07/proof-attempt-1/runtime/cells/Subscription/card/react/seeded-1440.png
 create mode 100644 artifacts/product-reality/sprint-193/m07/proof-attempt-1/runtime/cells/Subscription/card/react/seeded-390.png
 create mode 100644 artifacts/product-reality/sprint-193/m07/proof-attempt-1/runtime/cells/Subscription/card/react/typecheck.json
 create mode 100644 artifacts/product-reality/sprint-193/m07/proof-attempt-1/runtime/cells/Subscription/card/vue/accessibility-tree.txt
 create mode 100644 artifacts/product-reality/sprint-193/m07/proof-attempt-1/runtime/cells/Subscription/card/vue/build.json
 create mode 100644 artifacts/product-reality/sprint-193/m07/proof-attempt-1/runtime/cells/Subscription/card/vue/composition.json
 create mode 100644 artifacts/product-reality/sprint-193/m07/proof-attempt-1/runtime/cells/Subscription/card/vue/generation.json
 create mode 100644 artifacts/product-reality/sprint-193/m07/proof-attempt-1/runtime/cells/Subscription/card/vue/install.json
 create mode 100644 artifacts/product-reality/sprint-193/m07/proof-attempt-1/runtime/cells/Subscription/card/vue/process.log
 create mode 100644 artifacts/product-reality/sprint-193/m07/proof-attempt-1/runtime/cells/Subscription/card/vue/receipt.json
 create mode 100644 artifacts/product-reality/sprint-193/m07/proof-attempt-1/runtime/cells/Subscription/card/vue/seeded-1440.png
 create mode 100644 artifacts/product-reality/sprint-193/m07/proof-attempt-1/runtime/cells/Subscription/card/vue/seeded-390.png
 create mode 100644 artifacts/product-reality/sprint-193/m07/proof-attempt-1/runtime/cells/Subscription/card/vue/typecheck.json
 create mode 100644 artifacts/product-reality/sprint-193/m07/proof-attempt-1/runtime/cells/Subscription/detail/react/accessibility-tree.txt
 create mode 100644 artifacts/product-reality/sprint-193/m07/proof-attempt-1/runtime/cells/Subscription/detail/react/build.json
 create mode 100644 artifacts/product-reality/sprint-193/m07/proof-attempt-1/runtime/cells/Subscription/detail/react/composition.json
 create mode 100644 artifacts/product-reality/sprint-193/m07/proof-attempt-1/runtime/cells/Subscription/detail/react/generation.json
 create mode 100644 artifacts/product-reality/sprint-193/m07/proof-attempt-1/runtime/cells/Subscription/detail/react/install.json
 create mode 100644 artifacts/product-reality/sprint-193/m07/proof-attempt-1/runtime/cells/Subscription/detail/react/process.log
 create mode 100644 artifacts/product-reality/sprint-193/m07/proof-attempt-1/runtime/cells/Subscription/detail/react/receipt.json
 create mode 100644 artifacts/product-reality/sprint-193/m07/proof-attempt-1/runtime/cells/Subscription/detail/react/seeded-1440.png
 create mode 100644 artifacts/product-reality/sprint-193/m07/proof-attempt-1/runtime/cells/Subscription/detail/react/seeded-390.png
 create mode 100644 artifacts/product-reality/sprint-193/m07/proof-attempt-1/runtime/cells/Subscription/detail/react/typecheck.json
 create mode 100644 artifacts/product-reality/sprint-193/m07/proof-attempt-1/runtime/cells/Subscription/detail/vue/accessibility-tree.txt
 create mode 100644 artifacts/product-reality/sprint-193/m07/proof-attempt-1/runtime/cells/Subscription/detail/vue/build.json
 create mode 100644 artifacts/product-reality/sprint-193/m07/proof-attempt-1/runtime/cells/Subscription/detail/vue/composition.json
 create mode 100644 artifacts/product-reality/sprint-193/m07/proof-attempt-1/runtime/cells/Subscription/detail/vue/generation.json
 create mode 100644 artifacts/product-reality/sprint-193/m07/proof-attempt-1/runtime/cells/Subscription/detail/vue/install.json
 create mode 100644 artifacts/product-reality/sprint-193/m07/proof-attempt-1/runtime/cells/Subscription/detail/vue/process.log
 create mode 100644 artifacts/product-reality/sprint-193/m07/proof-attempt-1/runtime/cells/Subscription/detail/vue/receipt.json
 create mode 100644 artifacts/product-reality/sprint-193/m07/proof-attempt-1/runtime/cells/Subscription/detail/vue/seeded-1440.png
 create mode 100644 artifacts/product-reality/sprint-193/m07/proof-attempt-1/runtime/cells/Subscription/detail/vue/seeded-390.png
 create mode 100644 artifacts/product-reality/sprint-193/m07/proof-attempt-1/runtime/cells/Subscription/detail/vue/typecheck.json
 create mode 100644 artifacts/product-reality/sprint-193/m07/proof-attempt-1/runtime/cells/Subscription/form/react/accessibility-tree.txt
 create mode 100644 artifacts/product-reality/sprint-193/m07/proof-attempt-1/runtime/cells/Subscription/form/react/build.json
 create mode 100644 artifacts/product-reality/sprint-193/m07/proof-attempt-1/runtime/cells/Subscription/form/react/composition.json
 create mode 100644 artifacts/product-reality/sprint-193/m07/proof-attempt-1/runtime/cells/Subscription/form/react/generation.json
 create mode 100644 artifacts/product-reality/sprint-193/m07/proof-attempt-1/runtime/cells/Subscription/form/react/install.json
 create mode 100644 artifacts/product-reality/sprint-193/m07/proof-attempt-1/runtime/cells/Subscription/form/react/process.log
 create mode 100644 artifacts/product-reality/sprint-193/m07/proof-attempt-1/runtime/cells/Subscription/form/react/receipt.json
 create mode 100644 artifacts/product-reality/sprint-193/m07/proof-attempt-1/runtime/cells/Subscription/form/react/seeded-1440.png
 create mode 100644 artifacts/product-reality/sprint-193/m07/proof-attempt-1/runtime/cells/Subscription/form/react/seeded-390.png
 create mode 100644 artifacts/product-reality/sprint-193/m07/proof-attempt-1/runtime/cells/Subscription/form/react/typecheck.json
 create mode 100644 artifacts/product-reality/sprint-193/m07/proof-attempt-1/runtime/cells/Subscription/form/vue/accessibility-tree.txt
 create mode 100644 artifacts/product-reality/sprint-193/m07/proof-attempt-1/runtime/cells/Subscription/form/vue/build.json
 create mode 100644 artifacts/product-reality/sprint-193/m07/proof-attempt-1/runtime/cells/Subscription/form/vue/composition.json
 create mode 100644 artifacts/product-reality/sprint-193/m07/proof-attempt-1/runtime/cells/Subscription/form/vue/generation.json
 create mode 100644 artifacts/product-reality/sprint-193/m07/proof-attempt-1/runtime/cells/Subscription/form/vue/install.json
 create mode 100644 artifacts/product-reality/sprint-193/m07/proof-attempt-1/runtime/cells/Subscription/form/vue/process.log
 create mode 100644 artifacts/product-reality/sprint-193/m07/proof-attempt-1/runtime/cells/Subscription/form/vue/receipt.json
 create mode 100644 artifacts/product-reality/sprint-193/m07/proof-attempt-1/runtime/cells/Subscription/form/vue/seeded-1440.png
 create mode 100644 artifacts/product-reality/sprint-193/m07/proof-attempt-1/runtime/cells/Subscription/form/vue/seeded-390.png
 create mode 100644 artifacts/product-reality/sprint-193/m07/proof-attempt-1/runtime/cells/Subscription/form/vue/typecheck.json
 create mode 100644 artifacts/product-reality/sprint-193/m07/proof-attempt-1/runtime/cells/Subscription/inline/react/accessibility-tree.txt
 create mode 100644 artifacts/product-reality/sprint-193/m07/proof-attempt-1/runtime/cells/Subscription/inline/react/build.json
 create mode 100644 artifacts/product-reality/sprint-193/m07/proof-attempt-1/runtime/cells/Subscription/inline/react/composition.json
 create mode 100644 artifacts/product-reality/sprint-193/m07/proof-attempt-1/runtime/cells/Subscription/inline/react/generation.json
 create mode 100644 artifacts/product-reality/sprint-193/m07/proof-attempt-1/runtime/cells/Subscription/inline/react/install.json
 create mode 100644 artifacts/product-reality/sprint-193/m07/proof-attempt-1/runtime/cells/Subscription/inline/react/process.log
 create mode 100644 artifacts/product-reality/sprint-193/m07/proof-attempt-1/runtime/cells/Subscription/inline/react/receipt.json
 create mode 100644 artifacts/product-reality/sprint-193/m07/proof-attempt-1/runtime/cells/Subscription/inline/react/seeded-1440.png
 create mode 100644 artifacts/product-reality/sprint-193/m07/proof-attempt-1/runtime/cells/Subscription/inline/react/seeded-390.png
 create mode 100644 artifacts/product-reality/sprint-193/m07/proof-attempt-1/runtime/cells/Subscription/inline/react/typecheck.json
 create mode 100644 artifacts/product-reality/sprint-193/m07/proof-attempt-1/runtime/cells/Subscription/inline/vue/accessibility-tree.txt
 create mode 100644 artifacts/product-reality/sprint-193/m07/proof-attempt-1/runtime/cells/Subscription/inline/vue/build.json
 create mode 100644 artifacts/product-reality/sprint-193/m07/proof-attempt-1/runtime/cells/Subscription/inline/vue/composition.json
 create mode 100644 artifacts/product-reality/sprint-193/m07/proof-attempt-1/runtime/cells/Subscription/inline/vue/generation.json
 create mode 100644 artifacts/product-reality/sprint-193/m07/proof-attempt-1/runtime/cells/Subscription/inline/vue/install.json
 create mode 100644 artifacts/product-reality/sprint-193/m07/proof-attempt-1/runtime/cells/Subscription/inline/vue/process.log
 create mode 100644 artifacts/product-reality/sprint-193/m07/proof-attempt-1/runtime/cells/Subscription/inline/vue/receipt.json
 create mode 100644 artifacts/product-reality/sprint-193/m07/proof-attempt-1/runtime/cells/Subscription/inline/vue/seeded-1440.png
 create mode 100644 artifacts/product-reality/sprint-193/m07/proof-attempt-1/runtime/cells/Subscription/inline/vue/seeded-390.png
 create mode 100644 artifacts/product-reality/sprint-193/m07/proof-attempt-1/runtime/cells/Subscription/inline/vue/typecheck.json
 create mode 100644 artifacts/product-reality/sprint-193/m07/proof-attempt-1/runtime/cells/Subscription/list/react/accessibility-tree.txt
 create mode 100644 artifacts/product-reality/sprint-193/m07/proof-attempt-1/runtime/cells/Subscription/list/react/build.json
 create mode 100644 artifacts/product-reality/sprint-193/m07/proof-attempt-1/runtime/cells/Subscription/list/react/composition.json
 create mode 100644 artifacts/product-reality/sprint-193/m07/proof-attempt-1/runtime/cells/Subscription/list/react/generation.json
 create mode 100644 artifacts/product-reality/sprint-193/m07/proof-attempt-1/runtime/cells/Subscription/list/react/install.json
 create mode 100644 artifacts/product-reality/sprint-193/m07/proof-attempt-1/runtime/cells/Subscription/list/react/process.log
 create mode 100644 artifacts/product-reality/sprint-193/m07/proof-attempt-1/runtime/cells/Subscription/list/react/receipt.json
 create mode 100644 artifacts/product-reality/sprint-193/m07/proof-attempt-1/runtime/cells/Subscription/list/react/seeded-1440.png
 create mode 100644 artifacts/product-reality/sprint-193/m07/proof-attempt-1/runtime/cells/Subscription/list/react/seeded-390.png
 create mode 100644 artifacts/product-reality/sprint-193/m07/proof-attempt-1/runtime/cells/Subscription/list/react/typecheck.json
 create mode 100644 artifacts/product-reality/sprint-193/m07/proof-attempt-1/runtime/cells/Subscription/list/vue/accessibility-tree.txt
 create mode 100644 artifacts/product-reality/sprint-193/m07/proof-attempt-1/runtime/cells/Subscription/list/vue/build.json
 create mode 100644 artifacts/product-reality/sprint-193/m07/proof-attempt-1/runtime/cells/Subscription/list/vue/composition.json
 create mode 100644 artifacts/product-reality/sprint-193/m07/proof-attempt-1/runtime/cells/Subscription/list/vue/generation.json
 create mode 100644 artifacts/product-reality/sprint-193/m07/proof-attempt-1/runtime/cells/Subscription/list/vue/install.json
 create mode 100644 artifacts/product-reality/sprint-193/m07/proof-attempt-1/runtime/cells/Subscription/list/vue/process.log
 create mode 100644 artifacts/product-reality/sprint-193/m07/proof-attempt-1/runtime/cells/Subscription/list/vue/receipt.json
 create mode 100644 artifacts/product-reality/sprint-193/m07/proof-attempt-1/runtime/cells/Subscription/list/vue/seeded-1440.png
 create mode 100644 artifacts/product-reality/sprint-193/m07/proof-attempt-1/runtime/cells/Subscription/list/vue/seeded-390.png
 create mode 100644 artifacts/product-reality/sprint-193/m07/proof-attempt-1/runtime/cells/Subscription/list/vue/typecheck.json
 create mode 100644 artifacts/product-reality/sprint-193/m07/proof-attempt-1/runtime/cells/Subscription/timeline/react/accessibility-tree.txt
 create mode 100644 artifacts/product-reality/sprint-193/m07/proof-attempt-1/runtime/cells/Subscription/timeline/react/build.json
 create mode 100644 artifacts/product-reality/sprint-193/m07/proof-attempt-1/runtime/cells/Subscription/timeline/react/composition.json
 create mode 100644 artifacts/product-reality/sprint-193/m07/proof-attempt-1/runtime/cells/Subscription/timeline/react/generation.json
 create mode 100644 artifacts/product-reality/sprint-193/m07/proof-attempt-1/runtime/cells/Subscription/timeline/react/install.json
 create mode 100644 artifacts/product-reality/sprint-193/m07/proof-attempt-1/runtime/cells/Subscription/timeline/react/process.log
 create mode 100644 artifacts/product-reality/sprint-193/m07/proof-attempt-1/runtime/cells/Subscription/timeline/react/receipt.json
 create mode 100644 artifacts/product-reality/sprint-193/m07/proof-attempt-1/runtime/cells/Subscription/timeline/react/seeded-1440.png
 create mode 100644 artifacts/product-reality/sprint-193/m07/proof-attempt-1/runtime/cells/Subscription/timeline/react/seeded-390.png
 create mode 100644 artifacts/product-reality/sprint-193/m07/proof-attempt-1/runtime/cells/Subscription/timeline/react/typecheck.json
 create mode 100644 artifacts/product-reality/sprint-193/m07/proof-attempt-1/runtime/cells/Subscription/timeline/vue/accessibility-tree.txt
 create mode 100644 artifacts/product-reality/sprint-193/m07/proof-attempt-1/runtime/cells/Subscription/timeline/vue/build.json
 create mode 100644 artifacts/product-reality/sprint-193/m07/proof-attempt-1/runtime/cells/Subscription/timeline/vue/composition.json
 create mode 100644 artifacts/product-reality/sprint-193/m07/proof-attempt-1/runtime/cells/Subscription/timeline/vue/generation.json
 create mode 100644 artifacts/product-reality/sprint-193/m07/proof-attempt-1/runtime/cells/Subscription/timeline/vue/install.json
 create mode 100644 artifacts/product-reality/sprint-193/m07/proof-attempt-1/runtime/cells/Subscription/timeline/vue/process.log
 create mode 100644 artifacts/product-reality/sprint-193/m07/proof-attempt-1/runtime/cells/Subscription/timeline/vue/receipt.json
 create mode 100644 artifacts/product-reality/sprint-193/m07/proof-attempt-1/runtime/cells/Subscription/timeline/vue/seeded-1440.png
 create mode 100644 artifacts/product-reality/sprint-193/m07/proof-attempt-1/runtime/cells/Subscription/timeline/vue/seeded-390.png
 create mode 100644 artifacts/product-reality/sprint-193/m07/proof-attempt-1/runtime/cells/Subscription/timeline/vue/typecheck.json
 create mode 100644 artifacts/product-reality/sprint-193/m07/proof-attempt-1/runtime/cells/Subscription/workflow/react/process.log
 create mode 100644 artifacts/product-reality/sprint-193/m07/proof-attempt-1/runtime/cells/Subscription/workflow/react/receipt.json
 create mode 100644 artifacts/product-reality/sprint-193/m07/proof-attempt-1/runtime/cells/Subscription/workflow/vue/receipt.json
 create mode 100644 artifacts/product-reality/sprint-193/m07/proof-attempt-1/runtime/cells/Transaction/card/react/accessibility-tree.txt
 create mode 100644 artifacts/product-reality/sprint-193/m07/proof-attempt-1/runtime/cells/Transaction/card/react/build.json
 create mode 100644 artifacts/product-reality/sprint-193/m07/proof-attempt-1/runtime/cells/Transaction/card/react/composition.json
 create mode 100644 artifacts/product-reality/sprint-193/m07/proof-attempt-1/runtime/cells/Transaction/card/react/generation.json
 create mode 100644 artifacts/product-reality/sprint-193/m07/proof-attempt-1/runtime/cells/Transaction/card/react/install.json
 create mode 100644 artifacts/product-reality/sprint-193/m07/proof-attempt-1/runtime/cells/Transaction/card/react/process.log
 create mode 100644 artifacts/product-reality/sprint-193/m07/proof-attempt-1/runtime/cells/Transaction/card/react/receipt.json
 create mode 100644 artifacts/product-reality/sprint-193/m07/proof-attempt-1/runtime/cells/Transaction/card/react/seeded-1440.png
 create mode 100644 artifacts/product-reality/sprint-193/m07/proof-attempt-1/runtime/cells/Transaction/card/react/seeded-390.png
 create mode 100644 artifacts/product-reality/sprint-193/m07/proof-attempt-1/runtime/cells/Transaction/card/react/typecheck.json
 create mode 100644 artifacts/product-reality/sprint-193/m07/proof-attempt-1/runtime/cells/Transaction/card/vue/accessibility-tree.txt
 create mode 100644 artifacts/product-reality/sprint-193/m07/proof-attempt-1/runtime/cells/Transaction/card/vue/build.json
 create mode 100644 artifacts/product-reality/sprint-193/m07/proof-attempt-1/runtime/cells/Transaction/card/vue/composition.json
 create mode 100644 artifacts/product-reality/sprint-193/m07/proof-attempt-1/runtime/cells/Transaction/card/vue/generation.json
 create mode 100644 artifacts/product-reality/sprint-193/m07/proof-attempt-1/runtime/cells/Transaction/card/vue/install.json
 create mode 100644 artifacts/product-reality/sprint-193/m07/proof-attempt-1/runtime/cells/Transaction/card/vue/process.log
 create mode 100644 artifacts/product-reality/sprint-193/m07/proof-attempt-1/runtime/cells/Transaction/card/vue/receipt.json
 create mode 100644 artifacts/product-reality/sprint-193/m07/proof-attempt-1/runtime/cells/Transaction/card/vue/seeded-1440.png
 create mode 100644 artifacts/product-reality/sprint-193/m07/proof-attempt-1/runtime/cells/Transaction/card/vue/seeded-390.png
 create mode 100644 artifacts/product-reality/sprint-193/m07/proof-attempt-1/runtime/cells/Transaction/card/vue/typecheck.json
 create mode 100644 artifacts/product-reality/sprint-193/m07/proof-attempt-1/runtime/cells/Transaction/detail/react/accessibility-tree.txt
 create mode 100644 artifacts/product-reality/sprint-193/m07/proof-attempt-1/runtime/cells/Transaction/detail/react/build.json
 create mode 100644 artifacts/product-reality/sprint-193/m07/proof-attempt-1/runtime/cells/Transaction/detail/react/composition.json
 create mode 100644 artifacts/product-reality/sprint-193/m07/proof-attempt-1/runtime/cells/Transaction/detail/react/generation.json
 create mode 100644 artifacts/product-reality/sprint-193/m07/proof-attempt-1/runtime/cells/Transaction/detail/react/install.json
 create mode 100644 artifacts/product-reality/sprint-193/m07/proof-attempt-1/runtime/cells/Transaction/detail/react/process.log
 create mode 100644 artifacts/product-reality/sprint-193/m07/proof-attempt-1/runtime/cells/Transaction/detail/react/receipt.json
 create mode 100644 artifacts/product-reality/sprint-193/m07/proof-attempt-1/runtime/cells/Transaction/detail/react/seeded-1440.png
 create mode 100644 artifacts/product-reality/sprint-193/m07/proof-attempt-1/runtime/cells/Transaction/detail/react/seeded-390.png
 create mode 100644 artifacts/product-reality/sprint-193/m07/proof-attempt-1/runtime/cells/Transaction/detail/react/typecheck.json
 create mode 100644 artifacts/product-reality/sprint-193/m07/proof-attempt-1/runtime/cells/Transaction/detail/vue/accessibility-tree.txt
 create mode 100644 artifacts/product-reality/sprint-193/m07/proof-attempt-1/runtime/cells/Transaction/detail/vue/build.json
 create mode 100644 artifacts/product-reality/sprint-193/m07/proof-attempt-1/runtime/cells/Transaction/detail/vue/composition.json
 create mode 100644 artifacts/product-reality/sprint-193/m07/proof-attempt-1/runtime/cells/Transaction/detail/vue/generation.json
 create mode 100644 artifacts/product-reality/sprint-193/m07/proof-attempt-1/runtime/cells/Transaction/detail/vue/install.json
 create mode 100644 artifacts/product-reality/sprint-193/m07/proof-attempt-1/runtime/cells/Transaction/detail/vue/process.log
 create mode 100644 artifacts/product-reality/sprint-193/m07/proof-attempt-1/runtime/cells/Transaction/detail/vue/receipt.json
 create mode 100644 artifacts/product-reality/sprint-193/m07/proof-attempt-1/runtime/cells/Transaction/detail/vue/seeded-1440.png
 create mode 100644 artifacts/product-reality/sprint-193/m07/proof-attempt-1/runtime/cells/Transaction/detail/vue/seeded-390.png
 create mode 100644 artifacts/product-reality/sprint-193/m07/proof-attempt-1/runtime/cells/Transaction/detail/vue/typecheck.json
 create mode 100644 artifacts/product-reality/sprint-193/m07/proof-attempt-1/runtime/cells/Transaction/form/react/accessibility-tree.txt
 create mode 100644 artifacts/product-reality/sprint-193/m07/proof-attempt-1/runtime/cells/Transaction/form/react/build.json
 create mode 100644 artifacts/product-reality/sprint-193/m07/proof-attempt-1/runtime/cells/Transaction/form/react/composition.json
 create mode 100644 artifacts/product-reality/sprint-193/m07/proof-attempt-1/runtime/cells/Transaction/form/react/generation.json
 create mode 100644 artifacts/product-reality/sprint-193/m07/proof-attempt-1/runtime/cells/Transaction/form/react/install.json
 create mode 100644 artifacts/product-reality/sprint-193/m07/proof-attempt-1/runtime/cells/Transaction/form/react/process.log
 create mode 100644 artifacts/product-reality/sprint-193/m07/proof-attempt-1/runtime/cells/Transaction/form/react/receipt.json
 create mode 100644 artifacts/product-reality/sprint-193/m07/proof-attempt-1/runtime/cells/Transaction/form/react/seeded-1440.png
 create mode 100644 artifacts/product-reality/sprint-193/m07/proof-attempt-1/runtime/cells/Transaction/form/react/seeded-390.png
 create mode 100644 artifacts/product-reality/sprint-193/m07/proof-attempt-1/runtime/cells/Transaction/form/react/typecheck.json
 create mode 100644 artifacts/product-reality/sprint-193/m07/proof-attempt-1/runtime/cells/Transaction/form/vue/accessibility-tree.txt
 create mode 100644 artifacts/product-reality/sprint-193/m07/proof-attempt-1/runtime/cells/Transaction/form/vue/build.json
 create mode 100644 artifacts/product-reality/sprint-193/m07/proof-attempt-1/runtime/cells/Transaction/form/vue/composition.json
 create mode 100644 artifacts/product-reality/sprint-193/m07/proof-attempt-1/runtime/cells/Transaction/form/vue/generation.json
 create mode 100644 artifacts/product-reality/sprint-193/m07/proof-attempt-1/runtime/cells/Transaction/form/vue/install.json
 create mode 100644 artifacts/product-reality/sprint-193/m07/proof-attempt-1/runtime/cells/Transaction/form/vue/process.log
 create mode 100644 artifacts/product-reality/sprint-193/m07/proof-attempt-1/runtime/cells/Transaction/form/vue/receipt.json
 create mode 100644 artifacts/product-reality/sprint-193/m07/proof-attempt-1/runtime/cells/Transaction/form/vue/seeded-1440.png
 create mode 100644 artifacts/product-reality/sprint-193/m07/proof-attempt-1/runtime/cells/Transaction/form/vue/seeded-390.png
 create mode 100644 artifacts/product-reality/sprint-193/m07/proof-attempt-1/runtime/cells/Transaction/form/vue/typecheck.json
 create mode 100644 artifacts/product-reality/sprint-193/m07/proof-attempt-1/runtime/cells/Transaction/inline/react/accessibility-tree.txt
 create mode 100644 artifacts/product-reality/sprint-193/m07/proof-attempt-1/runtime/cells/Transaction/inline/react/build.json
 create mode 100644 artifacts/product-reality/sprint-193/m07/proof-attempt-1/runtime/cells/Transaction/inline/react/composition.json
 create mode 100644 artifacts/product-reality/sprint-193/m07/proof-attempt-1/runtime/cells/Transaction/inline/react/generation.json
 create mode 100644 artifacts/product-reality/sprint-193/m07/proof-attempt-1/runtime/cells/Transaction/inline/react/install.json
 create mode 100644 artifacts/product-reality/sprint-193/m07/proof-attempt-1/runtime/cells/Transaction/inline/react/process.log
 create mode 100644 artifacts/product-reality/sprint-193/m07/proof-attempt-1/runtime/cells/Transaction/inline/react/receipt.json
 create mode 100644 artifacts/product-reality/sprint-193/m07/proof-attempt-1/runtime/cells/Transaction/inline/react/seeded-1440.png
 create mode 100644 artifacts/product-reality/sprint-193/m07/proof-attempt-1/runtime/cells/Transaction/inline/react/seeded-390.png
 create mode 100644 artifacts/product-reality/sprint-193/m07/proof-attempt-1/runtime/cells/Transaction/inline/react/typecheck.json
 create mode 100644 artifacts/product-reality/sprint-193/m07/proof-attempt-1/runtime/cells/Transaction/inline/vue/accessibility-tree.txt
 create mode 100644 artifacts/product-reality/sprint-193/m07/proof-attempt-1/runtime/cells/Transaction/inline/vue/build.json
 create mode 100644 artifacts/product-reality/sprint-193/m07/proof-attempt-1/runtime/cells/Transaction/inline/vue/composition.json
 create mode 100644 artifacts/product-reality/sprint-193/m07/proof-attempt-1/runtime/cells/Transaction/inline/vue/generation.json
 create mode 100644 artifacts/product-reality/sprint-193/m07/proof-attempt-1/runtime/cells/Transaction/inline/vue/install.json
 create mode 100644 artifacts/product-reality/sprint-193/m07/proof-attempt-1/runtime/cells/Transaction/inline/vue/process.log
 create mode 100644 artifacts/product-reality/sprint-193/m07/proof-attempt-1/runtime/cells/Transaction/inline/vue/receipt.json
 create mode 100644 artifacts/product-reality/sprint-193/m07/proof-attempt-1/runtime/cells/Transaction/inline/vue/seeded-1440.png
 create mode 100644 artifacts/product-reality/sprint-193/m07/proof-attempt-1/runtime/cells/Transaction/inline/vue/seeded-390.png
 create mode 100644 artifacts/product-reality/sprint-193/m07/proof-attempt-1/runtime/cells/Transaction/inline/vue/typecheck.json
 create mode 100644 artifacts/product-reality/sprint-193/m07/proof-attempt-1/runtime/cells/Transaction/list/react/accessibility-tree.txt
 create mode 100644 artifacts/product-reality/sprint-193/m07/proof-attempt-1/runtime/cells/Transaction/list/react/build.json
 create mode 100644 artifacts/product-reality/sprint-193/m07/proof-attempt-1/runtime/cells/Transaction/list/react/composition.json
 create mode 100644 artifacts/product-reality/sprint-193/m07/proof-attempt-1/runtime/cells/Transaction/list/react/generation.json
 create mode 100644 artifacts/product-reality/sprint-193/m07/proof-attempt-1/runtime/cells/Transaction/list/react/install.json
 create mode 100644 artifacts/product-reality/sprint-193/m07/proof-attempt-1/runtime/cells/Transaction/list/react/process.log
 create mode 100644 artifacts/product-reality/sprint-193/m07/proof-attempt-1/runtime/cells/Transaction/list/react/receipt.json
 create mode 100644 artifacts/product-reality/sprint-193/m07/proof-attempt-1/runtime/cells/Transaction/list/react/seeded-1440.png
 create mode 100644 artifacts/product-reality/sprint-193/m07/proof-attempt-1/runtime/cells/Transaction/list/react/seeded-390.png
 create mode 100644 artifacts/product-reality/sprint-193/m07/proof-attempt-1/runtime/cells/Transaction/list/react/typecheck.json
 create mode 100644 artifacts/product-reality/sprint-193/m07/proof-attempt-1/runtime/cells/Transaction/list/vue/accessibility-tree.txt
 create mode 100644 artifacts/product-reality/sprint-193/m07/proof-attempt-1/runtime/cells/Transaction/list/vue/build.json
 create mode 100644 artifacts/product-reality/sprint-193/m07/proof-attempt-1/runtime/cells/Transaction/list/vue/composition.json
 create mode 100644 artifacts/product-reality/sprint-193/m07/proof-attempt-1/runtime/cells/Transaction/list/vue/generation.json
 create mode 100644 artifacts/product-reality/sprint-193/m07/proof-attempt-1/runtime/cells/Transaction/list/vue/install.json
 create mode 100644 artifacts/product-reality/sprint-193/m07/proof-attempt-1/runtime/cells/Transaction/list/vue/process.log
 create mode 100644 artifacts/product-reality/sprint-193/m07/proof-attempt-1/runtime/cells/Transaction/list/vue/receipt.json
 create mode 100644 artifacts/product-reality/sprint-193/m07/proof-attempt-1/runtime/cells/Transaction/list/vue/seeded-1440.png
 create mode 100644 artifacts/product-reality/sprint-193/m07/proof-attempt-1/runtime/cells/Transaction/list/vue/seeded-390.png
 create mode 100644 artifacts/product-reality/sprint-193/m07/proof-attempt-1/runtime/cells/Transaction/list/vue/typecheck.json
 create mode 100644 artifacts/product-reality/sprint-193/m07/proof-attempt-1/runtime/cells/Transaction/timeline/react/accessibility-tree.txt
 create mode 100644 artifacts/product-reality/sprint-193/m07/proof-attempt-1/runtime/cells/Transaction/timeline/react/build.json
 create mode 100644 artifacts/product-reality/sprint-193/m07/proof-attempt-1/runtime/cells/Transaction/timeline/react/composition.json
 create mode 100644 artifacts/product-reality/sprint-193/m07/proof-attempt-1/runtime/cells/Transaction/timeline/react/generation.json
 create mode 100644 artifacts/product-reality/sprint-193/m07/proof-attempt-1/runtime/cells/Transaction/timeline/react/install.json
 create mode 100644 artifacts/product-reality/sprint-193/m07/proof-attempt-1/runtime/cells/Transaction/timeline/react/process.log
 create mode 100644 artifacts/product-reality/sprint-193/m07/proof-attempt-1/runtime/cells/Transaction/timeline/react/receipt.json
 create mode 100644 artifacts/product-reality/sprint-193/m07/proof-attempt-1/runtime/cells/Transaction/timeline/react/seeded-1440.png
 create mode 100644 artifacts/product-reality/sprint-193/m07/proof-attempt-1/runtime/cells/Transaction/timeline/react/seeded-390.png
 create mode 100644 artifacts/product-reality/sprint-193/m07/proof-attempt-1/runtime/cells/Transaction/timeline/react/typecheck.json
 create mode 100644 artifacts/product-reality/sprint-193/m07/proof-attempt-1/runtime/cells/Transaction/timeline/vue/accessibility-tree.txt
 create mode 100644 artifacts/product-reality/sprint-193/m07/proof-attempt-1/runtime/cells/Transaction/timeline/vue/build.json
 create mode 100644 artifacts/product-reality/sprint-193/m07/proof-attempt-1/runtime/cells/Transaction/timeline/vue/composition.json
 create mode 100644 artifacts/product-reality/sprint-193/m07/proof-attempt-1/runtime/cells/Transaction/timeline/vue/generation.json
 create mode 100644 artifacts/product-reality/sprint-193/m07/proof-attempt-1/runtime/cells/Transaction/timeline/vue/install.json
 create mode 100644 artifacts/product-reality/sprint-193/m07/proof-attempt-1/runtime/cells/Transaction/timeline/vue/process.log
 create mode 100644 artifacts/product-reality/sprint-193/m07/proof-attempt-1/runtime/cells/Transaction/timeline/vue/receipt.json
 create mode 100644 artifacts/product-reality/sprint-193/m07/proof-attempt-1/runtime/cells/Transaction/timeline/vue/seeded-1440.png
 create mode 100644 artifacts/product-reality/sprint-193/m07/proof-attempt-1/runtime/cells/Transaction/timeline/vue/seeded-390.png
 create mode 100644 artifacts/product-reality/sprint-193/m07/proof-attempt-1/runtime/cells/Transaction/timeline/vue/typecheck.json
 create mode 100644 artifacts/product-reality/sprint-193/m07/proof-attempt-1/runtime/cells/Transaction/workflow/react/process.log
 create mode 100644 artifacts/product-reality/sprint-193/m07/proof-attempt-1/runtime/cells/Transaction/workflow/react/receipt.json
 create mode 100644 artifacts/product-reality/sprint-193/m07/proof-attempt-1/runtime/cells/Transaction/workflow/vue/receipt.json
 create mode 100644 artifacts/product-reality/sprint-193/m07/proof-attempt-1/runtime/cells/Usage/card/react/accessibility-tree.txt
 create mode 100644 artifacts/product-reality/sprint-193/m07/proof-attempt-1/runtime/cells/Usage/card/react/build.json
 create mode 100644 artifacts/product-reality/sprint-193/m07/proof-attempt-1/runtime/cells/Usage/card/react/composition.json
 create mode 100644 artifacts/product-reality/sprint-193/m07/proof-attempt-1/runtime/cells/Usage/card/react/generation.json
 create mode 100644 artifacts/product-reality/sprint-193/m07/proof-attempt-1/runtime/cells/Usage/card/react/install.json
 create mode 100644 artifacts/product-reality/sprint-193/m07/proof-attempt-1/runtime/cells/Usage/card/react/process.log
 create mode 100644 artifacts/product-reality/sprint-193/m07/proof-attempt-1/runtime/cells/Usage/card/react/receipt.json
 create mode 100644 artifacts/product-reality/sprint-193/m07/proof-attempt-1/runtime/cells/Usage/card/react/seeded-1440.png
 create mode 100644 artifacts/product-reality/sprint-193/m07/proof-attempt-1/runtime/cells/Usage/card/react/seeded-390.png
 create mode 100644 artifacts/product-reality/sprint-193/m07/proof-attempt-1/runtime/cells/Usage/card/react/typecheck.json
 create mode 100644 artifacts/product-reality/sprint-193/m07/proof-attempt-1/runtime/cells/Usage/card/vue/accessibility-tree.txt
 create mode 100644 artifacts/product-reality/sprint-193/m07/proof-attempt-1/runtime/cells/Usage/card/vue/build.json
 create mode 100644 artifacts/product-reality/sprint-193/m07/proof-attempt-1/runtime/cells/Usage/card/vue/composition.json
 create mode 100644 artifacts/product-reality/sprint-193/m07/proof-attempt-1/runtime/cells/Usage/card/vue/generation.json
 create mode 100644 artifacts/product-reality/sprint-193/m07/proof-attempt-1/runtime/cells/Usage/card/vue/install.json
 create mode 100644 artifacts/product-reality/sprint-193/m07/proof-attempt-1/runtime/cells/Usage/card/vue/process.log
 create mode 100644 artifacts/product-reality/sprint-193/m07/proof-attempt-1/runtime/cells/Usage/card/vue/receipt.json
 create mode 100644 artifacts/product-reality/sprint-193/m07/proof-attempt-1/runtime/cells/Usage/card/vue/seeded-1440.png
 create mode 100644 artifacts/product-reality/sprint-193/m07/proof-attempt-1/runtime/cells/Usage/card/vue/seeded-390.png
 create mode 100644 artifacts/product-reality/sprint-193/m07/proof-attempt-1/runtime/cells/Usage/card/vue/typecheck.json
 create mode 100644 artifacts/product-reality/sprint-193/m07/proof-attempt-1/runtime/cells/Usage/detail/react/accessibility-tree.txt
 create mode 100644 artifacts/product-reality/sprint-193/m07/proof-attempt-1/runtime/cells/Usage/detail/react/build.json
 create mode 100644 artifacts/product-reality/sprint-193/m07/proof-attempt-1/runtime/cells/Usage/detail/react/composition.json
 create mode 100644 artifacts/product-reality/sprint-193/m07/proof-attempt-1/runtime/cells/Usage/detail/react/generation.json
 create mode 100644 artifacts/product-reality/sprint-193/m07/proof-attempt-1/runtime/cells/Usage/detail/react/install.json
 create mode 100644 artifacts/product-reality/sprint-193/m07/proof-attempt-1/runtime/cells/Usage/detail/react/process.log
 create mode 100644 artifacts/product-reality/sprint-193/m07/proof-attempt-1/runtime/cells/Usage/detail/react/receipt.json
 create mode 100644 artifacts/product-reality/sprint-193/m07/proof-attempt-1/runtime/cells/Usage/detail/react/seeded-1440.png
 create mode 100644 artifacts/product-reality/sprint-193/m07/proof-attempt-1/runtime/cells/Usage/detail/react/seeded-390.png
 create mode 100644 artifacts/product-reality/sprint-193/m07/proof-attempt-1/runtime/cells/Usage/detail/react/typecheck.json
 create mode 100644 artifacts/product-reality/sprint-193/m07/proof-attempt-1/runtime/cells/Usage/detail/vue/accessibility-tree.txt
 create mode 100644 artifacts/product-reality/sprint-193/m07/proof-attempt-1/runtime/cells/Usage/detail/vue/build.json
 create mode 100644 artifacts/product-reality/sprint-193/m07/proof-attempt-1/runtime/cells/Usage/detail/vue/composition.json
 create mode 100644 artifacts/product-reality/sprint-193/m07/proof-attempt-1/runtime/cells/Usage/detail/vue/generation.json
 create mode 100644 artifacts/product-reality/sprint-193/m07/proof-attempt-1/runtime/cells/Usage/detail/vue/install.json
 create mode 100644 artifacts/product-reality/sprint-193/m07/proof-attempt-1/runtime/cells/Usage/detail/vue/process.log
 create mode 100644 artifacts/product-reality/sprint-193/m07/proof-attempt-1/runtime/cells/Usage/detail/vue/receipt.json
 create mode 100644 artifacts/product-reality/sprint-193/m07/proof-attempt-1/runtime/cells/Usage/detail/vue/seeded-1440.png
 create mode 100644 artifacts/product-reality/sprint-193/m07/proof-attempt-1/runtime/cells/Usage/detail/vue/seeded-390.png
 create mode 100644 artifacts/product-reality/sprint-193/m07/proof-attempt-1/runtime/cells/Usage/detail/vue/typecheck.json
 create mode 100644 artifacts/product-reality/sprint-193/m07/proof-attempt-1/runtime/cells/Usage/form/react/accessibility-tree.txt
 create mode 100644 artifacts/product-reality/sprint-193/m07/proof-attempt-1/runtime/cells/Usage/form/react/build.json
 create mode 100644 artifacts/product-reality/sprint-193/m07/proof-attempt-1/runtime/cells/Usage/form/react/composition.json
 create mode 100644 artifacts/product-reality/sprint-193/m07/proof-attempt-1/runtime/cells/Usage/form/react/generation.json
 create mode 100644 artifacts/product-reality/sprint-193/m07/proof-attempt-1/runtime/cells/Usage/form/react/install.json
 create mode 100644 artifacts/product-reality/sprint-193/m07/proof-attempt-1/runtime/cells/Usage/form/react/process.log
 create mode 100644 artifacts/product-reality/sprint-193/m07/proof-attempt-1/runtime/cells/Usage/form/react/receipt.json
 create mode 100644 artifacts/product-reality/sprint-193/m07/proof-attempt-1/runtime/cells/Usage/form/react/seeded-1440.png
 create mode 100644 artifacts/product-reality/sprint-193/m07/proof-attempt-1/runtime/cells/Usage/form/react/seeded-390.png
 create mode 100644 artifacts/product-reality/sprint-193/m07/proof-attempt-1/runtime/cells/Usage/form/react/typecheck.json
 create mode 100644 artifacts/product-reality/sprint-193/m07/proof-attempt-1/runtime/cells/Usage/form/vue/accessibility-tree.txt
 create mode 100644 artifacts/product-reality/sprint-193/m07/proof-attempt-1/runtime/cells/Usage/form/vue/build.json
 create mode 100644 artifacts/product-reality/sprint-193/m07/proof-attempt-1/runtime/cells/Usage/form/vue/composition.json
 create mode 100644 artifacts/product-reality/sprint-193/m07/proof-attempt-1/runtime/cells/Usage/form/vue/generation.json
 create mode 100644 artifacts/product-reality/sprint-193/m07/proof-attempt-1/runtime/cells/Usage/form/vue/install.json
 create mode 100644 artifacts/product-reality/sprint-193/m07/proof-attempt-1/runtime/cells/Usage/form/vue/process.log
 create mode 100644 artifacts/product-reality/sprint-193/m07/proof-attempt-1/runtime/cells/Usage/form/vue/receipt.json
 create mode 100644 artifacts/product-reality/sprint-193/m07/proof-attempt-1/runtime/cells/Usage/form/vue/seeded-1440.png
 create mode 100644 artifacts/product-reality/sprint-193/m07/proof-attempt-1/runtime/cells/Usage/form/vue/seeded-390.png
 create mode 100644 artifacts/product-reality/sprint-193/m07/proof-attempt-1/runtime/cells/Usage/form/vue/typecheck.json
 create mode 100644 artifacts/product-reality/sprint-193/m07/proof-attempt-1/runtime/cells/Usage/inline/react/accessibility-tree.txt
 create mode 100644 artifacts/product-reality/sprint-193/m07/proof-attempt-1/runtime/cells/Usage/inline/react/build.json
 create mode 100644 artifacts/product-reality/sprint-193/m07/proof-attempt-1/runtime/cells/Usage/inline/react/composition.json
 create mode 100644 artifacts/product-reality/sprint-193/m07/proof-attempt-1/runtime/cells/Usage/inline/react/generation.json
 create mode 100644 artifacts/product-reality/sprint-193/m07/proof-attempt-1/runtime/cells/Usage/inline/react/install.json
 create mode 100644 artifacts/product-reality/sprint-193/m07/proof-attempt-1/runtime/cells/Usage/inline/react/process.log
 create mode 100644 artifacts/product-reality/sprint-193/m07/proof-attempt-1/runtime/cells/Usage/inline/react/receipt.json
 create mode 100644 artifacts/product-reality/sprint-193/m07/proof-attempt-1/runtime/cells/Usage/inline/react/seeded-1440.png
 create mode 100644 artifacts/product-reality/sprint-193/m07/proof-attempt-1/runtime/cells/Usage/inline/react/seeded-390.png
 create mode 100644 artifacts/product-reality/sprint-193/m07/proof-attempt-1/runtime/cells/Usage/inline/react/typecheck.json
 create mode 100644 artifacts/product-reality/sprint-193/m07/proof-attempt-1/runtime/cells/Usage/inline/vue/accessibility-tree.txt
 create mode 100644 artifacts/product-reality/sprint-193/m07/proof-attempt-1/runtime/cells/Usage/inline/vue/build.json
 create mode 100644 artifacts/product-reality/sprint-193/m07/proof-attempt-1/runtime/cells/Usage/inline/vue/composition.json
 create mode 100644 artifacts/product-reality/sprint-193/m07/proof-attempt-1/runtime/cells/Usage/inline/vue/generation.json
 create mode 100644 artifacts/product-reality/sprint-193/m07/proof-attempt-1/runtime/cells/Usage/inline/vue/install.json
 create mode 100644 artifacts/product-reality/sprint-193/m07/proof-attempt-1/runtime/cells/Usage/inline/vue/process.log
 create mode 100644 artifacts/product-reality/sprint-193/m07/proof-attempt-1/runtime/cells/Usage/inline/vue/receipt.json
 create mode 100644 artifacts/product-reality/sprint-193/m07/proof-attempt-1/runtime/cells/Usage/inline/vue/seeded-1440.png
 create mode 100644 artifacts/product-reality/sprint-193/m07/proof-attempt-1/runtime/cells/Usage/inline/vue/seeded-390.png
 create mode 100644 artifacts/product-reality/sprint-193/m07/proof-attempt-1/runtime/cells/Usage/inline/vue/typecheck.json
 create mode 100644 artifacts/product-reality/sprint-193/m07/proof-attempt-1/runtime/cells/Usage/list/react/accessibility-tree.txt
 create mode 100644 artifacts/product-reality/sprint-193/m07/proof-attempt-1/runtime/cells/Usage/list/react/build.json
 create mode 100644 artifacts/product-reality/sprint-193/m07/proof-attempt-1/runtime/cells/Usage/list/react/composition.json
 create mode 100644 artifacts/product-reality/sprint-193/m07/proof-attempt-1/runtime/cells/Usage/list/react/generation.json
 create mode 100644 artifacts/product-reality/sprint-193/m07/proof-attempt-1/runtime/cells/Usage/list/react/install.json
 create mode 100644 artifacts/product-reality/sprint-193/m07/proof-attempt-1/runtime/cells/Usage/list/react/process.log
 create mode 100644 artifacts/product-reality/sprint-193/m07/proof-attempt-1/runtime/cells/Usage/list/react/receipt.json
 create mode 100644 artifacts/product-reality/sprint-193/m07/proof-attempt-1/runtime/cells/Usage/list/react/seeded-1440.png
 create mode 100644 artifacts/product-reality/sprint-193/m07/proof-attempt-1/runtime/cells/Usage/list/react/seeded-390.png
 create mode 100644 artifacts/product-reality/sprint-193/m07/proof-attempt-1/runtime/cells/Usage/list/react/typecheck.json
 create mode 100644 artifacts/product-reality/sprint-193/m07/proof-attempt-1/runtime/cells/Usage/list/vue/accessibility-tree.txt
 create mode 100644 artifacts/product-reality/sprint-193/m07/proof-attempt-1/runtime/cells/Usage/list/vue/build.json
 create mode 100644 artifacts/product-reality/sprint-193/m07/proof-attempt-1/runtime/cells/Usage/list/vue/composition.json
 create mode 100644 artifacts/product-reality/sprint-193/m07/proof-attempt-1/runtime/cells/Usage/list/vue/generation.json
 create mode 100644 artifacts/product-reality/sprint-193/m07/proof-attempt-1/runtime/cells/Usage/list/vue/install.json
 create mode 100644 artifacts/product-reality/sprint-193/m07/proof-attempt-1/runtime/cells/Usage/list/vue/process.log
 create mode 100644 artifacts/product-reality/sprint-193/m07/proof-attempt-1/runtime/cells/Usage/list/vue/receipt.json
 create mode 100644 artifacts/product-reality/sprint-193/m07/proof-attempt-1/runtime/cells/Usage/list/vue/seeded-1440.png
 create mode 100644 artifacts/product-reality/sprint-193/m07/proof-attempt-1/runtime/cells/Usage/list/vue/seeded-390.png
 create mode 100644 artifacts/product-reality/sprint-193/m07/proof-attempt-1/runtime/cells/Usage/list/vue/typecheck.json
 create mode 100644 artifacts/product-reality/sprint-193/m07/proof-attempt-1/runtime/cells/Usage/timeline/react/accessibility-tree.txt
 create mode 100644 artifacts/product-reality/sprint-193/m07/proof-attempt-1/runtime/cells/Usage/timeline/react/build.json
 create mode 100644 artifacts/product-reality/sprint-193/m07/proof-attempt-1/runtime/cells/Usage/timeline/react/composition.json
 create mode 100644 artifacts/product-reality/sprint-193/m07/proof-attempt-1/runtime/cells/Usage/timeline/react/generation.json
 create mode 100644 artifacts/product-reality/sprint-193/m07/proof-attempt-1/runtime/cells/Usage/timeline/react/install.json
 create mode 100644 artifacts/product-reality/sprint-193/m07/proof-attempt-1/runtime/cells/Usage/timeline/react/process.log
 create mode 100644 artifacts/product-reality/sprint-193/m07/proof-attempt-1/runtime/cells/Usage/timeline/react/receipt.json
 create mode 100644 artifacts/product-reality/sprint-193/m07/proof-attempt-1/runtime/cells/Usage/timeline/react/seeded-1440.png
 create mode 100644 artifacts/product-reality/sprint-193/m07/proof-attempt-1/runtime/cells/Usage/timeline/react/seeded-390.png
 create mode 100644 artifacts/product-reality/sprint-193/m07/proof-attempt-1/runtime/cells/Usage/timeline/react/typecheck.json
 create mode 100644 artifacts/product-reality/sprint-193/m07/proof-attempt-1/runtime/cells/Usage/timeline/vue/accessibility-tree.txt
 create mode 100644 artifacts/product-reality/sprint-193/m07/proof-attempt-1/runtime/cells/Usage/timeline/vue/build.json
 create mode 100644 artifacts/product-reality/sprint-193/m07/proof-attempt-1/runtime/cells/Usage/timeline/vue/composition.json
 create mode 100644 artifacts/product-reality/sprint-193/m07/proof-attempt-1/runtime/cells/Usage/timeline/vue/generation.json
 create mode 100644 artifacts/product-reality/sprint-193/m07/proof-attempt-1/runtime/cells/Usage/timeline/vue/install.json
 create mode 100644 artifacts/product-reality/sprint-193/m07/proof-attempt-1/runtime/cells/Usage/timeline/vue/process.log
 create mode 100644 artifacts/product-reality/sprint-193/m07/proof-attempt-1/runtime/cells/Usage/timeline/vue/receipt.json
 create mode 100644 artifacts/product-reality/sprint-193/m07/proof-attempt-1/runtime/cells/Usage/timeline/vue/seeded-1440.png
 create mode 100644 artifacts/product-reality/sprint-193/m07/proof-attempt-1/runtime/cells/Usage/timeline/vue/seeded-390.png
 create mode 100644 artifacts/product-reality/sprint-193/m07/proof-attempt-1/runtime/cells/Usage/timeline/vue/typecheck.json
 create mode 100644 artifacts/product-reality/sprint-193/m07/proof-attempt-1/runtime/cells/Usage/workflow/react/process.log
 create mode 100644 artifacts/product-reality/sprint-193/m07/proof-attempt-1/runtime/cells/Usage/workflow/react/receipt.json
 create mode 100644 artifacts/product-reality/sprint-193/m07/proof-attempt-1/runtime/cells/Usage/workflow/vue/receipt.json
 create mode 100644 artifacts/product-reality/sprint-193/m07/proof-attempt-1/runtime/cells/User/card/react/accessibility-tree.txt
 create mode 100644 artifacts/product-reality/sprint-193/m07/proof-attempt-1/runtime/cells/User/card/react/build.json
 create mode 100644 artifacts/product-reality/sprint-193/m07/proof-attempt-1/runtime/cells/User/card/react/composition.json
 create mode 100644 artifacts/product-reality/sprint-193/m07/proof-attempt-1/runtime/cells/User/card/react/generation.json
 create mode 100644 artifacts/product-reality/sprint-193/m07/proof-attempt-1/runtime/cells/User/card/react/install.json
 create mode 100644 artifacts/product-reality/sprint-193/m07/proof-attempt-1/runtime/cells/User/card/react/process.log
 create mode 100644 artifacts/product-reality/sprint-193/m07/proof-attempt-1/runtime/cells/User/card/react/receipt.json
 create mode 100644 artifacts/product-reality/sprint-193/m07/proof-attempt-1/runtime/cells/User/card/react/seeded-1440.png
 create mode 100644 artifacts/product-reality/sprint-193/m07/proof-attempt-1/runtime/cells/User/card/react/seeded-390.png
 create mode 100644 artifacts/product-reality/sprint-193/m07/proof-attempt-1/runtime/cells/User/card/react/typecheck.json
 create mode 100644 artifacts/product-reality/sprint-193/m07/proof-attempt-1/runtime/cells/User/card/vue/accessibility-tree.txt
 create mode 100644 artifacts/product-reality/sprint-193/m07/proof-attempt-1/runtime/cells/User/card/vue/build.json
 create mode 100644 artifacts/product-reality/sprint-193/m07/proof-attempt-1/runtime/cells/User/card/vue/composition.json
 create mode 100644 artifacts/product-reality/sprint-193/m07/proof-attempt-1/runtime/cells/User/card/vue/generation.json
 create mode 100644 artifacts/product-reality/sprint-193/m07/proof-attempt-1/runtime/cells/User/card/vue/install.json
 create mode 100644 artifacts/product-reality/sprint-193/m07/proof-attempt-1/runtime/cells/User/card/vue/process.log
 create mode 100644 artifacts/product-reality/sprint-193/m07/proof-attempt-1/runtime/cells/User/card/vue/receipt.json
 create mode 100644 artifacts/product-reality/sprint-193/m07/proof-attempt-1/runtime/cells/User/card/vue/seeded-1440.png
 create mode 100644 artifacts/product-reality/sprint-193/m07/proof-attempt-1/runtime/cells/User/card/vue/seeded-390.png
 create mode 100644 artifacts/product-reality/sprint-193/m07/proof-attempt-1/runtime/cells/User/card/vue/typecheck.json
 create mode 100644 artifacts/product-reality/sprint-193/m07/proof-attempt-1/runtime/cells/User/detail/react/accessibility-tree.txt
 create mode 100644 artifacts/product-reality/sprint-193/m07/proof-attempt-1/runtime/cells/User/detail/react/build.json
 create mode 100644 artifacts/product-reality/sprint-193/m07/proof-attempt-1/runtime/cells/User/detail/react/composition.json
 create mode 100644 artifacts/product-reality/sprint-193/m07/proof-attempt-1/runtime/cells/User/detail/react/generation.json
 create mode 100644 artifacts/product-reality/sprint-193/m07/proof-attempt-1/runtime/cells/User/detail/react/install.json
 create mode 100644 artifacts/product-reality/sprint-193/m07/proof-attempt-1/runtime/cells/User/detail/react/process.log
 create mode 100644 artifacts/product-reality/sprint-193/m07/proof-attempt-1/runtime/cells/User/detail/react/receipt.json
 create mode 100644 artifacts/product-reality/sprint-193/m07/proof-attempt-1/runtime/cells/User/detail/react/seeded-1440.png
 create mode 100644 artifacts/product-reality/sprint-193/m07/proof-attempt-1/runtime/cells/User/detail/react/seeded-390.png
 create mode 100644 artifacts/product-reality/sprint-193/m07/proof-attempt-1/runtime/cells/User/detail/react/typecheck.json
 create mode 100644 artifacts/product-reality/sprint-193/m07/proof-attempt-1/runtime/cells/User/detail/vue/accessibility-tree.txt
 create mode 100644 artifacts/product-reality/sprint-193/m07/proof-attempt-1/runtime/cells/User/detail/vue/build.json
 create mode 100644 artifacts/product-reality/sprint-193/m07/proof-attempt-1/runtime/cells/User/detail/vue/composition.json
 create mode 100644 artifacts/product-reality/sprint-193/m07/proof-attempt-1/runtime/cells/User/detail/vue/generation.json
 create mode 100644 artifacts/product-reality/sprint-193/m07/proof-attempt-1/runtime/cells/User/detail/vue/install.json
 create mode 100644 artifacts/product-reality/sprint-193/m07/proof-attempt-1/runtime/cells/User/detail/vue/process.log
 create mode 100644 artifacts/product-reality/sprint-193/m07/proof-attempt-1/runtime/cells/User/detail/vue/receipt.json
 create mode 100644 artifacts/product-reality/sprint-193/m07/proof-attempt-1/runtime/cells/User/detail/vue/seeded-1440.png
 create mode 100644 artifacts/product-reality/sprint-193/m07/proof-attempt-1/runtime/cells/User/detail/vue/seeded-390.png
 create mode 100644 artifacts/product-reality/sprint-193/m07/proof-attempt-1/runtime/cells/User/detail/vue/typecheck.json
 create mode 100644 artifacts/product-reality/sprint-193/m07/proof-attempt-1/runtime/cells/User/form/react/accessibility-tree.txt
 create mode 100644 artifacts/product-reality/sprint-193/m07/proof-attempt-1/runtime/cells/User/form/react/build.json
 create mode 100644 artifacts/product-reality/sprint-193/m07/proof-attempt-1/runtime/cells/User/form/react/composition.json
 create mode 100644 artifacts/product-reality/sprint-193/m07/proof-attempt-1/runtime/cells/User/form/react/generation.json
 create mode 100644 artifacts/product-reality/sprint-193/m07/proof-attempt-1/runtime/cells/User/form/react/install.json
 create mode 100644 artifacts/product-reality/sprint-193/m07/proof-attempt-1/runtime/cells/User/form/react/process.log
 create mode 100644 artifacts/product-reality/sprint-193/m07/proof-attempt-1/runtime/cells/User/form/react/receipt.json
 create mode 100644 artifacts/product-reality/sprint-193/m07/proof-attempt-1/runtime/cells/User/form/react/seeded-1440.png
 create mode 100644 artifacts/product-reality/sprint-193/m07/proof-attempt-1/runtime/cells/User/form/react/seeded-390.png
 create mode 100644 artifacts/product-reality/sprint-193/m07/proof-attempt-1/runtime/cells/User/form/react/typecheck.json
 create mode 100644 artifacts/product-reality/sprint-193/m07/proof-attempt-1/runtime/cells/User/form/vue/accessibility-tree.txt
 create mode 100644 artifacts/product-reality/sprint-193/m07/proof-attempt-1/runtime/cells/User/form/vue/build.json
 create mode 100644 artifacts/product-reality/sprint-193/m07/proof-attempt-1/runtime/cells/User/form/vue/composition.json
 create mode 100644 artifacts/product-reality/sprint-193/m07/proof-attempt-1/runtime/cells/User/form/vue/generation.json
 create mode 100644 artifacts/product-reality/sprint-193/m07/proof-attempt-1/runtime/cells/User/form/vue/install.json
 create mode 100644 artifacts/product-reality/sprint-193/m07/proof-attempt-1/runtime/cells/User/form/vue/process.log
 create mode 100644 artifacts/product-reality/sprint-193/m07/proof-attempt-1/runtime/cells/User/form/vue/receipt.json
 create mode 100644 artifacts/product-reality/sprint-193/m07/proof-attempt-1/runtime/cells/User/form/vue/seeded-1440.png
 create mode 100644 artifacts/product-reality/sprint-193/m07/proof-attempt-1/runtime/cells/User/form/vue/seeded-390.png
 create mode 100644 artifacts/product-reality/sprint-193/m07/proof-attempt-1/runtime/cells/User/form/vue/typecheck.json
 create mode 100644 artifacts/product-reality/sprint-193/m07/proof-attempt-1/runtime/cells/User/inline/react/accessibility-tree.txt
 create mode 100644 artifacts/product-reality/sprint-193/m07/proof-attempt-1/runtime/cells/User/inline/react/build.json
 create mode 100644 artifacts/product-reality/sprint-193/m07/proof-attempt-1/runtime/cells/User/inline/react/composition.json
 create mode 100644 artifacts/product-reality/sprint-193/m07/proof-attempt-1/runtime/cells/User/inline/react/generation.json
 create mode 100644 artifacts/product-reality/sprint-193/m07/proof-attempt-1/runtime/cells/User/inline/react/install.json
 create mode 100644 artifacts/product-reality/sprint-193/m07/proof-attempt-1/runtime/cells/User/inline/react/process.log
 create mode 100644 artifacts/product-reality/sprint-193/m07/proof-attempt-1/runtime/cells/User/inline/react/receipt.json
 create mode 100644 artifacts/product-reality/sprint-193/m07/proof-attempt-1/runtime/cells/User/inline/react/seeded-1440.png
 create mode 100644 artifacts/product-reality/sprint-193/m07/proof-attempt-1/runtime/cells/User/inline/react/seeded-390.png
 create mode 100644 artifacts/product-reality/sprint-193/m07/proof-attempt-1/runtime/cells/User/inline/react/typecheck.json
 create mode 100644 artifacts/product-reality/sprint-193/m07/proof-attempt-1/runtime/cells/User/inline/vue/accessibility-tree.txt
 create mode 100644 artifacts/product-reality/sprint-193/m07/proof-attempt-1/runtime/cells/User/inline/vue/build.json
 create mode 100644 artifacts/product-reality/sprint-193/m07/proof-attempt-1/runtime/cells/User/inline/vue/composition.json
 create mode 100644 artifacts/product-reality/sprint-193/m07/proof-attempt-1/runtime/cells/User/inline/vue/generation.json
 create mode 100644 artifacts/product-reality/sprint-193/m07/proof-attempt-1/runtime/cells/User/inline/vue/install.json
 create mode 100644 artifacts/product-reality/sprint-193/m07/proof-attempt-1/runtime/cells/User/inline/vue/process.log
 create mode 100644 artifacts/product-reality/sprint-193/m07/proof-attempt-1/runtime/cells/User/inline/vue/receipt.json
 create mode 100644 artifacts/product-reality/sprint-193/m07/proof-attempt-1/runtime/cells/User/inline/vue/seeded-1440.png
 create mode 100644 artifacts/product-reality/sprint-193/m07/proof-attempt-1/runtime/cells/User/inline/vue/seeded-390.png
 create mode 100644 artifacts/product-reality/sprint-193/m07/proof-attempt-1/runtime/cells/User/inline/vue/typecheck.json
 create mode 100644 artifacts/product-reality/sprint-193/m07/proof-attempt-1/runtime/cells/User/list/react/accessibility-tree.txt
 create mode 100644 artifacts/product-reality/sprint-193/m07/proof-attempt-1/runtime/cells/User/list/react/build.json
 create mode 100644 artifacts/product-reality/sprint-193/m07/proof-attempt-1/runtime/cells/User/list/react/composition.json
 create mode 100644 artifacts/product-reality/sprint-193/m07/proof-attempt-1/runtime/cells/User/list/react/generation.json
 create mode 100644 artifacts/product-reality/sprint-193/m07/proof-attempt-1/runtime/cells/User/list/react/install.json
 create mode 100644 artifacts/product-reality/sprint-193/m07/proof-attempt-1/runtime/cells/User/list/react/process.log
 create mode 100644 artifacts/product-reality/sprint-193/m07/proof-attempt-1/runtime/cells/User/list/react/receipt.json
 create mode 100644 artifacts/product-reality/sprint-193/m07/proof-attempt-1/runtime/cells/User/list/react/seeded-1440.png
 create mode 100644 artifacts/product-reality/sprint-193/m07/proof-attempt-1/runtime/cells/User/list/react/seeded-390.png
 create mode 100644 artifacts/product-reality/sprint-193/m07/proof-attempt-1/runtime/cells/User/list/react/typecheck.json
 create mode 100644 artifacts/product-reality/sprint-193/m07/proof-attempt-1/runtime/cells/User/list/vue/accessibility-tree.txt
 create mode 100644 artifacts/product-reality/sprint-193/m07/proof-attempt-1/runtime/cells/User/list/vue/build.json
 create mode 100644 artifacts/product-reality/sprint-193/m07/proof-attempt-1/runtime/cells/User/list/vue/composition.json
 create mode 100644 artifacts/product-reality/sprint-193/m07/proof-attempt-1/runtime/cells/User/list/vue/generation.json
 create mode 100644 artifacts/product-reality/sprint-193/m07/proof-attempt-1/runtime/cells/User/list/vue/install.json
 create mode 100644 artifacts/product-reality/sprint-193/m07/proof-attempt-1/runtime/cells/User/list/vue/process.log
 create mode 100644 artifacts/product-reality/sprint-193/m07/proof-attempt-1/runtime/cells/User/list/vue/receipt.json
 create mode 100644 artifacts/product-reality/sprint-193/m07/proof-attempt-1/runtime/cells/User/list/vue/seeded-1440.png
 create mode 100644 artifacts/product-reality/sprint-193/m07/proof-attempt-1/runtime/cells/User/list/vue/seeded-390.png
 create mode 100644 artifacts/product-reality/sprint-193/m07/proof-attempt-1/runtime/cells/User/list/vue/typecheck.json
 create mode 100644 artifacts/product-reality/sprint-193/m07/proof-attempt-1/runtime/cells/User/timeline/react/accessibility-tree.txt
 create mode 100644 artifacts/product-reality/sprint-193/m07/proof-attempt-1/runtime/cells/User/timeline/react/build.json
 create mode 100644 artifacts/product-reality/sprint-193/m07/proof-attempt-1/runtime/cells/User/timeline/react/composition.json
 create mode 100644 artifacts/product-reality/sprint-193/m07/proof-attempt-1/runtime/cells/User/timeline/react/generation.json
 create mode 100644 artifacts/product-reality/sprint-193/m07/proof-attempt-1/runtime/cells/User/timeline/react/install.json
 create mode 100644 artifacts/product-reality/sprint-193/m07/proof-attempt-1/runtime/cells/User/timeline/react/process.log
 create mode 100644 artifacts/product-reality/sprint-193/m07/proof-attempt-1/runtime/cells/User/timeline/react/receipt.json
 create mode 100644 artifacts/product-reality/sprint-193/m07/proof-attempt-1/runtime/cells/User/timeline/react/seeded-1440.png
 create mode 100644 artifacts/product-reality/sprint-193/m07/proof-attempt-1/runtime/cells/User/timeline/react/seeded-390.png
 create mode 100644 artifacts/product-reality/sprint-193/m07/proof-attempt-1/runtime/cells/User/timeline/react/typecheck.json
 create mode 100644 artifacts/product-reality/sprint-193/m07/proof-attempt-1/runtime/cells/User/timeline/vue/accessibility-tree.txt
 create mode 100644 artifacts/product-reality/sprint-193/m07/proof-attempt-1/runtime/cells/User/timeline/vue/build.json
 create mode 100644 artifacts/product-reality/sprint-193/m07/proof-attempt-1/runtime/cells/User/timeline/vue/composition.json
 create mode 100644 artifacts/product-reality/sprint-193/m07/proof-attempt-1/runtime/cells/User/timeline/vue/generation.json
 create mode 100644 artifacts/product-reality/sprint-193/m07/proof-attempt-1/runtime/cells/User/timeline/vue/install.json
 create mode 100644 artifacts/product-reality/sprint-193/m07/proof-attempt-1/runtime/cells/User/timeline/vue/process.log
 create mode 100644 artifacts/product-reality/sprint-193/m07/proof-attempt-1/runtime/cells/User/timeline/vue/receipt.json
 create mode 100644 artifacts/product-reality/sprint-193/m07/proof-attempt-1/runtime/cells/User/timeline/vue/seeded-1440.png
 create mode 100644 artifacts/product-reality/sprint-193/m07/proof-attempt-1/runtime/cells/User/timeline/vue/seeded-390.png
 create mode 100644 artifacts/product-reality/sprint-193/m07/proof-attempt-1/runtime/cells/User/timeline/vue/typecheck.json
 create mode 100644 artifacts/product-reality/sprint-193/m07/proof-attempt-1/runtime/cells/User/workflow/react/process.log
 create mode 100644 artifacts/product-reality/sprint-193/m07/proof-attempt-1/runtime/cells/User/workflow/react/receipt.json
 create mode 100644 artifacts/product-reality/sprint-193/m07/proof-attempt-1/runtime/cells/User/workflow/vue/receipt.json
 create mode 100644 artifacts/product-reality/sprint-193/m07/proof-attempt-1/runtime/emitter-bite.json
 create mode 100644 artifacts/product-reality/sprint-193/m07/proof-attempt-1/runtime/run.log
 create mode 100644 artifacts/product-reality/sprint-193/m07/proof-attempt-1/runtime/runtime-cells.v1.json
 create mode 100644 artifacts/product-reality/sprint-193/m07/proof-attempt-1/runtime/submitted-packages/inventory.json
 create mode 100644 artifacts/product-reality/sprint-193/m07/proof-attempt-1/runtime/submitted-packages/logs/oods-component-contracts.log
 create mode 100644 artifacts/product-reality/sprint-193/m07/proof-attempt-1/runtime/submitted-packages/logs/oods-component-styles.log
 create mode 100644 artifacts/product-reality/sprint-193/m07/proof-attempt-1/runtime/submitted-packages/logs/oods-components-react.log
 create mode 100644 artifacts/product-reality/sprint-193/m07/proof-attempt-1/runtime/submitted-packages/logs/oods-components-vue.log
 create mode 100644 artifacts/product-reality/sprint-193/m07/proof-attempt-1/runtime/submitted-packages/logs/oods-tokens.log
 create mode 100644 artifacts/product-reality/sprint-193/m07/proof-attempt-1/runtime/submitted-packages/tarballs/oods-component-contracts-0.1.0.tgz
 create mode 100644 artifacts/product-reality/sprint-193/m07/proof-attempt-1/runtime/submitted-packages/tarballs/oods-component-styles-0.1.0.tgz
 create mode 100644 artifacts/product-reality/sprint-193/m07/proof-attempt-1/runtime/submitted-packages/tarballs/oods-components-react-0.1.0.tgz
 create mode 100644 artifacts/product-reality/sprint-193/m07/proof-attempt-1/runtime/submitted-packages/tarballs/oods-components-vue-0.1.0.tgz
 create mode 100644 artifacts/product-reality/sprint-193/m07/proof-attempt-1/runtime/submitted-packages/tarballs/oods-tokens-0.1.0.tgz
 create mode 100644 artifacts/product-reality/sprint-193/m07/proof-attempt-1/runtime/validation.json
 create mode 100644 artifacts/product-reality/sprint-193/m07/proof-attempt-1/runtime/workflows/Article/bite-build.json
 create mode 100644 artifacts/product-reality/sprint-193/m07/proof-attempt-1/runtime/workflows/Article/bite-restore-build.json
 create mode 100644 artifacts/product-reality/sprint-193/m07/proof-attempt-1/runtime/workflows/Article/composition.json
 create mode 100644 artifacts/product-reality/sprint-193/m07/proof-attempt-1/runtime/workflows/Article/navigation-bite.json
 create mode 100644 artifacts/product-reality/sprint-193/m07/proof-attempt-1/runtime/workflows/Article/react-generation.json
 create mode 100644 artifacts/product-reality/sprint-193/m07/proof-attempt-1/runtime/workflows/Article/react/accessibility-tree.txt
 create mode 100644 artifacts/product-reality/sprint-193/m07/proof-attempt-1/runtime/workflows/Article/react/collection-controls.json
 create mode 100644 artifacts/product-reality/sprint-193/m07/proof-attempt-1/runtime/workflows/Article/react/flow.json
 create mode 100644 artifacts/product-reality/sprint-193/m07/proof-attempt-1/runtime/workflows/Article/react/installed-manifest.json
 create mode 100644 artifacts/product-reality/sprint-193/m07/proof-attempt-1/runtime/workflows/Article/react/isolation.json
 create mode 100644 artifacts/product-reality/sprint-193/m07/proof-attempt-1/runtime/workflows/Article/react/logs/build.log
 create mode 100644 artifacts/product-reality/sprint-193/m07/proof-attempt-1/runtime/workflows/Article/react/logs/install.log
 create mode 100644 artifacts/product-reality/sprint-193/m07/proof-attempt-1/runtime/workflows/Article/react/logs/ssr-build.log
 create mode 100644 artifacts/product-reality/sprint-193/m07/proof-attempt-1/runtime/workflows/Article/react/logs/ssr-render.json
 create mode 100644 artifacts/product-reality/sprint-193/m07/proof-attempt-1/runtime/workflows/Article/react/logs/typecheck.log
 create mode 100644 artifacts/product-reality/sprint-193/m07/proof-attempt-1/runtime/workflows/Article/react/receipt.json
 create mode 100644 artifacts/product-reality/sprint-193/m07/proof-attempt-1/runtime/workflows/Article/react/server-render.html
 create mode 100644 artifacts/product-reality/sprint-193/m07/proof-attempt-1/runtime/workflows/Article/react/source-ownership.json
 create mode 100644 artifacts/product-reality/sprint-193/m07/proof-attempt-1/runtime/workflows/Article/react/source/index.html
 create mode 100644 artifacts/product-reality/sprint-193/m07/proof-attempt-1/runtime/workflows/Article/react/source/package.json
 create mode 100644 artifacts/product-reality/sprint-193/m07/proof-attempt-1/runtime/workflows/Article/react/source/src/App.tsx
 create mode 100644 artifacts/product-reality/sprint-193/m07/proof-attempt-1/runtime/workflows/Article/react/source/src/actions.ts
 create mode 100644 artifacts/product-reality/sprint-193/m07/proof-attempt-1/runtime/workflows/Article/react/source/src/app.css
 create mode 100644 artifacts/product-reality/sprint-193/m07/proof-attempt-1/runtime/workflows/Article/react/source/src/application.ts
 create mode 100644 artifacts/product-reality/sprint-193/m07/proof-attempt-1/runtime/workflows/Article/react/source/src/main.tsx
 create mode 100644 artifacts/product-reality/sprint-193/m07/proof-attempt-1/runtime/workflows/Article/react/source/src/sample-data.ts
 create mode 100644 artifacts/product-reality/sprint-193/m07/proof-attempt-1/runtime/workflows/Article/react/source/src/screens/Detail.tsx
 create mode 100644 artifacts/product-reality/sprint-193/m07/proof-attempt-1/runtime/workflows/Article/react/source/src/screens/Form.tsx
 create mode 100644 artifacts/product-reality/sprint-193/m07/proof-attempt-1/runtime/workflows/Article/react/source/src/screens/List.tsx
 create mode 100644 artifacts/product-reality/sprint-193/m07/proof-attempt-1/runtime/workflows/Article/react/source/src/screens/Timeline.tsx
 create mode 100644 artifacts/product-reality/sprint-193/m07/proof-attempt-1/runtime/workflows/Article/react/source/src/ssr.tsx
 create mode 100644 artifacts/product-reality/sprint-193/m07/proof-attempt-1/runtime/workflows/Article/react/source/src/store.ts
 create mode 100644 artifacts/product-reality/sprint-193/m07/proof-attempt-1/runtime/workflows/Article/react/source/tsconfig.json
 create mode 100644 artifacts/product-reality/sprint-193/m07/proof-attempt-1/runtime/workflows/Article/react/states.json
 create mode 100644 artifacts/product-reality/sprint-193/m07/proof-attempt-1/runtime/workflows/Article/report.json
 create mode 100644 artifacts/product-reality/sprint-193/m07/proof-attempt-1/runtime/workflows/Article/screenshots/react-detail-1440.png
 create mode 100644 artifacts/product-reality/sprint-193/m07/proof-attempt-1/runtime/workflows/Article/screenshots/react-detail-390.png
 create mode 100644 artifacts/product-reality/sprint-193/m07/proof-attempt-1/runtime/workflows/Article/screenshots/react-detail-820.png
 create mode 100644 artifacts/product-reality/sprint-193/m07/proof-attempt-1/runtime/workflows/Article/screenshots/react-form-1440.png
 create mode 100644 artifacts/product-reality/sprint-193/m07/proof-attempt-1/runtime/workflows/Article/screenshots/react-form-390.png
 create mode 100644 artifacts/product-reality/sprint-193/m07/proof-attempt-1/runtime/workflows/Article/screenshots/react-form-820.png
 create mode 100644 artifacts/product-reality/sprint-193/m07/proof-attempt-1/runtime/workflows/Article/screenshots/react-list-1440.png
 create mode 100644 artifacts/product-reality/sprint-193/m07/proof-attempt-1/runtime/workflows/Article/screenshots/react-list-390.png
 create mode 100644 artifacts/product-reality/sprint-193/m07/proof-attempt-1/runtime/workflows/Article/screenshots/react-list-820.png
 create mode 100644 artifacts/product-reality/sprint-193/m07/proof-attempt-1/runtime/workflows/Article/screenshots/react-timeline-1440.png
 create mode 100644 artifacts/product-reality/sprint-193/m07/proof-attempt-1/runtime/workflows/Article/screenshots/react-timeline-390.png
 create mode 100644 artifacts/product-reality/sprint-193/m07/proof-attempt-1/runtime/workflows/Article/screenshots/react-timeline-820.png
 create mode 100644 artifacts/product-reality/sprint-193/m07/proof-attempt-1/runtime/workflows/Article/screenshots/vue-detail-1440.png
 create mode 100644 artifacts/product-reality/sprint-193/m07/proof-attempt-1/runtime/workflows/Article/screenshots/vue-detail-390.png
 create mode 100644 artifacts/product-reality/sprint-193/m07/proof-attempt-1/runtime/workflows/Article/screenshots/vue-detail-820.png
 create mode 100644 artifacts/product-reality/sprint-193/m07/proof-attempt-1/runtime/workflows/Article/screenshots/vue-form-1440.png
 create mode 100644 artifacts/product-reality/sprint-193/m07/proof-attempt-1/runtime/workflows/Article/screenshots/vue-form-390.png
 create mode 100644 artifacts/product-reality/sprint-193/m07/proof-attempt-1/runtime/workflows/Article/screenshots/vue-form-820.png
 create mode 100644 artifacts/product-reality/sprint-193/m07/proof-attempt-1/runtime/workflows/Article/screenshots/vue-list-1440.png
 create mode 100644 artifacts/product-reality/sprint-193/m07/proof-attempt-1/runtime/workflows/Article/screenshots/vue-list-390.png
 create mode 100644 artifacts/product-reality/sprint-193/m07/proof-attempt-1/runtime/workflows/Article/screenshots/vue-list-820.png
 create mode 100644 artifacts/product-reality/sprint-193/m07/proof-attempt-1/runtime/workflows/Article/screenshots/vue-timeline-1440.png
 create mode 100644 artifacts/product-reality/sprint-193/m07/proof-attempt-1/runtime/workflows/Article/screenshots/vue-timeline-390.png
 create mode 100644 artifacts/product-reality/sprint-193/m07/proof-attempt-1/runtime/workflows/Article/screenshots/vue-timeline-820.png
 create mode 100644 artifacts/product-reality/sprint-193/m07/proof-attempt-1/runtime/workflows/Article/vue-generation.json
 create mode 100644 artifacts/product-reality/sprint-193/m07/proof-attempt-1/runtime/workflows/Article/vue/accessibility-tree.txt
 create mode 100644 artifacts/product-reality/sprint-193/m07/proof-attempt-1/runtime/workflows/Article/vue/collection-controls.json
 create mode 100644 artifacts/product-reality/sprint-193/m07/proof-attempt-1/runtime/workflows/Article/vue/flow.json
 create mode 100644 artifacts/product-reality/sprint-193/m07/proof-attempt-1/runtime/workflows/Article/vue/installed-manifest.json
 create mode 100644 artifacts/product-reality/sprint-193/m07/proof-attempt-1/runtime/workflows/Article/vue/isolation.json
 create mode 100644 artifacts/product-reality/sprint-193/m07/proof-attempt-1/runtime/workflows/Article/vue/logs/build.log
 create mode 100644 artifacts/product-reality/sprint-193/m07/proof-attempt-1/runtime/workflows/Article/vue/logs/install.log
 create mode 100644 artifacts/product-reality/sprint-193/m07/proof-attempt-1/runtime/workflows/Article/vue/logs/ssr-build.log
 create mode 100644 artifacts/product-reality/sprint-193/m07/proof-attempt-1/runtime/workflows/Article/vue/logs/ssr-render.json
 create mode 100644 artifacts/product-reality/sprint-193/m07/proof-attempt-1/runtime/workflows/Article/vue/logs/typecheck.log
 create mode 100644 artifacts/product-reality/sprint-193/m07/proof-attempt-1/runtime/workflows/Article/vue/receipt.json
 create mode 100644 artifacts/product-reality/sprint-193/m07/proof-attempt-1/runtime/workflows/Article/vue/server-render.html
 create mode 100644 artifacts/product-reality/sprint-193/m07/proof-attempt-1/runtime/workflows/Article/vue/source-ownership.json
 create mode 100644 artifacts/product-reality/sprint-193/m07/proof-attempt-1/runtime/workflows/Article/vue/source/index.html
 create mode 100644 artifacts/product-reality/sprint-193/m07/proof-attempt-1/runtime/workflows/Article/vue/source/package.json
 create mode 100644 artifacts/product-reality/sprint-193/m07/proof-attempt-1/runtime/workflows/Article/vue/source/src/App.vue
 create mode 100644 artifacts/product-reality/sprint-193/m07/proof-attempt-1/runtime/workflows/Article/vue/source/src/actions.ts
 create mode 100644 artifacts/product-reality/sprint-193/m07/proof-attempt-1/runtime/workflows/Article/vue/source/src/app.css
 create mode 100644 artifacts/product-reality/sprint-193/m07/proof-attempt-1/runtime/workflows/Article/vue/source/src/application.ts
 create mode 100644 artifacts/product-reality/sprint-193/m07/proof-attempt-1/runtime/workflows/Article/vue/source/src/main.ts
 create mode 100644 artifacts/product-reality/sprint-193/m07/proof-attempt-1/runtime/workflows/Article/vue/source/src/sample-data.ts
 create mode 100644 artifacts/product-reality/sprint-193/m07/proof-attempt-1/runtime/workflows/Article/vue/source/src/screens/Detail.vue
 create mode 100644 artifacts/product-reality/sprint-193/m07/proof-attempt-1/runtime/workflows/Article/vue/source/src/screens/Form.vue
 create mode 100644 artifacts/product-reality/sprint-193/m07/proof-attempt-1/runtime/workflows/Article/vue/source/src/screens/List.vue
 create mode 100644 artifacts/product-reality/sprint-193/m07/proof-attempt-1/runtime/workflows/Article/vue/source/src/screens/Timeline.vue
 create mode 100644 artifacts/product-reality/sprint-193/m07/proof-attempt-1/runtime/workflows/Article/vue/source/src/ssr.ts
 create mode 100644 artifacts/product-reality/sprint-193/m07/proof-attempt-1/runtime/workflows/Article/vue/source/src/store.ts
 create mode 100644 artifacts/product-reality/sprint-193/m07/proof-attempt-1/runtime/workflows/Article/vue/source/tsconfig.json
 create mode 100644 artifacts/product-reality/sprint-193/m07/proof-attempt-1/runtime/workflows/Article/vue/source/vite.config.mjs
 create mode 100644 artifacts/product-reality/sprint-193/m07/proof-attempt-1/runtime/workflows/Article/vue/states.json
 create mode 100644 artifacts/product-reality/sprint-193/m07/proof-attempt-1/runtime/workflows/Invoice/bite-build.json
 create mode 100644 artifacts/product-reality/sprint-193/m07/proof-attempt-1/runtime/workflows/Invoice/bite-restore-build.json
 create mode 100644 artifacts/product-reality/sprint-193/m07/proof-attempt-1/runtime/workflows/Invoice/composition.json
 create mode 100644 artifacts/product-reality/sprint-193/m07/proof-attempt-1/runtime/workflows/Invoice/navigation-bite.json
 create mode 100644 artifacts/product-reality/sprint-193/m07/proof-attempt-1/runtime/workflows/Invoice/react-generation.json
 create mode 100644 artifacts/product-reality/sprint-193/m07/proof-attempt-1/runtime/workflows/Invoice/react/accessibility-tree.txt
 create mode 100644 artifacts/product-reality/sprint-193/m07/proof-attempt-1/runtime/workflows/Invoice/react/collection-controls.json
 create mode 100644 artifacts/product-reality/sprint-193/m07/proof-attempt-1/runtime/workflows/Invoice/react/flow.json
 create mode 100644 artifacts/product-reality/sprint-193/m07/proof-attempt-1/runtime/workflows/Invoice/react/installed-manifest.json
 create mode 100644 artifacts/product-reality/sprint-193/m07/proof-attempt-1/runtime/workflows/Invoice/react/isolation.json
 create mode 100644 artifacts/product-reality/sprint-193/m07/proof-attempt-1/runtime/workflows/Invoice/react/logs/build.log
 create mode 100644 artifacts/product-reality/sprint-193/m07/proof-attempt-1/runtime/workflows/Invoice/react/logs/install.log
 create mode 100644 artifacts/product-reality/sprint-193/m07/proof-attempt-1/runtime/workflows/Invoice/react/logs/ssr-build.log
 create mode 100644 artifacts/product-reality/sprint-193/m07/proof-attempt-1/runtime/workflows/Invoice/react/logs/ssr-render.json
 create mode 100644 artifacts/product-reality/sprint-193/m07/proof-attempt-1/runtime/workflows/Invoice/react/logs/typecheck.log
 create mode 100644 artifacts/product-reality/sprint-193/m07/proof-attempt-1/runtime/workflows/Invoice/react/receipt.json
 create mode 100644 artifacts/product-reality/sprint-193/m07/proof-attempt-1/runtime/workflows/Invoice/react/server-render.html
 create mode 100644 artifacts/product-reality/sprint-193/m07/proof-attempt-1/runtime/workflows/Invoice/react/source-ownership.json
 create mode 100644 artifacts/product-reality/sprint-193/m07/proof-attempt-1/runtime/workflows/Invoice/react/source/index.html
 create mode 100644 artifacts/product-reality/sprint-193/m07/proof-attempt-1/runtime/workflows/Invoice/react/source/package.json
 create mode 100644 artifacts/product-reality/sprint-193/m07/proof-attempt-1/runtime/workflows/Invoice/react/source/src/App.tsx
 create mode 100644 artifacts/product-reality/sprint-193/m07/proof-attempt-1/runtime/workflows/Invoice/react/source/src/actions.ts
 create mode 100644 artifacts/product-reality/sprint-193/m07/proof-attempt-1/runtime/workflows/Invoice/react/source/src/app.css
 create mode 100644 artifacts/product-reality/sprint-193/m07/proof-attempt-1/runtime/workflows/Invoice/react/source/src/application.ts
 create mode 100644 artifacts/product-reality/sprint-193/m07/proof-attempt-1/runtime/workflows/Invoice/react/source/src/main.tsx
 create mode 100644 artifacts/product-reality/sprint-193/m07/proof-attempt-1/runtime/workflows/Invoice/react/source/src/sample-data.ts
 create mode 100644 artifacts/product-reality/sprint-193/m07/proof-attempt-1/runtime/workflows/Invoice/react/source/src/screens/Detail.tsx
 create mode 100644 artifacts/product-reality/sprint-193/m07/proof-attempt-1/runtime/workflows/Invoice/react/source/src/screens/Form.tsx
 create mode 100644 artifacts/product-reality/sprint-193/m07/proof-attempt-1/runtime/workflows/Invoice/react/source/src/screens/List.tsx
 create mode 100644 artifacts/product-reality/sprint-193/m07/proof-attempt-1/runtime/workflows/Invoice/react/source/src/screens/Timeline.tsx
 create mode 100644 artifacts/product-reality/sprint-193/m07/proof-attempt-1/runtime/workflows/Invoice/react/source/src/ssr.tsx
 create mode 100644 artifacts/product-reality/sprint-193/m07/proof-attempt-1/runtime/workflows/Invoice/react/source/src/store.ts
 create mode 100644 artifacts/product-reality/sprint-193/m07/proof-attempt-1/runtime/workflows/Invoice/react/source/tsconfig.json
 create mode 100644 artifacts/product-reality/sprint-193/m07/proof-attempt-1/runtime/workflows/Invoice/react/states.json
 create mode 100644 artifacts/product-reality/sprint-193/m07/proof-attempt-1/runtime/workflows/Invoice/report.json
 create mode 100644 artifacts/product-reality/sprint-193/m07/proof-attempt-1/runtime/workflows/Invoice/screenshots/react-detail-1440.png
 create mode 100644 artifacts/product-reality/sprint-193/m07/proof-attempt-1/runtime/workflows/Invoice/screenshots/react-detail-390.png
 create mode 100644 artifacts/product-reality/sprint-193/m07/proof-attempt-1/runtime/workflows/Invoice/screenshots/react-detail-820.png
 create mode 100644 artifacts/product-reality/sprint-193/m07/proof-attempt-1/runtime/workflows/Invoice/screenshots/react-form-1440.png
 create mode 100644 artifacts/product-reality/sprint-193/m07/proof-attempt-1/runtime/workflows/Invoice/screenshots/react-form-390.png
 create mode 100644 artifacts/product-reality/sprint-193/m07/proof-attempt-1/runtime/workflows/Invoice/screenshots/react-form-820.png
 create mode 100644 artifacts/product-reality/sprint-193/m07/proof-attempt-1/runtime/workflows/Invoice/screenshots/react-list-1440.png
 create mode 100644 artifacts/product-reality/sprint-193/m07/proof-attempt-1/runtime/workflows/Invoice/screenshots/react-list-390.png
 create mode 100644 artifacts/product-reality/sprint-193/m07/proof-attempt-1/runtime/workflows/Invoice/screenshots/react-list-820.png
 create mode 100644 artifacts/product-reality/sprint-193/m07/proof-attempt-1/runtime/workflows/Invoice/screenshots/react-timeline-1440.png
 create mode 100644 artifacts/product-reality/sprint-193/m07/proof-attempt-1/runtime/workflows/Invoice/screenshots/react-timeline-390.png
 create mode 100644 artifacts/product-reality/sprint-193/m07/proof-attempt-1/runtime/workflows/Invoice/screenshots/react-timeline-820.png
 create mode 100644 artifacts/product-reality/sprint-193/m07/proof-attempt-1/runtime/workflows/Invoice/screenshots/vue-detail-1440.png
 create mode 100644 artifacts/product-reality/sprint-193/m07/proof-attempt-1/runtime/workflows/Invoice/screenshots/vue-detail-390.png
 create mode 100644 artifacts/product-reality/sprint-193/m07/proof-attempt-1/runtime/workflows/Invoice/screenshots/vue-detail-820.png
 create mode 100644 artifacts/product-reality/sprint-193/m07/proof-attempt-1/runtime/workflows/Invoice/screenshots/vue-form-1440.png
 create mode 100644 artifacts/product-reality/sprint-193/m07/proof-attempt-1/runtime/workflows/Invoice/screenshots/vue-form-390.png
 create mode 100644 artifacts/product-reality/sprint-193/m07/proof-attempt-1/runtime/workflows/Invoice/screenshots/vue-form-820.png
 create mode 100644 artifacts/product-reality/sprint-193/m07/proof-attempt-1/runtime/workflows/Invoice/screenshots/vue-list-1440.png
 create mode 100644 artifacts/product-reality/sprint-193/m07/proof-attempt-1/runtime/workflows/Invoice/screenshots/vue-list-390.png
 create mode 100644 artifacts/product-reality/sprint-193/m07/proof-attempt-1/runtime/workflows/Invoice/screenshots/vue-list-820.png
 create mode 100644 artifacts/product-reality/sprint-193/m07/proof-attempt-1/runtime/workflows/Invoice/screenshots/vue-timeline-1440.png
 create mode 100644 artifacts/product-reality/sprint-193/m07/proof-attempt-1/runtime/workflows/Invoice/screenshots/vue-timeline-390.png
 create mode 100644 artifacts/product-reality/sprint-193/m07/proof-attempt-1/runtime/workflows/Invoice/screenshots/vue-timeline-820.png
 create mode 100644 artifacts/product-reality/sprint-193/m07/proof-attempt-1/runtime/workflows/Invoice/vue-generation.json
 create mode 100644 artifacts/product-reality/sprint-193/m07/proof-attempt-1/runtime/workflows/Invoice/vue/accessibility-tree.txt
 create mode 100644 artifacts/product-reality/sprint-193/m07/proof-attempt-1/runtime/workflows/Invoice/vue/collection-controls.json
 create mode 100644 artifacts/product-reality/sprint-193/m07/proof-attempt-1/runtime/workflows/Invoice/vue/flow.json
 create mode 100644 artifacts/product-reality/sprint-193/m07/proof-attempt-1/runtime/workflows/Invoice/vue/installed-manifest.json
 create mode 100644 artifacts/product-reality/sprint-193/m07/proof-attempt-1/runtime/workflows/Invoice/vue/isolation.json
 create mode 100644 artifacts/product-reality/sprint-193/m07/proof-attempt-1/runtime/workflows/Invoice/vue/logs/build.log
 create mode 100644 artifacts/product-reality/sprint-193/m07/proof-attempt-1/runtime/workflows/Invoice/vue/logs/install.log
 create mode 100644 artifacts/product-reality/sprint-193/m07/proof-attempt-1/runtime/workflows/Invoice/vue/logs/ssr-build.log
 create mode 100644 artifacts/product-reality/sprint-193/m07/proof-attempt-1/runtime/workflows/Invoice/vue/logs/ssr-render.json
 create mode 100644 artifacts/product-reality/sprint-193/m07/proof-attempt-1/runtime/workflows/Invoice/vue/logs/typecheck.log
 create mode 100644 artifacts/product-reality/sprint-193/m07/proof-attempt-1/runtime/workflows/Invoice/vue/receipt.json
 create mode 100644 artifacts/product-reality/sprint-193/m07/proof-attempt-1/runtime/workflows/Invoice/vue/server-render.html
 create mode 100644 artifacts/product-reality/sprint-193/m07/proof-attempt-1/runtime/workflows/Invoice/vue/source-ownership.json
 create mode 100644 artifacts/product-reality/sprint-193/m07/proof-attempt-1/runtime/workflows/Invoice/vue/source/index.html
 create mode 100644 artifacts/product-reality/sprint-193/m07/proof-attempt-1/runtime/workflows/Invoice/vue/source/package.json
 create mode 100644 artifacts/product-reality/sprint-193/m07/proof-attempt-1/runtime/workflows/Invoice/vue/source/src/App.vue
 create mode 100644 artifacts/product-reality/sprint-193/m07/proof-attempt-1/runtime/workflows/Invoice/vue/source/src/actions.ts
 create mode 100644 artifacts/product-reality/sprint-193/m07/proof-attempt-1/runtime/workflows/Invoice/vue/source/src/app.css
 create mode 100644 artifacts/product-reality/sprint-193/m07/proof-attempt-1/runtime/workflows/Invoice/vue/source/src/application.ts
 create mode 100644 artifacts/product-reality/sprint-193/m07/proof-attempt-1/runtime/workflows/Invoice/vue/source/src/main.ts
 create mode 100644 artifacts/product-reality/sprint-193/m07/proof-attempt-1/runtime/workflows/Invoice/vue/source/src/sample-data.ts
 create mode 100644 artifacts/product-reality/sprint-193/m07/proof-attempt-1/runtime/workflows/Invoice/vue/source/src/screens/Detail.vue
 create mode 100644 artifacts/product-reality/sprint-193/m07/proof-attempt-1/runtime/workflows/Invoice/vue/source/src/screens/Form.vue
 create mode 100644 artifacts/product-reality/sprint-193/m07/proof-attempt-1/runtime/workflows/Invoice/vue/source/src/screens/List.vue
 create mode 100644 artifacts/product-reality/sprint-193/m07/proof-attempt-1/runtime/workflows/Invoice/vue/source/src/screens/Timeline.vue
 create mode 100644 artifacts/product-reality/sprint-193/m07/proof-attempt-1/runtime/workflows/Invoice/vue/source/src/ssr.ts
 create mode 100644 artifacts/product-reality/sprint-193/m07/proof-attempt-1/runtime/workflows/Invoice/vue/source/src/store.ts
 create mode 100644 artifacts/product-reality/sprint-193/m07/proof-attempt-1/runtime/workflows/Invoice/vue/source/tsconfig.json
 create mode 100644 artifacts/product-reality/sprint-193/m07/proof-attempt-1/runtime/workflows/Invoice/vue/source/vite.config.mjs
 create mode 100644 artifacts/product-reality/sprint-193/m07/proof-attempt-1/runtime/workflows/Invoice/vue/states.json
 create mode 100644 artifacts/product-reality/sprint-193/m07/proof-attempt-1/runtime/workflows/Media/bite-build.json
 create mode 100644 artifacts/product-reality/sprint-193/m07/proof-attempt-1/runtime/workflows/Media/bite-restore-build.json
 create mode 100644 artifacts/product-reality/sprint-193/m07/proof-attempt-1/runtime/workflows/Media/composition.json
 create mode 100644 artifacts/product-reality/sprint-193/m07/proof-attempt-1/runtime/workflows/Media/navigation-bite.json
 create mode 100644 artifacts/product-reality/sprint-193/m07/proof-attempt-1/runtime/workflows/Media/react-generation.json
 create mode 100644 artifacts/product-reality/sprint-193/m07/proof-attempt-1/runtime/workflows/Media/react/accessibility-tree.txt
 create mode 100644 artifacts/product-reality/sprint-193/m07/proof-attempt-1/runtime/workflows/Media/react/collection-controls.json
 create mode 100644 artifacts/product-reality/sprint-193/m07/proof-attempt-1/runtime/workflows/Media/react/flow.json
 create mode 100644 artifacts/product-reality/sprint-193/m07/proof-attempt-1/runtime/workflows/Media/react/installed-manifest.json
 create mode 100644 artifacts/product-reality/sprint-193/m07/proof-attempt-1/runtime/workflows/Media/react/isolation.json
 create mode 100644 artifacts/product-reality/sprint-193/m07/proof-attempt-1/runtime/workflows/Media/react/logs/build.log
 create mode 100644 artifacts/product-reality/sprint-193/m07/proof-attempt-1/runtime/workflows/Media/react/logs/install.log
 create mode 100644 artifacts/product-reality/sprint-193/m07/proof-attempt-1/runtime/workflows/Media/react/logs/ssr-build.log
 create mode 100644 artifacts/product-reality/sprint-193/m07/proof-attempt-1/runtime/workflows/Media/react/logs/ssr-render.json
 create mode 100644 artifacts/product-reality/sprint-193/m07/proof-attempt-1/runtime/workflows/Media/react/logs/typecheck.log
 create mode 100644 artifacts/product-reality/sprint-193/m07/proof-attempt-1/runtime/workflows/Media/react/receipt.json
 create mode 100644 artifacts/product-reality/sprint-193/m07/proof-attempt-1/runtime/workflows/Media/react/server-render.html
 create mode 100644 artifacts/product-reality/sprint-193/m07/proof-attempt-1/runtime/workflows/Media/react/source-ownership.json
 create mode 100644 artifacts/product-reality/sprint-193/m07/proof-attempt-1/runtime/workflows/Media/react/source/index.html
 create mode 100644 artifacts/product-reality/sprint-193/m07/proof-attempt-1/runtime/workflows/Media/react/source/package.json
 create mode 100644 artifacts/product-reality/sprint-193/m07/proof-attempt-1/runtime/workflows/Media/react/source/src/App.tsx
 create mode 100644 artifacts/product-reality/sprint-193/m07/proof-attempt-1/runtime/workflows/Media/react/source/src/actions.ts
 create mode 100644 artifacts/product-reality/sprint-193/m07/proof-attempt-1/runtime/workflows/Media/react/source/src/app.css
 create mode 100644 artifacts/product-reality/sprint-193/m07/proof-attempt-1/runtime/workflows/Media/react/source/src/application.ts
 create mode 100644 artifacts/product-reality/sprint-193/m07/proof-attempt-1/runtime/workflows/Media/react/source/src/main.tsx
 create mode 100644 artifacts/product-reality/sprint-193/m07/proof-attempt-1/runtime/workflows/Media/react/source/src/sample-data.ts
 create mode 100644 artifacts/product-reality/sprint-193/m07/proof-attempt-1/runtime/workflows/Media/react/source/src/screens/Detail.tsx
 create mode 100644 artifacts/product-reality/sprint-193/m07/proof-attempt-1/runtime/workflows/Media/react/source/src/screens/Form.tsx
 create mode 100644 artifacts/product-reality/sprint-193/m07/proof-attempt-1/runtime/workflows/Media/react/source/src/screens/List.tsx
 create mode 100644 artifacts/product-reality/sprint-193/m07/proof-attempt-1/runtime/workflows/Media/react/source/src/screens/Timeline.tsx
 create mode 100644 artifacts/product-reality/sprint-193/m07/proof-attempt-1/runtime/workflows/Media/react/source/src/ssr.tsx
 create mode 100644 artifacts/product-reality/sprint-193/m07/proof-attempt-1/runtime/workflows/Media/react/source/src/store.ts
 create mode 100644 artifacts/product-reality/sprint-193/m07/proof-attempt-1/runtime/workflows/Media/react/source/tsconfig.json
 create mode 100644 artifacts/product-reality/sprint-193/m07/proof-attempt-1/runtime/workflows/Media/react/states.json
 create mode 100644 artifacts/product-reality/sprint-193/m07/proof-attempt-1/runtime/workflows/Media/report.json
 create mode 100644 artifacts/product-reality/sprint-193/m07/proof-attempt-1/runtime/workflows/Media/screenshots/react-detail-1440.png
 create mode 100644 artifacts/product-reality/sprint-193/m07/proof-attempt-1/runtime/workflows/Media/screenshots/react-detail-390.png
 create mode 100644 artifacts/product-reality/sprint-193/m07/proof-attempt-1/runtime/workflows/Media/screenshots/react-detail-820.png
 create mode 100644 artifacts/product-reality/sprint-193/m07/proof-attempt-1/runtime/workflows/Media/screenshots/react-form-1440.png
 create mode 100644 artifacts/product-reality/sprint-193/m07/proof-attempt-1/runtime/workflows/Media/screenshots/react-form-390.png
 create mode 100644 artifacts/product-reality/sprint-193/m07/proof-attempt-1/runtime/workflows/Media/screenshots/react-form-820.png
 create mode 100644 artifacts/product-reality/sprint-193/m07/proof-attempt-1/runtime/workflows/Media/screenshots/react-list-1440.png
 create mode 100644 artifacts/product-reality/sprint-193/m07/proof-attempt-1/runtime/workflows/Media/screenshots/react-list-390.png
 create mode 100644 artifacts/product-reality/sprint-193/m07/proof-attempt-1/runtime/workflows/Media/screenshots/react-list-820.png
 create mode 100644 artifacts/product-reality/sprint-193/m07/proof-attempt-1/runtime/workflows/Media/screenshots/react-timeline-1440.png
 create mode 100644 artifacts/product-reality/sprint-193/m07/proof-attempt-1/runtime/workflows/Media/screenshots/react-timeline-390.png
 create mode 100644 artifacts/product-reality/sprint-193/m07/proof-attempt-1/runtime/workflows/Media/screenshots/react-timeline-820.png
 create mode 100644 artifacts/product-reality/sprint-193/m07/proof-attempt-1/runtime/workflows/Media/screenshots/vue-detail-1440.png
 create mode 100644 artifacts/product-reality/sprint-193/m07/proof-attempt-1/runtime/workflows/Media/screenshots/vue-detail-390.png
 create mode 100644 artifacts/product-reality/sprint-193/m07/proof-attempt-1/runtime/workflows/Media/screenshots/vue-detail-820.png
 create mode 100644 artifacts/product-reality/sprint-193/m07/proof-attempt-1/runtime/workflows/Media/screenshots/vue-form-1440.png
 create mode 100644 artifacts/product-reality/sprint-193/m07/proof-attempt-1/runtime/workflows/Media/screenshots/vue-form-390.png
 create mode 100644 artifacts/product-reality/sprint-193/m07/proof-attempt-1/runtime/workflows/Media/screenshots/vue-form-820.png
 create mode 100644 artifacts/product-reality/sprint-193/m07/proof-attempt-1/runtime/workflows/Media/screenshots/vue-list-1440.png
 create mode 100644 artifacts/product-reality/sprint-193/m07/proof-attempt-1/runtime/workflows/Media/screenshots/vue-list-390.png
 create mode 100644 artifacts/product-reality/sprint-193/m07/proof-attempt-1/runtime/workflows/Media/screenshots/vue-list-820.png
 create mode 100644 artifacts/product-reality/sprint-193/m07/proof-attempt-1/runtime/workflows/Media/screenshots/vue-timeline-1440.png
 create mode 100644 artifacts/product-reality/sprint-193/m07/proof-attempt-1/runtime/workflows/Media/screenshots/vue-timeline-390.png
 create mode 100644 artifacts/product-reality/sprint-193/m07/proof-attempt-1/runtime/workflows/Media/screenshots/vue-timeline-820.png
 create mode 100644 artifacts/product-reality/sprint-193/m07/proof-attempt-1/runtime/workflows/Media/vue-generation.json
 create mode 100644 artifacts/product-reality/sprint-193/m07/proof-attempt-1/runtime/workflows/Media/vue/accessibility-tree.txt
 create mode 100644 artifacts/product-reality/sprint-193/m07/proof-attempt-1/runtime/workflows/Media/vue/collection-controls.json
 create mode 100644 artifacts/product-reality/sprint-193/m07/proof-attempt-1/runtime/workflows/Media/vue/flow.json
 create mode 100644 artifacts/product-reality/sprint-193/m07/proof-attempt-1/runtime/workflows/Media/vue/installed-manifest.json
 create mode 100644 artifacts/product-reality/sprint-193/m07/proof-attempt-1/runtime/workflows/Media/vue/isolation.json
 create mode 100644 artifacts/product-reality/sprint-193/m07/proof-attempt-1/runtime/workflows/Media/vue/logs/build.log
 create mode 100644 artifacts/product-reality/sprint-193/m07/proof-attempt-1/runtime/workflows/Media/vue/logs/install.log
 create mode 100644 artifacts/product-reality/sprint-193/m07/proof-attempt-1/runtime/workflows/Media/vue/logs/ssr-build.log
 create mode 100644 artifacts/product-reality/sprint-193/m07/proof-attempt-1/runtime/workflows/Media/vue/logs/ssr-render.json
 create mode 100644 artifacts/product-reality/sprint-193/m07/proof-attempt-1/runtime/workflows/Media/vue/logs/typecheck.log
 create mode 100644 artifacts/product-reality/sprint-193/m07/proof-attempt-1/runtime/workflows/Media/vue/receipt.json
 create mode 100644 artifacts/product-reality/sprint-193/m07/proof-attempt-1/runtime/workflows/Media/vue/server-render.html
 create mode 100644 artifacts/product-reality/sprint-193/m07/proof-attempt-1/runtime/workflows/Media/vue/source-ownership.json
 create mode 100644 artifacts/product-reality/sprint-193/m07/proof-attempt-1/runtime/workflows/Media/vue/source/index.html
 create mode 100644 artifacts/product-reality/sprint-193/m07/proof-attempt-1/runtime/workflows/Media/vue/source/package.json
 create mode 100644 artifacts/product-reality/sprint-193/m07/proof-attempt-1/runtime/workflows/Media/vue/source/src/App.vue
 create mode 100644 artifacts/product-reality/sprint-193/m07/proof-attempt-1/runtime/workflows/Media/vue/source/src/actions.ts
 create mode 100644 artifacts/product-reality/sprint-193/m07/proof-attempt-1/runtime/workflows/Media/vue/source/src/app.css
 create mode 100644 artifacts/product-reality/sprint-193/m07/proof-attempt-1/runtime/workflows/Media/vue/source/src/application.ts
 create mode 100644 artifacts/product-reality/sprint-193/m07/proof-attempt-1/runtime/workflows/Media/vue/source/src/main.ts
 create mode 100644 artifacts/product-reality/sprint-193/m07/proof-attempt-1/runtime/workflows/Media/vue/source/src/sample-data.ts
 create mode 100644 artifacts/product-reality/sprint-193/m07/proof-attempt-1/runtime/workflows/Media/vue/source/src/screens/Detail.vue
 create mode 100644 artifacts/product-reality/sprint-193/m07/proof-attempt-1/runtime/workflows/Media/vue/source/src/screens/Form.vue
 create mode 100644 artifacts/product-reality/sprint-193/m07/proof-attempt-1/runtime/workflows/Media/vue/source/src/screens/List.vue
 create mode 100644 artifacts/product-reality/sprint-193/m07/proof-attempt-1/runtime/workflows/Media/vue/source/src/screens/Timeline.vue
 create mode 100644 artifacts/product-reality/sprint-193/m07/proof-attempt-1/runtime/workflows/Media/vue/source/src/ssr.ts
 create mode 100644 artifacts/product-reality/sprint-193/m07/proof-attempt-1/runtime/workflows/Media/vue/source/src/store.ts
 create mode 100644 artifacts/product-reality/sprint-193/m07/proof-attempt-1/runtime/workflows/Media/vue/source/tsconfig.json
 create mode 100644 artifacts/product-reality/sprint-193/m07/proof-attempt-1/runtime/workflows/Media/vue/source/vite.config.mjs
 create mode 100644 artifacts/product-reality/sprint-193/m07/proof-attempt-1/runtime/workflows/Media/vue/states.json
 create mode 100644 artifacts/product-reality/sprint-193/m07/proof-attempt-1/runtime/workflows/Organization/bite-build.json
 create mode 100644 artifacts/product-reality/sprint-193/m07/proof-attempt-1/runtime/workflows/Organization/bite-restore-build.json
 create mode 100644 artifacts/product-reality/sprint-193/m07/proof-attempt-1/runtime/workflows/Organization/composition.json
 create mode 100644 artifacts/product-reality/sprint-193/m07/proof-attempt-1/runtime/workflows/Organization/navigation-bite.json
 create mode 100644 artifacts/product-reality/sprint-193/m07/proof-attempt-1/runtime/workflows/Organization/react-generation.json
 create mode 100644 artifacts/product-reality/sprint-193/m07/proof-attempt-1/runtime/workflows/Organization/react/accessibility-tree.txt
 create mode 100644 artifacts/product-reality/sprint-193/m07/proof-attempt-1/runtime/workflows/Organization/react/collection-controls.json
 create mode 100644 artifacts/product-reality/sprint-193/m07/proof-attempt-1/runtime/workflows/Organization/react/flow.json
 create mode 100644 artifacts/product-reality/sprint-193/m07/proof-attempt-1/runtime/workflows/Organization/react/installed-manifest.json
 create mode 100644 artifacts/product-reality/sprint-193/m07/proof-attempt-1/runtime/workflows/Organization/react/isolation.json
 create mode 100644 artifacts/product-reality/sprint-193/m07/proof-attempt-1/runtime/workflows/Organization/react/logs/build.log
 create mode 100644 artifacts/product-reality/sprint-193/m07/proof-attempt-1/runtime/workflows/Organization/react/logs/install.log
 create mode 100644 artifacts/product-reality/sprint-193/m07/proof-attempt-1/runtime/workflows/Organization/react/logs/ssr-build.log
 create mode 100644 artifacts/product-reality/sprint-193/m07/proof-attempt-1/runtime/workflows/Organization/react/logs/ssr-render.json
 create mode 100644 artifacts/product-reality/sprint-193/m07/proof-attempt-1/runtime/workflows/Organization/react/logs/typecheck.log
 create mode 100644 artifacts/product-reality/sprint-193/m07/proof-attempt-1/runtime/workflows/Organization/react/receipt.json
 create mode 100644 artifacts/product-reality/sprint-193/m07/proof-attempt-1/runtime/workflows/Organization/react/server-render.html
 create mode 100644 artifacts/product-reality/sprint-193/m07/proof-attempt-1/runtime/workflows/Organization/react/source-ownership.json
 create mode 100644 artifacts/product-reality/sprint-193/m07/proof-attempt-1/runtime/workflows/Organization/react/source/index.html
 create mode 100644 artifacts/product-reality/sprint-193/m07/proof-attempt-1/runtime/workflows/Organization/react/source/package.json
 create mode 100644 artifacts/product-reality/sprint-193/m07/proof-attempt-1/runtime/workflows/Organization/react/source/src/App.tsx
 create mode 100644 artifacts/product-reality/sprint-193/m07/proof-attempt-1/runtime/workflows/Organization/react/source/src/actions.ts
 create mode 100644 artifacts/product-reality/sprint-193/m07/proof-attempt-1/runtime/workflows/Organization/react/source/src/app.css
 create mode 100644 artifacts/product-reality/sprint-193/m07/proof-attempt-1/runtime/workflows/Organization/react/source/src/application.ts
 create mode 100644 artifacts/product-reality/sprint-193/m07/proof-attempt-1/runtime/workflows/Organization/react/source/src/main.tsx
 create mode 100644 artifacts/product-reality/sprint-193/m07/proof-attempt-1/runtime/workflows/Organization/react/source/src/sample-data.ts
 create mode 100644 artifacts/product-reality/sprint-193/m07/proof-attempt-1/runtime/workflows/Organization/react/source/src/screens/Detail.tsx
 create mode 100644 artifacts/product-reality/sprint-193/m07/proof-attempt-1/runtime/workflows/Organization/react/source/src/screens/Form.tsx
 create mode 100644 artifacts/product-reality/sprint-193/m07/proof-attempt-1/runtime/workflows/Organization/react/source/src/screens/List.tsx
 create mode 100644 artifacts/product-reality/sprint-193/m07/proof-attempt-1/runtime/workflows/Organization/react/source/src/screens/Timeline.tsx
 create mode 100644 artifacts/product-reality/sprint-193/m07/proof-attempt-1/runtime/workflows/Organization/react/source/src/ssr.tsx
 create mode 100644 artifacts/product-reality/sprint-193/m07/proof-attempt-1/runtime/workflows/Organization/react/source/src/store.ts
 create mode 100644 artifacts/product-reality/sprint-193/m07/proof-attempt-1/runtime/workflows/Organization/react/source/tsconfig.json
 create mode 100644 artifacts/product-reality/sprint-193/m07/proof-attempt-1/runtime/workflows/Organization/react/states.json
 create mode 100644 artifacts/product-reality/sprint-193/m07/proof-attempt-1/runtime/workflows/Organization/report.json
 create mode 100644 artifacts/product-reality/sprint-193/m07/proof-attempt-1/runtime/workflows/Organization/screenshots/react-detail-1440.png
 create mode 100644 artifacts/product-reality/sprint-193/m07/proof-attempt-1/runtime/workflows/Organization/screenshots/react-detail-390.png
 create mode 100644 artifacts/product-reality/sprint-193/m07/proof-attempt-1/runtime/workflows/Organization/screenshots/react-detail-820.png
 create mode 100644 artifacts/product-reality/sprint-193/m07/proof-attempt-1/runtime/workflows/Organization/screenshots/react-form-1440.png
 create mode 100644 artifacts/product-reality/sprint-193/m07/proof-attempt-1/runtime/workflows/Organization/screenshots/react-form-390.png
 create mode 100644 artifacts/product-reality/sprint-193/m07/proof-attempt-1/runtime/workflows/Organization/screenshots/react-form-820.png
 create mode 100644 artifacts/product-reality/sprint-193/m07/proof-attempt-1/runtime/workflows/Organization/screenshots/react-list-1440.png
 create mode 100644 artifacts/product-reality/sprint-193/m07/proof-attempt-1/runtime/workflows/Organization/screenshots/react-list-390.png
 create mode 100644 artifacts/product-reality/sprint-193/m07/proof-attempt-1/runtime/workflows/Organization/screenshots/react-list-820.png
 create mode 100644 artifacts/product-reality/sprint-193/m07/proof-attempt-1/runtime/workflows/Organization/screenshots/react-timeline-1440.png
 create mode 100644 artifacts/product-reality/sprint-193/m07/proof-attempt-1/runtime/workflows/Organization/screenshots/react-timeline-390.png
 create mode 100644 artifacts/product-reality/sprint-193/m07/proof-attempt-1/runtime/workflows/Organization/screenshots/react-timeline-820.png
 create mode 100644 artifacts/product-reality/sprint-193/m07/proof-attempt-1/runtime/workflows/Organization/screenshots/vue-detail-1440.png
 create mode 100644 artifacts/product-reality/sprint-193/m07/proof-attempt-1/runtime/workflows/Organization/screenshots/vue-detail-390.png
 create mode 100644 artifacts/product-reality/sprint-193/m07/proof-attempt-1/runtime/workflows/Organization/screenshots/vue-detail-820.png
 create mode 100644 artifacts/product-reality/sprint-193/m07/proof-attempt-1/runtime/workflows/Organization/screenshots/vue-form-1440.png
 create mode 100644 artifacts/product-reality/sprint-193/m07/proof-attempt-1/runtime/workflows/Organization/screenshots/vue-form-390.png
 create mode 100644 artifacts/product-reality/sprint-193/m07/proof-attempt-1/runtime/workflows/Organization/screenshots/vue-form-820.png
 create mode 100644 artifacts/product-reality/sprint-193/m07/proof-attempt-1/runtime/workflows/Organization/screenshots/vue-list-1440.png
 create mode 100644 artifacts/product-reality/sprint-193/m07/proof-attempt-1/runtime/workflows/Organization/screenshots/vue-list-390.png
 create mode 100644 artifacts/product-reality/sprint-193/m07/proof-attempt-1/runtime/workflows/Organization/screenshots/vue-list-820.png
 create mode 100644 artifacts/product-reality/sprint-193/m07/proof-attempt-1/runtime/workflows/Organization/screenshots/vue-timeline-1440.png
 create mode 100644 artifacts/product-reality/sprint-193/m07/proof-attempt-1/runtime/workflows/Organization/screenshots/vue-timeline-390.png
 create mode 100644 artifacts/product-reality/sprint-193/m07/proof-attempt-1/runtime/workflows/Organization/screenshots/vue-timeline-820.png
 create mode 100644 artifacts/product-reality/sprint-193/m07/proof-attempt-1/runtime/workflows/Organization/vue-generation.json
 create mode 100644 artifacts/product-reality/sprint-193/m07/proof-attempt-1/runtime/workflows/Organization/vue/accessibility-tree.txt
 create mode 100644 artifacts/product-reality/sprint-193/m07/proof-attempt-1/runtime/workflows/Organization/vue/collection-controls.json
 create mode 100644 artifacts/product-reality/sprint-193/m07/proof-attempt-1/runtime/workflows/Organization/vue/flow.json
 create mode 100644 artifacts/product-reality/sprint-193/m07/proof-attempt-1/runtime/workflows/Organization/vue/installed-manifest.json
 create mode 100644 artifacts/product-reality/sprint-193/m07/proof-attempt-1/runtime/workflows/Organization/vue/isolation.json
 create mode 100644 artifacts/product-reality/sprint-193/m07/proof-attempt-1/runtime/workflows/Organization/vue/logs/build.log
 create mode 100644 artifacts/product-reality/sprint-193/m07/proof-attempt-1/runtime/workflows/Organization/vue/logs/install.log
 create mode 100644 artifacts/product-reality/sprint-193/m07/proof-attempt-1/runtime/workflows/Organization/vue/logs/ssr-build.log
 create mode 100644 artifacts/product-reality/sprint-193/m07/proof-attempt-1/runtime/workflows/Organization/vue/logs/ssr-render.json
 create mode 100644 artifacts/product-reality/sprint-193/m07/proof-attempt-1/runtime/workflows/Organization/vue/logs/typecheck.log
 create mode 100644 artifacts/product-reality/sprint-193/m07/proof-attempt-1/runtime/workflows/Organization/vue/receipt.json
 create mode 100644 artifacts/product-reality/sprint-193/m07/proof-attempt-1/runtime/workflows/Organization/vue/server-render.html
 create mode 100644 artifacts/product-reality/sprint-193/m07/proof-attempt-1/runtime/workflows/Organization/vue/source-ownership.json
 create mode 100644 artifacts/product-reality/sprint-193/m07/proof-attempt-1/runtime/workflows/Organization/vue/source/index.html
 create mode 100644 artifacts/product-reality/sprint-193/m07/proof-attempt-1/runtime/workflows/Organization/vue/source/package.json
 create mode 100644 artifacts/product-reality/sprint-193/m07/proof-attempt-1/runtime/workflows/Organization/vue/source/src/App.vue
 create mode 100644 artifacts/product-reality/sprint-193/m07/proof-attempt-1/runtime/workflows/Organization/vue/source/src/actions.ts
 create mode 100644 artifacts/product-reality/sprint-193/m07/proof-attempt-1/runtime/workflows/Organization/vue/source/src/app.css
 create mode 100644 artifacts/product-reality/sprint-193/m07/proof-attempt-1/runtime/workflows/Organization/vue/source/src/application.ts
 create mode 100644 artifacts/product-reality/sprint-193/m07/proof-attempt-1/runtime/workflows/Organization/vue/source/src/main.ts
 create mode 100644 artifacts/product-reality/sprint-193/m07/proof-attempt-1/runtime/workflows/Organization/vue/source/src/sample-data.ts
 create mode 100644 artifacts/product-reality/sprint-193/m07/proof-attempt-1/runtime/workflows/Organization/vue/source/src/screens/Detail.vue
 create mode 100644 artifacts/product-reality/sprint-193/m07/proof-attempt-1/runtime/workflows/Organization/vue/source/src/screens/Form.vue
 create mode 100644 artifacts/product-reality/sprint-193/m07/proof-attempt-1/runtime/workflows/Organization/vue/source/src/screens/List.vue
 create mode 100644 artifacts/product-reality/sprint-193/m07/proof-attempt-1/runtime/workflows/Organization/vue/source/src/screens/Timeline.vue
 create mode 100644 artifacts/product-reality/sprint-193/m07/proof-attempt-1/runtime/workflows/Organization/vue/source/src/ssr.ts
 create mode 100644 artifacts/product-reality/sprint-193/m07/proof-attempt-1/runtime/workflows/Organization/vue/source/src/store.ts
 create mode 100644 artifacts/product-reality/sprint-193/m07/proof-attempt-1/runtime/workflows/Organization/vue/source/tsconfig.json
 create mode 100644 artifacts/product-reality/sprint-193/m07/proof-attempt-1/runtime/workflows/Organization/vue/source/vite.config.mjs
 create mode 100644 artifacts/product-reality/sprint-193/m07/proof-attempt-1/runtime/workflows/Organization/vue/states.json
 create mode 100644 artifacts/product-reality/sprint-193/m07/proof-attempt-1/runtime/workflows/Plan/bite-build.json
 create mode 100644 artifacts/product-reality/sprint-193/m07/proof-attempt-1/runtime/workflows/Plan/bite-restore-build.json
 create mode 100644 artifacts/product-reality/sprint-193/m07/proof-attempt-1/runtime/workflows/Plan/composition.json
 create mode 100644 artifacts/product-reality/sprint-193/m07/proof-attempt-1/runtime/workflows/Plan/navigation-bite.json
 create mode 100644 artifacts/product-reality/sprint-193/m07/proof-attempt-1/runtime/workflows/Plan/react-generation.json
 create mode 100644 artifacts/product-reality/sprint-193/m07/proof-attempt-1/runtime/workflows/Plan/react/accessibility-tree.txt
 create mode 100644 artifacts/product-reality/sprint-193/m07/proof-attempt-1/runtime/workflows/Plan/react/collection-controls.json
 create mode 100644 artifacts/product-reality/sprint-193/m07/proof-attempt-1/runtime/workflows/Plan/react/flow.json
 create mode 100644 artifacts/product-reality/sprint-193/m07/proof-attempt-1/runtime/workflows/Plan/react/installed-manifest.json
 create mode 100644 artifacts/product-reality/sprint-193/m07/proof-attempt-1/runtime/workflows/Plan/react/isolation.json
 create mode 100644 artifacts/product-reality/sprint-193/m07/proof-attempt-1/runtime/workflows/Plan/react/logs/build.log
 create mode 100644 artifacts/product-reality/sprint-193/m07/proof-attempt-1/runtime/workflows/Plan/react/logs/install.log
 create mode 100644 artifacts/product-reality/sprint-193/m07/proof-attempt-1/runtime/workflows/Plan/react/logs/ssr-build.log
 create mode 100644 artifacts/product-reality/sprint-193/m07/proof-attempt-1/runtime/workflows/Plan/react/logs/ssr-render.json
 create mode 100644 artifacts/product-reality/sprint-193/m07/proof-attempt-1/runtime/workflows/Plan/react/logs/typecheck.log
 create mode 100644 artifacts/product-reality/sprint-193/m07/proof-attempt-1/runtime/workflows/Plan/react/receipt.json
 create mode 100644 artifacts/product-reality/sprint-193/m07/proof-attempt-1/runtime/workflows/Plan/react/server-render.html
 create mode 100644 artifacts/product-reality/sprint-193/m07/proof-attempt-1/runtime/workflows/Plan/react/source-ownership.json
 create mode 100644 artifacts/product-reality/sprint-193/m07/proof-attempt-1/runtime/workflows/Plan/react/source/index.html
 create mode 100644 artifacts/product-reality/sprint-193/m07/proof-attempt-1/runtime/workflows/Plan/react/source/package.json
 create mode 100644 artifacts/product-reality/sprint-193/m07/proof-attempt-1/runtime/workflows/Plan/react/source/src/App.tsx
 create mode 100644 artifacts/product-reality/sprint-193/m07/proof-attempt-1/runtime/workflows/Plan/react/source/src/actions.ts
 create mode 100644 artifacts/product-reality/sprint-193/m07/proof-attempt-1/runtime/workflows/Plan/react/source/src/app.css
 create mode 100644 artifacts/product-reality/sprint-193/m07/proof-attempt-1/runtime/workflows/Plan/react/source/src/application.ts
 create mode 100644 artifacts/product-reality/sprint-193/m07/proof-attempt-1/runtime/workflows/Plan/react/source/src/main.tsx
 create mode 100644 artifacts/product-reality/sprint-193/m07/proof-attempt-1/runtime/workflows/Plan/react/source/src/sample-data.ts
 create mode 100644 artifacts/product-reality/sprint-193/m07/proof-attempt-1/runtime/workflows/Plan/react/source/src/screens/Detail.tsx
 create mode 100644 artifacts/product-reality/sprint-193/m07/proof-attempt-1/runtime/workflows/Plan/react/source/src/screens/Form.tsx
 create mode 100644 artifacts/product-reality/sprint-193/m07/proof-attempt-1/runtime/workflows/Plan/react/source/src/screens/List.tsx
 create mode 100644 artifacts/product-reality/sprint-193/m07/proof-attempt-1/runtime/workflows/Plan/react/source/src/screens/Timeline.tsx
 create mode 100644 artifacts/product-reality/sprint-193/m07/proof-attempt-1/runtime/workflows/Plan/react/source/src/ssr.tsx
 create mode 100644 artifacts/product-reality/sprint-193/m07/proof-attempt-1/runtime/workflows/Plan/react/source/src/store.ts
 create mode 100644 artifacts/product-reality/sprint-193/m07/proof-attempt-1/runtime/workflows/Plan/react/source/tsconfig.json
 create mode 100644 artifacts/product-reality/sprint-193/m07/proof-attempt-1/runtime/workflows/Plan/react/states.json
 create mode 100644 artifacts/product-reality/sprint-193/m07/proof-attempt-1/runtime/workflows/Plan/report.json
 create mode 100644 artifacts/product-reality/sprint-193/m07/proof-attempt-1/runtime/workflows/Plan/screenshots/react-detail-1440.png
 create mode 100644 artifacts/product-reality/sprint-193/m07/proof-attempt-1/runtime/workflows/Plan/screenshots/react-detail-390.png
 create mode 100644 artifacts/product-reality/sprint-193/m07/proof-attempt-1/runtime/workflows/Plan/screenshots/react-detail-820.png
 create mode 100644 artifacts/product-reality/sprint-193/m07/proof-attempt-1/runtime/workflows/Plan/screenshots/react-form-1440.png
 create mode 100644 artifacts/product-reality/sprint-193/m07/proof-attempt-1/runtime/workflows/Plan/screenshots/react-form-390.png
 create mode 100644 artifacts/product-reality/sprint-193/m07/proof-attempt-1/runtime/workflows/Plan/screenshots/react-form-820.png
 create mode 100644 artifacts/product-reality/sprint-193/m07/proof-attempt-1/runtime/workflows/Plan/screenshots/react-list-1440.png
 create mode 100644 artifacts/product-reality/sprint-193/m07/proof-attempt-1/runtime/workflows/Plan/screenshots/react-list-390.png
 create mode 100644 artifacts/product-reality/sprint-193/m07/proof-attempt-1/runtime/workflows/Plan/screenshots/react-list-820.png
 create mode 100644 artifacts/product-reality/sprint-193/m07/proof-attempt-1/runtime/workflows/Plan/screenshots/react-timeline-1440.png
 create mode 100644 artifacts/product-reality/sprint-193/m07/proof-attempt-1/runtime/workflows/Plan/screenshots/react-timeline-390.png
 create mode 100644 artifacts/product-reality/sprint-193/m07/proof-attempt-1/runtime/workflows/Plan/screenshots/react-timeline-820.png
 create mode 100644 artifacts/product-reality/sprint-193/m07/proof-attempt-1/runtime/workflows/Plan/screenshots/vue-detail-1440.png
 create mode 100644 artifacts/product-reality/sprint-193/m07/proof-attempt-1/runtime/workflows/Plan/screenshots/vue-detail-390.png
 create mode 100644 artifacts/product-reality/sprint-193/m07/proof-attempt-1/runtime/workflows/Plan/screenshots/vue-detail-820.png
 create mode 100644 artifacts/product-reality/sprint-193/m07/proof-attempt-1/runtime/workflows/Plan/screenshots/vue-form-1440.png
 create mode 100644 artifacts/product-reality/sprint-193/m07/proof-attempt-1/runtime/workflows/Plan/screenshots/vue-form-390.png
 create mode 100644 artifacts/product-reality/sprint-193/m07/proof-attempt-1/runtime/workflows/Plan/screenshots/vue-form-820.png
 create mode 100644 artifacts/product-reality/sprint-193/m07/proof-attempt-1/runtime/workflows/Plan/screenshots/vue-list-1440.png
 create mode 100644 artifacts/product-reality/sprint-193/m07/proof-attempt-1/runtime/workflows/Plan/screenshots/vue-list-390.png
 create mode 100644 artifacts/product-reality/sprint-193/m07/proof-attempt-1/runtime/workflows/Plan/screenshots/vue-list-820.png
 create mode 100644 artifacts/product-reality/sprint-193/m07/proof-attempt-1/runtime/workflows/Plan/screenshots/vue-timeline-1440.png
 create mode 100644 artifacts/product-reality/sprint-193/m07/proof-attempt-1/runtime/workflows/Plan/screenshots/vue-timeline-390.png
 create mode 100644 artifacts/product-reality/sprint-193/m07/proof-attempt-1/runtime/workflows/Plan/screenshots/vue-timeline-820.png
 create mode 100644 artifacts/product-reality/sprint-193/m07/proof-attempt-1/runtime/workflows/Plan/vue-generation.json
 create mode 100644 artifacts/product-reality/sprint-193/m07/proof-attempt-1/runtime/workflows/Plan/vue/accessibility-tree.txt
 create mode 100644 artifacts/product-reality/sprint-193/m07/proof-attempt-1/runtime/workflows/Plan/vue/collection-controls.json
 create mode 100644 artifacts/product-reality/sprint-193/m07/proof-attempt-1/runtime/workflows/Plan/vue/flow.json
 create mode 100644 artifacts/product-reality/sprint-193/m07/proof-attempt-1/runtime/workflows/Plan/vue/installed-manifest.json
 create mode 100644 artifacts/product-reality/sprint-193/m07/proof-attempt-1/runtime/workflows/Plan/vue/isolation.json
 create mode 100644 artifacts/product-reality/sprint-193/m07/proof-attempt-1/runtime/workflows/Plan/vue/logs/build.log
 create mode 100644 artifacts/product-reality/sprint-193/m07/proof-attempt-1/runtime/workflows/Plan/vue/logs/install.log
 create mode 100644 artifacts/product-reality/sprint-193/m07/proof-attempt-1/runtime/workflows/Plan/vue/logs/ssr-build.log
 create mode 100644 artifacts/product-reality/sprint-193/m07/proof-attempt-1/runtime/workflows/Plan/vue/logs/ssr-render.json
 create mode 100644 artifacts/product-reality/sprint-193/m07/proof-attempt-1/runtime/workflows/Plan/vue/logs/typecheck.log
 create mode 100644 artifacts/product-reality/sprint-193/m07/proof-attempt-1/runtime/workflows/Plan/vue/receipt.json
 create mode 100644 artifacts/product-reality/sprint-193/m07/proof-attempt-1/runtime/workflows/Plan/vue/server-render.html
 create mode 100644 artifacts/product-reality/sprint-193/m07/proof-attempt-1/runtime/workflows/Plan/vue/source-ownership.json
 create mode 100644 artifacts/product-reality/sprint-193/m07/proof-attempt-1/runtime/workflows/Plan/vue/source/index.html
 create mode 100644 artifacts/product-reality/sprint-193/m07/proof-attempt-1/runtime/workflows/Plan/vue/source/package.json
 create mode 100644 artifacts/product-reality/sprint-193/m07/proof-attempt-1/runtime/workflows/Plan/vue/source/src/App.vue
 create mode 100644 artifacts/product-reality/sprint-193/m07/proof-attempt-1/runtime/workflows/Plan/vue/source/src/actions.ts
 create mode 100644 artifacts/product-reality/sprint-193/m07/proof-attempt-1/runtime/workflows/Plan/vue/source/src/app.css
 create mode 100644 artifacts/product-reality/sprint-193/m07/proof-attempt-1/runtime/workflows/Plan/vue/source/src/application.ts
 create mode 100644 artifacts/product-reality/sprint-193/m07/proof-attempt-1/runtime/workflows/Plan/vue/source/src/main.ts
 create mode 100644 artifacts/product-reality/sprint-193/m07/proof-attempt-1/runtime/workflows/Plan/vue/source/src/sample-data.ts
 create mode 100644 artifacts/product-reality/sprint-193/m07/proof-attempt-1/runtime/workflows/Plan/vue/source/src/screens/Detail.vue
 create mode 100644 artifacts/product-reality/sprint-193/m07/proof-attempt-1/runtime/workflows/Plan/vue/source/src/screens/Form.vue
 create mode 100644 artifacts/product-reality/sprint-193/m07/proof-attempt-1/runtime/workflows/Plan/vue/source/src/screens/List.vue
 create mode 100644 artifacts/product-reality/sprint-193/m07/proof-attempt-1/runtime/workflows/Plan/vue/source/src/screens/Timeline.vue
 create mode 100644 artifacts/product-reality/sprint-193/m07/proof-attempt-1/runtime/workflows/Plan/vue/source/src/ssr.ts
 create mode 100644 artifacts/product-reality/sprint-193/m07/proof-attempt-1/runtime/workflows/Plan/vue/source/src/store.ts
 create mode 100644 artifacts/product-reality/sprint-193/m07/proof-attempt-1/runtime/workflows/Plan/vue/source/tsconfig.json
 create mode 100644 artifacts/product-reality/sprint-193/m07/proof-attempt-1/runtime/workflows/Plan/vue/source/vite.config.mjs
 create mode 100644 artifacts/product-reality/sprint-193/m07/proof-attempt-1/runtime/workflows/Plan/vue/states.json
 create mode 100644 artifacts/product-reality/sprint-193/m07/proof-attempt-1/runtime/workflows/Product/bite-build.json
 create mode 100644 artifacts/product-reality/sprint-193/m07/proof-attempt-1/runtime/workflows/Product/bite-restore-build.json
 create mode 100644 artifacts/product-reality/sprint-193/m07/proof-attempt-1/runtime/workflows/Product/composition.json
 create mode 100644 artifacts/product-reality/sprint-193/m07/proof-attempt-1/runtime/workflows/Product/navigation-bite.json
 create mode 100644 artifacts/product-reality/sprint-193/m07/proof-attempt-1/runtime/workflows/Product/react-generation.json
 create mode 100644 artifacts/product-reality/sprint-193/m07/proof-attempt-1/runtime/workflows/Product/react/accessibility-tree.txt
 create mode 100644 artifacts/product-reality/sprint-193/m07/proof-attempt-1/runtime/workflows/Product/react/collection-controls.json
 create mode 100644 artifacts/product-reality/sprint-193/m07/proof-attempt-1/runtime/workflows/Product/react/flow.json
 create mode 100644 artifacts/product-reality/sprint-193/m07/proof-attempt-1/runtime/workflows/Product/react/installed-manifest.json
 create mode 100644 artifacts/product-reality/sprint-193/m07/proof-attempt-1/runtime/workflows/Product/react/isolation.json
 create mode 100644 artifacts/product-reality/sprint-193/m07/proof-attempt-1/runtime/workflows/Product/react/logs/build.log
 create mode 100644 artifacts/product-reality/sprint-193/m07/proof-attempt-1/runtime/workflows/Product/react/logs/install.log
 create mode 100644 artifacts/product-reality/sprint-193/m07/proof-attempt-1/runtime/workflows/Product/react/logs/ssr-build.log
 create mode 100644 artifacts/product-reality/sprint-193/m07/proof-attempt-1/runtime/workflows/Product/react/logs/ssr-render.json
 create mode 100644 artifacts/product-reality/sprint-193/m07/proof-attempt-1/runtime/workflows/Product/react/logs/typecheck.log
 create mode 100644 artifacts/product-reality/sprint-193/m07/proof-attempt-1/runtime/workflows/Product/react/receipt.json
 create mode 100644 artifacts/product-reality/sprint-193/m07/proof-attempt-1/runtime/workflows/Product/react/server-render.html
 create mode 100644 artifacts/product-reality/sprint-193/m07/proof-attempt-1/runtime/workflows/Product/react/source-ownership.json
 create mode 100644 artifacts/product-reality/sprint-193/m07/proof-attempt-1/runtime/workflows/Product/react/source/index.html
 create mode 100644 artifacts/product-reality/sprint-193/m07/proof-attempt-1/runtime/workflows/Product/react/source/package.json
 create mode 100644 artifacts/product-reality/sprint-193/m07/proof-attempt-1/runtime/workflows/Product/react/source/src/App.tsx
 create mode 100644 artifacts/product-reality/sprint-193/m07/proof-attempt-1/runtime/workflows/Product/react/source/src/actions.ts
 create mode 100644 artifacts/product-reality/sprint-193/m07/proof-attempt-1/runtime/workflows/Product/react/source/src/app.css
 create mode 100644 artifacts/product-reality/sprint-193/m07/proof-attempt-1/runtime/workflows/Product/react/source/src/application.ts
 create mode 100644 artifacts/product-reality/sprint-193/m07/proof-attempt-1/runtime/workflows/Product/react/source/src/main.tsx
 create mode 100644 artifacts/product-reality/sprint-193/m07/proof-attempt-1/runtime/workflows/Product/react/source/src/sample-data.ts
 create mode 100644 artifacts/product-reality/sprint-193/m07/proof-attempt-1/runtime/workflows/Product/react/source/src/screens/Detail.tsx
 create mode 100644 artifacts/product-reality/sprint-193/m07/proof-attempt-1/runtime/workflows/Product/react/source/src/screens/Form.tsx
 create mode 100644 artifacts/product-reality/sprint-193/m07/proof-attempt-1/runtime/workflows/Product/react/source/src/screens/List.tsx
 create mode 100644 artifacts/product-reality/sprint-193/m07/proof-attempt-1/runtime/workflows/Product/react/source/src/screens/Timeline.tsx
 create mode 100644 artifacts/product-reality/sprint-193/m07/proof-attempt-1/runtime/workflows/Product/react/source/src/ssr.tsx
 create mode 100644 artifacts/product-reality/sprint-193/m07/proof-attempt-1/runtime/workflows/Product/react/source/src/store.ts
 create mode 100644 artifacts/product-reality/sprint-193/m07/proof-attempt-1/runtime/workflows/Product/react/source/tsconfig.json
 create mode 100644 artifacts/product-reality/sprint-193/m07/proof-attempt-1/runtime/workflows/Product/react/states.json
 create mode 100644 artifacts/product-reality/sprint-193/m07/proof-attempt-1/runtime/workflows/Product/report.json
 create mode 100644 artifacts/product-reality/sprint-193/m07/proof-attempt-1/runtime/workflows/Product/screenshots/react-detail-1440.png
 create mode 100644 artifacts/product-reality/sprint-193/m07/proof-attempt-1/runtime/workflows/Product/screenshots/react-detail-390.png
 create mode 100644 artifacts/product-reality/sprint-193/m07/proof-attempt-1/runtime/workflows/Product/screenshots/react-detail-820.png
 create mode 100644 artifacts/product-reality/sprint-193/m07/proof-attempt-1/runtime/workflows/Product/screenshots/react-form-1440.png
 create mode 100644 artifacts/product-reality/sprint-193/m07/proof-attempt-1/runtime/workflows/Product/screenshots/react-form-390.png
 create mode 100644 artifacts/product-reality/sprint-193/m07/proof-attempt-1/runtime/workflows/Product/screenshots/react-form-820.png
 create mode 100644 artifacts/product-reality/sprint-193/m07/proof-attempt-1/runtime/workflows/Product/screenshots/react-list-1440.png
 create mode 100644 artifacts/product-reality/sprint-193/m07/proof-attempt-1/runtime/workflows/Product/screenshots/react-list-390.png
 create mode 100644 artifacts/product-reality/sprint-193/m07/proof-attempt-1/runtime/workflows/Product/screenshots/react-list-820.png
 create mode 100644 artifacts/product-reality/sprint-193/m07/proof-attempt-1/runtime/workflows/Product/screenshots/react-timeline-1440.png
 create mode 100644 artifacts/product-reality/sprint-193/m07/proof-attempt-1/runtime/workflows/Product/screenshots/react-timeline-390.png
 create mode 100644 artifacts/product-reality/sprint-193/m07/proof-attempt-1/runtime/workflows/Product/screenshots/react-timeline-820.png
 create mode 100644 artifacts/product-reality/sprint-193/m07/proof-attempt-1/runtime/workflows/Product/screenshots/vue-detail-1440.png
 create mode 100644 artifacts/product-reality/sprint-193/m07/proof-attempt-1/runtime/workflows/Product/screenshots/vue-detail-390.png
 create mode 100644 artifacts/product-reality/sprint-193/m07/proof-attempt-1/runtime/workflows/Product/screenshots/vue-detail-820.png
 create mode 100644 artifacts/product-reality/sprint-193/m07/proof-attempt-1/runtime/workflows/Product/screenshots/vue-form-1440.png
 create mode 100644 artifacts/product-reality/sprint-193/m07/proof-attempt-1/runtime/workflows/Product/screenshots/vue-form-390.png
 create mode 100644 artifacts/product-reality/sprint-193/m07/proof-attempt-1/runtime/workflows/Product/screenshots/vue-form-820.png
 create mode 100644 artifacts/product-reality/sprint-193/m07/proof-attempt-1/runtime/workflows/Product/screenshots/vue-list-1440.png
 create mode 100644 artifacts/product-reality/sprint-193/m07/proof-attempt-1/runtime/workflows/Product/screenshots/vue-list-390.png
 create mode 100644 artifacts/product-reality/sprint-193/m07/proof-attempt-1/runtime/workflows/Product/screenshots/vue-list-820.png
 create mode 100644 artifacts/product-reality/sprint-193/m07/proof-attempt-1/runtime/workflows/Product/screenshots/vue-timeline-1440.png
 create mode 100644 artifacts/product-reality/sprint-193/m07/proof-attempt-1/runtime/workflows/Product/screenshots/vue-timeline-390.png
 create mode 100644 artifacts/product-reality/sprint-193/m07/proof-attempt-1/runtime/workflows/Product/screenshots/vue-timeline-820.png
 create mode 100644 artifacts/product-reality/sprint-193/m07/proof-attempt-1/runtime/workflows/Product/vue-generation.json
 create mode 100644 artifacts/product-reality/sprint-193/m07/proof-attempt-1/runtime/workflows/Product/vue/accessibility-tree.txt
 create mode 100644 artifacts/product-reality/sprint-193/m07/proof-attempt-1/runtime/workflows/Product/vue/collection-controls.json
 create mode 100644 artifacts/product-reality/sprint-193/m07/proof-attempt-1/runtime/workflows/Product/vue/flow.json
 create mode 100644 artifacts/product-reality/sprint-193/m07/proof-attempt-1/runtime/workflows/Product/vue/installed-manifest.json
 create mode 100644 artifacts/product-reality/sprint-193/m07/proof-attempt-1/runtime/workflows/Product/vue/isolation.json
 create mode 100644 artifacts/product-reality/sprint-193/m07/proof-attempt-1/runtime/workflows/Product/vue/logs/build.log
 create mode 100644 artifacts/product-reality/sprint-193/m07/proof-attempt-1/runtime/workflows/Product/vue/logs/install.log
 create mode 100644 artifacts/product-reality/sprint-193/m07/proof-attempt-1/runtime/workflows/Product/vue/logs/ssr-build.log
 create mode 100644 artifacts/product-reality/sprint-193/m07/proof-attempt-1/runtime/workflows/Product/vue/logs/ssr-render.json
 create mode 100644 artifacts/product-reality/sprint-193/m07/proof-attempt-1/runtime/workflows/Product/vue/logs/typecheck.log
 create mode 100644 artifacts/product-reality/sprint-193/m07/proof-attempt-1/runtime/workflows/Product/vue/receipt.json
 create mode 100644 artifacts/product-reality/sprint-193/m07/proof-attempt-1/runtime/workflows/Product/vue/server-render.html
 create mode 100644 artifacts/product-reality/sprint-193/m07/proof-attempt-1/runtime/workflows/Product/vue/source-ownership.json
 create mode 100644 artifacts/product-reality/sprint-193/m07/proof-attempt-1/runtime/workflows/Product/vue/source/index.html
 create mode 100644 artifacts/product-reality/sprint-193/m07/proof-attempt-1/runtime/workflows/Product/vue/source/package.json
 create mode 100644 artifacts/product-reality/sprint-193/m07/proof-attempt-1/runtime/workflows/Product/vue/source/src/App.vue
 create mode 100644 artifacts/product-reality/sprint-193/m07/proof-attempt-1/runtime/workflows/Product/vue/source/src/actions.ts
 create mode 100644 artifacts/product-reality/sprint-193/m07/proof-attempt-1/runtime/workflows/Product/vue/source/src/app.css
 create mode 100644 artifacts/product-reality/sprint-193/m07/proof-attempt-1/runtime/workflows/Product/vue/source/src/application.ts
 create mode 100644 artifacts/product-reality/sprint-193/m07/proof-attempt-1/runtime/workflows/Product/vue/source/src/main.ts
 create mode 100644 artifacts/product-reality/sprint-193/m07/proof-attempt-1/runtime/workflows/Product/vue/source/src/sample-data.ts
 create mode 100644 artifacts/product-reality/sprint-193/m07/proof-attempt-1/runtime/workflows/Product/vue/source/src/screens/Detail.vue
 create mode 100644 artifacts/product-reality/sprint-193/m07/proof-attempt-1/runtime/workflows/Product/vue/source/src/screens/Form.vue
 create mode 100644 artifacts/product-reality/sprint-193/m07/proof-attempt-1/runtime/workflows/Product/vue/source/src/screens/List.vue
 create mode 100644 artifacts/product-reality/sprint-193/m07/proof-attempt-1/runtime/workflows/Product/vue/source/src/screens/Timeline.vue
 create mode 100644 artifacts/product-reality/sprint-193/m07/proof-attempt-1/runtime/workflows/Product/vue/source/src/ssr.ts
 create mode 100644 artifacts/product-reality/sprint-193/m07/proof-attempt-1/runtime/workflows/Product/vue/source/src/store.ts
 create mode 100644 artifacts/product-reality/sprint-193/m07/proof-attempt-1/runtime/workflows/Product/vue/source/tsconfig.json
 create mode 100644 artifacts/product-reality/sprint-193/m07/proof-attempt-1/runtime/workflows/Product/vue/source/vite.config.mjs
 create mode 100644 artifacts/product-reality/sprint-193/m07/proof-attempt-1/runtime/workflows/Product/vue/states.json
 create mode 100644 artifacts/product-reality/sprint-193/m07/proof-attempt-1/runtime/workflows/Relationship/bite-build.json
 create mode 100644 artifacts/product-reality/sprint-193/m07/proof-attempt-1/runtime/workflows/Relationship/bite-restore-build.json
 create mode 100644 artifacts/product-reality/sprint-193/m07/proof-attempt-1/runtime/workflows/Relationship/composition.json
 create mode 100644 artifacts/product-reality/sprint-193/m07/proof-attempt-1/runtime/workflows/Relationship/navigation-bite.json
 create mode 100644 artifacts/product-reality/sprint-193/m07/proof-attempt-1/runtime/workflows/Relationship/react-generation.json
 create mode 100644 artifacts/product-reality/sprint-193/m07/proof-attempt-1/runtime/workflows/Relationship/react/accessibility-tree.txt
 create mode 100644 artifacts/product-reality/sprint-193/m07/proof-attempt-1/runtime/workflows/Relationship/react/collection-controls.json
 create mode 100644 artifacts/product-reality/sprint-193/m07/proof-attempt-1/runtime/workflows/Relationship/react/flow.json
 create mode 100644 artifacts/product-reality/sprint-193/m07/proof-attempt-1/runtime/workflows/Relationship/react/installed-manifest.json
 create mode 100644 artifacts/product-reality/sprint-193/m07/proof-attempt-1/runtime/workflows/Relationship/react/isolation.json
 create mode 100644 artifacts/product-reality/sprint-193/m07/proof-attempt-1/runtime/workflows/Relationship/react/logs/build.log
 create mode 100644 artifacts/product-reality/sprint-193/m07/proof-attempt-1/runtime/workflows/Relationship/react/logs/install.log
 create mode 100644 artifacts/product-reality/sprint-193/m07/proof-attempt-1/runtime/workflows/Relationship/react/logs/ssr-build.log
 create mode 100644 artifacts/product-reality/sprint-193/m07/proof-attempt-1/runtime/workflows/Relationship/react/logs/ssr-render.json
 create mode 100644 artifacts/product-reality/sprint-193/m07/proof-attempt-1/runtime/workflows/Relationship/react/logs/typecheck.log
 create mode 100644 artifacts/product-reality/sprint-193/m07/proof-attempt-1/runtime/workflows/Relationship/react/receipt.json
 create mode 100644 artifacts/product-reality/sprint-193/m07/proof-attempt-1/runtime/workflows/Relationship/react/server-render.html
 create mode 100644 artifacts/product-reality/sprint-193/m07/proof-attempt-1/runtime/workflows/Relationship/react/source-ownership.json
 create mode 100644 artifacts/product-reality/sprint-193/m07/proof-attempt-1/runtime/workflows/Relationship/react/source/index.html
 create mode 100644 artifacts/product-reality/sprint-193/m07/proof-attempt-1/runtime/workflows/Relationship/react/source/package.json
 create mode 100644 artifacts/product-reality/sprint-193/m07/proof-attempt-1/runtime/workflows/Relationship/react/source/src/App.tsx
 create mode 100644 artifacts/product-reality/sprint-193/m07/proof-attempt-1/runtime/workflows/Relationship/react/source/src/actions.ts
 create mode 100644 artifacts/product-reality/sprint-193/m07/proof-attempt-1/runtime/workflows/Relationship/react/source/src/app.css
 create mode 100644 artifacts/product-reality/sprint-193/m07/proof-attempt-1/runtime/workflows/Relationship/react/source/src/application.ts
 create mode 100644 artifacts/product-reality/sprint-193/m07/proof-attempt-1/runtime/workflows/Relationship/react/source/src/main.tsx
 create mode 100644 artifacts/product-reality/sprint-193/m07/proof-attempt-1/runtime/workflows/Relationship/react/source/src/sample-data.ts
 create mode 100644 artifacts/product-reality/sprint-193/m07/proof-attempt-1/runtime/workflows/Relationship/react/source/src/screens/Detail.tsx
 create mode 100644 artifacts/product-reality/sprint-193/m07/proof-attempt-1/runtime/workflows/Relationship/react/source/src/screens/Form.tsx
 create mode 100644 artifacts/product-reality/sprint-193/m07/proof-attempt-1/runtime/workflows/Relationship/react/source/src/screens/List.tsx
 create mode 100644 artifacts/product-reality/sprint-193/m07/proof-attempt-1/runtime/workflows/Relationship/react/source/src/screens/Timeline.tsx
 create mode 100644 artifacts/product-reality/sprint-193/m07/proof-attempt-1/runtime/workflows/Relationship/react/source/src/ssr.tsx
 create mode 100644 artifacts/product-reality/sprint-193/m07/proof-attempt-1/runtime/workflows/Relationship/react/source/src/store.ts
 create mode 100644 artifacts/product-reality/sprint-193/m07/proof-attempt-1/runtime/workflows/Relationship/react/source/tsconfig.json
 create mode 100644 artifacts/product-reality/sprint-193/m07/proof-attempt-1/runtime/workflows/Relationship/react/states.json
 create mode 100644 artifacts/product-reality/sprint-193/m07/proof-attempt-1/runtime/workflows/Relationship/report.json
 create mode 100644 artifacts/product-reality/sprint-193/m07/proof-attempt-1/runtime/workflows/Relationship/screenshots/react-detail-1440.png
 create mode 100644 artifacts/product-reality/sprint-193/m07/proof-attempt-1/runtime/workflows/Relationship/screenshots/react-detail-390.png
 create mode 100644 artifacts/product-reality/sprint-193/m07/proof-attempt-1/runtime/workflows/Relationship/screenshots/react-detail-820.png
 create mode 100644 artifacts/product-reality/sprint-193/m07/proof-attempt-1/runtime/workflows/Relationship/screenshots/react-form-1440.png
 create mode 100644 artifacts/product-reality/sprint-193/m07/proof-attempt-1/runtime/workflows/Relationship/screenshots/react-form-390.png
 create mode 100644 artifacts/product-reality/sprint-193/m07/proof-attempt-1/runtime/workflows/Relationship/screenshots/react-form-820.png
 create mode 100644 artifacts/product-reality/sprint-193/m07/proof-attempt-1/runtime/workflows/Relationship/screenshots/react-list-1440.png
 create mode 100644 artifacts/product-reality/sprint-193/m07/proof-attempt-1/runtime/workflows/Relationship/screenshots/react-list-390.png
 create mode 100644 artifacts/product-reality/sprint-193/m07/proof-attempt-1/runtime/workflows/Relationship/screenshots/react-list-820.png
 create mode 100644 artifacts/product-reality/sprint-193/m07/proof-attempt-1/runtime/workflows/Relationship/screenshots/react-timeline-1440.png
 create mode 100644 artifacts/product-reality/sprint-193/m07/proof-attempt-1/runtime/workflows/Relationship/screenshots/react-timeline-390.png
 create mode 100644 artifacts/product-reality/sprint-193/m07/proof-attempt-1/runtime/workflows/Relationship/screenshots/react-timeline-820.png
 create mode 100644 artifacts/product-reality/sprint-193/m07/proof-attempt-1/runtime/workflows/Relationship/screenshots/vue-detail-1440.png
 create mode 100644 artifacts/product-reality/sprint-193/m07/proof-attempt-1/runtime/workflows/Relationship/screenshots/vue-detail-390.png
 create mode 100644 artifacts/product-reality/sprint-193/m07/proof-attempt-1/runtime/workflows/Relationship/screenshots/vue-detail-820.png
 create mode 100644 artifacts/product-reality/sprint-193/m07/proof-attempt-1/runtime/workflows/Relationship/screenshots/vue-form-1440.png
 create mode 100644 artifacts/product-reality/sprint-193/m07/proof-attempt-1/runtime/workflows/Relationship/screenshots/vue-form-390.png
 create mode 100644 artifacts/product-reality/sprint-193/m07/proof-attempt-1/runtime/workflows/Relationship/screenshots/vue-form-820.png
 create mode 100644 artifacts/product-reality/sprint-193/m07/proof-attempt-1/runtime/workflows/Relationship/screenshots/vue-list-1440.png
 create mode 100644 artifacts/product-reality/sprint-193/m07/proof-attempt-1/runtime/workflows/Relationship/screenshots/vue-list-390.png
 create mode 100644 artifacts/product-reality/sprint-193/m07/proof-attempt-1/runtime/workflows/Relationship/screenshots/vue-list-820.png
 create mode 100644 artifacts/product-reality/sprint-193/m07/proof-attempt-1/runtime/workflows/Relationship/screenshots/vue-timeline-1440.png
 create mode 100644 artifacts/product-reality/sprint-193/m07/proof-attempt-1/runtime/workflows/Relationship/screenshots/vue-timeline-390.png
 create mode 100644 artifacts/product-reality/sprint-193/m07/proof-attempt-1/runtime/workflows/Relationship/screenshots/vue-timeline-820.png
 create mode 100644 artifacts/product-reality/sprint-193/m07/proof-attempt-1/runtime/workflows/Relationship/vue-generation.json
 create mode 100644 artifacts/product-reality/sprint-193/m07/proof-attempt-1/runtime/workflows/Relationship/vue/accessibility-tree.txt
 create mode 100644 artifacts/product-reality/sprint-193/m07/proof-attempt-1/runtime/workflows/Relationship/vue/collection-controls.json
 create mode 100644 artifacts/product-reality/sprint-193/m07/proof-attempt-1/runtime/workflows/Relationship/vue/flow.json
 create mode 100644 artifacts/product-reality/sprint-193/m07/proof-attempt-1/runtime/workflows/Relationship/vue/installed-manifest.json
 create mode 100644 artifacts/product-reality/sprint-193/m07/proof-attempt-1/runtime/workflows/Relationship/vue/isolation.json
 create mode 100644 artifacts/product-reality/sprint-193/m07/proof-attempt-1/runtime/workflows/Relationship/vue/logs/build.log
 create mode 100644 artifacts/product-reality/sprint-193/m07/proof-attempt-1/runtime/workflows/Relationship/vue/logs/install.log
 create mode 100644 artifacts/product-reality/sprint-193/m07/proof-attempt-1/runtime/workflows/Relationship/vue/logs/ssr-build.log
 create mode 100644 artifacts/product-reality/sprint-193/m07/proof-attempt-1/runtime/workflows/Relationship/vue/logs/ssr-render.json
 create mode 100644 artifacts/product-reality/sprint-193/m07/proof-attempt-1/runtime/workflows/Relationship/vue/logs/typecheck.log
 create mode 100644 artifacts/product-reality/sprint-193/m07/proof-attempt-1/runtime/workflows/Relationship/vue/receipt.json
 create mode 100644 artifacts/product-reality/sprint-193/m07/proof-attempt-1/runtime/workflows/Relationship/vue/server-render.html
 create mode 100644 artifacts/product-reality/sprint-193/m07/proof-attempt-1/runtime/workflows/Relationship/vue/source-ownership.json
 create mode 100644 artifacts/product-reality/sprint-193/m07/proof-attempt-1/runtime/workflows/Relationship/vue/source/index.html
 create mode 100644 artifacts/product-reality/sprint-193/m07/proof-attempt-1/runtime/workflows/Relationship/vue/source/package.json
 create mode 100644 artifacts/product-reality/sprint-193/m07/proof-attempt-1/runtime/workflows/Relationship/vue/source/src/App.vue
 create mode 100644 artifacts/product-reality/sprint-193/m07/proof-attempt-1/runtime/workflows/Relationship/vue/source/src/actions.ts
 create mode 100644 artifacts/product-reality/sprint-193/m07/proof-attempt-1/runtime/workflows/Relationship/vue/source/src/app.css
 create mode 100644 artifacts/product-reality/sprint-193/m07/proof-attempt-1/runtime/workflows/Relationship/vue/source/src/application.ts
 create mode 100644 artifacts/product-reality/sprint-193/m07/proof-attempt-1/runtime/workflows/Relationship/vue/source/src/main.ts
 create mode 100644 artifacts/product-reality/sprint-193/m07/proof-attempt-1/runtime/workflows/Relationship/vue/source/src/sample-data.ts
 create mode 100644 artifacts/product-reality/sprint-193/m07/proof-attempt-1/runtime/workflows/Relationship/vue/source/src/screens/Detail.vue
 create mode 100644 artifacts/product-reality/sprint-193/m07/proof-attempt-1/runtime/workflows/Relationship/vue/source/src/screens/Form.vue
 create mode 100644 artifacts/product-reality/sprint-193/m07/proof-attempt-1/runtime/workflows/Relationship/vue/source/src/screens/List.vue
 create mode 100644 artifacts/product-reality/sprint-193/m07/proof-attempt-1/runtime/workflows/Relationship/vue/source/src/screens/Timeline.vue
 create mode 100644 artifacts/product-reality/sprint-193/m07/proof-attempt-1/runtime/workflows/Relationship/vue/source/src/ssr.ts
 create mode 100644 artifacts/product-reality/sprint-193/m07/proof-attempt-1/runtime/workflows/Relationship/vue/source/src/store.ts
 create mode 100644 artifacts/product-reality/sprint-193/m07/proof-attempt-1/runtime/workflows/Relationship/vue/source/tsconfig.json
 create mode 100644 artifacts/product-reality/sprint-193/m07/proof-attempt-1/runtime/workflows/Relationship/vue/source/vite.config.mjs
 create mode 100644 artifacts/product-reality/sprint-193/m07/proof-attempt-1/runtime/workflows/Relationship/vue/states.json
 create mode 100644 artifacts/product-reality/sprint-193/m07/proof-attempt-1/runtime/workflows/Subscription/bite-build.json
 create mode 100644 artifacts/product-reality/sprint-193/m07/proof-attempt-1/runtime/workflows/Subscription/bite-restore-build.json
 create mode 100644 artifacts/product-reality/sprint-193/m07/proof-attempt-1/runtime/workflows/Subscription/composition.json
 create mode 100644 artifacts/product-reality/sprint-193/m07/proof-attempt-1/runtime/workflows/Subscription/navigation-bite.json
 create mode 100644 artifacts/product-reality/sprint-193/m07/proof-attempt-1/runtime/workflows/Subscription/react-generation.json
 create mode 100644 artifacts/product-reality/sprint-193/m07/proof-attempt-1/runtime/workflows/Subscription/react/accessibility-tree.txt
 create mode 100644 artifacts/product-reality/sprint-193/m07/proof-attempt-1/runtime/workflows/Subscription/react/collection-controls.json
 create mode 100644 artifacts/product-reality/sprint-193/m07/proof-attempt-1/runtime/workflows/Subscription/react/flow.json
 create mode 100644 artifacts/product-reality/sprint-193/m07/proof-attempt-1/runtime/workflows/Subscription/react/installed-manifest.json
 create mode 100644 artifacts/product-reality/sprint-193/m07/proof-attempt-1/runtime/workflows/Subscription/react/isolation.json
 create mode 100644 artifacts/product-reality/sprint-193/m07/proof-attempt-1/runtime/workflows/Subscription/react/logs/build.log
 create mode 100644 artifacts/product-reality/sprint-193/m07/proof-attempt-1/runtime/workflows/Subscription/react/logs/install.log
 create mode 100644 artifacts/product-reality/sprint-193/m07/proof-attempt-1/runtime/workflows/Subscription/react/logs/ssr-build.log
 create mode 100644 artifacts/product-reality/sprint-193/m07/proof-attempt-1/runtime/workflows/Subscription/react/logs/ssr-render.json
 create mode 100644 artifacts/product-reality/sprint-193/m07/proof-attempt-1/runtime/workflows/Subscription/react/logs/typecheck.log
 create mode 100644 artifacts/product-reality/sprint-193/m07/proof-attempt-1/runtime/workflows/Subscription/react/receipt.json
 create mode 100644 artifacts/product-reality/sprint-193/m07/proof-attempt-1/runtime/workflows/Subscription/react/server-render.html
 create mode 100644 artifacts/product-reality/sprint-193/m07/proof-attempt-1/runtime/workflows/Subscription/react/source-ownership.json
 create mode 100644 artifacts/product-reality/sprint-193/m07/proof-attempt-1/runtime/workflows/Subscription/react/source/index.html
 create mode 100644 artifacts/product-reality/sprint-193/m07/proof-attempt-1/runtime/workflows/Subscription/react/source/package.json
 create mode 100644 artifacts/product-reality/sprint-193/m07/proof-attempt-1/runtime/workflows/Subscription/react/source/src/App.tsx
 create mode 100644 artifacts/product-reality/sprint-193/m07/proof-attempt-1/runtime/workflows/Subscription/react/source/src/actions.ts
 create mode 100644 artifacts/product-reality/sprint-193/m07/proof-attempt-1/runtime/workflows/Subscription/react/source/src/app.css
 create mode 100644 artifacts/product-reality/sprint-193/m07/proof-attempt-1/runtime/workflows/Subscription/react/source/src/application.ts
 create mode 100644 artifacts/product-reality/sprint-193/m07/proof-attempt-1/runtime/workflows/Subscription/react/source/src/chart-assets.ts
 create mode 100644 artifacts/product-reality/sprint-193/m07/proof-attempt-1/runtime/workflows/Subscription/react/source/src/charts/payment-001.svg
 create mode 100644 artifacts/product-reality/sprint-193/m07/proof-attempt-1/runtime/workflows/Subscription/react/source/src/charts/payment-002.svg
 create mode 100644 artifacts/product-reality/sprint-193/m07/proof-attempt-1/runtime/workflows/Subscription/react/source/src/charts/payment-003.svg
 create mode 100644 artifacts/product-reality/sprint-193/m07/proof-attempt-1/runtime/workflows/Subscription/react/source/src/charts/payment-004.svg
 create mode 100644 artifacts/product-reality/sprint-193/m07/proof-attempt-1/runtime/workflows/Subscription/react/source/src/charts/payment-005.svg
 create mode 100644 artifacts/product-reality/sprint-193/m07/proof-attempt-1/runtime/workflows/Subscription/react/source/src/charts/payment-006.svg
 create mode 100644 artifacts/product-reality/sprint-193/m07/proof-attempt-1/runtime/workflows/Subscription/react/source/src/charts/payment-007.svg
 create mode 100644 artifacts/product-reality/sprint-193/m07/proof-attempt-1/runtime/workflows/Subscription/react/source/src/charts/payment-008.svg
 create mode 100644 artifacts/product-reality/sprint-193/m07/proof-attempt-1/runtime/workflows/Subscription/react/source/src/charts/payment-009.svg
 create mode 100644 artifacts/product-reality/sprint-193/m07/proof-attempt-1/runtime/workflows/Subscription/react/source/src/charts/payment-010.svg
 create mode 100644 artifacts/product-reality/sprint-193/m07/proof-attempt-1/runtime/workflows/Subscription/react/source/src/main.tsx
 create mode 100644 artifacts/product-reality/sprint-193/m07/proof-attempt-1/runtime/workflows/Subscription/react/source/src/sample-data.ts
 create mode 100644 artifacts/product-reality/sprint-193/m07/proof-attempt-1/runtime/workflows/Subscription/react/source/src/screens/Detail.tsx
 create mode 100644 artifacts/product-reality/sprint-193/m07/proof-attempt-1/runtime/workflows/Subscription/react/source/src/screens/Form.tsx
 create mode 100644 artifacts/product-reality/sprint-193/m07/proof-attempt-1/runtime/workflows/Subscription/react/source/src/screens/List.tsx
 create mode 100644 artifacts/product-reality/sprint-193/m07/proof-attempt-1/runtime/workflows/Subscription/react/source/src/screens/Timeline.tsx
 create mode 100644 artifacts/product-reality/sprint-193/m07/proof-attempt-1/runtime/workflows/Subscription/react/source/src/ssr.tsx
 create mode 100644 artifacts/product-reality/sprint-193/m07/proof-attempt-1/runtime/workflows/Subscription/react/source/src/store.ts
 create mode 100644 artifacts/product-reality/sprint-193/m07/proof-attempt-1/runtime/workflows/Subscription/react/source/tsconfig.json
 create mode 100644 artifacts/product-reality/sprint-193/m07/proof-attempt-1/runtime/workflows/Subscription/react/states.json
 create mode 100644 artifacts/product-reality/sprint-193/m07/proof-attempt-1/runtime/workflows/Subscription/report.json
 create mode 100644 artifacts/product-reality/sprint-193/m07/proof-attempt-1/runtime/workflows/Subscription/screenshots/react-archived-1440.png
 create mode 100644 artifacts/product-reality/sprint-193/m07/proof-attempt-1/runtime/workflows/Subscription/screenshots/react-archived-390.png
 create mode 100644 artifacts/product-reality/sprint-193/m07/proof-attempt-1/runtime/workflows/Subscription/screenshots/react-archived-820.png
 create mode 100644 artifacts/product-reality/sprint-193/m07/proof-attempt-1/runtime/workflows/Subscription/screenshots/react-detail-1440.png
 create mode 100644 artifacts/product-reality/sprint-193/m07/proof-attempt-1/runtime/workflows/Subscription/screenshots/react-detail-390.png
 create mode 100644 artifacts/product-reality/sprint-193/m07/proof-attempt-1/runtime/workflows/Subscription/screenshots/react-detail-820.png
 create mode 100644 artifacts/product-reality/sprint-193/m07/proof-attempt-1/runtime/workflows/Subscription/screenshots/react-form-1440.png
 create mode 100644 artifacts/product-reality/sprint-193/m07/proof-attempt-1/runtime/workflows/Subscription/screenshots/react-form-390.png
 create mode 100644 artifacts/product-reality/sprint-193/m07/proof-attempt-1/runtime/workflows/Subscription/screenshots/react-form-820.png
 create mode 100644 artifacts/product-reality/sprint-193/m07/proof-attempt-1/runtime/workflows/Subscription/screenshots/react-list-1440.png
 create mode 100644 artifacts/product-reality/sprint-193/m07/proof-attempt-1/runtime/workflows/Subscription/screenshots/react-list-390.png
 create mode 100644 artifacts/product-reality/sprint-193/m07/proof-attempt-1/runtime/workflows/Subscription/screenshots/react-list-820.png
 create mode 100644 artifacts/product-reality/sprint-193/m07/proof-attempt-1/runtime/workflows/Subscription/screenshots/react-payments-1440.png
 create mode 100644 artifacts/product-reality/sprint-193/m07/proof-attempt-1/runtime/workflows/Subscription/screenshots/react-payments-390.png
 create mode 100644 artifacts/product-reality/sprint-193/m07/proof-attempt-1/runtime/workflows/Subscription/screenshots/react-payments-820.png
 create mode 100644 artifacts/product-reality/sprint-193/m07/proof-attempt-1/runtime/workflows/Subscription/screenshots/react-timeline-1440.png
 create mode 100644 artifacts/product-reality/sprint-193/m07/proof-attempt-1/runtime/workflows/Subscription/screenshots/react-timeline-390.png
 create mode 100644 artifacts/product-reality/sprint-193/m07/proof-attempt-1/runtime/workflows/Subscription/screenshots/react-timeline-820.png
 create mode 100644 artifacts/product-reality/sprint-193/m07/proof-attempt-1/runtime/workflows/Subscription/screenshots/vue-archived-1440.png
 create mode 100644 artifacts/product-reality/sprint-193/m07/proof-attempt-1/runtime/workflows/Subscription/screenshots/vue-archived-390.png
 create mode 100644 artifacts/product-reality/sprint-193/m07/proof-attempt-1/runtime/workflows/Subscription/screenshots/vue-archived-820.png
 create mode 100644 artifacts/product-reality/sprint-193/m07/proof-attempt-1/runtime/workflows/Subscription/screenshots/vue-detail-1440.png
 create mode 100644 artifacts/product-reality/sprint-193/m07/proof-attempt-1/runtime/workflows/Subscription/screenshots/vue-detail-390.png
 create mode 100644 artifacts/product-reality/sprint-193/m07/proof-attempt-1/runtime/workflows/Subscription/screenshots/vue-detail-820.png
 create mode 100644 artifacts/product-reality/sprint-193/m07/proof-attempt-1/runtime/workflows/Subscription/screenshots/vue-form-1440.png
 create mode 100644 artifacts/product-reality/sprint-193/m07/proof-attempt-1/runtime/workflows/Subscription/screenshots/vue-form-390.png
 create mode 100644 artifacts/product-reality/sprint-193/m07/proof-attempt-1/runtime/workflows/Subscription/screenshots/vue-form-820.png
 create mode 100644 artifacts/product-reality/sprint-193/m07/proof-attempt-1/runtime/workflows/Subscription/screenshots/vue-list-1440.png
 create mode 100644 artifacts/product-reality/sprint-193/m07/proof-attempt-1/runtime/workflows/Subscription/screenshots/vue-list-390.png
 create mode 100644 artifacts/product-reality/sprint-193/m07/proof-attempt-1/runtime/workflows/Subscription/screenshots/vue-list-820.png
 create mode 100644 artifacts/product-reality/sprint-193/m07/proof-attempt-1/runtime/workflows/Subscription/screenshots/vue-payments-1440.png
 create mode 100644 artifacts/product-reality/sprint-193/m07/proof-attempt-1/runtime/workflows/Subscription/screenshots/vue-payments-390.png
 create mode 100644 artifacts/product-reality/sprint-193/m07/proof-attempt-1/runtime/workflows/Subscription/screenshots/vue-payments-820.png
 create mode 100644 artifacts/product-reality/sprint-193/m07/proof-attempt-1/runtime/workflows/Subscription/screenshots/vue-timeline-1440.png
 create mode 100644 artifacts/product-reality/sprint-193/m07/proof-attempt-1/runtime/workflows/Subscription/screenshots/vue-timeline-390.png
 create mode 100644 artifacts/product-reality/sprint-193/m07/proof-attempt-1/runtime/workflows/Subscription/screenshots/vue-timeline-820.png
 create mode 100644 artifacts/product-reality/sprint-193/m07/proof-attempt-1/runtime/workflows/Subscription/vue-generation.json
 create mode 100644 artifacts/product-reality/sprint-193/m07/proof-attempt-1/runtime/workflows/Subscription/vue/accessibility-tree.txt
 create mode 100644 artifacts/product-reality/sprint-193/m07/proof-attempt-1/runtime/workflows/Subscription/vue/collection-controls.json
 create mode 100644 artifacts/product-reality/sprint-193/m07/proof-attempt-1/runtime/workflows/Subscription/vue/flow.json
 create mode 100644 artifacts/product-reality/sprint-193/m07/proof-attempt-1/runtime/workflows/Subscription/vue/installed-manifest.json
 create mode 100644 artifacts/product-reality/sprint-193/m07/proof-attempt-1/runtime/workflows/Subscription/vue/isolation.json
 create mode 100644 artifacts/product-reality/sprint-193/m07/proof-attempt-1/runtime/workflows/Subscription/vue/logs/build.log
 create mode 100644 artifacts/product-reality/sprint-193/m07/proof-attempt-1/runtime/workflows/Subscription/vue/logs/install.log
 create mode 100644 artifacts/product-reality/sprint-193/m07/proof-attempt-1/runtime/workflows/Subscription/vue/logs/ssr-build.log
 create mode 100644 artifacts/product-reality/sprint-193/m07/proof-attempt-1/runtime/workflows/Subscription/vue/logs/ssr-render.json
 create mode 100644 artifacts/product-reality/sprint-193/m07/proof-attempt-1/runtime/workflows/Subscription/vue/logs/typecheck.log
 create mode 100644 artifacts/product-reality/sprint-193/m07/proof-attempt-1/runtime/workflows/Subscription/vue/receipt.json
 create mode 100644 artifacts/product-reality/sprint-193/m07/proof-attempt-1/runtime/workflows/Subscription/vue/server-render.html
 create mode 100644 artifacts/product-reality/sprint-193/m07/proof-attempt-1/runtime/workflows/Subscription/vue/source-ownership.json
 create mode 100644 artifacts/product-reality/sprint-193/m07/proof-attempt-1/runtime/workflows/Subscription/vue/source/index.html
 create mode 100644 artifacts/product-reality/sprint-193/m07/proof-attempt-1/runtime/workflows/Subscription/vue/source/package.json
 create mode 100644 artifacts/product-reality/sprint-193/m07/proof-attempt-1/runtime/workflows/Subscription/vue/source/src/App.vue
 create mode 100644 artifacts/product-reality/sprint-193/m07/proof-attempt-1/runtime/workflows/Subscription/vue/source/src/actions.ts
 create mode 100644 artifacts/product-reality/sprint-193/m07/proof-attempt-1/runtime/workflows/Subscription/vue/source/src/app.css
 create mode 100644 artifacts/product-reality/sprint-193/m07/proof-attempt-1/runtime/workflows/Subscription/vue/source/src/application.ts
 create mode 100644 artifacts/product-reality/sprint-193/m07/proof-attempt-1/runtime/workflows/Subscription/vue/source/src/chart-assets.ts
 create mode 100644 artifacts/product-reality/sprint-193/m07/proof-attempt-1/runtime/workflows/Subscription/vue/source/src/charts/payment-001.svg
 create mode 100644 artifacts/product-reality/sprint-193/m07/proof-attempt-1/runtime/workflows/Subscription/vue/source/src/charts/payment-002.svg
 create mode 100644 artifacts/product-reality/sprint-193/m07/proof-attempt-1/runtime/workflows/Subscription/vue/source/src/charts/payment-003.svg
 create mode 100644 artifacts/product-reality/sprint-193/m07/proof-attempt-1/runtime/workflows/Subscription/vue/source/src/charts/payment-004.svg
 create mode 100644 artifacts/product-reality/sprint-193/m07/proof-attempt-1/runtime/workflows/Subscription/vue/source/src/charts/payment-005.svg
 create mode 100644 artifacts/product-reality/sprint-193/m07/proof-attempt-1/runtime/workflows/Subscription/vue/source/src/charts/payment-006.svg
 create mode 100644 artifacts/product-reality/sprint-193/m07/proof-attempt-1/runtime/workflows/Subscription/vue/source/src/charts/payment-007.svg
 create mode 100644 artifacts/product-reality/sprint-193/m07/proof-attempt-1/runtime/workflows/Subscription/vue/source/src/charts/payment-008.svg
 create mode 100644 artifacts/product-reality/sprint-193/m07/proof-attempt-1/runtime/workflows/Subscription/vue/source/src/charts/payment-009.svg
 create mode 100644 artifacts/product-reality/sprint-193/m07/proof-attempt-1/runtime/workflows/Subscription/vue/source/src/charts/payment-010.svg
 create mode 100644 artifacts/product-reality/sprint-193/m07/proof-attempt-1/runtime/workflows/Subscription/vue/source/src/main.ts
 create mode 100644 artifacts/product-reality/sprint-193/m07/proof-attempt-1/runtime/workflows/Subscription/vue/source/src/sample-data.ts
 create mode 100644 artifacts/product-reality/sprint-193/m07/proof-attempt-1/runtime/workflows/Subscription/vue/source/src/screens/Detail.vue
 create mode 100644 artifacts/product-reality/sprint-193/m07/proof-attempt-1/runtime/workflows/Subscription/vue/source/src/screens/Form.vue
 create mode 100644 artifacts/product-reality/sprint-193/m07/proof-attempt-1/runtime/workflows/Subscription/vue/source/src/screens/List.vue
 create mode 100644 artifacts/product-reality/sprint-193/m07/proof-attempt-1/runtime/workflows/Subscription/vue/source/src/screens/Timeline.vue
 create mode 100644 artifacts/product-reality/sprint-193/m07/proof-attempt-1/runtime/workflows/Subscription/vue/source/src/ssr.ts
 create mode 100644 artifacts/product-reality/sprint-193/m07/proof-attempt-1/runtime/workflows/Subscription/vue/source/src/store.ts
 create mode 100644 artifacts/product-reality/sprint-193/m07/proof-attempt-1/runtime/workflows/Subscription/vue/source/tsconfig.json
 create mode 100644 artifacts/product-reality/sprint-193/m07/proof-attempt-1/runtime/workflows/Subscription/vue/source/vite.config.mjs
 create mode 100644 artifacts/product-reality/sprint-193/m07/proof-attempt-1/runtime/workflows/Subscription/vue/states.json
 create mode 100644 artifacts/product-reality/sprint-193/m07/proof-attempt-1/runtime/workflows/Transaction/bite-build.json
 create mode 100644 artifacts/product-reality/sprint-193/m07/proof-attempt-1/runtime/workflows/Transaction/bite-restore-build.json
 create mode 100644 artifacts/product-reality/sprint-193/m07/proof-attempt-1/runtime/workflows/Transaction/composition.json
 create mode 100644 artifacts/product-reality/sprint-193/m07/proof-attempt-1/runtime/workflows/Transaction/navigation-bite.json
 create mode 100644 artifacts/product-reality/sprint-193/m07/proof-attempt-1/runtime/workflows/Transaction/react-generation.json
 create mode 100644 artifacts/product-reality/sprint-193/m07/proof-attempt-1/runtime/workflows/Transaction/react/accessibility-tree.txt
 create mode 100644 artifacts/product-reality/sprint-193/m07/proof-attempt-1/runtime/workflows/Transaction/react/collection-controls.json
 create mode 100644 artifacts/product-reality/sprint-193/m07/proof-attempt-1/runtime/workflows/Transaction/react/flow.json
 create mode 100644 artifacts/product-reality/sprint-193/m07/proof-attempt-1/runtime/workflows/Transaction/react/installed-manifest.json
 create mode 100644 artifacts/product-reality/sprint-193/m07/proof-attempt-1/runtime/workflows/Transaction/react/isolation.json
 create mode 100644 artifacts/product-reality/sprint-193/m07/proof-attempt-1/runtime/workflows/Transaction/react/logs/build.log
 create mode 100644 artifacts/product-reality/sprint-193/m07/proof-attempt-1/runtime/workflows/Transaction/react/logs/install.log
 create mode 100644 artifacts/product-reality/sprint-193/m07/proof-attempt-1/runtime/workflows/Transaction/react/logs/ssr-build.log
 create mode 100644 artifacts/product-reality/sprint-193/m07/proof-attempt-1/runtime/workflows/Transaction/react/logs/ssr-render.json
 create mode 100644 artifacts/product-reality/sprint-193/m07/proof-attempt-1/runtime/workflows/Transaction/react/logs/typecheck.log
 create mode 100644 artifacts/product-reality/sprint-193/m07/proof-attempt-1/runtime/workflows/Transaction/react/receipt.json
 create mode 100644 artifacts/product-reality/sprint-193/m07/proof-attempt-1/runtime/workflows/Transaction/react/server-render.html
 create mode 100644 artifacts/product-reality/sprint-193/m07/proof-attempt-1/runtime/workflows/Transaction/react/source-ownership.json
 create mode 100644 artifacts/product-reality/sprint-193/m07/proof-attempt-1/runtime/workflows/Transaction/react/source/index.html
 create mode 100644 artifacts/product-reality/sprint-193/m07/proof-attempt-1/runtime/workflows/Transaction/react/source/package.json
 create mode 100644 artifacts/product-reality/sprint-193/m07/proof-attempt-1/runtime/workflows/Transaction/react/source/src/App.tsx
 create mode 100644 artifacts/product-reality/sprint-193/m07/proof-attempt-1/runtime/workflows/Transaction/react/source/src/actions.ts
 create mode 100644 artifacts/product-reality/sprint-193/m07/proof-attempt-1/runtime/workflows/Transaction/react/source/src/app.css
 create mode 100644 artifacts/product-reality/sprint-193/m07/proof-attempt-1/runtime/workflows/Transaction/react/source/src/application.ts
 create mode 100644 artifacts/product-reality/sprint-193/m07/proof-attempt-1/runtime/workflows/Transaction/react/source/src/main.tsx
 create mode 100644 artifacts/product-reality/sprint-193/m07/proof-attempt-1/runtime/workflows/Transaction/react/source/src/sample-data.ts
 create mode 100644 artifacts/product-reality/sprint-193/m07/proof-attempt-1/runtime/workflows/Transaction/react/source/src/screens/Detail.tsx
 create mode 100644 artifacts/product-reality/sprint-193/m07/proof-attempt-1/runtime/workflows/Transaction/react/source/src/screens/Form.tsx
 create mode 100644 artifacts/product-reality/sprint-193/m07/proof-attempt-1/runtime/workflows/Transaction/react/source/src/screens/List.tsx
 create mode 100644 artifacts/product-reality/sprint-193/m07/proof-attempt-1/runtime/workflows/Transaction/react/source/src/screens/Timeline.tsx
 create mode 100644 artifacts/product-reality/sprint-193/m07/proof-attempt-1/runtime/workflows/Transaction/react/source/src/ssr.tsx
 create mode 100644 artifacts/product-reality/sprint-193/m07/proof-attempt-1/runtime/workflows/Transaction/react/source/src/store.ts
 create mode 100644 artifacts/product-reality/sprint-193/m07/proof-attempt-1/runtime/workflows/Transaction/react/source/tsconfig.json
 create mode 100644 artifacts/product-reality/sprint-193/m07/proof-attempt-1/runtime/workflows/Transaction/react/states.json
 create mode 100644 artifacts/product-reality/sprint-193/m07/proof-attempt-1/runtime/workflows/Transaction/report.json
 create mode 100644 artifacts/product-reality/sprint-193/m07/proof-attempt-1/runtime/workflows/Transaction/screenshots/react-detail-1440.png
 create mode 100644 artifacts/product-reality/sprint-193/m07/proof-attempt-1/runtime/workflows/Transaction/screenshots/react-detail-390.png
 create mode 100644 artifacts/product-reality/sprint-193/m07/proof-attempt-1/runtime/workflows/Transaction/screenshots/react-detail-820.png
 create mode 100644 artifacts/product-reality/sprint-193/m07/proof-attempt-1/runtime/workflows/Transaction/screenshots/react-form-1440.png
 create mode 100644 artifacts/product-reality/sprint-193/m07/proof-attempt-1/runtime/workflows/Transaction/screenshots/react-form-390.png
 create mode 100644 artifacts/product-reality/sprint-193/m07/proof-attempt-1/runtime/workflows/Transaction/screenshots/react-form-820.png
 create mode 100644 artifacts/product-reality/sprint-193/m07/proof-attempt-1/runtime/workflows/Transaction/screenshots/react-list-1440.png
 create mode 100644 artifacts/product-reality/sprint-193/m07/proof-attempt-1/runtime/workflows/Transaction/screenshots/react-list-390.png
 create mode 100644 artifacts/product-reality/sprint-193/m07/proof-attempt-1/runtime/workflows/Transaction/screenshots/react-list-820.png
 create mode 100644 artifacts/product-reality/sprint-193/m07/proof-attempt-1/runtime/workflows/Transaction/screenshots/react-timeline-1440.png
 create mode 100644 artifacts/product-reality/sprint-193/m07/proof-attempt-1/runtime/workflows/Transaction/screenshots/react-timeline-390.png
 create mode 100644 artifacts/product-reality/sprint-193/m07/proof-attempt-1/runtime/workflows/Transaction/screenshots/react-timeline-820.png
 create mode 100644 artifacts/product-reality/sprint-193/m07/proof-attempt-1/runtime/workflows/Transaction/screenshots/vue-detail-1440.png
 create mode 100644 artifacts/product-reality/sprint-193/m07/proof-attempt-1/runtime/workflows/Transaction/screenshots/vue-detail-390.png
 create mode 100644 artifacts/product-reality/sprint-193/m07/proof-attempt-1/runtime/workflows/Transaction/screenshots/vue-detail-820.png
 create mode 100644 artifacts/product-reality/sprint-193/m07/proof-attempt-1/runtime/workflows/Transaction/screenshots/vue-form-1440.png
 create mode 100644 artifacts/product-reality/sprint-193/m07/proof-attempt-1/runtime/workflows/Transaction/screenshots/vue-form-390.png
 create mode 100644 artifacts/product-reality/sprint-193/m07/proof-attempt-1/runtime/workflows/Transaction/screenshots/vue-form-820.png
 create mode 100644 artifacts/product-reality/sprint-193/m07/proof-attempt-1/runtime/workflows/Transaction/screenshots/vue-list-1440.png
 create mode 100644 artifacts/product-reality/sprint-193/m07/proof-attempt-1/runtime/workflows/Transaction/screenshots/vue-list-390.png
 create mode 100644 artifacts/product-reality/sprint-193/m07/proof-attempt-1/runtime/workflows/Transaction/screenshots/vue-list-820.png
 create mode 100644 artifacts/product-reality/sprint-193/m07/proof-attempt-1/runtime/workflows/Transaction/screenshots/vue-timeline-1440.png
 create mode 100644 artifacts/product-reality/sprint-193/m07/proof-attempt-1/runtime/workflows/Transaction/screenshots/vue-timeline-390.png
 create mode 100644 artifacts/product-reality/sprint-193/m07/proof-attempt-1/runtime/workflows/Transaction/screenshots/vue-timeline-820.png
 create mode 100644 artifacts/product-reality/sprint-193/m07/proof-attempt-1/runtime/workflows/Transaction/vue-generation.json
 create mode 100644 artifacts/product-reality/sprint-193/m07/proof-attempt-1/runtime/workflows/Transaction/vue/accessibility-tree.txt
 create mode 100644 artifacts/product-reality/sprint-193/m07/proof-attempt-1/runtime/workflows/Transaction/vue/collection-controls.json
 create mode 100644 artifacts/product-reality/sprint-193/m07/proof-attempt-1/runtime/workflows/Transaction/vue/flow.json
 create mode 100644 artifacts/product-reality/sprint-193/m07/proof-attempt-1/runtime/workflows/Transaction/vue/installed-manifest.json
 create mode 100644 artifacts/product-reality/sprint-193/m07/proof-attempt-1/runtime/workflows/Transaction/vue/isolation.json
 create mode 100644 artifacts/product-reality/sprint-193/m07/proof-attempt-1/runtime/workflows/Transaction/vue/logs/build.log
 create mode 100644 artifacts/product-reality/sprint-193/m07/proof-attempt-1/runtime/workflows/Transaction/vue/logs/install.log
 create mode 100644 artifacts/product-reality/sprint-193/m07/proof-attempt-1/runtime/workflows/Transaction/vue/logs/ssr-build.log
 create mode 100644 artifacts/product-reality/sprint-193/m07/proof-attempt-1/runtime/workflows/Transaction/vue/logs/ssr-render.json
 create mode 100644 artifacts/product-reality/sprint-193/m07/proof-attempt-1/runtime/workflows/Transaction/vue/logs/typecheck.log
 create mode 100644 artifacts/product-reality/sprint-193/m07/proof-attempt-1/runtime/workflows/Transaction/vue/receipt.json
 create mode 100644 artifacts/product-reality/sprint-193/m07/proof-attempt-1/runtime/workflows/Transaction/vue/server-render.html
 create mode 100644 artifacts/product-reality/sprint-193/m07/proof-attempt-1/runtime/workflows/Transaction/vue/source-ownership.json
 create mode 100644 artifacts/product-reality/sprint-193/m07/proof-attempt-1/runtime/workflows/Transaction/vue/source/index.html
 create mode 100644 artifacts/product-reality/sprint-193/m07/proof-attempt-1/runtime/workflows/Transaction/vue/source/package.json
 create mode 100644 artifacts/product-reality/sprint-193/m07/proof-attempt-1/runtime/workflows/Transaction/vue/source/src/App.vue
 create mode 100644 artifacts/product-reality/sprint-193/m07/proof-attempt-1/runtime/workflows/Transaction/vue/source/src/actions.ts
 create mode 100644 artifacts/product-reality/sprint-193/m07/proof-attempt-1/runtime/workflows/Transaction/vue/source/src/app.css
 create mode 100644 artifacts/product-reality/sprint-193/m07/proof-attempt-1/runtime/workflows/Transaction/vue/source/src/application.ts
 create mode 100644 artifacts/product-reality/sprint-193/m07/proof-attempt-1/runtime/workflows/Transaction/vue/source/src/main.ts
 create mode 100644 artifacts/product-reality/sprint-193/m07/proof-attempt-1/runtime/workflows/Transaction/vue/source/src/sample-data.ts
 create mode 100644 artifacts/product-reality/sprint-193/m07/proof-attempt-1/runtime/workflows/Transaction/vue/source/src/screens/Detail.vue
 create mode 100644 artifacts/product-reality/sprint-193/m07/proof-attempt-1/runtime/workflows/Transaction/vue/source/src/screens/Form.vue
 create mode 100644 artifacts/product-reality/sprint-193/m07/proof-attempt-1/runtime/workflows/Transaction/vue/source/src/screens/List.vue
 create mode 100644 artifacts/product-reality/sprint-193/m07/proof-attempt-1/runtime/workflows/Transaction/vue/source/src/screens/Timeline.vue
 create mode 100644 artifacts/product-reality/sprint-193/m07/proof-attempt-1/runtime/workflows/Transaction/vue/source/src/ssr.ts
 create mode 100644 artifacts/product-reality/sprint-193/m07/proof-attempt-1/runtime/workflows/Transaction/vue/source/src/store.ts
 create mode 100644 artifacts/product-reality/sprint-193/m07/proof-attempt-1/runtime/workflows/Transaction/vue/source/tsconfig.json
 create mode 100644 artifacts/product-reality/sprint-193/m07/proof-attempt-1/runtime/workflows/Transaction/vue/source/vite.config.mjs
 create mode 100644 artifacts/product-reality/sprint-193/m07/proof-attempt-1/runtime/workflows/Transaction/vue/states.json
 create mode 100644 artifacts/product-reality/sprint-193/m07/proof-attempt-1/runtime/workflows/Usage/bite-build.json
 create mode 100644 artifacts/product-reality/sprint-193/m07/proof-attempt-1/runtime/workflows/Usage/bite-restore-build.json
 create mode 100644 artifacts/product-reality/sprint-193/m07/proof-attempt-1/runtime/workflows/Usage/composition.json
 create mode 100644 artifacts/product-reality/sprint-193/m07/proof-attempt-1/runtime/workflows/Usage/navigation-bite.json
 create mode 100644 artifacts/product-reality/sprint-193/m07/proof-attempt-1/runtime/workflows/Usage/react-generation.json
 create mode 100644 artifacts/product-reality/sprint-193/m07/proof-attempt-1/runtime/workflows/Usage/react/accessibility-tree.txt
 create mode 100644 artifacts/product-reality/sprint-193/m07/proof-attempt-1/runtime/workflows/Usage/react/collection-controls.json
 create mode 100644 artifacts/product-reality/sprint-193/m07/proof-attempt-1/runtime/workflows/Usage/react/flow.json
 create mode 100644 artifacts/product-reality/sprint-193/m07/proof-attempt-1/runtime/workflows/Usage/react/installed-manifest.json
 create mode 100644 artifacts/product-reality/sprint-193/m07/proof-attempt-1/runtime/workflows/Usage/react/isolation.json
 create mode 100644 artifacts/product-reality/sprint-193/m07/proof-attempt-1/runtime/workflows/Usage/react/logs/build.log
 create mode 100644 artifacts/product-reality/sprint-193/m07/proof-attempt-1/runtime/workflows/Usage/react/logs/install.log
 create mode 100644 artifacts/product-reality/sprint-193/m07/proof-attempt-1/runtime/workflows/Usage/react/logs/ssr-build.log
 create mode 100644 artifacts/product-reality/sprint-193/m07/proof-attempt-1/runtime/workflows/Usage/react/logs/ssr-render.json
 create mode 100644 artifacts/product-reality/sprint-193/m07/proof-attempt-1/runtime/workflows/Usage/react/logs/typecheck.log
 create mode 100644 artifacts/product-reality/sprint-193/m07/proof-attempt-1/runtime/workflows/Usage/react/receipt.json
 create mode 100644 artifacts/product-reality/sprint-193/m07/proof-attempt-1/runtime/workflows/Usage/react/server-render.html
 create mode 100644 artifacts/product-reality/sprint-193/m07/proof-attempt-1/runtime/workflows/Usage/react/source-ownership.json
 create mode 100644 artifacts/product-reality/sprint-193/m07/proof-attempt-1/runtime/workflows/Usage/react/source/index.html
 create mode 100644 artifacts/product-reality/sprint-193/m07/proof-attempt-1/runtime/workflows/Usage/react/source/package.json
 create mode 100644 artifacts/product-reality/sprint-193/m07/proof-attempt-1/runtime/workflows/Usage/react/source/src/App.tsx
 create mode 100644 artifacts/product-reality/sprint-193/m07/proof-attempt-1/runtime/workflows/Usage/react/source/src/actions.ts
 create mode 100644 artifacts/product-reality/sprint-193/m07/proof-attempt-1/runtime/workflows/Usage/react/source/src/app.css
 create mode 100644 artifacts/product-reality/sprint-193/m07/proof-attempt-1/runtime/workflows/Usage/react/source/src/application.ts
 create mode 100644 artifacts/product-reality/sprint-193/m07/proof-attempt-1/runtime/workflows/Usage/react/source/src/main.tsx
 create mode 100644 artifacts/product-reality/sprint-193/m07/proof-attempt-1/runtime/workflows/Usage/react/source/src/sample-data.ts
 create mode 100644 artifacts/product-reality/sprint-193/m07/proof-attempt-1/runtime/workflows/Usage/react/source/src/screens/Detail.tsx
 create mode 100644 artifacts/product-reality/sprint-193/m07/proof-attempt-1/runtime/workflows/Usage/react/source/src/screens/Form.tsx
 create mode 100644 artifacts/product-reality/sprint-193/m07/proof-attempt-1/runtime/workflows/Usage/react/source/src/screens/List.tsx
 create mode 100644 artifacts/product-reality/sprint-193/m07/proof-attempt-1/runtime/workflows/Usage/react/source/src/screens/Timeline.tsx
 create mode 100644 artifacts/product-reality/sprint-193/m07/proof-attempt-1/runtime/workflows/Usage/react/source/src/ssr.tsx
 create mode 100644 artifacts/product-reality/sprint-193/m07/proof-attempt-1/runtime/workflows/Usage/react/source/src/store.ts
 create mode 100644 artifacts/product-reality/sprint-193/m07/proof-attempt-1/runtime/workflows/Usage/react/source/tsconfig.json
 create mode 100644 artifacts/product-reality/sprint-193/m07/proof-attempt-1/runtime/workflows/Usage/react/states.json
 create mode 100644 artifacts/product-reality/sprint-193/m07/proof-attempt-1/runtime/workflows/Usage/report.json
 create mode 100644 artifacts/product-reality/sprint-193/m07/proof-attempt-1/runtime/workflows/Usage/screenshots/react-detail-1440.png
 create mode 100644 artifacts/product-reality/sprint-193/m07/proof-attempt-1/runtime/workflows/Usage/screenshots/react-detail-390.png
 create mode 100644 artifacts/product-reality/sprint-193/m07/proof-attempt-1/runtime/workflows/Usage/screenshots/react-detail-820.png
 create mode 100644 artifacts/product-reality/sprint-193/m07/proof-attempt-1/runtime/workflows/Usage/screenshots/react-form-1440.png
 create mode 100644 artifacts/product-reality/sprint-193/m07/proof-attempt-1/runtime/workflows/Usage/screenshots/react-form-390.png
 create mode 100644 artifacts/product-reality/sprint-193/m07/proof-attempt-1/runtime/workflows/Usage/screenshots/react-form-820.png
 create mode 100644 artifacts/product-reality/sprint-193/m07/proof-attempt-1/runtime/workflows/Usage/screenshots/react-list-1440.png
 create mode 100644 artifacts/product-reality/sprint-193/m07/proof-attempt-1/runtime/workflows/Usage/screenshots/react-list-390.png
 create mode 100644 artifacts/product-reality/sprint-193/m07/proof-attempt-1/runtime/workflows/Usage/screenshots/react-list-820.png
 create mode 100644 artifacts/product-reality/sprint-193/m07/proof-attempt-1/runtime/workflows/Usage/screenshots/react-timeline-1440.png
 create mode 100644 artifacts/product-reality/sprint-193/m07/proof-attempt-1/runtime/workflows/Usage/screenshots/react-timeline-390.png
 create mode 100644 artifacts/product-reality/sprint-193/m07/proof-attempt-1/runtime/workflows/Usage/screenshots/react-timeline-820.png
 create mode 100644 artifacts/product-reality/sprint-193/m07/proof-attempt-1/runtime/workflows/Usage/screenshots/vue-detail-1440.png
 create mode 100644 artifacts/product-reality/sprint-193/m07/proof-attempt-1/runtime/workflows/Usage/screenshots/vue-detail-390.png
 create mode 100644 artifacts/product-reality/sprint-193/m07/proof-attempt-1/runtime/workflows/Usage/screenshots/vue-detail-820.png
 create mode 100644 artifacts/product-reality/sprint-193/m07/proof-attempt-1/runtime/workflows/Usage/screenshots/vue-form-1440.png
 create mode 100644 artifacts/product-reality/sprint-193/m07/proof-attempt-1/runtime/workflows/Usage/screenshots/vue-form-390.png
 create mode 100644 artifacts/product-reality/sprint-193/m07/proof-attempt-1/runtime/workflows/Usage/screenshots/vue-form-820.png
 create mode 100644 artifacts/product-reality/sprint-193/m07/proof-attempt-1/runtime/workflows/Usage/screenshots/vue-list-1440.png
 create mode 100644 artifacts/product-reality/sprint-193/m07/proof-attempt-1/runtime/workflows/Usage/screenshots/vue-list-390.png
 create mode 100644 artifacts/product-reality/sprint-193/m07/proof-attempt-1/runtime/workflows/Usage/screenshots/vue-list-820.png
 create mode 100644 artifacts/product-reality/sprint-193/m07/proof-attempt-1/runtime/workflows/Usage/screenshots/vue-timeline-1440.png
 create mode 100644 artifacts/product-reality/sprint-193/m07/proof-attempt-1/runtime/workflows/Usage/screenshots/vue-timeline-390.png
 create mode 100644 artifacts/product-reality/sprint-193/m07/proof-attempt-1/runtime/workflows/Usage/screenshots/vue-timeline-820.png
 create mode 100644 artifacts/product-reality/sprint-193/m07/proof-attempt-1/runtime/workflows/Usage/vue-generation.json
 create mode 100644 artifacts/product-reality/sprint-193/m07/proof-attempt-1/runtime/workflows/Usage/vue/accessibility-tree.txt
 create mode 100644 artifacts/product-reality/sprint-193/m07/proof-attempt-1/runtime/workflows/Usage/vue/collection-controls.json
 create mode 100644 artifacts/product-reality/sprint-193/m07/proof-attempt-1/runtime/workflows/Usage/vue/flow.json
 create mode 100644 artifacts/product-reality/sprint-193/m07/proof-attempt-1/runtime/workflows/Usage/vue/installed-manifest.json
 create mode 100644 artifacts/product-reality/sprint-193/m07/proof-attempt-1/runtime/workflows/Usage/vue/isolation.json
 create mode 100644 artifacts/product-reality/sprint-193/m07/proof-attempt-1/runtime/workflows/Usage/vue/logs/build.log
 create mode 100644 artifacts/product-reality/sprint-193/m07/proof-attempt-1/runtime/workflows/Usage/vue/logs/install.log
 create mode 100644 artifacts/product-reality/sprint-193/m07/proof-attempt-1/runtime/workflows/Usage/vue/logs/ssr-build.log
 create mode 100644 artifacts/product-reality/sprint-193/m07/proof-attempt-1/runtime/workflows/Usage/vue/logs/ssr-render.json
 create mode 100644 artifacts/product-reality/sprint-193/m07/proof-attempt-1/runtime/workflows/Usage/vue/logs/typecheck.log
 create mode 100644 artifacts/product-reality/sprint-193/m07/proof-attempt-1/runtime/workflows/Usage/vue/receipt.json
 create mode 100644 artifacts/product-reality/sprint-193/m07/proof-attempt-1/runtime/workflows/Usage/vue/server-render.html
 create mode 100644 artifacts/product-reality/sprint-193/m07/proof-attempt-1/runtime/workflows/Usage/vue/source-ownership.json
 create mode 100644 artifacts/product-reality/sprint-193/m07/proof-attempt-1/runtime/workflows/Usage/vue/source/index.html
 create mode 100644 artifacts/product-reality/sprint-193/m07/proof-attempt-1/runtime/workflows/Usage/vue/source/package.json
 create mode 100644 artifacts/product-reality/sprint-193/m07/proof-attempt-1/runtime/workflows/Usage/vue/source/src/App.vue
 create mode 100644 artifacts/product-reality/sprint-193/m07/proof-attempt-1/runtime/workflows/Usage/vue/source/src/actions.ts
 create mode 100644 artifacts/product-reality/sprint-193/m07/proof-attempt-1/runtime/workflows/Usage/vue/source/src/app.css
 create mode 100644 artifacts/product-reality/sprint-193/m07/proof-attempt-1/runtime/workflows/Usage/vue/source/src/application.ts
 create mode 100644 artifacts/product-reality/sprint-193/m07/proof-attempt-1/runtime/workflows/Usage/vue/source/src/main.ts
 create mode 100644 artifacts/product-reality/sprint-193/m07/proof-attempt-1/runtime/workflows/Usage/vue/source/src/sample-data.ts
 create mode 100644 artifacts/product-reality/sprint-193/m07/proof-attempt-1/runtime/workflows/Usage/vue/source/src/screens/Detail.vue
 create mode 100644 artifacts/product-reality/sprint-193/m07/proof-attempt-1/runtime/workflows/Usage/vue/source/src/screens/Form.vue
 create mode 100644 artifacts/product-reality/sprint-193/m07/proof-attempt-1/runtime/workflows/Usage/vue/source/src/screens/List.vue
 create mode 100644 artifacts/product-reality/sprint-193/m07/proof-attempt-1/runtime/workflows/Usage/vue/source/src/screens/Timeline.vue
 create mode 100644 artifacts/product-reality/sprint-193/m07/proof-attempt-1/runtime/workflows/Usage/vue/source/src/ssr.ts
 create mode 100644 artifacts/product-reality/sprint-193/m07/proof-attempt-1/runtime/workflows/Usage/vue/source/src/store.ts
 create mode 100644 artifacts/product-reality/sprint-193/m07/proof-attempt-1/runtime/workflows/Usage/vue/source/tsconfig.json
 create mode 100644 artifacts/product-reality/sprint-193/m07/proof-attempt-1/runtime/workflows/Usage/vue/source/vite.config.mjs
 create mode 100644 artifacts/product-reality/sprint-193/m07/proof-attempt-1/runtime/workflows/Usage/vue/states.json
 create mode 100644 artifacts/product-reality/sprint-193/m07/proof-attempt-1/runtime/workflows/User/bite-build.json
 create mode 100644 artifacts/product-reality/sprint-193/m07/proof-attempt-1/runtime/workflows/User/bite-restore-build.json
 create mode 100644 artifacts/product-reality/sprint-193/m07/proof-attempt-1/runtime/workflows/User/composition.json
 create mode 100644 artifacts/product-reality/sprint-193/m07/proof-attempt-1/runtime/workflows/User/navigation-bite.json
 create mode 100644 artifacts/product-reality/sprint-193/m07/proof-attempt-1/runtime/workflows/User/react-generation.json
 create mode 100644 artifacts/product-reality/sprint-193/m07/proof-attempt-1/runtime/workflows/User/react/accessibility-tree.txt
 create mode 100644 artifacts/product-reality/sprint-193/m07/proof-attempt-1/runtime/workflows/User/react/collection-controls.json
 create mode 100644 artifacts/product-reality/sprint-193/m07/proof-attempt-1/runtime/workflows/User/react/flow.json
 create mode 100644 artifacts/product-reality/sprint-193/m07/proof-attempt-1/runtime/workflows/User/react/installed-manifest.json
 create mode 100644 artifacts/product-reality/sprint-193/m07/proof-attempt-1/runtime/workflows/User/react/isolation.json
 create mode 100644 artifacts/product-reality/sprint-193/m07/proof-attempt-1/runtime/workflows/User/react/logs/build.log
 create mode 100644 artifacts/product-reality/sprint-193/m07/proof-attempt-1/runtime/workflows/User/react/logs/install.log
 create mode 100644 artifacts/product-reality/sprint-193/m07/proof-attempt-1/runtime/workflows/User/react/logs/ssr-build.log
 create mode 100644 artifacts/product-reality/sprint-193/m07/proof-attempt-1/runtime/workflows/User/react/logs/ssr-render.json
 create mode 100644 artifacts/product-reality/sprint-193/m07/proof-attempt-1/runtime/workflows/User/react/logs/typecheck.log
 create mode 100644 artifacts/product-reality/sprint-193/m07/proof-attempt-1/runtime/workflows/User/react/receipt.json
 create mode 100644 artifacts/product-reality/sprint-193/m07/proof-attempt-1/runtime/workflows/User/react/server-render.html
 create mode 100644 artifacts/product-reality/sprint-193/m07/proof-attempt-1/runtime/workflows/User/react/source-ownership.json
 create mode 100644 artifacts/product-reality/sprint-193/m07/proof-attempt-1/runtime/workflows/User/react/source/index.html
 create mode 100644 artifacts/product-reality/sprint-193/m07/proof-attempt-1/runtime/workflows/User/react/source/package.json
 create mode 100644 artifacts/product-reality/sprint-193/m07/proof-attempt-1/runtime/workflows/User/react/source/src/App.tsx
 create mode 100644 artifacts/product-reality/sprint-193/m07/proof-attempt-1/runtime/workflows/User/react/source/src/actions.ts
 create mode 100644 artifacts/product-reality/sprint-193/m07/proof-attempt-1/runtime/workflows/User/react/source/src/app.css
 create mode 100644 artifacts/product-reality/sprint-193/m07/proof-attempt-1/runtime/workflows/User/react/source/src/application.ts
 create mode 100644 artifacts/product-reality/sprint-193/m07/proof-attempt-1/runtime/workflows/User/react/source/src/main.tsx
 create mode 100644 artifacts/product-reality/sprint-193/m07/proof-attempt-1/runtime/workflows/User/react/source/src/sample-data.ts
 create mode 100644 artifacts/product-reality/sprint-193/m07/proof-attempt-1/runtime/workflows/User/react/source/src/screens/Detail.tsx
 create mode 100644 artifacts/product-reality/sprint-193/m07/proof-attempt-1/runtime/workflows/User/react/source/src/screens/Form.tsx
 create mode 100644 artifacts/product-reality/sprint-193/m07/proof-attempt-1/runtime/workflows/User/react/source/src/screens/List.tsx
 create mode 100644 artifacts/product-reality/sprint-193/m07/proof-attempt-1/runtime/workflows/User/react/source/src/screens/Timeline.tsx
 create mode 100644 artifacts/product-reality/sprint-193/m07/proof-attempt-1/runtime/workflows/User/react/source/src/ssr.tsx
 create mode 100644 artifacts/product-reality/sprint-193/m07/proof-attempt-1/runtime/workflows/User/react/source/src/store.ts
 create mode 100644 artifacts/product-reality/sprint-193/m07/proof-attempt-1/runtime/workflows/User/react/source/tsconfig.json
 create mode 100644 artifacts/product-reality/sprint-193/m07/proof-attempt-1/runtime/workflows/User/react/states.json
 create mode 100644 artifacts/product-reality/sprint-193/m07/proof-attempt-1/runtime/workflows/User/report.json
 create mode 100644 artifacts/product-reality/sprint-193/m07/proof-attempt-1/runtime/workflows/User/screenshots/react-detail-1440.png
 create mode 100644 artifacts/product-reality/sprint-193/m07/proof-attempt-1/runtime/workflows/User/screenshots/react-detail-390.png
 create mode 100644 artifacts/product-reality/sprint-193/m07/proof-attempt-1/runtime/workflows/User/screenshots/react-detail-820.png
 create mode 100644 artifacts/product-reality/sprint-193/m07/proof-attempt-1/runtime/workflows/User/screenshots/react-form-1440.png
 create mode 100644 artifacts/product-reality/sprint-193/m07/proof-attempt-1/runtime/workflows/User/screenshots/react-form-390.png
 create mode 100644 artifacts/product-reality/sprint-193/m07/proof-attempt-1/runtime/workflows/User/screenshots/react-form-820.png
 create mode 100644 artifacts/product-reality/sprint-193/m07/proof-attempt-1/runtime/workflows/User/screenshots/react-list-1440.png
 create mode 100644 artifacts/product-reality/sprint-193/m07/proof-attempt-1/runtime/workflows/User/screenshots/react-list-390.png
 create mode 100644 artifacts/product-reality/sprint-193/m07/proof-attempt-1/runtime/workflows/User/screenshots/react-list-820.png
 create mode 100644 artifacts/product-reality/sprint-193/m07/proof-attempt-1/runtime/workflows/User/screenshots/react-timeline-1440.png
 create mode 100644 artifacts/product-reality/sprint-193/m07/proof-attempt-1/runtime/workflows/User/screenshots/react-timeline-390.png
 create mode 100644 artifacts/product-reality/sprint-193/m07/proof-attempt-1/runtime/workflows/User/screenshots/react-timeline-820.png
 create mode 100644 artifacts/product-reality/sprint-193/m07/proof-attempt-1/runtime/workflows/User/screenshots/vue-detail-1440.png
 create mode 100644 artifacts/product-reality/sprint-193/m07/proof-attempt-1/runtime/workflows/User/screenshots/vue-detail-390.png
 create mode 100644 artifacts/product-reality/sprint-193/m07/proof-attempt-1/runtime/workflows/User/screenshots/vue-detail-820.png
 create mode 100644 artifacts/product-reality/sprint-193/m07/proof-attempt-1/runtime/workflows/User/screenshots/vue-form-1440.png
 create mode 100644 artifacts/product-reality/sprint-193/m07/proof-attempt-1/runtime/workflows/User/screenshots/vue-form-390.png
 create mode 100644 artifacts/product-reality/sprint-193/m07/proof-attempt-1/runtime/workflows/User/screenshots/vue-form-820.png
 create mode 100644 artifacts/product-reality/sprint-193/m07/proof-attempt-1/runtime/workflows/User/screenshots/vue-list-1440.png
 create mode 100644 artifacts/product-reality/sprint-193/m07/proof-attempt-1/runtime/workflows/User/screenshots/vue-list-390.png
 create mode 100644 artifacts/product-reality/sprint-193/m07/proof-attempt-1/runtime/workflows/User/screenshots/vue-list-820.png
 create mode 100644 artifacts/product-reality/sprint-193/m07/proof-attempt-1/runtime/workflows/User/screenshots/vue-timeline-1440.png
 create mode 100644 artifacts/product-reality/sprint-193/m07/proof-attempt-1/runtime/workflows/User/screenshots/vue-timeline-390.png
 create mode 100644 artifacts/product-reality/sprint-193/m07/proof-attempt-1/runtime/workflows/User/screenshots/vue-timeline-820.png
 create mode 100644 artifacts/product-reality/sprint-193/m07/proof-attempt-1/runtime/workflows/User/vue-generation.json
 create mode 100644 artifacts/product-reality/sprint-193/m07/proof-attempt-1/runtime/workflows/User/vue/accessibility-tree.txt
 create mode 100644 artifacts/product-reality/sprint-193/m07/proof-attempt-1/runtime/workflows/User/vue/collection-controls.json
 create mode 100644 artifacts/product-reality/sprint-193/m07/proof-attempt-1/runtime/workflows/User/vue/flow.json
 create mode 100644 artifacts/product-reality/sprint-193/m07/proof-attempt-1/runtime/workflows/User/vue/installed-manifest.json
 create mode 100644 artifacts/product-reality/sprint-193/m07/proof-attempt-1/runtime/workflows/User/vue/isolation.json
 create mode 100644 artifacts/product-reality/sprint-193/m07/proof-attempt-1/runtime/workflows/User/vue/logs/build.log
 create mode 100644 artifacts/product-reality/sprint-193/m07/proof-attempt-1/runtime/workflows/User/vue/logs/install.log
 create mode 100644 artifacts/product-reality/sprint-193/m07/proof-attempt-1/runtime/workflows/User/vue/logs/ssr-build.log
 create mode 100644 artifacts/product-reality/sprint-193/m07/proof-attempt-1/runtime/workflows/User/vue/logs/ssr-render.json
 create mode 100644 artifacts/product-reality/sprint-193/m07/proof-attempt-1/runtime/workflows/User/vue/logs/typecheck.log
 create mode 100644 artifacts/product-reality/sprint-193/m07/proof-attempt-1/runtime/workflows/User/vue/receipt.json
 create mode 100644 artifacts/product-reality/sprint-193/m07/proof-attempt-1/runtime/workflows/User/vue/server-render.html
 create mode 100644 artifacts/product-reality/sprint-193/m07/proof-attempt-1/runtime/workflows/User/vue/source-ownership.json
 create mode 100644 artifacts/product-reality/sprint-193/m07/proof-attempt-1/runtime/workflows/User/vue/source/index.html
 create mode 100644 artifacts/product-reality/sprint-193/m07/proof-attempt-1/runtime/workflows/User/vue/source/package.json
 create mode 100644 artifacts/product-reality/sprint-193/m07/proof-attempt-1/runtime/workflows/User/vue/source/src/App.vue
 create mode 100644 artifacts/product-reality/sprint-193/m07/proof-attempt-1/runtime/workflows/User/vue/source/src/actions.ts
 create mode 100644 artifacts/product-reality/sprint-193/m07/proof-attempt-1/runtime/workflows/User/vue/source/src/app.css
 create mode 100644 artifacts/product-reality/sprint-193/m07/proof-attempt-1/runtime/workflows/User/vue/source/src/application.ts
 create mode 100644 artifacts/product-reality/sprint-193/m07/proof-attempt-1/runtime/workflows/User/vue/source/src/main.ts
 create mode 100644 artifacts/product-reality/sprint-193/m07/proof-attempt-1/runtime/workflows/User/vue/source/src/sample-data.ts
 create mode 100644 artifacts/product-reality/sprint-193/m07/proof-attempt-1/runtime/workflows/User/vue/source/src/screens/Detail.vue
 create mode 100644 artifacts/product-reality/sprint-193/m07/proof-attempt-1/runtime/workflows/User/vue/source/src/screens/Form.vue
 create mode 100644 artifacts/product-reality/sprint-193/m07/proof-attempt-1/runtime/workflows/User/vue/source/src/screens/List.vue
 create mode 100644 artifacts/product-reality/sprint-193/m07/proof-attempt-1/runtime/workflows/User/vue/source/src/screens/Timeline.vue
 create mode 100644 artifacts/product-reality/sprint-193/m07/proof-attempt-1/runtime/workflows/User/vue/source/src/ssr.ts
 create mode 100644 artifacts/product-reality/sprint-193/m07/proof-attempt-1/runtime/workflows/User/vue/source/src/store.ts
 create mode 100644 artifacts/product-reality/sprint-193/m07/proof-attempt-1/runtime/workflows/User/vue/source/tsconfig.json
 create mode 100644 artifacts/product-reality/sprint-193/m07/proof-attempt-1/runtime/workflows/User/vue/source/vite.config.mjs
 create mode 100644 artifacts/product-reality/sprint-193/m07/proof-attempt-1/runtime/workflows/User/vue/states.json
 create mode 100644 artifacts/product-reality/sprint-193/m07/proof-attempt-1/saved-compatibility.json
 create mode 100644 artifacts/product-reality/sprint-193/m07/proof-attempt-1/saved-original/cmos-activity-redesign.react.response.json
 create mode 100644 artifacts/product-reality/sprint-193/m07/proof-attempt-1/saved-original/cmos-activity-redesign.vue.response.json
 create mode 100644 artifacts/product-reality/sprint-193/m07/proof-attempt-1/saved-original/cmos-dashboard-redesign.react.response.json
 create mode 100644 artifacts/product-reality/sprint-193/m07/proof-attempt-1/saved-original/cmos-dashboard-redesign.vue.response.json
 create mode 100644 artifacts/product-reality/sprint-193/m07/proof-attempt-1/saved-original/cmos-messages-redesign.react.response.json
 create mode 100644 artifacts/product-reality/sprint-193/m07/proof-attempt-1/saved-original/cmos-messages-redesign.vue.response.json
 create mode 100644 artifacts/product-reality/sprint-193/m07/proof-attempt-1/saved-original/plan-form-dark.react.response.json
 create mode 100644 artifacts/product-reality/sprint-193/m07/proof-attempt-1/saved-original/plan-form-dark.vue.response.json
 create mode 100644 artifacts/product-reality/sprint-193/m07/proof-attempt-1/saved-original/pt-shop-parts-entry-router-v1.react.response.json
 create mode 100644 artifacts/product-reality/sprint-193/m07/proof-attempt-1/saved-original/pt-shop-parts-entry-router-v1.vue.response.json
 create mode 100644 artifacts/product-reality/sprint-193/m07/proof-attempt-1/saved-original/report.json
 create mode 100644 artifacts/product-reality/sprint-193/m07/proof-attempt-1/saved-original/subscription-detail-dark.react.response.json
 create mode 100644 artifacts/product-reality/sprint-193/m07/proof-attempt-1/saved-original/subscription-detail-dark.vue.response.json
 create mode 100644 artifacts/product-reality/sprint-193/m07/proof-attempt-1/saved-original/subscription-list-dark.react.response.json
 create mode 100644 artifacts/product-reality/sprint-193/m07/proof-attempt-1/saved-original/subscription-list-dark.vue.response.json
 create mode 100644 artifacts/product-reality/sprint-193/m07/proof-attempt-1/saved-original/test-tagged-schema.react.response.json
 create mode 100644 artifacts/product-reality/sprint-193/m07/proof-attempt-1/saved-original/test-tagged-schema.vue.response.json
 create mode 100644 artifacts/product-reality/sprint-193/m07/proof-attempt-1/saved-original/the-academy-landing-v1.react.response.json
 create mode 100644 artifacts/product-reality/sprint-193/m07/proof-attempt-1/saved-original/the-academy-landing-v1.vue.response.json
 create mode 100644 artifacts/product-reality/sprint-193/m07/proof-attempt-1/saved-original/tier1-acceptance-sub-detail.react.response.json
 create mode 100644 artifacts/product-reality/sprint-193/m07/proof-attempt-1/saved-original/tier1-acceptance-sub-detail.vue.response.json
 create mode 100644 artifacts/product-reality/sprint-193/m07/proof-attempt-1/saved-original/user-card-showcase.react.response.json
 create mode 100644 artifacts/product-reality/sprint-193/m07/proof-attempt-1/saved-original/user-card-showcase.vue.response.json
 create mode 100644 artifacts/product-reality/sprint-193/m07/proof-attempt-1/saved-original/user-detail-showcase.react.response.json
 create mode 100644 artifacts/product-reality/sprint-193/m07/proof-attempt-1/saved-original/user-detail-showcase.vue.response.json
 create mode 100644 artifacts/product-reality/sprint-193/m07/proof-attempt-1/saved-original/user-form-showcase.react.response.json
 create mode 100644 artifacts/product-reality/sprint-193/m07/proof-attempt-1/saved-original/user-form-showcase.vue.response.json
 create mode 100644 artifacts/product-reality/sprint-193/m07/proof-attempt-1/saved-original/user-inline-showcase.react.response.json
 create mode 100644 artifacts/product-reality/sprint-193/m07/proof-attempt-1/saved-original/user-inline-showcase.vue.response.json
 create mode 100644 artifacts/product-reality/sprint-193/m07/proof-attempt-1/saved-original/user-list-showcase.react.response.json
 create mode 100644 artifacts/product-reality/sprint-193/m07/proof-attempt-1/saved-original/user-list-showcase.vue.response.json
 create mode 100644 artifacts/product-reality/sprint-193/m07/proof-attempt-1/saved-original/user-timeline-showcase.react.response.json
 create mode 100644 artifacts/product-reality/sprint-193/m07/proof-attempt-1/saved-original/user-timeline-showcase.vue.response.json
 create mode 100644 artifacts/product-reality/sprint-193/m07/proof-attempt-1/saved-successor/cmos-activity-redesign.react.response.json
 create mode 100644 artifacts/product-reality/sprint-193/m07/proof-attempt-1/saved-successor/cmos-activity-redesign.vue.response.json
 create mode 100644 artifacts/product-reality/sprint-193/m07/proof-attempt-1/saved-successor/cmos-dashboard-redesign.react.response.json
 create mode 100644 artifacts/product-reality/sprint-193/m07/proof-attempt-1/saved-successor/cmos-dashboard-redesign.vue.response.json
 create mode 100644 artifacts/product-reality/sprint-193/m07/proof-attempt-1/saved-successor/cmos-messages-redesign.react.response.json
 create mode 100644 artifacts/product-reality/sprint-193/m07/proof-attempt-1/saved-successor/cmos-messages-redesign.vue.response.json
 create mode 100644 artifacts/product-reality/sprint-193/m07/proof-attempt-1/saved-successor/plan-form-dark.react.response.json
 create mode 100644 artifacts/product-reality/sprint-193/m07/proof-attempt-1/saved-successor/plan-form-dark.vue.response.json
 create mode 100644 artifacts/product-reality/sprint-193/m07/proof-attempt-1/saved-successor/pt-shop-parts-entry-router-v1.react.response.json
 create mode 100644 artifacts/product-reality/sprint-193/m07/proof-attempt-1/saved-successor/pt-shop-parts-entry-router-v1.vue.response.json
 create mode 100644 artifacts/product-reality/sprint-193/m07/proof-attempt-1/saved-successor/report.json
 create mode 100644 artifacts/product-reality/sprint-193/m07/proof-attempt-1/saved-successor/subscription-detail-dark.react.response.json
 create mode 100644 artifacts/product-reality/sprint-193/m07/proof-attempt-1/saved-successor/subscription-detail-dark.vue.response.json
 create mode 100644 artifacts/product-reality/sprint-193/m07/proof-attempt-1/saved-successor/subscription-list-dark.react.response.json
 create mode 100644 artifacts/product-reality/sprint-193/m07/proof-attempt-1/saved-successor/subscription-list-dark.vue.response.json
 create mode 100644 artifacts/product-reality/sprint-193/m07/proof-attempt-1/saved-successor/test-tagged-schema.react.response.json
 create mode 100644 artifacts/product-reality/sprint-193/m07/proof-attempt-1/saved-successor/test-tagged-schema.vue.response.json
 create mode 100644 artifacts/product-reality/sprint-193/m07/proof-attempt-1/saved-successor/the-academy-landing-v1.react.response.json
 create mode 100644 artifacts/product-reality/sprint-193/m07/proof-attempt-1/saved-successor/the-academy-landing-v1.vue.response.json
 create mode 100644 artifacts/product-reality/sprint-193/m07/proof-attempt-1/saved-successor/tier1-acceptance-sub-detail.react.response.json
 create mode 100644 artifacts/product-reality/sprint-193/m07/proof-attempt-1/saved-successor/tier1-acceptance-sub-detail.vue.response.json
 create mode 100644 artifacts/product-reality/sprint-193/m07/proof-attempt-1/saved-successor/user-card-showcase.react.response.json
 create mode 100644 artifacts/product-reality/sprint-193/m07/proof-attempt-1/saved-successor/user-card-showcase.vue.response.json
 create mode 100644 artifacts/product-reality/sprint-193/m07/proof-attempt-1/saved-successor/user-detail-showcase.react.response.json
 create mode 100644 artifacts/product-reality/sprint-193/m07/proof-attempt-1/saved-successor/user-detail-showcase.vue.response.json
 create mode 100644 artifacts/product-reality/sprint-193/m07/proof-attempt-1/saved-successor/user-form-showcase.react.response.json
 create mode 100644 artifacts/product-reality/sprint-193/m07/proof-attempt-1/saved-successor/user-form-showcase.vue.response.json
 create mode 100644 artifacts/product-reality/sprint-193/m07/proof-attempt-1/saved-successor/user-inline-showcase.react.response.json
 create mode 100644 artifacts/product-reality/sprint-193/m07/proof-attempt-1/saved-successor/user-inline-showcase.vue.response.json
 create mode 100644 artifacts/product-reality/sprint-193/m07/proof-attempt-1/saved-successor/user-list-showcase.react.response.json
 create mode 100644 artifacts/product-reality/sprint-193/m07/proof-attempt-1/saved-successor/user-list-showcase.vue.response.json
 create mode 100644 artifacts/product-reality/sprint-193/m07/proof-attempt-1/saved-successor/user-timeline-showcase.react.response.json
 create mode 100644 artifacts/product-reality/sprint-193/m07/proof-attempt-1/saved-successor/user-timeline-showcase.vue.response.json
 create mode 100644 artifacts/product-reality/sprint-193/m07/proof-attempt-1/schema-attributions.json
 create mode 100644 artifacts/product-reality/sprint-193/m07/proof-attempt-1/schema-movement.json
 create mode 100644 artifacts/product-reality/sprint-193/m07/proof-attempt-1/test-only-corrections.json
 create mode 100644 artifacts/product-reality/sprint-193/m07/proof-attempt-1/token-resolution.json
 create mode 100644 artifacts/product-reality/sprint-193/m07/proof-attempt-1/tool-proof.json
 create mode 100644 artifacts/product-reality/sprint-193/m07/proof-attempt-1/viz-census.json
 create mode 100644 artifacts/product-reality/sprint-193/m07/proof-attempt-1/viz-observations.json
 create mode 100644 artifacts/product-reality/sprint-193/m07/proof-attempt-1/vue-measured.json
 create mode 100644 artifacts/product-reality/sprint-193/m07/proof-attempt-1/vue-theme/report.json
 create mode 100644 artifacts/product-reality/sprint-193/m07/proof-attempt-1/vue-theme/vue-A-dark.png
 create mode 100644 artifacts/product-reality/sprint-193/m07/proof-attempt-1/vue-theme/vue-A-hc.png
 create mode 100644 artifacts/product-reality/sprint-193/m07/proof-attempt-1/vue-theme/vue-A-light.png
 create mode 100644 artifacts/product-reality/sprint-193/m07/proof-attempt-1/vue-theme/vue-B-dark.png
 create mode 100644 artifacts/product-reality/sprint-193/m07/proof-attempt-1/vue-theme/vue-B-hc.png
 create mode 100644 artifacts/product-reality/sprint-193/m07/proof-attempt-1/vue-theme/vue-B-light.png
 create mode 100644 generated/types/traits/encoding-opacity.parameters.ts
 create mode 100644 generated/types/traits/encoding-shape.parameters.ts
 create mode 100644 generated/types/traits/mark-rect.parameters.ts
 create mode 100644 generated/types/traits/scatter-plot.parameters.ts
 create mode 100644 schemas/traits/encoding-opacity.parameters.schema.json
 create mode 100644 schemas/traits/encoding-shape.parameters.schema.json
 create mode 100644 schemas/traits/mark-rect.parameters.schema.json
 create mode 100644 schemas/traits/scatter-plot.parameters.schema.json
 create mode 100644 tests/registry/viz-recipe-parameters.s193.test.ts
