2026-09-14T02:31:48.3907207Z Current runner version: '2.337.0'
2026-09-14T02:31:48.3942779Z ##[group]Runner Image Provisioner
2026-09-14T02:31:48.3944302Z Hosted Compute Agent
2026-09-14T02:31:48.3945295Z Version: 20260828.587
2026-09-14T02:31:48.3946391Z Commit: abac92662cab4cc7352de4f9f9d2e2419aad9c29
2026-09-14T02:31:48.3947459Z Build Date: 2026-08-28T16:44:25Z
2026-09-14T02:31:48.3948333Z Worker ID: {173e4b4e-dd01-4e3e-8e4b-756e5b0a9244}
2026-09-14T02:31:48.3949571Z Azure Region: eastus2
2026-09-14T02:31:48.3950410Z ##[endgroup]
2026-09-14T02:31:48.3983420Z ##[group]Operating System
2026-09-14T02:31:48.3984530Z Ubuntu
2026-09-14T02:31:48.3985437Z 24.04.5
2026-09-14T02:31:48.3986252Z LTS
2026-09-14T02:31:48.3987109Z ##[endgroup]
2026-09-14T02:31:48.3988065Z ##[group]Runner Image
2026-09-14T02:31:48.3989051Z Image: ubuntu-24.04
2026-09-14T02:31:48.3989982Z Version: 20260907.300.1
2026-09-14T02:31:48.3992267Z Included Software: https://github.com/actions/runner-images/blob/ubuntu24/20260907.300/images/ubuntu/Ubuntu2404-Readme.md
2026-09-14T02:31:48.3994883Z Image Release: https://github.com/actions/runner-images/releases/tag/ubuntu24%2F20260907.300
2026-09-14T02:31:48.3996506Z ##[endgroup]
2026-09-14T02:31:48.3998617Z ##[group]GITHUB_TOKEN Permissions
2026-09-14T02:31:48.4022287Z Contents: read
2026-09-14T02:31:48.4023408Z Metadata: read
2026-09-14T02:31:48.4024290Z PullRequests: write
2026-09-14T02:31:48.4025278Z ##[endgroup]
2026-09-14T02:31:48.4028586Z Secret source: Actions
2026-09-14T02:31:48.4030215Z Cache mode: write
2026-09-14T02:31:48.4031564Z Prepare workflow directory
2026-09-14T02:31:48.5220682Z Prepare all required actions
2026-09-14T02:31:48.5375466Z Getting action download info
2026-09-14T02:31:48.8175674Z Download action repository 'actions/checkout@v4' (SHA:11d5960a326750d5838078e36cf38b85af677262)
2026-09-14T02:31:48.9378783Z Download action repository 'pnpm/action-setup@v4' (SHA:b906affcce14559ad1aafd4ab0e942779e9f58b1)
2026-09-14T02:31:49.1903145Z Download action repository 'actions/setup-node@v4' (SHA:49933ea5288caeca8642d1e84afbd3f7d6820020)
2026-09-14T02:31:49.2873052Z Download action repository 'actions/cache@v4' (SHA:0057852bfaa89a56745cba8c7296529d2fc39830)
2026-09-14T02:31:49.3969320Z Download action repository 'actions/upload-artifact@v4' (SHA:ea165f8d65b6e75b540449e92b4886f43607fa02)
2026-09-14T02:31:49.6278433Z Complete job name: coverage
2026-09-14T02:31:49.7302269Z Node 20 is being deprecated. This workflow is running with Node 24 by default. If you need to temporarily use Node 20, you can set the ACTIONS_ALLOW_USE_UNSECURE_NODE_VERSION=true environment variable. For more information see: https://github.blog/changelog/2025-09-19-deprecation-of-node-20-on-github-actions-runners/
2026-09-14T02:31:49.7312474Z ##[group]Run actions/checkout@v4
2026-09-14T02:31:49.7313381Z with:
2026-09-14T02:31:49.7314073Z   fetch-depth: 0
2026-09-14T02:31:49.7314731Z   repository: kneelinghorse/OODS-Forge
2026-09-14T02:31:49.7319424Z   token: ***
2026-09-14T02:31:49.7320062Z   ssh-strict: true
2026-09-14T02:31:49.7320702Z   ssh-user: git
2026-09-14T02:31:49.7321544Z   persist-credentials: true
2026-09-14T02:31:49.7322215Z   clean: true
2026-09-14T02:31:49.7322804Z   sparse-checkout-cone-mode: true
2026-09-14T02:31:49.7323546Z   fetch-tags: false
2026-09-14T02:31:49.7324147Z   show-progress: true
2026-09-14T02:31:49.7324774Z   lfs: false
2026-09-14T02:31:49.7325521Z   submodules: false
2026-09-14T02:31:49.7326095Z   set-safe-directory: true
2026-09-14T02:31:49.7326846Z   allow-unsafe-pr-checkout: false
2026-09-14T02:31:49.7327813Z env:
2026-09-14T02:31:49.7328404Z   NODE_VERSION: 24
2026-09-14T02:31:49.7328998Z ##[endgroup]
2026-09-14T02:31:49.8568262Z Syncing repository: kneelinghorse/OODS-Forge
2026-09-14T02:31:49.8584529Z ##[group]Getting Git version info
2026-09-14T02:31:49.8623857Z Working directory is '/home/runner/work/OODS-Forge/OODS-Forge'
2026-09-14T02:31:49.8632269Z [command]/usr/bin/git version
2026-09-14T02:31:49.8733849Z git version 2.55.0
2026-09-14T02:31:49.8828707Z ##[endgroup]
2026-09-14T02:31:49.8845216Z Temporarily overriding HOME='/home/runner/work/_temp/5f60018f-94fc-43f4-9dff-273719ba17a4' before making global git config changes
2026-09-14T02:31:49.8848300Z Adding repository directory to the temporary git global config as a safe directory
2026-09-14T02:31:49.8850515Z [command]/usr/bin/git config --global --add safe.directory /home/runner/work/OODS-Forge/OODS-Forge
2026-09-14T02:31:49.8854154Z Deleting the contents of '/home/runner/work/OODS-Forge/OODS-Forge'
2026-09-14T02:31:49.8856057Z ##[group]Initializing the repository
2026-09-14T02:31:49.8858695Z [command]/usr/bin/git init /home/runner/work/OODS-Forge/OODS-Forge
2026-09-14T02:31:49.9037934Z hint: Using 'master' as the name for the initial branch. This default branch name
2026-09-14T02:31:49.9044601Z hint: will change to "main" in Git 3.0. To configure the initial branch name
2026-09-14T02:31:49.9054269Z hint: to use in all of your new repositories, which will suppress this warning,
2026-09-14T02:31:49.9072532Z hint: call:
2026-09-14T02:31:49.9099680Z hint:
2026-09-14T02:31:49.9119122Z hint: 	git config --global init.defaultBranch <name>
2026-09-14T02:31:49.9142329Z hint:
2026-09-14T02:31:49.9164445Z hint: Names commonly chosen instead of 'master' are 'main', 'trunk' and
2026-09-14T02:31:49.9213359Z hint: 'development'. The just-created branch can be renamed via this command:
2026-09-14T02:31:49.9215333Z hint:
2026-09-14T02:31:49.9216828Z hint: 	git branch -m <name>
2026-09-14T02:31:49.9218047Z hint:
2026-09-14T02:31:49.9219935Z hint: Disable this message with "git config set advice.defaultBranchName false"
2026-09-14T02:31:49.9222789Z Initialized empty Git repository in /home/runner/work/OODS-Forge/OODS-Forge/.git/
2026-09-14T02:31:49.9228170Z [command]/usr/bin/git remote add origin https://github.com/kneelinghorse/OODS-Forge
2026-09-14T02:31:49.9258747Z ##[endgroup]
2026-09-14T02:31:49.9265707Z ##[group]Disabling automatic garbage collection
2026-09-14T02:31:49.9284536Z [command]/usr/bin/git config --local gc.auto 0
2026-09-14T02:31:49.9292326Z ##[endgroup]
2026-09-14T02:31:49.9295343Z ##[group]Setting up auth
2026-09-14T02:31:49.9297599Z [command]/usr/bin/git config --local --name-only --get-regexp core\.sshCommand
2026-09-14T02:31:49.9311868Z [command]/usr/bin/git submodule foreach --recursive sh -c "git config --local --name-only --get-regexp 'core\.sshCommand' && git config --local --unset-all 'core.sshCommand' || :"
2026-09-14T02:31:49.9666963Z [command]/usr/bin/git config --local --name-only --get-regexp http\.https\:\/\/github\.com\/\.extraheader
2026-09-14T02:31:49.9750417Z [command]/usr/bin/git submodule foreach --recursive sh -c "git config --local --name-only --get-regexp 'http\.https\:\/\/github\.com\/\.extraheader' && git config --local --unset-all 'http.https://github.com/.extraheader' || :"
2026-09-14T02:31:50.0149239Z [command]/usr/bin/git config --local --name-only --get-regexp ^includeIf\.gitdir:
2026-09-14T02:31:50.0174120Z [command]/usr/bin/git submodule foreach --recursive git config --local --show-origin --name-only --get-regexp remote.origin.url
2026-09-14T02:31:50.0436828Z [command]/usr/bin/git config --local http.https://github.com/.extraheader AUTHORIZATION: basic ***
2026-09-14T02:31:50.0481674Z ##[endgroup]
2026-09-14T02:31:50.0483892Z ##[group]Fetching the repository
2026-09-14T02:31:50.0494650Z [command]/usr/bin/git -c protocol.version=2 fetch --prune --no-recurse-submodules origin +refs/heads/*:refs/remotes/origin/* +refs/tags/*:refs/tags/* +1eadfb91938dd0d3d76a1226b0fb30dad430306a:refs/remotes/pull/109/merge
2026-09-14T02:32:13.3287680Z From https://github.com/kneelinghorse/OODS-Forge
2026-09-14T02:32:13.3292430Z  * [new branch]          Forge-expansion                          -> origin/Forge-expansion
2026-09-14T02:32:13.3299370Z  * [new branch]          OODS-pro                                 -> origin/OODS-pro
2026-09-14T02:32:13.3300160Z  * [new branch]          codex/sprint-198-craft                   -> origin/codex/sprint-198-craft
2026-09-14T02:32:13.3300765Z  * [new branch]          main                                     -> origin/main
2026-09-14T02:32:13.3302138Z  * [new ref]             1eadfb91938dd0d3d76a1226b0fb30dad430306a -> pull/109/merge
2026-09-14T02:32:13.3321947Z ##[endgroup]
2026-09-14T02:32:13.3322711Z ##[group]Determining the checkout info
2026-09-14T02:32:13.3323581Z ##[endgroup]
2026-09-14T02:32:13.3324127Z [command]/usr/bin/git sparse-checkout disable
2026-09-14T02:32:13.3382923Z [command]/usr/bin/git config --local --unset-all extensions.worktreeConfig
2026-09-14T02:32:13.3423804Z ##[group]Checking out the ref
2026-09-14T02:32:13.3427911Z [command]/usr/bin/git checkout --progress --force refs/remotes/pull/109/merge
2026-09-14T02:32:14.4761986Z Updating files:   9% (9671/100081)
2026-09-14T02:32:14.5766513Z Updating files:  10% (10009/100081)
2026-09-14T02:32:14.6684497Z Updating files:  11% (11009/100081)
2026-09-14T02:32:14.8437981Z Updating files:  12% (12010/100081)
2026-09-14T02:32:14.9926310Z Updating files:  13% (13011/100081)
2026-09-14T02:32:15.1282615Z Updating files:  14% (14012/100081)
2026-09-14T02:32:15.2600272Z Updating files:  15% (15013/100081)
2026-09-14T02:32:15.3812250Z Updating files:  16% (16013/100081)
2026-09-14T02:32:15.4425438Z Updating files:  17% (17014/100081)
2026-09-14T02:32:15.4933137Z Updating files:  17% (17664/100081)
2026-09-14T02:32:15.6392299Z Updating files:  18% (18015/100081)
2026-09-14T02:32:15.7771898Z Updating files:  19% (19016/100081)
2026-09-14T02:32:15.9285953Z Updating files:  20% (20017/100081)
2026-09-14T02:32:16.0726417Z Updating files:  21% (21018/100081)
2026-09-14T02:32:16.3991218Z Updating files:  22% (22018/100081)
2026-09-14T02:32:16.4425157Z Updating files:  23% (23019/100081)
2026-09-14T02:32:16.4645498Z Updating files:  23% (23707/100081)
2026-09-14T02:32:16.6508255Z Updating files:  24% (24020/100081)
2026-09-14T02:32:16.8665105Z Updating files:  25% (25021/100081)
2026-09-14T02:32:16.9596083Z Updating files:  26% (26022/100081)
2026-09-14T02:32:17.1436602Z Updating files:  27% (27022/100081)
2026-09-14T02:32:17.2188635Z Updating files:  28% (28023/100081)
2026-09-14T02:32:17.3266926Z Updating files:  29% (29024/100081)
2026-09-14T02:32:17.4115415Z Updating files:  30% (30025/100081)
2026-09-14T02:32:17.4426836Z Updating files:  31% (31026/100081)
2026-09-14T02:32:17.5519451Z Updating files:  31% (31298/100081)
2026-09-14T02:32:17.6752735Z Updating files:  32% (32026/100081)
2026-09-14T02:32:17.8136711Z Updating files:  33% (33027/100081)
2026-09-14T02:32:17.9993658Z Updating files:  34% (34028/100081)
2026-09-14T02:32:18.1135262Z Updating files:  35% (35029/100081)
2026-09-14T02:32:18.2791903Z Updating files:  36% (36030/100081)
2026-09-14T02:32:18.4028567Z Updating files:  37% (37030/100081)
2026-09-14T02:32:18.4442491Z Updating files:  38% (38031/100081)
2026-09-14T02:32:18.5710585Z Updating files:  38% (38243/100081)
2026-09-14T02:32:18.6522762Z Updating files:  39% (39032/100081)
2026-09-14T02:32:18.8147538Z Updating files:  40% (40033/100081)
2026-09-14T02:32:18.9139043Z Updating files:  41% (41034/100081)
2026-09-14T02:32:18.9968356Z Updating files:  42% (42035/100081)
2026-09-14T02:32:19.1508241Z Updating files:  43% (43035/100081)
2026-09-14T02:32:19.2696665Z Updating files:  44% (44036/100081)
2026-09-14T02:32:19.3946730Z Updating files:  45% (45037/100081)
2026-09-14T02:32:19.4428422Z Updating files:  46% (46038/100081)
2026-09-14T02:32:19.6766613Z Updating files:  46% (46318/100081)
2026-09-14T02:32:19.7888476Z Updating files:  47% (47039/100081)
2026-09-14T02:32:19.8946652Z Updating files:  48% (48039/100081)
2026-09-14T02:32:20.0229993Z Updating files:  49% (49040/100081)
2026-09-14T02:32:20.1112343Z Updating files:  50% (50041/100081)
2026-09-14T02:32:20.1837404Z Updating files:  51% (51042/100081)
2026-09-14T02:32:20.2605292Z Updating files:  52% (52043/100081)
2026-09-14T02:32:20.4117358Z Updating files:  53% (53043/100081)
2026-09-14T02:32:20.4426172Z Updating files:  54% (54044/100081)
2026-09-14T02:32:20.5606929Z Updating files:  54% (54274/100081)
2026-09-14T02:32:20.7392116Z Updating files:  55% (55045/100081)
2026-09-14T02:32:21.1815792Z Updating files:  56% (56046/100081)
2026-09-14T02:32:21.2676760Z Updating files:  57% (57047/100081)
2026-09-14T02:32:21.4282276Z Updating files:  58% (58047/100081)
2026-09-14T02:32:21.4426656Z Updating files:  59% (59048/100081)
2026-09-14T02:32:21.5747656Z Updating files:  59% (59150/100081)
2026-09-14T02:32:21.6863056Z Updating files:  60% (60049/100081)
2026-09-14T02:32:21.8213206Z Updating files:  61% (61050/100081)
2026-09-14T02:32:21.8684490Z Updating files:  62% (62051/100081)
2026-09-14T02:32:22.4465213Z Updating files:  63% (63052/100081)
2026-09-14T02:32:22.4494415Z Updating files:  63% (64020/100081)
2026-09-14T02:32:22.6414210Z Updating files:  64% (64052/100081)
2026-09-14T02:32:22.7197661Z Updating files:  65% (65053/100081)
2026-09-14T02:32:22.8617937Z Updating files:  66% (66054/100081)
2026-09-14T02:32:23.1415704Z Updating files:  67% (67055/100081)
2026-09-14T02:32:23.4452639Z Updating files:  68% (68056/100081)
2026-09-14T02:32:23.6362537Z Updating files:  68% (68780/100081)
2026-09-14T02:32:23.7876004Z Updating files:  69% (69056/100081)
2026-09-14T02:32:23.8919688Z Updating files:  70% (70057/100081)
2026-09-14T02:32:24.0488085Z Updating files:  71% (71058/100081)
2026-09-14T02:32:24.3422926Z Updating files:  72% (72059/100081)
2026-09-14T02:32:24.4440798Z Updating files:  73% (73060/100081)
2026-09-14T02:32:24.6664254Z Updating files:  73% (73331/100081)
2026-09-14T02:32:24.8227386Z Updating files:  74% (74060/100081)
2026-09-14T02:32:24.9338337Z Updating files:  75% (75061/100081)
2026-09-14T02:32:25.0142441Z Updating files:  76% (76062/100081)
2026-09-14T02:32:25.1345778Z Updating files:  77% (77063/100081)
2026-09-14T02:32:25.2908270Z Updating files:  78% (78064/100081)
2026-09-14T02:32:25.4429404Z Updating files:  79% (79064/100081)
2026-09-14T02:32:25.5303320Z Updating files:  79% (79728/100081)
2026-09-14T02:32:25.8302745Z Updating files:  80% (80065/100081)
2026-09-14T02:32:26.0592763Z Updating files:  81% (81066/100081)
2026-09-14T02:32:26.3508733Z Updating files:  82% (82067/100081)
2026-09-14T02:32:26.4438680Z Updating files:  83% (83068/100081)
2026-09-14T02:32:26.6240068Z Updating files:  83% (83365/100081)
2026-09-14T02:32:26.8552757Z Updating files:  84% (84069/100081)
2026-09-14T02:32:27.1447495Z Updating files:  85% (85069/100081)
2026-09-14T02:32:27.4182471Z Updating files:  86% (86070/100081)
2026-09-14T02:32:27.4428248Z Updating files:  87% (87071/100081)
2026-09-14T02:32:27.5463764Z Updating files:  87% (87295/100081)
2026-09-14T02:32:27.7042972Z Updating files:  88% (88072/100081)
2026-09-14T02:32:27.8203894Z Updating files:  89% (89073/100081)
2026-09-14T02:32:27.9659179Z Updating files:  90% (90073/100081)
2026-09-14T02:32:28.1273701Z Updating files:  91% (91074/100081)
2026-09-14T02:32:28.2222097Z Updating files:  92% (92075/100081)
2026-09-14T02:32:28.3633582Z Updating files:  93% (93076/100081)
2026-09-14T02:32:28.4427468Z Updating files:  94% (94077/100081)
2026-09-14T02:32:28.5034657Z Updating files:  94% (94714/100081)
2026-09-14T02:32:28.9716695Z Updating files:  95% (95077/100081)
2026-09-14T02:32:29.1192790Z Updating files:  96% (96078/100081)
2026-09-14T02:32:29.1957410Z Updating files:  97% (97079/100081)
2026-09-14T02:32:29.2755012Z Updating files:  98% (98080/100081)
2026-09-14T02:32:29.3523753Z Updating files:  99% (99081/100081)
2026-09-14T02:32:29.3524775Z Updating files: 100% (100081/100081)
2026-09-14T02:32:29.3525861Z Updating files: 100% (100081/100081), done.
2026-09-14T02:32:29.5074807Z Note: switching to 'refs/remotes/pull/109/merge'.
2026-09-14T02:32:29.5075613Z 
2026-09-14T02:32:29.5076533Z You are in 'detached HEAD' state. You can look around, make experimental
2026-09-14T02:32:29.5077823Z changes and commit them, and you can discard any commits you make in this
2026-09-14T02:32:29.5079165Z state without impacting any branches by switching back to a branch.
2026-09-14T02:32:29.5079923Z 
2026-09-14T02:32:29.5080801Z If you want to create a new branch to retain commits you create, you may
2026-09-14T02:32:29.5082047Z do so (now or later) by using -c with the switch command. Example:
2026-09-14T02:32:29.5083356Z 
2026-09-14T02:32:29.5083720Z   git switch -c <new-branch-name>
2026-09-14T02:32:29.5084526Z 
2026-09-14T02:32:29.5084982Z Or undo this operation with:
2026-09-14T02:32:29.5085832Z 
2026-09-14T02:32:29.5086297Z   git switch -
2026-09-14T02:32:29.5087027Z 
2026-09-14T02:32:29.5087576Z Turn off this advice by setting config variable advice.detachedHead to false
2026-09-14T02:32:29.5088629Z 
2026-09-14T02:32:29.5089516Z HEAD is now at 1eadfb919 Merge d03d9374b0865e0dc4dc437265963e0f336e7f37 into bb579fd8de9df1494c16e3e7b0f69ed1789f0518
2026-09-14T02:32:29.5421970Z ##[endgroup]
2026-09-14T02:32:29.5425218Z [command]/usr/bin/git log -1 --format=%H
2026-09-14T02:32:29.5427429Z 1eadfb91938dd0d3d76a1226b0fb30dad430306a
2026-09-14T02:32:29.5690778Z Node 20 is being deprecated. This workflow is running with Node 24 by default. If you need to temporarily use Node 20, you can set the ACTIONS_ALLOW_USE_UNSECURE_NODE_VERSION=true environment variable. For more information see: https://github.blog/changelog/2025-09-19-deprecation-of-node-20-on-github-actions-runners/
2026-09-14T02:32:29.5693552Z ##[group]Run pnpm/action-setup@v4
2026-09-14T02:32:29.5693950Z with:
2026-09-14T02:32:29.5694249Z   run_install: false
2026-09-14T02:32:29.5694591Z   dest: ~/setup-pnpm
2026-09-14T02:32:29.5694915Z   cache: false
2026-09-14T02:32:29.5695264Z   cache_dependency_path: pnpm-lock.yaml
2026-09-14T02:32:29.5695733Z   package_json_file: package.json
2026-09-14T02:32:29.5696121Z   standalone: false
2026-09-14T02:32:29.5696433Z env:
2026-09-14T02:32:29.5696714Z   NODE_VERSION: 24
2026-09-14T02:32:29.5697040Z ##[endgroup]
2026-09-14T02:32:29.7487095Z ##[group]Running self-installer...
2026-09-14T02:32:30.3391005Z (node:2058) [DEP0169] DeprecationWarning: `url.parse()` behavior is not standardized and prone to errors that have security implications. Use the WHATWG URL API instead. CVEs are not issued for `url.parse()` vulnerabilities.
2026-09-14T02:32:30.3394913Z (Use `node --trace-deprecation ...` to show where the warning was created)
2026-09-14T02:32:30.5842389Z Progress: resolved 1, reused 0, downloaded 0, added 0
2026-09-14T02:32:30.5851961Z Packages: +1
2026-09-14T02:32:30.5862612Z +
2026-09-14T02:32:31.0265638Z Progress: resolved 1, reused 0, downloaded 1, added 1, done
2026-09-14T02:32:31.2642097Z 
2026-09-14T02:32:31.2642585Z dependencies:
2026-09-14T02:32:31.2643313Z + pnpm 9.12.2 (12.4.1 is available)
2026-09-14T02:32:31.2643788Z 
2026-09-14T02:32:31.3147040Z Done in 1.2s
2026-09-14T02:32:31.3327662Z ##[endgroup]
2026-09-14T02:32:31.3348691Z Installation Completed!
2026-09-14T02:32:31.3537932Z Node 20 is being deprecated. This workflow is running with Node 24 by default. If you need to temporarily use Node 20, you can set the ACTIONS_ALLOW_USE_UNSECURE_NODE_VERSION=true environment variable. For more information see: https://github.blog/changelog/2025-09-19-deprecation-of-node-20-on-github-actions-runners/
2026-09-14T02:32:31.3539228Z ##[group]Run actions/setup-node@v4
2026-09-14T02:32:31.3539519Z with:
2026-09-14T02:32:31.3539731Z   node-version: 24
2026-09-14T02:32:31.3539948Z   cache: pnpm
2026-09-14T02:32:31.3540159Z   always-auth: false
2026-09-14T02:32:31.3540390Z   check-latest: false
2026-09-14T02:32:31.3543001Z   token: ***
2026-09-14T02:32:31.3543209Z env:
2026-09-14T02:32:31.3543401Z   NODE_VERSION: 24
2026-09-14T02:32:31.3543888Z   PNPM_HOME: /home/runner/setup-pnpm/node_modules/.bin
2026-09-14T02:32:31.3544343Z ##[endgroup]
2026-09-14T02:32:31.5665016Z (node:2071) [DEP0040] DeprecationWarning: The `punycode` module is deprecated. Please use a userland alternative instead.
2026-09-14T02:32:31.5912831Z (Use `node --trace-deprecation ...` to show where the warning was created)
2026-09-14T02:32:31.5913614Z Found in cache @ /opt/hostedtoolcache/node/24.20.0/x64
2026-09-14T02:32:31.6162904Z ##[group]Environment details
2026-09-14T02:32:35.5938575Z node: v24.20.0
2026-09-14T02:32:35.5942139Z npm: 11.19.0
2026-09-14T02:32:35.5942461Z yarn: 1.22.22
2026-09-14T02:32:35.5943719Z ##[endgroup]
2026-09-14T02:32:35.5966092Z [command]/home/runner/setup-pnpm/node_modules/.bin/pnpm store path --silent
2026-09-14T02:32:36.1954098Z /home/runner/setup-pnpm/node_modules/.bin/store/v3
2026-09-14T02:32:36.2869181Z Cache hit for: node-cache-Linux-x64-pnpm-e86e0b840775c2371d6b245e9f0feece464ed344cc81e0b002bb553d30d2d730
2026-09-14T02:32:36.3036313Z (node:2071) [DEP0169] DeprecationWarning: `url.parse()` behavior is not standardized and prone to errors that have security implications. Use the WHATWG URL API instead. CVEs are not issued for `url.parse()` vulnerabilities.
2026-09-14T02:32:37.0274719Z Received 125386059 of 125386059 (100.0%), 175.3 MBs/sec
2026-09-14T02:32:37.0280800Z Cache Size: ~120 MB (125386059 B)
2026-09-14T02:32:37.0303994Z [command]/usr/bin/tar -xf /home/runner/work/_temp/044cbba7-1224-4612-9f6c-48392cd05cbd/cache.tzst -P -C /home/runner/work/OODS-Forge/OODS-Forge --use-compress-program unzstd
2026-09-14T02:32:39.5528453Z Cache restored successfully
2026-09-14T02:32:39.9125619Z Cache restored from key: node-cache-Linux-x64-pnpm-e86e0b840775c2371d6b245e9f0feece464ed344cc81e0b002bb553d30d2d730
2026-09-14T02:32:39.9414877Z ##[group]Run pnpm install --frozen-lockfile
2026-09-14T02:32:39.9415329Z [36;1mpnpm install --frozen-lockfile[0m
2026-09-14T02:32:39.9524161Z shell: /usr/bin/bash -e {0}
2026-09-14T02:32:39.9524453Z env:
2026-09-14T02:32:39.9524661Z   NODE_VERSION: 24
2026-09-14T02:32:39.9524954Z   PNPM_HOME: /home/runner/setup-pnpm/node_modules/.bin
2026-09-14T02:32:39.9525299Z ##[endgroup]
2026-09-14T02:32:40.4648646Z Scope: all 22 workspace projects
2026-09-14T02:32:40.5409766Z Lockfile is up to date, resolution step is skipped
2026-09-14T02:32:40.6367284Z Progress: resolved 1, reused 0, downloaded 0, added 0
2026-09-14T02:32:40.7655466Z Packages: +946
2026-09-14T02:32:40.7659241Z ++++++++++++++++++++++++++++++++++++++++++++++++++++++++++++++++++++++++++++++++
2026-09-14T02:32:41.6412845Z Progress: resolved 946, reused 801, downloaded 0, added 0
2026-09-14T02:32:42.6348854Z Progress: resolved 946, reused 945, downloaded 0, added 427
2026-09-14T02:32:43.5422050Z Progress: resolved 946, reused 945, downloaded 0, added 946, done
2026-09-14T02:32:44.8793511Z 
2026-09-14T02:32:44.8794586Z dependencies:
2026-09-14T02:32:44.8795653Z + @radix-ui/react-slot 1.2.3
2026-09-14T02:32:44.8796691Z + @rjsf/core 5.24.13
2026-09-14T02:32:44.8797532Z + @rjsf/utils 5.24.13
2026-09-14T02:32:44.8798525Z + @rjsf/validator-ajv8 5.24.13
2026-09-14T02:32:44.8799442Z + @types/geojson 7946.0.16
2026-09-14T02:32:44.8800351Z + @types/topojson-client 3.1.5
2026-09-14T02:32:44.8802667Z + @types/topojson-specification 1.0.5
2026-09-14T02:32:44.8803461Z + ajv 8.17.1
2026-09-14T02:32:44.8806366Z + ajv-formats 3.0.1
2026-09-14T02:32:44.8807799Z + d3-geo 3.1.1
2026-09-14T02:32:44.8809011Z + d3-scale 4.0.2
2026-09-14T02:32:44.8809641Z + echarts 6.0.0
2026-09-14T02:32:44.8810407Z + js-yaml 4.1.0
2026-09-14T02:32:44.8811063Z + luxon 3.7.2
2026-09-14T02:32:44.8811939Z + pg 8.16.3
2026-09-14T02:32:44.8812687Z + react 19.2.0
2026-09-14T02:32:44.8814303Z + react-dom 19.2.0
2026-09-14T02:32:44.8815677Z + react-window 1.8.11
2026-09-14T02:32:44.8816371Z + topojson-client 3.1.0
2026-09-14T02:32:44.8817105Z + vega 6.2.0
2026-09-14T02:32:44.8817722Z + vega-embed 7.1.0
2026-09-14T02:32:44.8818283Z + zod 4.1.12
2026-09-14T02:32:44.8818617Z 
2026-09-14T02:32:44.8819118Z devDependencies:
2026-09-14T02:32:44.8819877Z + @chromatic-com/storybook 4.1.1
2026-09-14T02:32:44.8820682Z + @oods/a11y-tools 0.1.0 <- packages/a11y-tools
2026-09-14T02:32:44.8822002Z + @oods/component-contracts 0.1.0 <- packages/component-contracts
2026-09-14T02:32:44.8823033Z + @oods/tokens 0.1.0 <- packages/tokens
2026-09-14T02:32:44.8823979Z + @oods/viz-core 0.1.0 <- packages/viz-core
2026-09-14T02:32:44.8824842Z + @playwright/test 1.56.1
2026-09-14T02:32:44.8825706Z + @storybook/addon-a11y 9.1.10
2026-09-14T02:32:44.8826567Z + @storybook/addon-docs 9.1.10
2026-09-14T02:32:44.8827393Z + @storybook/addon-onboarding 9.1.10
2026-09-14T02:32:44.8828228Z + @storybook/mdx2-csf 1.1.0
2026-09-14T02:32:44.8829441Z + @storybook/react 9.1.10
2026-09-14T02:32:44.8830284Z + @storybook/react-vite 9.1.10
2026-09-14T02:32:44.8831073Z + @testing-library/dom 10.4.1
2026-09-14T02:32:44.8834213Z + @testing-library/jest-dom 6.9.1
2026-09-14T02:32:44.8836506Z + @testing-library/react 16.3.0
2026-09-14T02:32:44.8838905Z + @testing-library/user-event 14.6.1
2026-09-14T02:32:44.8840447Z + @tokens-studio/sd-transforms 1.3.0
2026-09-14T02:32:44.8841272Z + @types/d3-geo 3.1.0
2026-09-14T02:32:44.8844984Z + @types/d3-scale 4.0.9
2026-09-14T02:32:44.8845582Z + @types/js-yaml 4.0.9
2026-09-14T02:32:44.8846129Z + @types/luxon 3.7.1
2026-09-14T02:32:44.8846673Z + @types/node 20.19.21
2026-09-14T02:32:44.8847235Z + @types/pg 8.15.6
2026-09-14T02:32:44.8847771Z + @types/react 19.2.2
2026-09-14T02:32:44.8848600Z + @types/react-dom 19.2.2
2026-09-14T02:32:44.8850177Z + @types/react-window 1.8.8
2026-09-14T02:32:44.8850837Z + @types/semver 7.7.1
2026-09-14T02:32:44.8851655Z + @types/sql.js 1.4.9
2026-09-14T02:32:44.8852411Z + @typescript-eslint/eslint-plugin 6.21.0
2026-09-14T02:32:44.8853595Z + @typescript-eslint/parser 6.21.0
2026-09-14T02:32:44.8854379Z + @vitejs/plugin-react 5.0.4
2026-09-14T02:32:44.8855039Z + @vitest/browser 3.2.4
2026-09-14T02:32:44.8855658Z + @vitest/coverage-v8 3.2.4
2026-09-14T02:32:44.8856274Z + axe-core 4.11.0
2026-09-14T02:32:44.8856869Z + colorjs.io 0.5.2
2026-09-14T02:32:44.8857416Z + dotenv 17.4.2
2026-09-14T02:32:44.8857946Z + esbuild 0.25.10
2026-09-14T02:32:44.8858475Z + eslint 8.57.1
2026-09-14T02:32:44.8859104Z + eslint-plugin-storybook 9.1.10
2026-09-14T02:32:44.8859720Z + globals 17.6.0
2026-09-14T02:32:44.8860258Z + jsdom 24.1.3
2026-09-14T02:32:44.8861242Z + json-schema-to-typescript 13.1.2
2026-09-14T02:32:44.8862517Z + markdown-to-jsx 7.7.15
2026-09-14T02:32:44.8863097Z + pg-mem 3.0.5
2026-09-14T02:32:44.8863649Z + playwright 1.56.1
2026-09-14T02:32:44.8864201Z + postcss 8.5.28
2026-09-14T02:32:44.8864701Z + prettier 3.6.2
2026-09-14T02:32:44.8865604Z + rimraf 5.0.10
2026-09-14T02:32:44.8866161Z + semver 7.7.3
2026-09-14T02:32:44.8866663Z + sql.js 1.13.0
2026-09-14T02:32:44.8867192Z + storybook 9.1.10
2026-09-14T02:32:44.8867771Z + style-dictionary 4.4.0
2026-09-14T02:32:44.8868358Z + tailwindcss 3.4.18
2026-09-14T02:32:44.8868894Z + tsup 8.5.0
2026-09-14T02:32:44.8869410Z + tsx 4.20.6
2026-09-14T02:32:44.8869924Z + typescript 5.3.3
2026-09-14T02:32:44.8870493Z + vega-lite 6.4.1
2026-09-14T02:32:44.8871067Z + vite-tsconfig-paths 5.1.4
2026-09-14T02:32:44.8871830Z + vitest 3.2.4
2026-09-14T02:32:44.8872355Z + vitest-axe 0.1.0
2026-09-14T02:32:44.8872756Z 
2026-09-14T02:32:45.0237524Z . prepare$ node tools/token-lint/setup-precommit.mjs
2026-09-14T02:32:45.0682316Z . prepare: No .git directory detected; skipping pre-commit hook installation.
2026-09-14T02:32:45.0721915Z . prepare: Done
2026-09-14T02:32:45.0895710Z Done in 5s
2026-09-14T02:32:45.9263349Z Node 20 is being deprecated. This workflow is running with Node 24 by default. If you need to temporarily use Node 20, you can set the ACTIONS_ALLOW_USE_UNSECURE_NODE_VERSION=true environment variable. For more information see: https://github.blog/changelog/2025-09-19-deprecation-of-node-20-on-github-actions-runners/
2026-09-14T02:32:45.9265975Z ##[group]Run actions/cache@v4
2026-09-14T02:32:45.9266365Z with:
2026-09-14T02:32:45.9266846Z   path: ~/.cache/ms-playwright
2026-09-14T02:32:45.9267746Z   key: Linux-playwright-e86e0b840775c2371d6b245e9f0feece464ed344cc81e0b002bb553d30d2d730
2026-09-14T02:32:45.9268690Z   restore-keys: Linux-playwright-

2026-09-14T02:32:45.9269296Z   enableCrossOsArchive: false
2026-09-14T02:32:45.9269869Z   fail-on-cache-miss: false
2026-09-14T02:32:45.9272044Z   lookup-only: false
2026-09-14T02:32:45.9272431Z   save-always: false
2026-09-14T02:32:45.9272712Z env:
2026-09-14T02:32:45.9272979Z   NODE_VERSION: 24
2026-09-14T02:32:45.9273856Z   PNPM_HOME: /home/runner/setup-pnpm/node_modules/.bin
2026-09-14T02:32:45.9274397Z ##[endgroup]
2026-09-14T02:32:46.0854686Z (node:2168) [DEP0040] DeprecationWarning: The `punycode` module is deprecated. Please use a userland alternative instead.
2026-09-14T02:32:46.0856625Z (Use `node --trace-deprecation ...` to show where the warning was created)
2026-09-14T02:32:46.1710188Z Cache hit for: Linux-playwright-e86e0b840775c2371d6b245e9f0feece464ed344cc81e0b002bb553d30d2d730
2026-09-14T02:32:46.1813382Z (node:2168) [DEP0169] DeprecationWarning: `url.parse()` behavior is not standardized and prone to errors that have security implications. Use the WHATWG URL API instead. CVEs are not issued for `url.parse()` vulnerabilities.
2026-09-14T02:32:47.2071781Z Received 142606336 of 278714091 (51.2%), 135.9 MBs/sec
2026-09-14T02:32:47.9883360Z Received 278714091 of 278714091 (100.0%), 149.2 MBs/sec
2026-09-14T02:32:47.9884067Z Cache Size: ~266 MB (278714091 B)
2026-09-14T02:32:47.9926484Z [command]/usr/bin/tar -xf /home/runner/work/_temp/5d8928b0-a6e7-43c6-ad1e-6e77583488b6/cache.tzst -P -C /home/runner/work/OODS-Forge/OODS-Forge --use-compress-program unzstd
2026-09-14T02:32:50.0096985Z Cache restored successfully
2026-09-14T02:32:50.9082105Z Cache restored from key: Linux-playwright-e86e0b840775c2371d6b245e9f0feece464ed344cc81e0b002bb553d30d2d730
2026-09-14T02:32:51.0164600Z ##[group]Run pnpm exec playwright install chromium
2026-09-14T02:32:51.0165067Z [36;1mpnpm exec playwright install chromium[0m
2026-09-14T02:32:51.3605648Z shell: /usr/bin/bash -e {0}
2026-09-14T02:32:51.3606098Z env:
2026-09-14T02:32:51.3606438Z   NODE_VERSION: 24
2026-09-14T02:32:51.3606896Z   PNPM_HOME: /home/runner/setup-pnpm/node_modules/.bin
2026-09-14T02:32:51.3607433Z ##[endgroup]
2026-09-14T02:32:52.4679361Z ##[group]Run pnpm run build:tokens
2026-09-14T02:32:52.4679891Z [36;1mpnpm run build:tokens[0m
2026-09-14T02:32:52.4722129Z shell: /usr/bin/bash -e {0}
2026-09-14T02:32:52.4722430Z env:
2026-09-14T02:32:52.4722661Z   NODE_VERSION: 24
2026-09-14T02:32:52.4722958Z   PNPM_HOME: /home/runner/setup-pnpm/node_modules/.bin
2026-09-14T02:32:52.4723288Z ##[endgroup]
2026-09-14T02:32:52.9046879Z 
2026-09-14T02:32:52.9048253Z > @oods/foundry-mcp@0.1.0 build:tokens /home/runner/work/OODS-Forge/OODS-Forge
2026-09-14T02:32:52.9049528Z > node packages/tokens/scripts/build.mjs
2026-09-14T02:32:52.9050074Z 
2026-09-14T02:32:53.2240775Z ✔︎ collision guard: no non-exempt collisions across 6 scopes
2026-09-14T02:32:53.2246867Z Building design tokens with Style Dictionary…
2026-09-14T02:32:53.3025094Z 
2026-09-14T02:32:53.3035283Z Token collisions detected (9):
2026-09-14T02:32:53.3036923Z Use log.verbosity "verbose" or use CLI option --verbose for more details.
2026-09-14T02:32:53.3038176Z Refer to: https://styledictionary.com/reference/logging/
2026-09-14T02:32:53.8548419Z 
2026-09-14T02:32:53.8549414Z ios-swift
2026-09-14T02:32:53.8550352Z ! dist/ios-swift/OodsTokens.swift, does not exist
2026-09-14T02:32:53.8561865Z 
2026-09-14T02:32:53.8562340Z compose
2026-09-14T02:32:53.8563153Z ! dist/compose/OodsTokens.kt, does not exist
2026-09-14T02:32:53.9794091Z 
2026-09-14T02:32:53.9798744Z ts
2026-09-14T02:32:53.9799591Z ! dist/ts/tokens.ts, does not exist
2026-09-14T02:32:53.9807881Z 
2026-09-14T02:32:53.9808305Z tailwind
2026-09-14T02:32:53.9809031Z ! dist/tailwind/tokens.json, does not exist
2026-09-14T02:32:54.8321279Z 
2026-09-14T02:32:54.8322668Z ios-swift
2026-09-14T02:32:54.8324287Z ✔︎ dist/ios-swift/OodsTokens.swift
2026-09-14T02:32:54.8366615Z 
2026-09-14T02:32:54.8382131Z compose
2026-09-14T02:32:54.8383080Z ✔︎ dist/compose/OodsTokens.kt
2026-09-14T02:32:54.9001284Z 
2026-09-14T02:32:54.9002411Z ts
2026-09-14T02:32:54.9003455Z ✔︎ dist/ts/tokens.ts
2026-09-14T02:32:54.9005045Z 
2026-09-14T02:32:54.9005468Z tailwind
2026-09-14T02:32:54.9006181Z ✔︎ dist/tailwind/tokens.json
2026-09-14T02:32:54.9881182Z 
2026-09-14T02:32:54.9882264Z Token collisions detected (9):
2026-09-14T02:32:54.9883286Z Use log.verbosity "verbose" or use CLI option --verbose for more details.
2026-09-14T02:32:54.9884372Z Refer to: https://styledictionary.com/reference/logging/
2026-09-14T02:32:55.1860872Z 
2026-09-14T02:32:55.1862277Z css
2026-09-14T02:32:55.1864003Z ✔︎ dist/css/tokens.css
2026-09-14T02:32:55.2349129Z 
2026-09-14T02:32:55.2349739Z Token collisions detected (9):
2026-09-14T02:32:55.2350795Z Use log.verbosity "verbose" or use CLI option --verbose for more details.
2026-09-14T02:32:55.2352159Z Refer to: https://styledictionary.com/reference/logging/
2026-09-14T02:32:55.3719365Z 
2026-09-14T02:32:55.3720712Z css
2026-09-14T02:32:55.3722397Z ✔︎ dist/css/tokens.css
2026-09-14T02:32:55.5218328Z 
2026-09-14T02:32:55.5219587Z Token collisions detected (426):
2026-09-14T02:32:55.5220957Z Use log.verbosity "verbose" or use CLI option --verbose for more details.
2026-09-14T02:32:55.5222864Z Refer to: https://styledictionary.com/reference/logging/
2026-09-14T02:32:55.6524541Z 
2026-09-14T02:32:55.6525573Z css
2026-09-14T02:32:55.6527141Z ✔︎ dist/css/tokens.css
2026-09-14T02:32:55.7808064Z 
2026-09-14T02:32:55.7809300Z Token collisions detected (376):
2026-09-14T02:32:55.7811743Z Use log.verbosity "verbose" or use CLI option --verbose for more details.
2026-09-14T02:32:55.7813287Z Refer to: https://styledictionary.com/reference/logging/
2026-09-14T02:32:55.9278910Z 
2026-09-14T02:32:55.9280226Z css
2026-09-14T02:32:55.9281722Z ✔︎ dist/css/tokens.css
2026-09-14T02:32:56.0624077Z 
2026-09-14T02:32:56.0625563Z Token collisions detected (9):
2026-09-14T02:32:56.0626740Z Use log.verbosity "verbose" or use CLI option --verbose for more details.
2026-09-14T02:32:56.0627870Z Refer to: https://styledictionary.com/reference/logging/
2026-09-14T02:32:56.1932851Z 
2026-09-14T02:32:56.1940708Z css
2026-09-14T02:32:56.1942591Z ✔︎ dist/css/tokens.css
2026-09-14T02:32:56.3228291Z 
2026-09-14T02:32:56.3228879Z Token collisions detected (426):
2026-09-14T02:32:56.3229460Z Use log.verbosity "verbose" or use CLI option --verbose for more details.
2026-09-14T02:32:56.3230059Z Refer to: https://styledictionary.com/reference/logging/
2026-09-14T02:32:56.4615320Z 
2026-09-14T02:32:56.4616293Z css
2026-09-14T02:32:56.4617311Z ✔︎ dist/css/tokens.css
2026-09-14T02:32:56.6015481Z 
2026-09-14T02:32:56.6016586Z Token collisions detected (376):
2026-09-14T02:32:56.6019419Z Use log.verbosity "verbose" or use CLI option --verbose for more details.
2026-09-14T02:32:56.6020372Z Refer to: https://styledictionary.com/reference/logging/
2026-09-14T02:32:56.7387985Z 
2026-09-14T02:32:56.7389004Z css
2026-09-14T02:32:56.7390442Z ✔︎ dist/css/tokens.css
2026-09-14T02:32:56.8653781Z 
2026-09-14T02:32:56.8654709Z Token collisions detected (9):
2026-09-14T02:32:56.8656087Z Use log.verbosity "verbose" or use CLI option --verbose for more details.
2026-09-14T02:32:56.8658830Z Refer to: https://styledictionary.com/reference/logging/
2026-09-14T02:32:56.9972523Z ✔︎ tokens built successfully in 3.77s
2026-09-14T02:32:56.9973756Z    css:      dist/css/tokens.css (6 brand × theme scopes)
2026-09-14T02:32:56.9974879Z    types:    dist/ts/tokens.ts
2026-09-14T02:32:56.9975653Z    tailwind: dist/tailwind/tokens.json
2026-09-14T02:32:56.9976731Z    ios:      dist/ios-swift/OodsTokens.swift
2026-09-14T02:32:56.9977434Z    compose:  dist/compose/OodsTokens.kt
2026-09-14T02:32:57.0409862Z ##[group]Run pnpm run pretest:coverage
2026-09-14T02:32:57.0410230Z [36;1mpnpm run pretest:coverage[0m
2026-09-14T02:32:57.0451181Z shell: /usr/bin/bash -e {0}
2026-09-14T02:32:57.0451664Z env:
2026-09-14T02:32:57.0451887Z   NODE_VERSION: 24
2026-09-14T02:32:57.0452186Z   PNPM_HOME: /home/runner/setup-pnpm/node_modules/.bin
2026-09-14T02:32:57.0452534Z ##[endgroup]
2026-09-14T02:32:57.4727318Z 
2026-09-14T02:32:57.4736559Z > @oods/foundry-mcp@0.1.0 pretest:coverage /home/runner/work/OODS-Forge/OODS-Forge
2026-09-14T02:32:57.4738005Z > pnpm run build && pnpm run build:packages && pnpm run pkg:build
2026-09-14T02:32:57.4740481Z 
2026-09-14T02:32:57.8998039Z 
2026-09-14T02:32:57.8999432Z > @oods/foundry-mcp@0.1.0 build /home/runner/work/OODS-Forge/OODS-Forge
2026-09-14T02:32:57.9016188Z > pnpm run clean && tsc
2026-09-14T02:32:57.9018385Z 
2026-09-14T02:32:58.3176731Z 
2026-09-14T02:32:58.3185932Z > @oods/foundry-mcp@0.1.0 clean /home/runner/work/OODS-Forge/OODS-Forge
2026-09-14T02:32:58.3190051Z > rimraf dist/.storybook dist/apps dist/configs dist/data dist/examples dist/generated dist/packages dist/schemas dist/scripts dist/src dist/tokens dist/tools dist/traits
2026-09-14T02:32:58.3191113Z 
2026-09-14T02:33:20.4710564Z 
2026-09-14T02:33:20.4712182Z > @oods/foundry-mcp@0.1.0 build:packages /home/runner/work/OODS-Forge/OODS-Forge
2026-09-14T02:33:20.4713676Z > pnpm --filter @oods/* run build
2026-09-14T02:33:20.4714282Z 
2026-09-14T02:33:20.9296603Z Scope: 21 of 22 workspace projects
2026-09-14T02:33:20.9327246Z apps/playground build$ tsc -b && vite build
2026-09-14T02:33:20.9333804Z packages/a11y-tools build$ rimraf dist && tsup --config tsup.config.ts
2026-09-14T02:33:20.9337751Z packages/artifacts build$ rimraf dist && tsc -p tsconfig.json && mkdir -p dist/schemas && cp -f src/schemas/*.json dist/schemas/ 2>/dev/null || true
2026-09-14T02:33:20.9342449Z packages/component-contracts build$ rimraf dist && tsup --config tsup.config.ts
2026-09-14T02:33:22.5883543Z packages/component-contracts build: [34mCLI[39m Building entry: src/index.ts
2026-09-14T02:33:22.5884996Z packages/component-contracts build: [34mCLI[39m Using tsconfig: tsconfig.json
2026-09-14T02:33:22.5992810Z packages/component-contracts build: [34mCLI[39m tsup v8.5.0
2026-09-14T02:33:22.6075041Z packages/component-contracts build: [34mCLI[39m Using tsup config: /home/runner/work/OODS-Forge/OODS-Forge/packages/component-contracts/tsup.config.ts
2026-09-14T02:33:22.6093175Z packages/component-contracts build: [34mCLI[39m Target: es2022
2026-09-14T02:33:22.6163309Z packages/component-contracts build: [34mCLI[39m Cleaning output folder
2026-09-14T02:33:22.6197011Z packages/component-contracts build: [34mESM[39m Build start
2026-09-14T02:33:22.6263107Z packages/component-contracts build: [34mCJS[39m Build start
2026-09-14T02:33:22.8363350Z packages/a11y-tools build: [34mCLI[39m Building entry: src/index.ts
2026-09-14T02:33:22.8481769Z packages/a11y-tools build: [34mCLI[39m Using tsconfig: tsconfig.json
2026-09-14T02:33:22.8513713Z packages/a11y-tools build: [34mCLI[39m tsup v8.5.0
2026-09-14T02:33:22.8643685Z packages/a11y-tools build: [34mCLI[39m Using tsup config: /home/runner/work/OODS-Forge/OODS-Forge/packages/a11y-tools/tsup.config.ts
2026-09-14T02:33:22.8777661Z packages/a11y-tools build: [34mCLI[39m Target: node20
2026-09-14T02:33:22.8903088Z packages/a11y-tools build: [34mCLI[39m Cleaning output folder
2026-09-14T02:33:22.8965555Z packages/a11y-tools build: [34mESM[39m Build start
2026-09-14T02:33:22.9056882Z packages/a11y-tools build: [34mCJS[39m Build start
2026-09-14T02:33:24.0763369Z packages/a11y-tools build: [32mESM[39m [1mdist/index.js     [22m[32m14.75 KB[39m
2026-09-14T02:33:24.0790635Z packages/a11y-tools build: [32mESM[39m [1mdist/index.js.map [22m[32m35.22 KB[39m
2026-09-14T02:33:24.0876399Z packages/a11y-tools build: [32mESM[39m ⚡️ Build success in 1173ms
2026-09-14T02:33:24.0946465Z packages/a11y-tools build: [32mCJS[39m [1mdist/index.cjs     [22m[32m15.34 KB[39m
2026-09-14T02:33:24.1013110Z packages/a11y-tools build: [32mCJS[39m [1mdist/index.cjs.map [22m[32m35.23 KB[39m
2026-09-14T02:33:24.1044405Z packages/a11y-tools build: [32mCJS[39m ⚡️ Build success in 1180ms
2026-09-14T02:33:25.5513328Z packages/a11y-tools build: [34mDTS[39m Build start
2026-09-14T02:33:26.9194942Z packages/artifacts build: Done
2026-09-14T02:33:26.9227763Z packages/mcp-bridge build$ rimraf dist && tsc -p tsconfig.json && node ../../scripts/build-revision.mjs dist/build-revision.json
2026-09-14T02:33:27.0829858Z packages/component-contracts build: [34mDTS[39m Build start
2026-09-14T02:33:27.1805158Z packages/component-contracts build: [32mCJS[39m [1mdist/index.cjs [22m[32m899.21 KB[39m
2026-09-14T02:33:27.1873432Z packages/component-contracts build: [32mCJS[39m ⚡️ Build success in 4561ms
2026-09-14T02:33:27.1896898Z packages/component-contracts build: [32mESM[39m [1mdist/index.js [22m[32m897.39 KB[39m
2026-09-14T02:33:27.1922947Z packages/component-contracts build: [32mESM[39m ⚡️ Build success in 4569ms
2026-09-14T02:33:33.5394041Z apps/playground build: [36mvite v6.4.1 [32mbuilding for production...[36m[39m
2026-09-14T02:33:34.6183446Z packages/a11y-tools build: [32mDTS[39m ⚡️ Build success in 9077ms
2026-09-14T02:33:34.6203003Z packages/a11y-tools build: [32mDTS[39m [1mdist/index.d.ts  [22m[32m9.01 KB[39m
2026-09-14T02:33:34.6255543Z packages/a11y-tools build: [32mDTS[39m [1mdist/index.d.cts [22m[32m9.01 KB[39m
2026-09-14T02:33:34.8606425Z packages/a11y-tools build: Done
2026-09-14T02:33:34.8653925Z packages/release-utils build$ rimraf dist && tsc -p tsconfig.json
2026-09-14T02:33:34.9729313Z apps/playground build: transforming...
2026-09-14T02:33:35.0848498Z apps/playground build: Browserslist: browsers data (caniuse-lite) is 6 months old. Please run:
2026-09-14T02:33:35.0928227Z apps/playground build:   npx update-browserslist-db@latest
2026-09-14T02:33:35.0972896Z apps/playground build:   Why you should do it regularly: https://github.com/browserslist/update-db#readme
2026-09-14T02:33:36.6262850Z packages/mcp-bridge build: Done
2026-09-14T02:33:36.6374140Z packages/tokens build$ rimraf dist && node ./scripts/build.mjs && node ./scripts/build-entry.mjs
2026-09-14T02:33:37.0495475Z packages/component-contracts build: [32mDTS[39m ⚡️ Build success in 12073ms
2026-09-14T02:33:37.0533597Z packages/component-contracts build: [32mDTS[39m [1mdist/index.d.ts  [22m[32m108.15 KB[39m
2026-09-14T02:33:37.0653325Z packages/component-contracts build: [32mDTS[39m [1mdist/index.d.cts [22m[32m108.15 KB[39m
2026-09-14T02:33:37.3062785Z packages/component-contracts build: Done
2026-09-14T02:33:37.3126262Z packages/tw-variants build$ rimraf dist && tsup --config tsup.config.ts
2026-09-14T02:33:38.4591053Z packages/tokens build: ✔︎ collision guard: no non-exempt collisions across 6 scopes
2026-09-14T02:33:38.4626359Z packages/tokens build: Building design tokens with Style Dictionary…
2026-09-14T02:33:38.8012903Z packages/tokens build: Token collisions detected (9):
2026-09-14T02:33:38.8023514Z packages/tokens build: Use log.verbosity "verbose" or use CLI option --verbose for more details.
2026-09-14T02:33:38.8082949Z packages/tokens build: Refer to: https://styledictionary.com/reference/logging/
2026-09-14T02:33:39.0767917Z packages/tw-variants build: [34mCLI[39m Building entry: src/context-matrix.ts, src/index.ts
2026-09-14T02:33:39.0843647Z packages/tw-variants build: [34mCLI[39m Using tsconfig: ../../tsconfig.json
2026-09-14T02:33:39.0892696Z packages/tw-variants build: [34mCLI[39m tsup v8.5.0
2026-09-14T02:33:39.0946310Z packages/tw-variants build: [34mCLI[39m Using tsup config: /home/runner/work/OODS-Forge/OODS-Forge/packages/tw-variants/tsup.config.ts
2026-09-14T02:33:39.1081829Z packages/tw-variants build: [34mCLI[39m Target: node20
2026-09-14T02:33:39.1117613Z packages/tw-variants build: [34mCLI[39m Cleaning output folder
2026-09-14T02:33:39.1222904Z packages/tw-variants build: [34mESM[39m Build start
2026-09-14T02:33:39.1293597Z packages/tw-variants build: [34mCJS[39m Build start
2026-09-14T02:33:40.2876937Z packages/tw-variants build: [32mESM[39m [1mdist/context-matrix.js     [22m[32m139.00 B[39m
2026-09-14T02:33:40.2902980Z packages/tw-variants build: [32mESM[39m [1mdist/index.js              [22m[32m8.03 KB[39m
2026-09-14T02:33:40.2942664Z packages/tw-variants build: [32mESM[39m [1mdist/chunk-IHQKAR2X.js     [22m[32m6.39 KB[39m
2026-09-14T02:33:40.3004444Z packages/tw-variants build: [32mESM[39m [1mdist/context-matrix.js.map [22m[32m78.00 B[39m
2026-09-14T02:33:40.3023795Z packages/tw-variants build: [32mESM[39m [1mdist/index.js.map          [22m[32m19.16 KB[39m
2026-09-14T02:33:40.3063290Z packages/tw-variants build: [32mESM[39m [1mdist/chunk-IHQKAR2X.js.map [22m[32m13.51 KB[39m
2026-09-14T02:33:40.3112701Z packages/tw-variants build: [32mESM[39m ⚡️ Build success in 1161ms
2026-09-14T02:33:40.3593685Z packages/tw-variants build: [32mCJS[39m [1mdist/context-matrix.cjs     [22m[32m6.42 KB[39m
2026-09-14T02:33:40.3652935Z packages/tw-variants build: [32mCJS[39m [1mdist/index.cjs              [22m[32m14.54 KB[39m
2026-09-14T02:33:40.4209935Z packages/tw-variants build: [32mCJS[39m [1mdist/context-matrix.cjs.map [22m[32m13.51 KB[39m
2026-09-14T02:33:40.4675406Z packages/tw-variants build: [32mCJS[39m [1mdist/index.cjs.map          [22m[32m32.63 KB[39m
2026-09-14T02:33:40.5134136Z packages/tw-variants build: [32mCJS[39m ⚡️ Build success in 1159ms
2026-09-14T02:33:40.5168367Z apps/playground build: [32m✓[39m 48 modules transformed.
2026-09-14T02:33:40.5523444Z packages/release-utils build: Done
2026-09-14T02:33:40.5524439Z packages/viz-render build$ rimraf dist && tsup --config tsup.config.ts
2026-09-14T02:33:40.7322284Z packages/tw-variants build: [34mDTS[39m Build start
2026-09-14T02:33:40.8853400Z apps/playground build: rendering chunks...
2026-09-14T02:33:40.8862162Z apps/playground build: computing gzip size...
2026-09-14T02:33:40.9824025Z apps/playground build: [2mdist/[22m[32mindex.html                 [39m[1m[2m  0.69 kB[22m[1m[22m[2m │ gzip:  0.39 kB[22m
2026-09-14T02:33:40.9893861Z apps/playground build: [2mdist/[22m[2massets/[22m[35mindex-DBhKWpVX.css  [39m[1m[2m 25.90 kB[22m[1m[22m[2m │ gzip:  5.53 kB[22m
2026-09-14T02:33:41.0389175Z apps/playground build: [2mdist/[22m[2massets/[22m[36mindex-CjtZwImZ.js   [39m[1m[2m394.49 kB[22m[1m[22m[2m │ gzip: 88.73 kB[22m
2026-09-14T02:33:41.0392885Z apps/playground build: [32m✓ built in 7.31s[39m
2026-09-14T02:33:41.2123098Z packages/tokens build: ios-swift
2026-09-14T02:33:41.2124791Z packages/tokens build: ! dist/ios-swift/OodsTokens.swift, does not exist
2026-09-14T02:33:41.2703692Z packages/tokens build: compose
2026-09-14T02:33:41.2708558Z packages/tokens build: ! dist/compose/OodsTokens.kt, does not exist
2026-09-14T02:33:41.3153090Z apps/playground build: Done
2026-09-14T02:33:41.6733768Z packages/tokens build: ts
2026-09-14T02:33:41.6782677Z packages/tokens build: ! dist/ts/tokens.ts, does not exist
2026-09-14T02:33:41.7303436Z packages/tokens build: tailwind
2026-09-14T02:33:41.7304646Z packages/tokens build: ! dist/tailwind/tokens.json, does not exist
2026-09-14T02:33:41.9666023Z packages/viz-render build: [34mCLI[39m Building entry: {"index":"src/index.ts","emitter":"src/emitter.ts","echarts-render.worker":"src/echarts-render.worker.ts"}
2026-09-14T02:33:42.0314511Z packages/viz-render build: [34mCLI[39m Using tsconfig: tsconfig.json
2026-09-14T02:33:42.0372927Z packages/viz-render build: [34mCLI[39m tsup v8.5.0
2026-09-14T02:33:42.0824591Z packages/viz-render build: [34mCLI[39m Using tsup config: /home/runner/work/OODS-Forge/OODS-Forge/packages/viz-render/tsup.config.ts
2026-09-14T02:33:42.0826550Z packages/viz-render build: [34mCLI[39m Target: node20
2026-09-14T02:33:42.1304023Z packages/viz-render build: [34mCLI[39m Cleaning output folder
2026-09-14T02:33:42.1314698Z packages/viz-render build: [34mESM[39m Build start
2026-09-14T02:33:42.2226303Z packages/viz-render build: [34mCJS[39m Build start
2026-09-14T02:33:43.3053177Z packages/viz-render build: [34mDTS[39m Build start
2026-09-14T02:33:43.3313864Z packages/viz-render build: [32mCJS[39m [1mdist/index.cjs                     [22m[32m21.51 KB[39m
2026-09-14T02:33:43.3343242Z packages/viz-render build: [32mCJS[39m [1mdist/emitter.cjs                   [22m[32m3.92 KB[39m
2026-09-14T02:33:43.3403411Z packages/viz-render build: [32mCJS[39m [1mdist/echarts-render.worker.cjs     [22m[32m24.51 KB[39m
2026-09-14T02:33:43.3452977Z packages/viz-render build: [32mCJS[39m [1mdist/index.cjs.map                 [22m[32m52.80 KB[39m
2026-09-14T02:33:43.3492887Z packages/viz-render build: [32mCJS[39m [1mdist/emitter.cjs.map               [22m[32m12.80 KB[39m
2026-09-14T02:33:43.3494492Z packages/viz-render build: [32mCJS[39m [1mdist/echarts-render.worker.cjs.map [22m[32m59.80 KB[39m
2026-09-14T02:33:43.3551223Z packages/viz-render build: [32mCJS[39m ⚡️ Build success in 1360ms
2026-09-14T02:33:43.3569679Z packages/viz-render build: [32mESM[39m [1mdist/index.js                     [22m[32m7.61 KB[39m
2026-09-14T02:33:43.3603246Z packages/viz-render build: [32mESM[39m [1mdist/emitter.js                   [22m[32m3.59 KB[39m
2026-09-14T02:33:43.3644361Z packages/viz-render build: [32mESM[39m [1mdist/echarts-render.worker.js     [22m[32m11.64 KB[39m
2026-09-14T02:33:43.3666252Z packages/viz-render build: [32mESM[39m [1mdist/chunk-TEIMVO34.js            [22m[32m13.57 KB[39m
2026-09-14T02:33:43.3702599Z packages/viz-render build: [32mESM[39m [1mdist/chunk-J3M4JW2D.js            [22m[32m456.00 B[39m
2026-09-14T02:33:43.3742580Z packages/viz-render build: [32mESM[39m [1mdist/index.js.map                 [22m[32m18.69 KB[39m
2026-09-14T02:33:43.3744124Z packages/viz-render build: [32mESM[39m [1mdist/emitter.js.map               [22m[32m11.73 KB[39m
2026-09-14T02:33:43.3782624Z packages/viz-render build: [32mESM[39m [1mdist/echarts-render.worker.js.map [22m[32m25.74 KB[39m
2026-09-14T02:33:43.3832978Z packages/viz-render build: [32mESM[39m [1mdist/chunk-TEIMVO34.js.map        [22m[32m33.43 KB[39m
2026-09-14T02:33:43.3883806Z packages/viz-render build: [32mESM[39m [1mdist/chunk-J3M4JW2D.js.map        [22m[32m1.11 KB[39m
2026-09-14T02:33:43.3983149Z packages/viz-render build: [32mESM[39m ⚡️ Build success in 1364ms
2026-09-14T02:33:45.0616979Z packages/tokens build: ios-swift
2026-09-14T02:33:45.0632745Z packages/tokens build: ✔︎ dist/ios-swift/OodsTokens.swift
2026-09-14T02:33:45.0710684Z packages/tokens build: compose
2026-09-14T02:33:45.0732389Z packages/tokens build: ✔︎ dist/compose/OodsTokens.kt
2026-09-14T02:33:45.3222666Z packages/tokens build: ts
2026-09-14T02:33:45.3263005Z packages/tokens build: ✔︎ dist/ts/tokens.ts
2026-09-14T02:33:45.3302383Z packages/tokens build: tailwind
2026-09-14T02:33:45.3332198Z packages/tokens build: ✔︎ dist/tailwind/tokens.json
2026-09-14T02:33:45.4853044Z packages/tokens build: Token collisions detected (9):
2026-09-14T02:33:45.4875485Z packages/tokens build: Use log.verbosity "verbose" or use CLI option --verbose for more details.
2026-09-14T02:33:45.4894212Z packages/tokens build: Refer to: https://styledictionary.com/reference/logging/
2026-09-14T02:33:46.0782969Z packages/tokens build: css
2026-09-14T02:33:46.0852930Z packages/tokens build: ✔︎ dist/css/tokens.css
2026-09-14T02:33:46.2907378Z packages/tokens build: Token collisions detected (9):
2026-09-14T02:33:46.2933076Z packages/tokens build: Use log.verbosity "verbose" or use CLI option --verbose for more details.
2026-09-14T02:33:46.2972855Z packages/tokens build: Refer to: https://styledictionary.com/reference/logging/
2026-09-14T02:33:46.8146915Z packages/tokens build: css
2026-09-14T02:33:46.8152871Z packages/tokens build: ✔︎ dist/css/tokens.css
2026-09-14T02:33:47.3162858Z packages/tokens build: Token collisions detected (426):
2026-09-14T02:33:47.3164086Z packages/tokens build: Use log.verbosity "verbose" or use CLI option --verbose for more details.
2026-09-14T02:33:47.3223505Z packages/tokens build: Refer to: https://styledictionary.com/reference/logging/
2026-09-14T02:33:47.9419323Z packages/tokens build: css
2026-09-14T02:33:47.9451259Z packages/tokens build: ✔︎ dist/css/tokens.css
2026-09-14T02:33:48.2652969Z packages/tokens build: Token collisions detected (376):
2026-09-14T02:33:48.2735508Z packages/tokens build: Use log.verbosity "verbose" or use CLI option --verbose for more details.
2026-09-14T02:33:48.2762652Z packages/tokens build: Refer to: https://styledictionary.com/reference/logging/
2026-09-14T02:33:48.7817842Z packages/tw-variants build: [32mDTS[39m ⚡️ Build success in 8104ms
2026-09-14T02:33:48.7900799Z packages/tw-variants build: [32mDTS[39m [1mdist/index.d.ts           [22m[32m685.00 B[39m
2026-09-14T02:33:48.7943264Z packages/tw-variants build: [32mDTS[39m [1mdist/context-matrix.d.ts  [22m[32m573.00 B[39m
2026-09-14T02:33:48.7962832Z packages/tw-variants build: [32mDTS[39m [1mdist/index.d.cts          [22m[32m685.00 B[39m
2026-09-14T02:33:48.8053324Z packages/tw-variants build: [32mDTS[39m [1mdist/context-matrix.d.cts [22m[32m573.00 B[39m
2026-09-14T02:33:48.8235113Z packages/tokens build: css
2026-09-14T02:33:48.8252791Z packages/tokens build: ✔︎ dist/css/tokens.css
2026-09-14T02:33:48.9952882Z packages/tw-variants build: Done
2026-09-14T02:33:49.1774394Z packages/tokens build: Token collisions detected (9):
2026-09-14T02:33:49.1798795Z packages/tokens build: Use log.verbosity "verbose" or use CLI option --verbose for more details.
2026-09-14T02:33:49.1822539Z packages/tokens build: Refer to: https://styledictionary.com/reference/logging/
2026-09-14T02:33:49.4196131Z packages/tokens build: css
2026-09-14T02:33:49.4214943Z packages/tokens build: ✔︎ dist/css/tokens.css
2026-09-14T02:33:49.7307655Z packages/tokens build: Token collisions detected (426):
2026-09-14T02:33:49.7329116Z packages/tokens build: Use log.verbosity "verbose" or use CLI option --verbose for more details.
2026-09-14T02:33:49.7352593Z packages/tokens build: Refer to: https://styledictionary.com/reference/logging/
2026-09-14T02:33:50.0097993Z packages/tokens build: css
2026-09-14T02:33:50.0112741Z packages/tokens build: ✔︎ dist/css/tokens.css
2026-09-14T02:33:50.2851938Z packages/tokens build: Token collisions detected (376):
2026-09-14T02:33:50.2873814Z packages/tokens build: Use log.verbosity "verbose" or use CLI option --verbose for more details.
2026-09-14T02:33:50.2882763Z packages/tokens build: Refer to: https://styledictionary.com/reference/logging/
2026-09-14T02:33:50.6310561Z packages/tokens build: css
2026-09-14T02:33:50.6337399Z packages/tokens build: ✔︎ dist/css/tokens.css
2026-09-14T02:33:50.9112800Z packages/tokens build: Token collisions detected (9):
2026-09-14T02:33:50.9114413Z packages/tokens build: Use log.verbosity "verbose" or use CLI option --verbose for more details.
2026-09-14T02:33:50.9132283Z packages/tokens build: Refer to: https://styledictionary.com/reference/logging/
2026-09-14T02:33:51.1493301Z packages/tokens build: ✔︎ tokens built successfully in 12.69s
2026-09-14T02:33:51.1505003Z packages/tokens build:    css:      dist/css/tokens.css (6 brand × theme scopes)
2026-09-14T02:33:51.1522240Z packages/tokens build:    types:    dist/ts/tokens.ts
2026-09-14T02:33:51.1542979Z packages/tokens build:    tailwind: dist/tailwind/tokens.json
2026-09-14T02:33:51.1552209Z packages/tokens build:    ios:      dist/ios-swift/OodsTokens.swift
2026-09-14T02:33:51.1572236Z packages/tokens build:    compose:  dist/compose/OodsTokens.kt
2026-09-14T02:33:51.4222009Z packages/tokens build: Done
2026-09-14T02:33:51.7201099Z packages/viz-render build: [32mDTS[39m ⚡️ Build success in 8437ms
2026-09-14T02:33:51.7223071Z packages/viz-render build: [32mDTS[39m [1mdist/echarts-render.worker.d.ts  [22m[32m13.00 B[39m
2026-09-14T02:33:51.7224171Z packages/viz-render build: [32mDTS[39m [1mdist/emitter.d.ts                [22m[32m1.45 KB[39m
2026-09-14T02:33:51.7225379Z packages/viz-render build: [32mDTS[39m [1mdist/index.d.ts                  [22m[32m5.51 KB[39m
2026-09-14T02:33:51.7226243Z packages/viz-render build: [32mDTS[39m [1mdist/echarts-render.worker.d.cts [22m[32m13.00 B[39m
2026-09-14T02:33:51.7227099Z packages/viz-render build: [32mDTS[39m [1mdist/emitter.d.cts               [22m[32m1.45 KB[39m
2026-09-14T02:33:51.7227882Z packages/viz-render build: [32mDTS[39m [1mdist/index.d.cts                 [22m[32m5.51 KB[39m
2026-09-14T02:33:51.8033039Z packages/viz-render build: Done
2026-09-14T02:33:51.8043656Z packages/component-styles build$ rimraf dist && tsup --config tsup.config.ts && node scripts/copy-css.mjs
2026-09-14T02:33:51.8045002Z packages/viz-core build$ rimraf dist && tsup --config tsup.config.ts
2026-09-14T02:33:52.3624626Z packages/component-styles build: [34mCLI[39m Building entry: src/index.ts, src/ported.ts
2026-09-14T02:33:52.3626100Z packages/component-styles build: [34mCLI[39m Using tsconfig: tsconfig.json
2026-09-14T02:33:52.3647393Z packages/component-styles build: [34mCLI[39m tsup v8.5.0
2026-09-14T02:33:52.3696469Z packages/component-styles build: [34mCLI[39m Using tsup config: /home/runner/work/OODS-Forge/OODS-Forge/packages/component-styles/tsup.config.ts
2026-09-14T02:33:52.3743732Z packages/component-styles build: [34mCLI[39m Target: es2022
2026-09-14T02:33:52.3762425Z packages/component-styles build: [34mESM[39m Build start
2026-09-14T02:33:52.3782309Z packages/component-styles build: [34mCJS[39m Build start
2026-09-14T02:33:52.3938490Z packages/viz-core build: [34mCLI[39m Building entry: src/index.ts
2026-09-14T02:33:52.4002852Z packages/viz-core build: [34mCLI[39m Using tsconfig: tsconfig.json
2026-09-14T02:33:52.4014446Z packages/viz-core build: [34mCLI[39m tsup v8.5.0
2026-09-14T02:33:52.4016108Z packages/viz-core build: [34mCLI[39m Using tsup config: /home/runner/work/OODS-Forge/OODS-Forge/packages/viz-core/tsup.config.ts
2026-09-14T02:33:52.4266845Z packages/viz-core build: [34mCLI[39m Target: node20
2026-09-14T02:33:52.4353622Z packages/viz-core build: [34mCLI[39m Cleaning output folder
2026-09-14T02:33:52.4382851Z packages/viz-core build: [34mESM[39m Build start
2026-09-14T02:33:52.4463096Z packages/viz-core build: [34mCJS[39m Build start
2026-09-14T02:33:52.6154597Z packages/component-styles build: [32mESM[39m [1mdist/index.js          [22m[32m143.00 B[39m
2026-09-14T02:33:52.6216458Z packages/component-styles build: [32mESM[39m [1mdist/ported.js         [22m[32m513.00 B[39m
2026-09-14T02:33:52.6339464Z packages/component-styles build: [32mESM[39m [1mdist/chunk-G34QIFQW.js [22m[32m2.63 KB[39m
2026-09-14T02:33:52.6443324Z packages/component-styles build: [32mESM[39m ⚡️ Build success in 243ms
2026-09-14T02:33:52.6520125Z packages/component-styles build: [32mCJS[39m [1mdist/index.cjs  [22m[32m2.78 KB[39m
2026-09-14T02:33:52.6542602Z packages/component-styles build: [32mCJS[39m [1mdist/ported.cjs [22m[32m2.73 KB[39m
2026-09-14T02:33:52.6637433Z packages/component-styles build: [32mCJS[39m ⚡️ Build success in 246ms
2026-09-14T02:33:53.3663467Z packages/component-styles build: [34mDTS[39m Build start
2026-09-14T02:33:56.6613178Z packages/viz-core build: [34mDTS[39m Build start
2026-09-14T02:33:59.3060271Z packages/viz-core build: [32mCJS[39m [1mdist/index.cjs     [22m[32m724.09 KB[39m
2026-09-14T02:33:59.3074412Z packages/viz-core build: [32mCJS[39m [1mdist/index.cjs.map [22m[32m1.74 MB[39m
2026-09-14T02:33:59.3076132Z packages/viz-core build: [32mCJS[39m ⚡️ Build success in 6878ms
2026-09-14T02:33:59.3077450Z packages/viz-core build: [32mESM[39m [1mdist/index.js     [22m[32m719.25 KB[39m
2026-09-14T02:33:59.3078765Z packages/viz-core build: [32mESM[39m [1mdist/index.js.map [22m[32m1.74 MB[39m
2026-09-14T02:33:59.3079929Z packages/viz-core build: [32mESM[39m ⚡️ Build success in 6880ms
2026-09-14T02:34:01.1423945Z packages/component-styles build: [32mDTS[39m ⚡️ Build success in 7777ms
2026-09-14T02:34:01.1437530Z packages/component-styles build: [32mDTS[39m [1mdist/index.d.ts   [22m[32m2.60 KB[39m
2026-09-14T02:34:01.1473584Z packages/component-styles build: [32mDTS[39m [1mdist/ported.d.ts  [22m[32m500.00 B[39m
2026-09-14T02:34:01.1486720Z packages/component-styles build: [32mDTS[39m [1mdist/index.d.cts  [22m[32m2.60 KB[39m
2026-09-14T02:34:01.1512927Z packages/component-styles build: [32mDTS[39m [1mdist/ported.d.cts [22m[32m500.00 B[39m
2026-09-14T02:34:01.3404917Z packages/component-styles build: Done
2026-09-14T02:34:03.3663433Z packages/viz-core build: [32mDTS[39m ⚡️ Build success in 9680ms
2026-09-14T02:34:03.3664593Z packages/viz-core build: [32mDTS[39m [1mdist/index.d.ts  [22m[32m305.80 KB[39m
2026-09-14T02:34:03.3665730Z packages/viz-core build: [32mDTS[39m [1mdist/index.d.cts [22m[32m305.80 KB[39m
2026-09-14T02:34:03.4775274Z packages/viz-core build: Done
2026-09-14T02:34:03.4776611Z packages/components-react build$ rimraf dist && tsup --config tsup.config.ts
2026-09-14T02:34:03.4787377Z packages/components-vue build$ rimraf dist && tsup --config tsup.config.ts && tsup --config tsup.ported.config.ts
2026-09-14T02:34:04.0413185Z packages/components-vue build: [34mCLI[39m Building entry: src/index.ts
2026-09-14T02:34:04.0430797Z packages/components-vue build: [34mCLI[39m Using tsconfig: tsconfig.json
2026-09-14T02:34:04.0453454Z packages/components-vue build: [34mCLI[39m tsup v8.5.0
2026-09-14T02:34:04.0469238Z packages/components-vue build: [34mCLI[39m Using tsup config: /home/runner/work/OODS-Forge/OODS-Forge/packages/components-vue/tsup.config.ts
2026-09-14T02:34:04.0477700Z packages/components-react build: [34mCLI[39m Building entry: src/index.ts, src/ported.tsx, src/status.ts, src/table.tsx, src/types.ts
2026-09-14T02:34:04.0502583Z packages/components-react build: [34mCLI[39m Using tsconfig: tsconfig.json
2026-09-14T02:34:04.0545447Z packages/components-react build: [34mCLI[39m tsup v8.5.0
2026-09-14T02:34:04.0547407Z packages/components-react build: [34mCLI[39m Using tsup config: /home/runner/work/OODS-Forge/OODS-Forge/packages/components-react/tsup.config.ts
2026-09-14T02:34:04.0563405Z packages/components-vue build: [34mCLI[39m Target: es2022
2026-09-14T02:34:04.0608522Z packages/components-vue build: [34mCLI[39m Cleaning output folder
2026-09-14T02:34:04.0610029Z packages/components-vue build: [34mESM[39m Build start
2026-09-14T02:34:04.0633808Z packages/components-vue build: [34mCJS[39m Build start
2026-09-14T02:34:04.0658153Z packages/components-react build: [34mCLI[39m Target: es2022
2026-09-14T02:34:04.0763450Z packages/components-react build: [34mCLI[39m Cleaning output folder
2026-09-14T02:34:04.0820626Z packages/components-react build: [34mESM[39m Build start
2026-09-14T02:34:04.0832451Z packages/components-react build: [34mCJS[39m Build start
2026-09-14T02:34:04.7333338Z packages/components-react build: Generated an empty chunk: "types".
2026-09-14T02:34:05.5073503Z packages/components-vue build: [34mDTS[39m Build start
2026-09-14T02:34:05.9063343Z packages/components-react build: [34mDTS[39m Build start
2026-09-14T02:34:06.0242911Z packages/components-react build: Generated an empty chunk: "types".
2026-09-14T02:34:06.3991258Z packages/components-vue build: [32mCJS[39m [1mdist/index.cjs [22m[32m133.63 KB[39m
2026-09-14T02:34:06.4053214Z packages/components-vue build: [32mCJS[39m ⚡️ Build success in 2342ms
2026-09-14T02:34:06.4092789Z packages/components-vue build: [32mESM[39m [1mdist/index.js [22m[32m128.54 KB[39m
2026-09-14T02:34:06.4193453Z packages/components-vue build: [32mESM[39m ⚡️ Build success in 2343ms
2026-09-14T02:34:06.7006584Z packages/components-react build: [32mCJS[39m [1mdist/status.cjs [22m[32m11.08 KB[39m
2026-09-14T02:34:06.7029893Z packages/components-react build: [32mCJS[39m [1mdist/table.cjs  [22m[32m17.07 KB[39m
2026-09-14T02:34:06.7037380Z packages/components-react build: [32mCJS[39m [1mdist/types.cjs  [22m[32m15.00 B[39m
2026-09-14T02:34:06.7048349Z packages/components-react build: [32mCJS[39m [1mdist/ported.cjs [22m[32m52.88 KB[39m
2026-09-14T02:34:06.7050348Z packages/components-react build: [32mCJS[39m [1mdist/index.cjs  [22m[32m153.36 KB[39m
2026-09-14T02:34:06.7052180Z packages/components-react build: [32mCJS[39m ⚡️ Build success in 2622ms
2026-09-14T02:34:06.7053557Z packages/components-react build: [32mESM[39m [1mdist/ported.js         [22m[32m192.00 B[39m
2026-09-14T02:34:06.7054925Z packages/components-react build: [32mESM[39m [1mdist/status.js         [22m[32m171.00 B[39m
2026-09-14T02:34:06.7056352Z packages/components-react build: [32mESM[39m [1mdist/table.js          [22m[32m149.00 B[39m
2026-09-14T02:34:06.7057722Z packages/components-react build: [32mESM[39m [1mdist/chunk-YCI5AEWL.js [22m[32m6.37 KB[39m
2026-09-14T02:34:06.7059129Z packages/components-react build: [32mESM[39m [1mdist/chunk-G74PKSW3.js [22m[32m10.89 KB[39m
2026-09-14T02:34:06.7060536Z packages/components-react build: [32mESM[39m [1mdist/chunk-P5OXCQSC.js [22m[32m40.52 KB[39m
2026-09-14T02:34:06.7062161Z packages/components-react build: [32mESM[39m [1mdist/index.js          [22m[32m87.26 KB[39m
2026-09-14T02:34:06.7084421Z packages/components-react build: [32mESM[39m [1mdist/types.js          [22m[32m1.00 B[39m
2026-09-14T02:34:06.7086628Z packages/components-react build: [32mESM[39m ⚡️ Build success in 2624ms
2026-09-14T02:34:16.4707288Z packages/components-react build: [32mDTS[39m ⚡️ Build success in 10880ms
2026-09-14T02:34:16.4742414Z packages/components-react build: [32mDTS[39m [1mdist/index.d.ts   [22m[32m21.35 KB[39m
2026-09-14T02:34:16.4767862Z packages/components-react build: [32mDTS[39m [1mdist/ported.d.ts  [22m[32m7.12 KB[39m
2026-09-14T02:34:16.4769874Z packages/components-react build: [32mDTS[39m [1mdist/status.d.ts  [22m[32m1.39 KB[39m
2026-09-14T02:34:16.4778903Z packages/components-react build: [32mDTS[39m [1mdist/table.d.ts   [22m[32m1.06 KB[39m
2026-09-14T02:34:16.4780535Z packages/components-react build: [32mDTS[39m [1mdist/types.d.ts   [22m[32m23.79 KB[39m
2026-09-14T02:34:16.4782438Z packages/components-react build: [32mDTS[39m [1mdist/index.d.cts  [22m[32m21.35 KB[39m
2026-09-14T02:34:16.4783957Z packages/components-react build: [32mDTS[39m [1mdist/ported.d.cts [22m[32m7.12 KB[39m
2026-09-14T02:34:16.4785362Z packages/components-react build: [32mDTS[39m [1mdist/status.d.cts [22m[32m1.39 KB[39m
2026-09-14T02:34:16.4786761Z packages/components-react build: [32mDTS[39m [1mdist/table.d.cts  [22m[32m1.07 KB[39m
2026-09-14T02:34:16.4788158Z packages/components-react build: [32mDTS[39m [1mdist/types.d.cts  [22m[32m23.79 KB[39m
2026-09-14T02:34:16.6284281Z packages/components-react build: Done
2026-09-14T02:34:16.8803411Z packages/components-vue build: [32mDTS[39m ⚡️ Build success in 11513ms
2026-09-14T02:34:16.8805417Z packages/components-vue build: [32mDTS[39m [1mdist/index.d.ts  [22m[32m141.75 KB[39m
2026-09-14T02:34:16.8808130Z packages/components-vue build: [32mDTS[39m [1mdist/index.d.cts [22m[32m141.75 KB[39m
2026-09-14T02:34:17.2891722Z packages/components-vue build: [34mCLI[39m Building entry: src/ported.ts
2026-09-14T02:34:17.2913542Z packages/components-vue build: [34mCLI[39m Using tsconfig: tsconfig.json
2026-09-14T02:34:17.2914897Z packages/components-vue build: [34mCLI[39m tsup v8.5.0
2026-09-14T02:34:17.2916809Z packages/components-vue build: [34mCLI[39m Using tsup config: /home/runner/work/OODS-Forge/OODS-Forge/packages/components-vue/tsup.ported.config.ts
2026-09-14T02:34:17.2992968Z packages/components-vue build: [34mCLI[39m Target: es2022
2026-09-14T02:34:17.3017955Z packages/components-vue build: [34mESM[39m Build start
2026-09-14T02:34:17.3050776Z packages/components-vue build: [34mCJS[39m Build start
2026-09-14T02:34:17.7650939Z packages/components-vue build: [32mESM[39m [1mdist/ported.js [22m[32m46.22 KB[39m
2026-09-14T02:34:17.7682973Z packages/components-vue build: [32mESM[39m ⚡️ Build success in 465ms
2026-09-14T02:34:17.7684283Z packages/components-vue build: [32mCJS[39m [1mdist/ported.cjs [22m[32m46.89 KB[39m
2026-09-14T02:34:17.7685031Z packages/components-vue build: [32mCJS[39m ⚡️ Build success in 466ms
2026-09-14T02:34:17.8486311Z packages/components-vue build: [34mDTS[39m Build start
2026-09-14T02:34:21.6979620Z packages/components-vue build: [32mDTS[39m ⚡️ Build success in 3849ms
2026-09-14T02:34:21.6982955Z packages/components-vue build: [32mDTS[39m [1mdist/ported.d.ts  [22m[32m20.67 KB[39m
2026-09-14T02:34:21.6984500Z packages/components-vue build: [32mDTS[39m [1mdist/ported.d.cts [22m[32m20.67 KB[39m
2026-09-14T02:34:21.7814190Z packages/components-vue build: Done
2026-09-14T02:34:21.7823982Z packages/mcp-server build$ rimraf dist && tsc -p tsconfig.json && mkdir -p dist/schemas dist/security dist/tools && (cp -f src/schemas/*.json dist/schemas/ 2>/dev/null || true) && (cp -f src/security/*.json dist/security/ 2>/dev/null || true) && (cp -f src/tools/registry.json dist/tools/ 2>/dev/null || true) && cp -R registry dist/registry && cp ../viz-core/src/registry/viz-taxonomy.v1.json ../viz-core/src/registry/viz-classification.v1.json ../viz-core/src/registry/viz-patterns.v1.json dist/registry/ && node ../../scripts/build-revision.mjs dist/build-revision.json
2026-09-14T02:34:28.9756166Z packages/mcp-server build: Done
2026-09-14T02:34:28.9757424Z packages/sdk build$ rimraf dist && tsc -p tsconfig.json
2026-09-14T02:34:30.5180836Z packages/sdk build: Done
2026-09-14T02:34:30.9649762Z 
2026-09-14T02:34:30.9651128Z > @oods/foundry-mcp@0.1.0 pkg:build /home/runner/work/OODS-Forge/OODS-Forge
2026-09-14T02:34:30.9652482Z > tsx scripts/pkg/build.ts
2026-09-14T02:34:30.9652922Z 
2026-09-14T02:34:31.9095072Z [34mCLI[39m Building entry: src/index.ts
2026-09-14T02:34:31.9097077Z [34mCLI[39m Using tsconfig: tsconfig.json
2026-09-14T02:34:31.9097858Z [34mCLI[39m tsup v8.5.0
2026-09-14T02:34:31.9099013Z [34mCLI[39m Using tsup config: /home/runner/work/OODS-Forge/OODS-Forge/tsup.config.mjs
2026-09-14T02:34:31.9192515Z [34mCLI[39m Target: es2022
2026-09-14T02:34:31.9209352Z [34mESM[39m Build start
2026-09-14T02:34:31.9232204Z [34mCJS[39m Build start
2026-09-14T02:34:36.5959568Z [34mDTS[39m Build start
2026-09-14T02:34:39.3355986Z [32mESM[39m [1mdist/pkg/index.css     [22m[32m33.29 KB[39m
2026-09-14T02:34:39.3357033Z [32mESM[39m [1mdist/pkg/index.css.map [22m[32m55.55 KB[39m
2026-09-14T02:34:39.3358013Z [32mESM[39m [1mdist/pkg/index.js      [22m[32m875.14 KB[39m
2026-09-14T02:34:39.3358963Z [32mESM[39m [1mdist/pkg/index.js.map  [22m[32m2.13 MB[39m
2026-09-14T02:34:39.3359773Z [32mESM[39m ⚡️ Build success in 7414ms
2026-09-14T02:34:39.3360597Z [32mCJS[39m [1mdist/pkg/index.css     [22m[32m33.29 KB[39m
2026-09-14T02:34:39.3361673Z [32mCJS[39m [1mdist/pkg/index.css.map [22m[32m55.55 KB[39m
2026-09-14T02:34:39.3362592Z [32mCJS[39m [1mdist/pkg/index.cjs     [22m[32m893.29 KB[39m
2026-09-14T02:34:39.3363463Z [32mCJS[39m [1mdist/pkg/index.cjs.map [22m[32m2.13 MB[39m
2026-09-14T02:34:39.3364223Z [32mCJS[39m ⚡️ Build success in 7414ms
2026-09-14T02:34:49.5732354Z [32mDTS[39m ⚡️ Build success in 14561ms
2026-09-14T02:34:49.5759001Z [32mDTS[39m [1mdist/pkg/index.d.ts  [22m[32m250.75 KB[39m
2026-09-14T02:34:49.5763570Z [32mDTS[39m [1mdist/pkg/index.d.cts [22m[32m250.75 KB[39m
2026-09-14T02:34:49.5792240Z 
2026-09-14T02:34:49.5793082Z ✨ Built @oods/trait-engine into dist/pkg
2026-09-14T02:34:49.5793901Z    Storybook hash: unavailable
2026-09-14T02:34:49.5794503Z    VR baseline id: unavailable
2026-09-14T02:34:49.5794905Z 
2026-09-14T02:34:49.7860301Z ##[group]Run pnpm run test:coverage:root
2026-09-14T02:34:49.7880113Z [36;1mpnpm run test:coverage:root[0m
2026-09-14T02:34:49.7922063Z shell: /usr/bin/bash -e {0}
2026-09-14T02:34:49.7922344Z env:
2026-09-14T02:34:49.7922555Z   NODE_VERSION: 24
2026-09-14T02:34:49.7922846Z   PNPM_HOME: /home/runner/setup-pnpm/node_modules/.bin
2026-09-14T02:34:49.7923175Z ##[endgroup]
2026-09-14T02:34:50.2482919Z 
2026-09-14T02:34:50.2491868Z > @oods/foundry-mcp@0.1.0 test:coverage:root /home/runner/work/OODS-Forge/OODS-Forge
2026-09-14T02:34:50.2492998Z > vitest --coverage
2026-09-14T02:34:50.2493615Z 
2026-09-14T02:34:50.9319580Z 
2026-09-14T02:34:50.9321954Z [1m[46m RUN [49m[22m [36mv3.2.4 [39m[90m/home/runner/work/OODS-Forge/OODS-Forge[39m
2026-09-14T02:34:50.9323382Z       [2mCoverage enabled with [22m[33mv8[39m
2026-09-14T02:34:50.9324116Z 
2026-09-14T02:34:54.9309992Z  [32m✓[39m [30m[45m core [49m[39m packages/mcp-server/test/tools/artifact.certify.spec.ts [2m([22m[2m72 tests[22m[2m)[22m[33m 2042[2mms[22m[39m
2026-09-14T02:34:54.9316773Z    [33m[2m✓[22m[39m artifact.certify — conformance verdict (cartesian)[2m > [22ma conformant cartesian IR → certified, conformant:true, no findings, stable contentHash [33m 375[2mms[22m[39m
2026-09-14T02:34:56.3342473Z  [32m✓[39m [30m[45m core [49m[39m packages/mcp-server/test/product-reality/closeout-ledger.s185.spec.ts [2m([22m[2m60 tests[22m[2m)[22m[33m 744[2mms[22m[39m
2026-09-14T02:34:56.9389330Z  [32m✓[39m [30m[45m core [49m[39m packages/mcp-server/test/contracts/dtcg-intake.s180.spec.ts [2m([22m[2m21 tests[22m[2m)[22m[32m 222[2mms[22m[39m
2026-09-14T02:34:57.8779653Z  [32m✓[39m [30m[45m core [49m[39m packages/mcp-server/test/contracts/mapping.spec.ts [2m([22m[2m65 tests[22m[2m)[22m[33m 393[2mms[22m[39m
2026-09-14T02:34:59.9825244Z [90mstderr[2m | tests/viz/mark-options-schema-validity-s167.test.ts
2026-09-14T02:34:59.9827162Z [22m[39munknown format "color-hex" ignored in schema at path "#/definitions/HexColor"
2026-09-14T02:34:59.9828651Z unknown format "color-hex" ignored in schema at path "#/definitions/HexColor"
2026-09-14T02:34:59.9829948Z unknown format "color-hex" ignored in schema at path "#/definitions/HexColor"
2026-09-14T02:34:59.9831192Z unknown format "color-hex" ignored in schema at path "#/definitions/HexColor"
2026-09-14T02:34:59.9832261Z 
2026-09-14T02:35:00.4813621Z  [32m✓[39m [30m[45m core [49m[39m tests/viz/mark-options-schema-validity-s167.test.ts [2m([22m[2m75 tests[22m[2m)[22m[33m 465[2mms[22m[39m
2026-09-14T02:35:01.5304603Z  [32m✓[39m [30m[45m core [49m[39m packages/mcp-server/test/contracts/repl.tools.spec.ts [2m([22m[2m39 tests[22m[2m)[22m[32m 71[2mms[22m[39m
2026-09-14T02:35:03.7582444Z  [32m✓[39m [30m[45m core [49m[39m packages/mcp-server/test/product-reality/validation-profiles.s183.spec.ts [2m([22m[2m77 tests[22m[2m)[22m[33m 604[2mms[22m[39m
2026-09-14T02:35:05.6965065Z  [32m✓[39m [30m[45m core [49m[39m packages/mcp-server/test/product-reality/breadth-live-generation.s186.spec.ts [2m([22m[2m117 tests[22m[2m)[22m[33m 460[2mms[22m[39m
2026-09-14T02:35:07.4004119Z  [32m✓[39m [30m[45m core [49m[39m packages/mcp-server/test/product-reality/suite-accounting.s185.spec.ts [2m([22m[2m20 tests[22m[2m)[22m[33m 1390[2mms[22m[39m
2026-09-14T02:35:07.4024918Z    [33m[2m✓[22m[39m Sprint 185 four-suite accounting counts executions and explains population movement[2m > [22mcannot reuse an old baseline execution as the newly measured closeout run [33m 944[2mms[22m[39m
2026-09-14T02:35:08.2024450Z  [32m✓[39m [30m[45m core [49m[39m packages/mcp-server/test/product-reality/closeout.s183.spec.ts [2m([22m[2m7 tests[22m[2m)[22m[33m 447[2mms[22m[39m
2026-09-14T02:35:09.8516825Z  [32m✓[39m [30m[45m core [49m[39m packages/mcp-server/test/tools/certify-contrast.spec.ts [2m([22m[2m30 tests[22m[2m)[22m[33m 964[2mms[22m[39m
2026-09-14T02:35:09.8527277Z    [33m[2m✓[22m[39m certify-contrast — role-C (WCAG mark-vs-canvas) + default palette[2m > [22ma single-series chart (no color encoding) -> pass on categorical-01 (baked mark.color, rendered) vs the canvas [33m 362[2mms[22m[39m
2026-09-14T02:35:10.6401672Z  [32m✓[39m [30m[45m core [49m[39m tests/verification/how-forge-works.contract.test.ts [2m([22m[2m16 tests[22m[2m)[22m[32m 45[2mms[22m[39m
2026-09-14T02:35:11.7917883Z  [32m✓[39m [30m[45m core [49m[39m packages/mcp-server/test/contracts/stage1-integration.spec.ts [2m([22m[2m32 tests[22m[2m)[22m[33m 465[2mms[22m[39m
2026-09-14T02:35:16.9118746Z  [32m✓[39m [30m[45m core [49m[39m packages/mcp-server/test/contracts/catalog.list.spec.ts [2m([22m[2m30 tests[22m[2m)[22m[33m 3973[2mms[22m[39m
2026-09-14T02:35:16.9126508Z    [33m[2m✓[22m[39m catalog.list[2m > [22mshould allow explicit full detail without default pagination [33m 475[2mms[22m[39m
2026-09-14T02:35:16.9128518Z    [33m[2m✓[22m[39m catalog.list[2m > [22mshould filter by category [33m 348[2mms[22m[39m
2026-09-14T02:35:16.9130129Z    [33m[2m✓[22m[39m catalog.list[2m > [22mincludes filteredCount in stats when filters are active [33m 337[2mms[22m[39m
2026-09-14T02:35:16.9131879Z    [33m[2m✓[22m[39m catalog.list[2m > [22mshould filter by trait [33m 387[2mms[22m[39m
2026-09-14T02:35:16.9133577Z    [33m[2m✓[22m[39m catalog.list[2m > [22msuggests traits when a trait filter returns zero results [33m 361[2mms[22m[39m
2026-09-14T02:35:16.9135435Z    [33m[2m✓[22m[39m catalog.list[2m > [22mshould filter by context [33m 389[2mms[22m[39m
2026-09-14T02:35:16.9136966Z    [33m[2m✓[22m[39m catalog.list[2m > [22mshould return totalCount matching filtered results [33m 336[2mms[22m[39m
2026-09-14T02:35:16.9138602Z    [33m[2m✓[22m[39m catalog.list[2m > [22mdeduplicates trait names per component [33m 338[2mms[22m[39m
2026-09-14T02:35:16.9140719Z    [33m[2m✓[22m[39m catalog.list[2m > [22mkeeps the legacy status census scoped to the 109 mapped / 0 fallback HTML surface after the three disputed roots [33m 398[2mms[22m[39m
2026-09-14T02:35:18.3639757Z  [32m✓[39m [30m[45m core [49m[39m packages/mcp-server/test/compose/object-slot-filler.spec.ts [2m([22m[2m35 tests[22m[2m)[22m[33m 1070[2mms[22m[39m
2026-09-14T02:35:18.7509044Z  [32m✓[39m [30m[45m core [49m[39m packages/mcp-server/test/render/fragment-edge-cases.spec.ts [2m([22m[2m48 tests[22m[2m)[22m[32m 30[2mms[22m[39m
2026-09-14T02:35:19.3289138Z  [32m✓[39m [30m[45m core [49m[39m packages/mcp-server/test/a11y/a11y.contract.spec.ts [2m([22m[2m20 tests[22m[2m)[22m[32m 72[2mms[22m[39m
2026-09-14T02:35:19.7620228Z  [32m✓[39m [30m[45m core [49m[39m packages/mcp-server/test/render/xss-security.spec.ts [2m([22m[2m51 tests[22m[2m)[22m[32m 27[2mms[22m[39m
2026-09-14T02:35:20.0900618Z  [32m✓[39m [30m[45m core [49m[39m tests/domain/billing/states.spec.ts [2m([22m[2m61 tests[22m[2m)[22m[32m 38[2mms[22m[39m
2026-09-14T02:35:24.6426657Z  [32m✓[39m [30m[45m core [49m[39m packages/mcp-server/test/product-reality/closeout-producer.s195.spec.ts [2m([22m[2m32 tests[22m[2m)[22m[33m 4177[2mms[22m[39m
2026-09-14T02:35:24.6429347Z    [33m[2m✓[22m[39m Sprint195 producer manifest contract[2m > [22mderives28 literal claims with fresh-proof source shapes and preserves all recorded limits [33m 889[2mms[22m[39m
2026-09-14T02:35:24.6432807Z    [33m[2m✓[22m[39m Sprint195 producer manifest contract[2m > [22mrejects a tool proof with the wrong censusHead binding [33m 316[2mms[22m[39m
2026-09-14T02:35:24.6435021Z    [33m[2m✓[22m[39m Sprint195 producer manifest contract[2m > [22mrejects a tool proof with the wrong implementationHead binding [33m 315[2mms[22m[39m
2026-09-14T02:35:24.6438928Z    [33m[2m✓[22m[39m Sprint195 producer manifest contract[2m > [22mrejects duplicate criterion bindings and unrecorded decision qualifications [33m 1652[2mms[22m[39m
2026-09-14T02:35:24.9669671Z  [32m✓[39m [30m[45m core [49m[39m packages/mcp-server/test/compose/field-patterns.spec.ts [2m([22m[2m31 tests[22m[2m)[22m[32m 22[2mms[22m[39m
2026-09-14T02:35:27.1336520Z  [32m✓[39m [30m[45m core [49m[39m packages/mcp-server/test/compose/design-compose.spec.ts [2m([22m[2m48 tests[22m[2m)[22m[33m 1598[2mms[22m[39m
2026-09-14T02:35:27.6424132Z  [32m✓[39m [30m[45m guardrails [49m[39m testing/a11y/brand-contrast.spec.ts [2m([22m[2m10 tests[22m[2m)[22m[32m 190[2mms[22m[39m
2026-09-14T02:35:28.0727796Z  [32m✓[39m [30m[45m core [49m[39m tests/traits/viz/spatial/geocodable.test.ts [2m([22m[2m79 tests[22m[2m)[22m[32m 39[2mms[22m[39m
2026-09-14T02:35:28.6750298Z  [32m✓[39m [30m[45m core [49m[39m packages/mcp-server/test/contracts/map-apply.spec.ts [2m([22m[2m18 tests[22m[2m)[22m[32m 139[2mms[22m[39m
2026-09-14T02:35:29.2211959Z  [32m✓[39m [30m[45m core [49m[39m tests/validation/error-context-enrichment.test.ts [2m([22m[2m16 tests[22m[2m)[22m[32m 34[2mms[22m[39m
2026-09-14T02:35:29.9337367Z  [32m✓[39m [30m[45m core [49m[39m tests/integration/network-flow-full.test.ts [2m([22m[2m21 tests[22m[2m)[22m[32m 20[2mms[22m[39m
2026-09-14T02:35:30.4192111Z  [32m✓[39m [30m[45m core [49m[39m packages/mcp-server/test/codegen/react-emitter.spec.ts [2m([22m[2m34 tests[22m[2m)[22m[32m 32[2mms[22m[39m
2026-09-14T02:35:34.8971239Z  [32m✓[39m [30m[45m core [49m[39m tests/tokens/mobile-output.test.ts [2m([22m[2m27 tests[22m[2m)[22m[33m 4154[2mms[22m[39m
2026-09-14T02:35:34.8978526Z    [33m[2m✓[22m[39m mobile output — gamut mapping, not channel clipping (the m02 table assertion)[2m > [22memits every historical divergent color through the real mobile build — clipping cannot pass when the live palette is in gamut [33m 4093[2mms[22m[39m
2026-09-14T02:35:36.7762652Z  [32m✓[39m [30m[45m core [49m[39m packages/mcp-server/test/product-reality/closeout-audit.s195.spec.ts [2m([22m[2m28 tests[22m[2m)[22m[33m 1544[2mms[22m[39m
2026-09-14T02:35:36.7776742Z    [33m[2m✓[22m[39m Sprint 195 independent closeout predicates reject false greens[2m > [22mkeeps palette historical after hashes qualified at m05 rather than mutable current source [33m 935[2mms[22m[39m
2026-09-14T02:35:38.9503356Z  [32m✓[39m [30m[45m core [49m[39m packages/mcp-server/test/product-reality/suite-accounting.s196.spec.ts [2m([22m[2m13 tests[22m[2m)[22m[33m 1877[2mms[22m[39m
2026-09-14T02:35:38.9506426Z    [33m[2m✓[22m[39m Sprint 196 accounting keeps five-suite identities and historical evidence separate[2m > [22muses the same Sprint 196 defaults through the CLI and rejects stale derived output [33m 414[2mms[22m[39m
2026-09-14T02:35:40.1594088Z  [32m✓[39m [30m[45m core [49m[39m tests/codegen/code-generate.contract.test.ts [2m([22m[2m26 tests[22m[2m)[22m[32m 94[2mms[22m[39m
2026-09-14T02:35:40.8297171Z  [32m✓[39m [30m[45m core [49m[39m tests/viz/adapters/echarts/sankey-adapter.test.ts [2m([22m[2m43 tests[22m[2m)[22m[32m 17[2mms[22m[39m
2026-09-14T02:35:41.2166759Z  [32m✓[39m [30m[45m core [49m[39m tests/schemas/spatial-spec.test.ts [2m([22m[2m24 tests[22m[2m)[22m[32m 96[2mms[22m[39m
2026-09-14T02:35:41.8418050Z  [32m✓[39m [30m[45m core [49m[39m packages/mcp-server/test/compose/templates.spec.ts [2m([22m[2m68 tests[22m[2m)[22m[32m 47[2mms[22m[39m
2026-09-14T02:35:43.3620574Z  [32m✓[39m [30m[45m core [49m[39m packages/mcp-server/test/e2e/action-mappings.e2e.spec.ts [2m([22m[2m12 tests[22m[2m | [22m[33m9 skipped[39m[2m)[22m[33m 359[2mms[22m[39m
2026-09-14T02:35:48.1836395Z  [32m✓[39m [30m[45m core [49m[39m packages/mcp-server/test/product-reality/options.s194.spec.ts [2m([22m[2m9 tests[22m[2m)[22m[33m 3493[2mms[22m[39m
2026-09-14T02:35:48.1841280Z    [33m[2m✓[22m[39m remaining options do what their public wire says (s194-m05)[2m > [22mkeeps portable dashboard repeats byte-identical and attributes their s197 palette changes [33m 476[2mms[22m[39m
2026-09-14T02:35:48.1845336Z    [33m[2m✓[22m[39m remaining options do what their public wire says (s194-m05)[2m > [22mpreserves thirteen historical operands and eleven panels through the recorded palette and UTC migrations [33m 1090[2mms[22m[39m
2026-09-14T02:35:48.1848456Z    [33m[2m✓[22m[39m remaining options do what their public wire says (s194-m05)[2m > [22mretains Sprint 193 operands and accounts for the palette and UTC pixel migrations [33m 874[2mms[22m[39m
2026-09-14T02:35:50.5503033Z  [32m✓[39m [30m[45m core [49m[39m packages/mcp-server/test/product-reality/b2-legacy-inputs.s184.spec.ts [2m([22m[2m7 tests[22m[2m)[22m[33m 855[2mms[22m[39m
2026-09-14T02:35:50.9177293Z  [32m✓[39m [30m[45m core [49m[39m tests/core/dependency-graph.test.ts [2m([22m[2m40 tests[22m[2m)[22m[32m 22[2mms[22m[39m
2026-09-14T02:35:51.3921007Z  [32m✓[39m [30m[45m core [49m[39m packages/mcp-server/test/codegen/vue-emitter.spec.ts [2m([22m[2m29 tests[22m[2m)[22m[32m 32[2mms[22m[39m
2026-09-14T02:35:53.1455137Z  [32m✓[39m [30m[45m core [49m[39m packages/mcp-server/test/product-reality/consumer-contract.s185.spec.ts [2m([22m[2m22 tests[22m[2m)[22m[32m 132[2mms[22m[39m
2026-09-14T02:35:54.7128367Z  [32m✓[39m [30m[45m core [49m[39m packages/mcp-server/test/tools/artifact.certify.spec-only-bytes.spec.ts [2m([22m[2m32 tests[22m[2m)[22m[33m 808[2mms[22m[39m
2026-09-14T02:35:54.7130755Z    [33m[2m✓[22m[39m artifact.certify — {spec}-only byte compatibility, cartesian half (baseline 85004fe)[2m > [22mMarkBar: the {spec}-only response moves only by the declared set vs pristine HEAD 85004fe [33m 435[2mms[22m[39m
2026-09-14T02:35:58.4327207Z  [32m✓[39m [30m[45m core [49m[39m packages/mcp-server/test/tools/artifact.certify.echarts-a11y-warnfirst.spec.ts [2m([22m[2m88 tests[22m[2m)[22m[33m 2817[2mms[22m[39m
2026-09-14T02:35:58.4338420Z    [33m[2m✓[22m[39m artifact.certify — a11y-equivalence declared operand profile (s195 m04)[2m > [22mtreemap: WITH the operand, findings[] carries exactly the matrix-derived a11y set at native severity [33m 575[2mms[22m[39m
2026-09-14T02:35:58.4341726Z    [33m[2m✓[22m[39m artifact.certify — a11y evaluation remains a READER (s195 m04)[2m > [22mthe CARTESIAN path is untouched: a11yEquivalence still carries a real pass/fail verdict there [33m 349[2mms[22m[39m
2026-09-14T02:35:58.4344759Z    [33m[2m✓[22m[39m artifact.certify — the NOT-APPLICABLE channel, a11yNotApplicable[] (s175 m03)[2m > [22mwhen the engine THROWS the key is ABSENT (the partial list is discarded) and the note says so [33m 782[2mms[22m[39m
2026-09-14T02:35:58.7696011Z  [32m✓[39m [30m[45m core [49m[39m tests/dashboard/network-cross-filter.test.ts [2m([22m[2m36 tests[22m[2m)[22m[32m 18[2mms[22m[39m
2026-09-14T02:35:59.8032095Z  [32m✓[39m [30m[45m core [49m[39m tests/tokens/bridged-slot-specificity-census.test.ts [2m([22m[2m5 tests[22m[2m)[22m[33m 446[2mms[22m[39m
2026-09-14T02:36:12.2896928Z  [32m✓[39m [30m[45m core [49m[39m packages/mcp-server/test/product-reality/brand-seam.s194.spec.ts [2m([22m[2m9 tests[22m[2m)[22m[33m 10989[2mms[22m[39m
2026-09-14T02:36:12.2905599Z    [33m[2m✓[22m[39m s194 brand seam crosses real tool and browser boundaries[2m > [22maccepted intake moves source, chart SVG, generated app CSS and a governed component in B/dark [33m 7362[2mms[22m[39m
2026-09-14T02:36:12.2908582Z    [33m[2m✓[22m[39m s194 brand seam crosses real tool and browser boundaries[2m > [22mbuild failure is typed, contains captured output and explicitly leaves hashed source writes [33m 3584[2mms[22m[39m
2026-09-14T02:36:14.4247197Z  [32m✓[39m [30m[45m core [49m[39m packages/mcp-server/test/product-reality/closeout.s196.spec.ts [2m([22m[2m35 tests[22m[2m)[22m[33m 1739[2mms[22m[39m
2026-09-14T02:36:14.4254067Z    [33m[2m✓[22m[39m Sprint196 retained readiness and exact review-pending roadmap[2m > [22mbinds both109 readiness rows to actual historical source and shipped declaration hashes [33m 473[2mms[22m[39m
2026-09-14T02:36:15.4852090Z  [32m✓[39m [30m[45m core [49m[39m packages/mcp-server/test/product-reality/contract-resolution.s184.spec.ts [2m([22m[2m9 tests[22m[2m)[22m[33m 704[2mms[22m[39m
2026-09-14T02:36:15.4865935Z    [33m[2m✓[22m[39m Sprint 184 m03 contract-resolution closeout[2m > [22mpreserves the historical readiness manifests while every current nucleus ref resolves [33m 668[2mms[22m[39m
2026-09-14T02:36:15.8417649Z  [32m✓[39m [30m[45m core [49m[39m tests/core/compositor.test.ts [2m([22m[2m21 tests[22m[2m)[22m[32m 31[2mms[22m[39m
2026-09-14T02:36:16.1370956Z  [32m✓[39m [30m[45m core [49m[39m tests/generators/composer.test.ts [2m([22m[2m24 tests[22m[2m)[22m[32m 12[2mms[22m[39m
2026-09-14T02:36:18.7096365Z  [32m✓[39m [30m[45m core [49m[39m packages/mcp-server/test/tools/artifact.certify.echarts-determinism.spec.ts [2m([22m[2m45 tests[22m[2m)[22m[33m 1685[2mms[22m[39m
2026-09-14T02:36:18.7103877Z    [33m[2m✓[22m[39m artifact.certify — live cross-tool contentHash parity, same (spec, data) (s172 m02)[2m > [22mtreemap: certify.determinism.contentHash === viz.render.contentHash [33m 569[2mms[22m[39m
2026-09-14T02:36:18.7107832Z    [33m[2m✓[22m[39m artifact.certify — the cartesian determinism path is untouched (s172 m02)[2m > [22ma cartesian IR still proves determinism through the Vega-Lite compile, with no operand involved [33m 350[2mms[22m[39m
2026-09-14T02:36:19.0218442Z [90mstdout[2m | tests/tokens/brand-root-and-containment.test.ts[2m > [22m[2ms168 m06 — :root value audit + the two discriminating brand-axis oracles[2m > [22m[2m(d) every non-base cell genuinely differs from :root — the blocks are not no-ops
2026-09-14T02:36:19.0224562Z [22m[39mA/base: 0/44 differ from :root
2026-09-14T02:36:19.0225758Z A/dark: 44/44 differ from :root
2026-09-14T02:36:19.0227430Z A/hc: 44/44 differ from :root
2026-09-14T02:36:19.0229636Z B/base: 0/44 differ from :root
2026-09-14T02:36:19.0230402Z B/dark: 44/44 differ from :root
2026-09-14T02:36:19.0231086Z B/hc: 44/44 differ from :root
2026-09-14T02:36:19.0231861Z 
2026-09-14T02:36:19.0310324Z  [32m✓[39m [30m[45m core [49m[39m tests/tokens/brand-root-and-containment.test.ts [2m([22m[2m9 tests[22m[2m)[22m[32m 37[2mms[22m[39m
2026-09-14T02:36:24.1093591Z  [32m✓[39m [30m[45m core [49m[39m packages/mcp-server/test/sprint68-behavioral-traits.spec.ts [2m([22m[2m62 tests[22m[2m)[22m[33m 4490[2mms[22m[39m
2026-09-14T02:36:24.7399380Z  [32m✓[39m [30m[45m core [49m[39m packages/mcp-server/test/compose/component-selector.spec.ts [2m([22m[2m56 tests[22m[2m)[22m[33m 343[2mms[22m[39m
2026-09-14T02:36:25.2539492Z  [32m✓[39m [30m[45m core [49m[39m packages/mcp-server/test/codegen/prop-binding.spec.ts [2m([22m[2m33 tests[22m[2m)[22m[32m 16[2mms[22m[39m
2026-09-14T02:36:27.7294209Z  [32m✓[39m [30m[45m core [49m[39m tests/verification/forge-claims-source-pins.s196.test.ts [2m([22m[2m11 tests[22m[2m)[22m[33m 553[2mms[22m[39m
2026-09-14T02:36:28.2697910Z  [32m✓[39m [30m[45m core [49m[39m packages/mcp-server/test/e2e/a2ui-runtime-q3.e2e.spec.ts [2m([22m[2m98 tests[22m[2m)[22m[32m 149[2mms[22m[39m
2026-09-14T02:36:28.6950256Z  [2m[90m↓[39m[22m [30m[45m core [49m[39m packages/mcp-server/test/e2e/stage1-rollups.e2e.spec.ts [2m([22m[2m7 tests[22m[2m | [22m[33m7 skipped[39m[2m)[22m
2026-09-14T02:36:28.9569274Z  [32m✓[39m [30m[45m core [49m[39m packages/mcp-adapter/sanitize-schema.test.js [2m([22m[2m27 tests[22m[2m)[22m[32m 10[2mms[22m[39m
2026-09-14T02:36:31.4447126Z  [32m✓[39m [30m[45m core [49m[39m packages/mcp-server/test/product-reality/readiness-ref-enforcement.s184.spec.ts [2m([22m[2m21 tests[22m[2m)[22m[33m 1170[2mms[22m[39m
2026-09-14T02:36:31.4450142Z    [33m[2m✓[22m[39m s184-m02 readiness reference enforcement[2m > [22mindependently verifies the derived nucleus readiness-ref inventory [33m 764[2mms[22m[39m
2026-09-14T02:36:32.4898658Z  [32m✓[39m [30m[45m core [49m[39m packages/mcp-server/test/product-reality/viz-golden-migration.s196.spec.ts [2m([22m[2m6 tests[22m[2m)[22m[33m 734[2mms[22m[39m
2026-09-14T02:36:32.4901525Z    [33m[2m✓[22m[39m the s196 UTC migration preserves its recorded qualification and historical evidence[2m > [22mbinds every attributed matrix row to its actual before/after operand and regenerates with the recorded head [33m 328[2mms[22m[39m
2026-09-14T02:36:33.8857181Z  [31m❯[39m [30m[45m core [49m[39m packages/mcp-server/test/compose/object-aware-compose.spec.ts [2m([22m[2m26 tests[22m[2m | [22m[31m1 failed[39m[2m)[22m[33m 825[2mms[22m[39m
2026-09-14T02:36:33.8873079Z    [33m[2m✓[22m[39m object-aware compose — trait-driven components[2m > [22mSubscription detail produces objectUsed with traits and fields [33m 304[2mms[22m[39m
2026-09-14T02:36:33.8875919Z    [32m✓[39m object-aware compose — trait-driven components[2m > [22mSubscription detail has view extensions for detail context[32m 33[2mms[22m[39m
2026-09-14T02:36:33.8885800Z    [32m✓[39m object-aware compose — trait-driven components[2m > [22mSubscription detail schema contains real components[32m 31[2mms[22m[39m
2026-09-14T02:36:33.8888651Z    [32m✓[39m object-aware compose — priority resolution[2m > [22mview extensions sorted by priority desc for detail context[32m 1[2mms[22m[39m
2026-09-14T02:36:33.8891927Z    [32m✓[39m object-aware compose — priority resolution[2m > [22meach plan entry has sourceTrait attribution[32m 1[2mms[22m[39m
2026-09-14T02:36:33.8894516Z    [32m✓[39m object-aware compose — token overrides[2m > [22mSubscription object has token data in composition[32m 0[2mms[22m[39m
2026-09-14T02:36:33.8896871Z    [32m✓[39m object-aware compose — tab labels[2m > [22mSubscription detail labels are category-derived, not Tab 1/2/3[32m 1[2mms[22m[39m
2026-09-14T02:36:33.8899164Z    [32m✓[39m object-aware compose — tab labels[2m > [22mlabel count matches number of trait category groups[32m 0[2mms[22m[39m
2026-09-14T02:36:33.8902659Z [31m   [31m×[31m object-aware compose — pipeline tab label wiring (s86-m01)[2m > [22mSubscription detail pipeline produces semantic tab labels, not Tab 1/2/3[39m[32m 44[2mms[22m[39m
2026-09-14T02:36:33.8904952Z [31m     → expected [ 'Details', 'Billing' ] to deeply equal [ 'Billing', 'Details' ][39m
2026-09-14T02:36:33.8906823Z    [32m✓[39m object-aware compose — pipeline tab label wiring (s86-m01)[2m > [22muser-provided tabLabels override generated labels[32m 29[2mms[22m[39m
2026-09-14T02:36:33.8909175Z    [32m✓[39m object-aware compose — pipeline tab label wiring (s86-m01)[2m > [22mintent-only compose (no object) falls back to generic labels without error[32m 29[2mms[22m[39m
2026-09-14T02:36:33.8912289Z    [32m✓[39m object-aware compose — hybrid mode[2m > [22mbilling overview intent + Subscription object: objectUsed populated[32m 32[2mms[22m[39m
2026-09-14T02:36:33.8914553Z    [32m✓[39m object-aware compose — hybrid mode[2m > [22mdashboard intent + object: layout from intent, data from object[32m 23[2mms[22m[39m
2026-09-14T02:36:33.8917002Z    [32m✓[39m object-aware compose — hybrid mode[2m > [22mdashboard intent + object projects richer dashboard components from fallback object contexts[32m 22[2mms[22m[39m
2026-09-14T02:36:33.8919372Z    [32m✓[39m object-aware compose — hybrid mode[2m > [22mobject-only: synthetic intent generates valid schema[32m 23[2mms[22m[39m
2026-09-14T02:36:33.8921974Z    [32m✓[39m object-aware compose — intent auto-detection[2m > [22mSubscription detail view auto-detects object[32m 24[2mms[22m[39m
2026-09-14T02:36:33.8924234Z    [32m✓[39m object-aware compose — intent auto-detection[2m > [22mauto-detects context from intent keywords[32m 28[2mms[22m[39m
2026-09-14T02:36:33.8926711Z    [32m✓[39m object-aware compose — intent auto-detection[2m > [22mauto-detected list context infers list layout[32m 22[2mms[22m[39m
2026-09-14T02:36:33.8929222Z    [32m✓[39m object-aware compose — error handling[2m > [22mmisspelled object returns error with Did you mean suggestion[32m 2[2mms[22m[39m
2026-09-14T02:36:33.8931751Z    [32m✓[39m object-aware compose — error handling[2m > [22mcompletely unknown object returns error[32m 1[2mms[22m[39m
2026-09-14T02:36:33.8933952Z    [32m✓[39m object-aware compose — backward compatibility[2m > [22mintent-only path still works (no object param)[32m 22[2mms[22m[39m
2026-09-14T02:36:33.8936318Z    [32m✓[39m object-aware compose — backward compatibility[2m > [22mform intent still works[32m 22[2mms[22m[39m
2026-09-14T02:36:33.8938506Z    [32m✓[39m object-aware compose — backward compatibility[2m > [22mlist intent still works[32m 36[2mms[22m[39m
2026-09-14T02:36:33.8940743Z    [32m✓[39m object-aware compose — backward compatibility[2m > [22mdetail intent still works[32m 27[2mms[22m[39m
2026-09-14T02:36:33.8942966Z    [32m✓[39m object-aware compose — backward compatibility[2m > [22mall output fields present on intent-only path[32m 20[2mms[22m[39m
2026-09-14T02:36:33.8945060Z    [32m✓[39m object-aware compose — backward compatibility[2m > [22mvalidation works on both paths[32m 47[2mms[22m[39m
2026-09-14T02:37:09.6340712Z  [32m✓[39m [30m[45m core [49m[39m packages/mcp-server/test/product-reality/chart-placement-codegen.s195.spec.ts [2m([22m[2m25 tests[22m[2m)[22m[33m 34554[2mms[22m[39m
2026-09-14T02:37:09.6344079Z    [33m[2m✓[22m[39m declared charts use actual records and public SVG (s195-m06)[2m > [22mInvoice detail html carries authored rows and unchanged public pixels [33m 905[2mms[22m[39m
2026-09-14T02:37:09.6346441Z    [33m[2m✓[22m[39m declared charts use actual records and public SVG (s195-m06)[2m > [22mInvoice detail react carries authored rows and unchanged public pixels [33m 1629[2mms[22m[39m
2026-09-14T02:37:09.6348850Z    [33m[2m✓[22m[39m declared charts use actual records and public SVG (s195-m06)[2m > [22mInvoice detail vue carries authored rows and unchanged public pixels [33m 2315[2mms[22m[39m
2026-09-14T02:37:09.6351288Z    [33m[2m✓[22m[39m declared charts use actual records and public SVG (s195-m06)[2m > [22mInvoice workflow react keys static SVG to real seeded records [33m 4586[2mms[22m[39m
2026-09-14T02:37:09.6356908Z    [33m[2m✓[22m[39m declared charts use actual records and public SVG (s195-m06)[2m > [22mInvoice workflow vue keys static SVG to real seeded records [33m 8013[2mms[22m[39m
2026-09-14T02:37:09.6359386Z    [33m[2m✓[22m[39m declared charts use actual records and public SVG (s195-m06)[2m > [22mUsage detail react carries authored rows and unchanged public pixels [33m 1609[2mms[22m[39m
2026-09-14T02:37:09.6361824Z    [33m[2m✓[22m[39m declared charts use actual records and public SVG (s195-m06)[2m > [22mUsage detail vue carries authored rows and unchanged public pixels [33m 2233[2mms[22m[39m
2026-09-14T02:37:09.6363958Z    [33m[2m✓[22m[39m declared charts use actual records and public SVG (s195-m06)[2m > [22mUsage workflow react keys static SVG to real seeded records [33m 4624[2mms[22m[39m
2026-09-14T02:37:09.6366411Z    [33m[2m✓[22m[39m declared charts use actual records and public SVG (s195-m06)[2m > [22mUsage workflow vue keys static SVG to real seeded records [33m 8007[2mms[22m[39m
2026-09-14T02:37:10.9901763Z  [32m✓[39m [30m[45m core [49m[39m packages/mcp-server/test/product-reality/parity.s185.spec.ts [2m([22m[2m58 tests[22m[2m)[22m[33m 391[2mms[22m[39m
2026-09-14T02:37:11.2742828Z  [32m✓[39m [30m[45m core [49m[39m tests/verification/closeout-checklist.contract.test.ts [2m([22m[2m8 tests[22m[2m)[22m[32m 9[2mms[22m[39m
2026-09-14T02:37:11.9242251Z  [32m✓[39m [30m[45m core [49m[39m tests/viz/adapters/echarts/sankey-adapter-edge-cases.test.ts [2m([22m[2m21 tests[22m[2m)[22m[32m 17[2mms[22m[39m
2026-09-14T02:37:12.2102712Z  [32m✓[39m [30m[45m core [49m[39m tests/tokens/brand-semantic-bridge.test.ts [2m([22m[2m14 tests[22m[2m)[22m[32m 14[2mms[22m[39m
2026-09-14T02:37:12.7912517Z  [32m✓[39m [30m[45m core [49m[39m packages/mcp-server/test/contracts/registry-v14-roundtrip.spec.ts [2m([22m[2m13 tests[22m[2m)[22m[32m 110[2mms[22m[39m
2026-09-14T02:37:13.2619401Z  [32m✓[39m [30m[45m core [49m[39m tests/codegen/react-emitter.test.ts [2m([22m[2m26 tests[22m[2m)[22m[32m 24[2mms[22m[39m
2026-09-14T02:37:14.5082410Z  [32m✓[39m [30m[45m core [49m[39m packages/mcp-server/test/compose/intent-object-resolver.spec.ts [2m([22m[2m38 tests[22m[2m)[22m[33m 685[2mms[22m[39m
2026-09-14T02:37:15.1950145Z  [32m✓[39m [30m[45m core [49m[39m tests/viz/adapters/echarts/graph-adapter.test.ts [2m([22m[2m35 tests[22m[2m)[22m[32m 15[2mms[22m[39m
2026-09-14T02:37:19.2127073Z  [32m✓[39m [30m[45m core [49m[39m tests/verification/component-docs.contract.test.ts [2m([22m[2m18 tests[22m[2m)[22m[33m 3725[2mms[22m[39m
2026-09-14T02:37:19.2130678Z    [33m[2m✓[22m[39m governed component documentation derives its claims from four agreeing sources (s196 m04)[2m > [22mloads all four sources through the pnpm separator and returns a failing CLI exit status for stale documentation [33m 2870[2mms[22m[39m
2026-09-14T02:37:19.7143391Z  [32m✓[39m [30m[45m core [49m[39m tests/codegen/vue-emitter.test.ts [2m([22m[2m31 tests[22m[2m)[22m[32m 25[2mms[22m[39m
2026-09-14T02:37:20.0381622Z  [32m✓[39m [30m[45m core [49m[39m tests/accounts/metadata-policy.spec.ts [2m([22m[2m23 tests[22m[2m)[22m[32m 12[2mms[22m[39m
2026-09-14T02:37:20.3459238Z  [32m✓[39m [30m[45m core [49m[39m tests/compliance/rbac.spec.ts [2m([22m[2m11 tests[22m[2m)[22m[32m 24[2mms[22m[39m
2026-09-14T02:37:32.2505051Z  [32m✓[39m [30m[45m core [49m[39m packages/mcp-server/test/product-reality/closeout.s197.spec.ts [2m([22m[2m57 tests[22m[2m)[22m[33m 11527[2mms[22m[39m
2026-09-14T02:37:32.2511255Z    [33m[2m✓[22m[39m s197 accounting binds decision 2008[2m > [22maccepts only the approved four-field correction with the two original failed capture trees [33m 534[2mms[22m[39m
2026-09-14T02:37:32.2514289Z    [33m[2m✓[22m[39m s197 accounting binds decision 2008[2m > [22mrejects missing-failure drift without silently accepting unrelated work [33m 544[2mms[22m[39m
2026-09-14T02:37:32.2516387Z    [33m[2m✓[22m[39m s197 accounting binds decision 2008[2m > [22mrejects other-failure drift without silently accepting unrelated work [33m 519[2mms[22m[39m
2026-09-14T02:37:32.2518706Z    [33m[2m✓[22m[39m s197 accounting binds decision 2008[2m > [22mrejects missing-project drift without silently accepting unrelated work [33m 559[2mms[22m[39m
2026-09-14T02:37:32.2521241Z    [33m[2m✓[22m[39m s197 accounting binds decision 2008[2m > [22mrejects scoped-head drift without silently accepting unrelated work [33m 549[2mms[22m[39m
2026-09-14T02:37:32.2524467Z    [33m[2m✓[22m[39m s197 accounting binds decision 2008[2m > [22mrejects skip drift without silently accepting unrelated work [33m 537[2mms[22m[39m
2026-09-14T02:37:32.2544962Z    [33m[2m✓[22m[39m s197 accounting binds decision 2008[2m > [22mrejects missing-closeout drift without silently accepting unrelated work [33m 579[2mms[22m[39m
2026-09-14T02:37:32.2563205Z    [33m[2m✓[22m[39m s197 accounting binds decision 2008[2m > [22mrejects capture drift without silently accepting unrelated work [33m 372[2mms[22m[39m
2026-09-14T02:37:32.2574848Z    [33m[2m✓[22m[39m s197 accounting binds decision 2008[2m > [22mrejects docs-head drift without silently accepting unrelated work [33m 558[2mms[22m[39m
2026-09-14T02:37:32.2577619Z    [33m[2m✓[22m[39m s197 independent auditor binds decision 2008[2m > [22maccepts only the approved four-field correction with the two original failed capture trees [33m 539[2mms[22m[39m
2026-09-14T02:37:32.2579871Z    [33m[2m✓[22m[39m s197 independent auditor binds decision 2008[2m > [22mrejects missing-failure drift without silently accepting unrelated work [33m 574[2mms[22m[39m
2026-09-14T02:37:32.2582259Z    [33m[2m✓[22m[39m s197 independent auditor binds decision 2008[2m > [22mrejects other-failure drift without silently accepting unrelated work [33m 561[2mms[22m[39m
2026-09-14T02:37:32.2584582Z    [33m[2m✓[22m[39m s197 independent auditor binds decision 2008[2m > [22mrejects missing-project drift without silently accepting unrelated work [33m 517[2mms[22m[39m
2026-09-14T02:37:32.2590316Z    [33m[2m✓[22m[39m s197 independent auditor binds decision 2008[2m > [22mrejects scoped-head drift without silently accepting unrelated work [33m 571[2mms[22m[39m
2026-09-14T02:37:32.2592825Z    [33m[2m✓[22m[39m s197 independent auditor binds decision 2008[2m > [22mrejects skip drift without silently accepting unrelated work [33m 551[2mms[22m[39m
2026-09-14T02:37:32.2595153Z    [33m[2m✓[22m[39m s197 independent auditor binds decision 2008[2m > [22mrejects missing-closeout drift without silently accepting unrelated work [33m 548[2mms[22m[39m
2026-09-14T02:37:32.2597405Z    [33m[2m✓[22m[39m s197 independent auditor binds decision 2008[2m > [22mrejects capture drift without silently accepting unrelated work [33m 362[2mms[22m[39m
2026-09-14T02:37:32.2599495Z    [33m[2m✓[22m[39m s197 independent auditor binds decision 2008[2m > [22mrejects docs-head drift without silently accepting unrelated work [33m 571[2mms[22m[39m
2026-09-14T02:37:33.1795626Z [90mstdout[2m | packages/mcp-server/test/contracts/tool-specs-generator.s196.spec.ts[2m > [22m[2mTool-Specs generated from dispatched contracts (s196 m04)[2m > [22m[2mchecks freshness without writes and detects description drift until regeneration
2026-09-14T02:37:33.1829137Z [22m[39mTool-Specs is fresh (dispatcher schemas, descriptions, ledgers and notes).
2026-09-14T02:37:33.1852199Z Generated docs/mcp/Tool-Specs.md.
2026-09-14T02:37:33.1853441Z Tool-Specs is fresh (dispatcher schemas, descriptions, ledgers and notes).
2026-09-14T02:37:33.1874411Z 
2026-09-14T02:37:33.2687115Z [90mstdout[2m | packages/mcp-server/test/contracts/tool-specs-generator.s196.spec.ts[2m > [22m[2mTool-Specs generated from dispatched contracts (s196 m04)[2m > [22m[2mis byte-for-byte fresh from current source without timestamps or current-HEAD substitutions
2026-09-14T02:37:33.2692731Z [22m[39mTool-Specs is fresh (dispatcher schemas, descriptions, ledgers and notes).
2026-09-14T02:37:33.2695533Z 
2026-09-14T02:37:33.3333803Z  [32m✓[39m [30m[45m core [49m[39m packages/mcp-server/test/contracts/tool-specs-generator.s196.spec.ts [2m([22m[2m19 tests[22m[2m)[22m[33m 405[2mms[22m[39m
2026-09-14T02:37:34.3762822Z  [32m✓[39m [30m[45m core [49m[39m packages/mcp-server/test/e2e/review-q3.e2e.spec.ts [2m([22m[2m62 tests[22m[2m)[22m[32m 124[2mms[22m[39m
2026-09-14T02:37:35.9811272Z  [32m✓[39m [30m[45m core [49m[39m packages/mcp-server/test/tools/artifact.certify.data-operand.spec.ts [2m([22m[2m33 tests[22m[2m)[22m[33m 733[2mms[22m[39m
2026-09-14T02:37:35.9814251Z    [33m[2m✓[22m[39m artifact.certify — the operand is validated by the RENDER path validators (s172 m01)[2m > [22mMarkTreemap: a VALID operand is accepted (status ok, schema-valid) [33m 580[2mms[22m[39m
2026-09-14T02:37:36.2737402Z  [32m✓[39m [30m[45m core [49m[39m tests/e2e/network-dashboard.test.ts [2m([22m[2m14 tests[22m[2m)[22m[32m 12[2mms[22m[39m
2026-09-14T02:37:36.5907936Z  [32m✓[39m [30m[45m core [49m[39m tests/tokens-governance/token-map-and-diff.test.ts [2m([22m[2m14 tests[22m[2m)[22m[32m 20[2mms[22m[39m
2026-09-14T02:37:36.9073754Z  [32m✓[39m [30m[45m core [49m[39m tests/compliance/integration.spec.ts [2m([22m[2m7 tests[22m[2m)[22m[32m 26[2mms[22m[39m
2026-09-14T02:37:37.2233414Z  [32m✓[39m [30m[45m core [49m[39m tests/time/temporal-hygiene.spec.ts [2m([22m[2m34 tests[22m[2m)[22m[32m 40[2mms[22m[39m
2026-09-14T02:37:38.7276185Z  [32m✓[39m [30m[45m core [49m[39m packages/mcp-server/test/product-reality/suite-accounting.s195.spec.ts [2m([22m[2m9 tests[22m[2m)[22m[33m 1236[2mms[22m[39m
2026-09-14T02:37:38.7277811Z    [33m[2m✓[22m[39m Sprint 195 accounting keeps five-suite identities and historical evidence separate[2m > [22muses the same Sprint 195 defaults through the CLI and rejects stale derived output [33m 371[2mms[22m[39m
2026-09-14T02:37:39.0218090Z  [32m✓[39m [30m[45m core [49m[39m tests/parsers/object-parser.test.ts [2m([22m[2m13 tests[22m[2m)[22m[32m 22[2mms[22m[39m
2026-09-14T02:37:39.3009834Z  [32m✓[39m [30m[45m core [49m[39m tests/generators/type-generator.test.ts [2m([22m[2m26 tests[22m[2m)[22m[32m 11[2mms[22m[39m
2026-09-14T02:37:41.2597254Z  [32m✓[39m [30m[45m core [49m[39m packages/mcp-server/test/contracts/doc-retirement-gate.spec.ts [2m([22m[2m11 tests[22m[2m)[22m[33m 1700[2mms[22m[39m
2026-09-14T02:37:41.2599216Z    [33m[2m✓[22m[39m Sprint 194 retired public surfaces (CMOS #1922)[2m > [22mdoes not reintroduce any retired tool outside retained evidence and planning [33m 1636[2mms[22m[39m
2026-09-14T02:37:44.5353915Z  [32m✓[39m [30m[45m core [49m[39m tests/design-loop/design-loop.test.ts [2m([22m[2m15 tests[22m[2m)[22m[33m 1689[2mms[22m[39m
2026-09-14T02:37:44.5356635Z    [33m[2m✓[22m[39m Design-loop observations remain evidence rather than repaired output[2m > [22mseeds standalone lists from the workflow policy with truthful counts and preserves explicit empty input [33m 1663[2mms[22m[39m
2026-09-14T02:37:46.3545114Z  [32m✓[39m [30m[45m core [49m[39m packages/mcp-server/test/tools/artifact.certify.echarts-s179-baseline.spec.ts [2m([22m[2m11 tests[22m[2m)[22m[33m 990[2mms[22m[39m
2026-09-14T02:37:46.3547132Z    [33m[2m✓[22m[39m artifact.certify — s179 operand-backed baseline at 1be93f8[2m > [22mtreemap: projected option hash, render hash, and the bounded full-response delta stay pinned [33m 606[2mms[22m[39m
2026-09-14T02:37:46.8670339Z  [32m✓[39m [30m[45m core [49m[39m packages/mcp-server/test/e2e/apply-summary-q3.e2e.spec.ts [2m([22m[2m94 tests[22m[2m)[22m[32m 118[2mms[22m[39m
2026-09-14T02:37:47.4839613Z  [32m✓[39m [30m[45m core [49m[39m packages/mcp-server/test/render/renderer-edge-cases.spec.ts [2m([22m[2m25 tests[22m[2m)[22m[32m 29[2mms[22m[39m
2026-09-14T02:37:48.3760497Z  [32m✓[39m [30m[45m core [49m[39m packages/mcp-server/test/tools/viz-a11y-equivalence-emission.spec.ts [2m([22m[2m14 tests[22m[2m)[22m[32m 46[2mms[22m[39m
2026-09-14T02:37:49.9128220Z  [32m✓[39m [30m[45m core [49m[39m tests/compose/compose-integration.contract.test.ts [2m([22m[2m44 tests[22m[2m)[22m[33m 862[2mms[22m[39m
2026-09-14T02:37:50.1944331Z  [32m✓[39m [30m[45m core [49m[39m tests/tokens/brand-theme-matrix.test.ts [2m([22m[2m10 tests[22m[2m)[22m[32m 10[2mms[22m[39m
2026-09-14T02:37:52.1579665Z  [32m✓[39m [30m[45m core [49m[39m packages/mcp-server/test/product-reality/release-runtime.s196.spec.ts [2m([22m[2m26 tests[22m[2m)[22m[33m 1230[2mms[22m[39m
2026-09-14T02:37:52.4788887Z  [32m✓[39m [30m[45m core [49m[39m tests/accounts/account-archetypes.spec.ts [2m([22m[2m12 tests[22m[2m)[22m[32m 9[2mms[22m[39m
2026-09-14T02:37:53.0517120Z  [32m✓[39m [30m[45m core [49m[39m packages/mcp-server/test/compose/intent-synonyms.spec.ts [2m([22m[2m35 tests[22m[2m)[22m[33m 302[2mms[22m[39m
2026-09-14T02:37:55.3368642Z  [32m✓[39m [30m[45m core [49m[39m packages/mcp-server/test/tools/artifact.certify.echarts-accuracy.spec.ts [2m([22m[2m28 tests[22m[2m)[22m[33m 1394[2mms[22m[39m
2026-09-14T02:37:55.3378742Z    [33m[2m✓[22m[39m artifact.certify — the ECharts accuracy pillar is wired (s172 m03)[2m > [22mtreemap: the representative operand reports measured accuracy under the declared rule set [33m 576[2mms[22m[39m
2026-09-14T02:37:55.3381861Z    [33m[2m✓[22m[39m artifact.certify — the cartesian accuracy path is untouched (s172 m03)[2m > [22ma cartesian IR still reports the FOUR cartesian rules, with the s170 summary shape [33m 374[2mms[22m[39m
2026-09-14T02:37:56.9027336Z  [32m✓[39m [30m[45m core [49m[39m packages/mcp-server/test/compose/design-compose-object.spec.ts [2m([22m[2m27 tests[22m[2m)[22m[33m 967[2mms[22m[39m
2026-09-14T02:37:56.9029144Z    [33m[2m✓[22m[39m design.compose — object-aware path[2m > [22maccepts object param and returns objectUsed [33m 312[2mms[22m[39m
2026-09-14T02:37:58.1877055Z  [32m✓[39m [30m[45m core [49m[39m packages/mcp-server/test/product-reality/saved-schema-compiler.s183.spec.ts [2m([22m[2m4 tests[22m[2m)[22m[32m 170[2mms[22m[39m
2026-09-14T02:38:00.1953309Z  [32m✓[39m [30m[45m core [49m[39m packages/mcp-server/test/product-reality/release-readiness.s196.spec.ts [2m([22m[2m22 tests[22m[2m)[22m[33m 1636[2mms[22m[39m
2026-09-14T02:38:01.2536790Z  [32m✓[39m [30m[45m core [49m[39m packages/mcp-server/test/e2e/boxes-arrows-q3.e2e.spec.ts [2m([22m[2m44 tests[22m[2m)[22m[32m 135[2mms[22m[39m
2026-09-14T02:38:01.5987179Z  [32m✓[39m [30m[45m core [49m[39m tests/billing/usage-aggregate.spec.ts [2m([22m[2m16 tests[22m[2m)[22m[32m 38[2mms[22m[39m
2026-09-14T02:38:10.8540549Z  [31m❯[39m [30m[45m core [49m[39m tests/verification/forge-claims.contract.test.ts [2m([22m[2m10 tests[22m[2m | [22m[31m2 failed[39m[2m)[22m[33m 8527[2mms[22m[39m
2026-09-14T02:38:10.8543780Z [31m   [31m×[31m generated Forge claims remain tied to their measured sources (s196)[2m > [22mpins every claim key and the entire text of every marked span and generated README[39m[32m 14[2mms[22m[39m
2026-09-14T02:38:10.8561148Z [31m     → docs/how-forge-works.html: expected [ 'a11y-rule-count', …(60) ] to deeply equal [ 'a11y-rule-count', …(58) ][39m
2026-09-14T02:38:10.8563888Z    [32m✓[39m generated Forge claims remain tied to their measured sources (s196)[2m > [22mdetects an independently edited claim for every marker, including seemingly small count and roster edits[32m 41[2mms[22m[39m
2026-09-14T02:38:10.8566606Z    [32m✓[39m generated Forge claims remain tied to their measured sources (s196)[2m > [22mrefuses removed, duplicated, unknown, mismatched and nested markers instead of dropping coverage[32m 2[2mms[22m[39m
2026-09-14T02:38:10.8583602Z    [32m✓[39m generated Forge claims remain tied to their measured sources (s196)[2m > [22mdistinguishes definitions from public identities and includes the formerly missing visualization traits[32m 2[2mms[22m[39m
2026-09-14T02:38:10.8586678Z [31m   [31m×[31m generated Forge claims remain tied to their measured sources (s196)[2m > [22mpins the actually executed Product example instead of the stale 31-node prose[39m[32m 4[2mms[22m[39m
2026-09-14T02:38:10.8588479Z [31m     → expected { …(123) } to match object { productNodes: 18, …(3) }
2026-09-14T02:38:10.8589413Z (119 matching properties omitted from actual)[39m
2026-09-14T02:38:10.8592997Z    [32m✓[39m generated Forge claims remain tied to their measured sources (s196)[2m > [22mderives portable outcomes from rows and keeps reference-app coverage separate[32m 2[2mms[22m[39m
2026-09-14T02:38:10.8595922Z    [32m✓[39m generated Forge claims remain tied to their measured sources (s196)[2m > [22mties source numeric defaults to the generated operating instructions[32m 1[2mms[22m[39m
2026-09-14T02:38:10.8598380Z    [32m✓[39m generated Forge claims remain tied to their measured sources (s196)[2m > [22mruns --check without rewriting any governed document[32m 179[2mms[22m[39m
2026-09-14T02:38:10.8600833Z    [32m✓[39m generated Forge claims remain tied to their measured sources (s196)[2m > [22mrejects misspelled check switches and incomplete roots before a write mode can start[32m 1[2mms[22m[39m
2026-09-14T02:38:10.8604125Z    [33m[2m✓[22m[39m generated Forge claims remain tied to their measured sources (s196)[2m > [22m--root imports the target copy: mutating its Product source changes its generated field count only [33m 7841[2mms[22m[39m
2026-09-14T02:38:11.2293887Z  [32m✓[39m [30m[45m core [49m[39m tests/viz/spatial/geo-data-resolver.test.ts [2m([22m[2m15 tests[22m[2m)[22m[32m 30[2mms[22m[39m
2026-09-14T02:38:12.6452553Z  [32m✓[39m [30m[45m core [49m[39m packages/mcp-server/test/e2e/branded-mockup-q3.e2e.spec.ts [2m([22m[2m66 tests[22m[2m)[22m[32m 90[2mms[22m[39m
2026-09-14T02:38:13.0633073Z  [32m✓[39m [30m[45m core [49m[39m tests/validation/boundary-conditions.test.ts [2m([22m[2m17 tests[22m[2m)[22m[32m 30[2mms[22m[39m
2026-09-14T02:38:13.3419026Z  [32m✓[39m [30m[45m core [49m[39m tests/verification/s177-prose-carriers.contract.test.ts [2m([22m[2m6 tests[22m[2m)[22m[32m 9[2mms[22m[39m
2026-09-14T02:38:13.9959989Z  [32m✓[39m [30m[45m core [49m[39m tests/viz/adapters/echarts/graph-adapter-interaction.test.ts [2m([22m[2m24 tests[22m[2m)[22m[32m 14[2mms[22m[39m
2026-09-14T02:38:19.5812223Z  [32m✓[39m [30m[45m core [49m[39m packages/mcp-server/test/contracts/tool-truth.s193.spec.ts [2m([22m[2m31 tests[22m[2m)[22m[33m 4664[2mms[22m[39m
2026-09-14T02:38:19.5819904Z    [33m[2m✓[22m[39m tool truth derives claims without upgrading source references to runtime proof[2m > [22mreproduces every byte from current source using the recorded census head [33m 4376[2mms[22m[39m
2026-09-14T02:38:20.0974713Z  [32m✓[39m [30m[45m core [49m[39m packages/mcp-server/test/contracts/schema.contract.spec.ts [2m([22m[2m20 tests[22m[2m)[22m[32m 13[2mms[22m[39m
2026-09-14T02:38:20.5569746Z  [32m✓[39m [30m[45m core [49m[39m tests/tokens/breakpoint-keep-in-step.test.ts [2m([22m[2m15 tests[22m[2m)[22m[32m 189[2mms[22m[39m
2026-09-14T02:38:22.1561135Z  [32m✓[39m [30m[45m core [49m[39m packages/mcp-server/test/tools/artifact.certify.geo-id-parity.spec.ts [2m([22m[2m26 tests[22m[2m)[22m[33m 815[2mms[22m[39m
2026-09-14T02:38:22.1565760Z    [33m[2m✓[22m[39m geo identity parity — viz.render and artifact.certify emit the SAME option (s173 m01)[2m > [22mchoropleth with id absent: the certify VERDICT agrees with the render hash (live, both handlers) [33m 591[2mms[22m[39m
2026-09-14T02:38:23.3290405Z  [32m✓[39m [30m[45m core [49m[39m packages/mcp-server/test/product-reality/breadth-export-cells.s186.spec.ts [2m([22m[2m46 tests[22m[2m)[22m[32m 236[2mms[22m[39m
2026-09-14T02:38:24.8491979Z  [32m✓[39m [30m[45m core [49m[39m packages/mcp-server/test/product-reality/m06-evidence-controls.s184.spec.ts [2m([22m[2m7 tests[22m[2m)[22m[33m 440[2mms[22m[39m
2026-09-14T02:38:25.2331798Z  [32m✓[39m [30m[45m core [49m[39m packages/mcp-server/test/e2e/map-apply.test.ts [2m([22m[2m1 test[22m[2m)[22m[32m 105[2mms[22m[39m
2026-09-14T02:38:25.9426851Z  [32m✓[39m [30m[45m core [49m[39m tests/tools/stage1-dtcg-adapter.test.ts [2m([22m[2m11 tests[22m[2m)[22m[32m 218[2mms[22m[39m
2026-09-14T02:38:27.3746750Z  [32m✓[39m [30m[45m core [49m[39m tests/contracts/upstream-trait-sync.contract.test.ts [2m([22m[2m20 tests[22m[2m)[22m[33m 912[2mms[22m[39m
2026-09-14T02:38:27.3749385Z    [33m[2m✓[22m[39m contract: Taggable v2 enriched params visible in catalog[2m > [22mcatalog.list returns components with Taggable trait [33m 618[2mms[22m[39m
2026-09-14T02:38:27.7714471Z  [32m✓[39m [30m[45m core [49m[39m tests/validation/composition-validator.test.ts [2m([22m[2m6 tests[22m[2m)[22m[32m 25[2mms[22m[39m
2026-09-14T02:38:28.0500113Z  [32m✓[39m [30m[45m core [49m[39m tests/dashboard/network-widgets.test.ts [2m([22m[2m28 tests[22m[2m)[22m[32m 11[2mms[22m[39m
2026-09-14T02:38:28.8082576Z  [32m✓[39m [30m[45m core [49m[39m packages/mcp-server/test/product-reality/review-carries.s185.spec.ts [2m([22m[2m14 tests[22m[2m)[22m[33m 312[2mms[22m[39m
2026-09-14T02:38:29.4542883Z  [32m✓[39m [30m[45m core [49m[39m tests/governance-gates/state-assessment-tokens-red-paths.test.ts [2m([22m[2m11 tests[22m[2m)[22m[33m 321[2mms[22m[39m
2026-09-14T02:38:29.9883687Z  [32m✓[39m [30m[45m core [49m[39m packages/mcp-server/test/compose/view-extension-collector.spec.ts [2m([22m[2m17 tests[22m[2m)[22m[32m 196[2mms[22m[39m
2026-09-14T02:38:32.2710761Z  [31m❯[39m [30m[45m core [49m[39m packages/mcp-server/test/product-reality/billing-placement.s188.spec.ts [2m([22m[2m8 tests[22m[2m | [22m[31m2 failed[39m[2m)[22m[33m 1106[2mms[22m[39m
2026-09-14T02:38:32.2718304Z    [33m[2m✓[22m[39m Sprint 188 remaining trait placement obligations[2m > [22mnever chooses any of the five recipes for generic slots on Product [33m 419[2mms[22m[39m
2026-09-14T02:38:32.2722640Z [31m   [31m×[31m Sprint 188 remaining trait placement obligations[2m > [22mretains historical grouped-slot bytes and current status fields after detail reconciliation[39m[32m 46[2mms[22m[39m
2026-09-14T02:38:32.2724754Z [31m     → expected { id: 'slot-tab-0-4', …(5) } to match object { component: 'Stack', props: { …(2) } }
2026-09-14T02:38:32.2725817Z (9 matching properties omitted from actual)[39m
2026-09-14T02:38:32.2727661Z    [32m✓[39m Sprint 188 remaining trait placement obligations[2m > [22mleaves an unroutable generic main extension unplaced, with the existing warning and no timeline fallback[32m 34[2mms[22m[39m
2026-09-14T02:38:32.2731035Z [31m   [31m×[31m Sprint 188 remaining trait placement obligations[2m > [22mpreserves the historical placement diff and current declared recipes across 66 schemas, 132 artifacts and workflow[39m[32m 34[2mms[22m[39m
2026-09-14T02:38:32.2733192Z [31m     → expected { …(27) } to deeply equal { …(27) }[39m
2026-09-14T02:38:32.2735223Z    [33m[2m✓[22m[39m Sprint 188 remaining trait placement obligations[2m > [22mkeeps every declared detail recipe as a real node through all composer post-processing [33m 479[2mms[22m[39m
2026-09-14T02:38:32.2737793Z    [32m✓[39m Sprint 188 remaining trait placement obligations[2m > [22mkeeps every declared timeline recipe as a real node through all composer post-processing[32m 30[2mms[22m[39m
2026-09-14T02:38:32.2740301Z    [32m✓[39m Sprint 188 remaining trait placement obligations[2m > [22mkeeps every declared card recipe as a real node through all composer post-processing[32m 26[2mms[22m[39m
2026-09-14T02:38:32.2743051Z    [32m✓[39m Sprint 188 remaining trait placement obligations[2m > [22mkeeps every declared list recipe as a real node through all composer post-processing[32m 37[2mms[22m[39m
2026-09-14T02:39:04.1594320Z  [32m✓[39m [30m[45m core [49m[39m packages/mcp-server/test/codegen/form-seeds.s198.spec.ts [2m([22m[2m47 tests[22m[2m)[22m[33m 30378[2mms[22m[39m
2026-09-14T02:39:04.1596912Z    [33m[2m✓[22m[39m s198 form craft and one attributable seed policy[2m > [22mArticle exposes one editor per simple form field so Save has an unambiguous value [33m 398[2mms[22m[39m
2026-09-14T02:39:04.1623315Z    [33m[2m✓[22m[39m s198 form craft and one attributable seed policy[2m > [22mkeeps authored trait examples tied to canonical role and communication catalogs [33m 408[2mms[22m[39m
2026-09-14T02:39:04.1625763Z    [33m[2m✓[22m[39m s198 form craft and one attributable seed policy[2m > [22mOrganization retains trait catalog examples and preference parameters in both frameworks [33m 12566[2mms[22m[39m
2026-09-14T02:39:04.1627433Z    [33m[2m✓[22m[39m s198 form craft and one attributable seed policy[2m > [22mUser retains trait catalog examples and preference parameters in both frameworks [33m 12521[2mms[22m[39m
2026-09-14T02:39:07.6429141Z [ECharts] 'CanvasText' is an illegal color, fallback to '#000000'
2026-09-14T02:39:08.1273235Z [ECharts] 'oklch(0.94 0 265)' is an illegal color, fallback to '#000000'
2026-09-14T02:39:08.1460110Z [ECharts] 'oklch(0.54 0 265)' is an illegal color, fallback to '#000000'
2026-09-14T02:39:08.1461734Z [ECharts] 'oklch(0.34 0 265)' is an illegal color, fallback to '#000000'
2026-09-14T02:39:09.6643572Z  [32m✓[39m [30m[45m core [49m[39m packages/mcp-server/test/product-reality/high-contrast.s195.spec.ts [2m([22m[2m22 tests[22m[2m)[22m[33m 4285[2mms[22m[39m
2026-09-14T02:39:09.6649813Z    [33m[2m✓[22m[39m HC scope at the public wire (s195-m05)[2m > [22m'bar' measures the actual HC renderer and certification [33m 761[2mms[22m[39m
2026-09-14T02:39:09.6663343Z    [33m[2m✓[22m[39m HC scope at the public wire (s195-m05)[2m > [22m'line' measures the actual HC renderer and certification [33m 491[2mms[22m[39m
2026-09-14T02:39:09.6665421Z    [33m[2m✓[22m[39m HC scope at the public wire (s195-m05)[2m > [22m'treemap' measures the actual HC renderer and certification [33m 644[2mms[22m[39m
2026-09-14T02:39:09.6667698Z    [33m[2m✓[22m[39m HC scope at the public wire (s195-m05)[2m > [22mpublic code.generate emits the real HC payment asset for react detail [33m 399[2mms[22m[39m
2026-09-14T02:39:10.8094814Z  [32m✓[39m [30m[45m core [49m[39m packages/mcp-server/test/product-reality/breadth-contracts.s185.spec.ts [2m([22m[2m45 tests[22m[2m)[22m[32m 45[2mms[22m[39m
2026-09-14T02:39:13.2059511Z  [32m✓[39m [30m[45m core [49m[39m packages/mcp-server/test/objects/trait-composer.spec.ts [2m([22m[2m21 tests[22m[2m)[22m[33m 2103[2mms[22m[39m
2026-09-14T02:39:13.7177682Z  [32m✓[39m [30m[45m core [49m[39m packages/mcp-server/test/contracts/stage1-v14-stubs.spec.ts [2m([22m[2m4 tests[22m[2m)[22m[32m 47[2mms[22m[39m
2026-09-14T02:39:14.4872801Z  [32m✓[39m [30m[45m core [49m[39m packages/mcp-server/test/product-reality/closeout.s193.spec.ts [2m([22m[2m9 tests[22m[2m)[22m[33m 392[2mms[22m[39m
2026-09-14T02:39:16.4632851Z  [32m✓[39m [30m[45m core [49m[39m packages/mcp-server/test/product-reality/viz-patterns.s195.spec.ts [2m([22m[2m45 tests[22m[2m)[22m[33m 1064[2mms[22m[39m
2026-09-14T02:39:16.4635059Z    [33m[2m✓[22m[39m viz.render registered pattern wire boundary (s195-m03)[2m > [22mpattern:viz:simple-bar renders source data and presentation into real pixels and certifiable IR [33m 475[2mms[22m[39m
2026-09-14T02:39:18.1957851Z  [32m✓[39m [30m[45m core [49m[39m packages/mcp-server/test/contracts/error-observability.contract.spec.ts [2m([22m[2m19 tests[22m[2m)[22m[33m 534[2mms[22m[39m
2026-09-14T02:39:18.4920305Z  [32m✓[39m [30m[45m core [49m[39m tests/cli/network-scaffold.test.ts [2m([22m[2m24 tests[22m[2m)[22m[32m 9[2mms[22m[39m
2026-09-14T02:39:19.1859731Z  [32m✓[39m [30m[45m core [49m[39m tests/tokens/collision-guard.test.ts [2m([22m[2m7 tests[22m[2m)[22m[33m 436[2mms[22m[39m
2026-09-14T02:39:19.6976163Z  [32m✓[39m [30m[45m core [49m[39m packages/mcp-server/test/codegen/responsive-tailwind.spec.ts [2m([22m[2m20 tests[22m[2m)[22m[32m 40[2mms[22m[39m
2026-09-14T02:39:20.2489543Z  [32m✓[39m [30m[45m core [49m[39m tests/validation/error-code-coverage.test.ts [2m([22m[2m20 tests[22m[2m)[22m[32m 176[2mms[22m[39m
2026-09-14T02:39:21.4994638Z  [32m✓[39m [30m[45m core [49m[39m packages/mcp-server/test/contracts/viz-taxonomy.s195.spec.ts [2m([22m[2m21 tests[22m[2m)[22m[33m 758[2mms[22m[39m
2026-09-14T02:39:21.5000133Z    [33m[2m✓[22m[39m generated visualization taxonomy preserves the exact census and primary-cell proof (s195 m02)[2m > [22mreproduces canonical JSON and documentation byte for byte through --check [33m 590[2mms[22m[39m
2026-09-14T02:39:22.5103572Z  [32m✓[39m [30m[45m core [49m[39m packages/mcp-server/test/compose/selection-tree-bridge.spec.ts [2m([22m[2m9 tests[22m[2m)[22m[33m 453[2mms[22m[39m
2026-09-14T02:39:23.0443234Z  [32m✓[39m [30m[45m core [49m[39m packages/mcp-server/test/codegen/styling-mode-coverage.spec.ts [2m([22m[2m54 tests[22m[2m)[22m[32m 11[2mms[22m[39m
2026-09-14T02:39:23.3367263Z  [32m✓[39m [30m[45m guardrails [49m[39m testing/a11y/brand-description-truth.spec.ts [2m([22m[2m5 tests[22m[2m)[22m[32m 19[2mms[22m[39m
2026-09-14T02:39:24.2673673Z  [32m✓[39m [30m[45m core [49m[39m packages/mcp-server/test/e2e/wireframe-q3.e2e.spec.ts [2m([22m[2m40 tests[22m[2m)[22m[32m 80[2mms[22m[39m
2026-09-14T02:39:24.6086516Z [90mstdout[2m | tests/tenancy/isolated.spec.ts[2m > [22m[2mSchema-Per-Tenant Isolation[2m > [22m[2mSchema Isolation[2m > [22m[2mshould route queries to tenant-specific schema
2026-09-14T02:39:24.6090000Z [22m[39m[SchemaPerTenant] Using schema: tenant_tenant_alice
2026-09-14T02:39:24.6090877Z 
2026-09-14T02:39:24.6092835Z [90mstdout[2m | tests/tenancy/isolated.spec.ts[2m > [22m[2mSchema-Per-Tenant Isolation[2m > [22m[2mSchema Isolation[2m > [22m[2mshould route queries to tenant-specific schema
2026-09-14T02:39:24.6094934Z [22m[39m[SchemaPerTenant] Query in tenant_tenant_alice: SELECT * FROM subscriptions
2026-09-14T02:39:24.6095787Z 
2026-09-14T02:39:24.6097404Z [90mstdout[2m | tests/tenancy/isolated.spec.ts[2m > [22m[2mSchema-Per-Tenant Isolation[2m > [22m[2mSchema Isolation[2m > [22m[2mshould route queries to tenant-specific schema
2026-09-14T02:39:24.6099421Z [22m[39m[SchemaPerTenant] Using schema: tenant_tenant_bob
2026-09-14T02:39:24.6100098Z 
2026-09-14T02:39:24.6102005Z [90mstdout[2m | tests/tenancy/isolated.spec.ts[2m > [22m[2mSchema-Per-Tenant Isolation[2m > [22m[2mSchema Isolation[2m > [22m[2mshould route queries to tenant-specific schema
2026-09-14T02:39:24.6104472Z [22m[39m[SchemaPerTenant] Query in tenant_tenant_bob: SELECT * FROM subscriptions
2026-09-14T02:39:24.6105264Z 
2026-09-14T02:39:24.6121224Z [90mstdout[2m | tests/tenancy/isolated.spec.ts[2m > [22m[2mSchema-Per-Tenant Isolation[2m > [22m[2mSchema Isolation[2m > [22m[2mshould prevent cross-schema data access
2026-09-14T02:39:24.6127707Z [22m[39m[SchemaPerTenant] Using schema: tenant_tenant_alice
2026-09-14T02:39:24.6128551Z 
2026-09-14T02:39:24.6131203Z [90mstdout[2m | tests/tenancy/isolated.spec.ts[2m > [22m[2mSchema-Per-Tenant Isolation[2m > [22m[2mSchema Isolation[2m > [22m[2mshould prevent cross-schema data access
2026-09-14T02:39:24.6134377Z [22m[39m[SchemaPerTenant] Query in tenant_tenant_alice: SELECT * FROM subscriptions
2026-09-14T02:39:24.6135253Z 
2026-09-14T02:39:24.6158937Z [90mstdout[2m | tests/tenancy/isolated.spec.ts[2m > [22m[2mSchema-Per-Tenant Isolation[2m > [22m[2mTransaction Isolation[2m > [22m[2mshould maintain schema context across transaction
2026-09-14T02:39:24.6162869Z [22m[39m[SchemaPerTenant] Using schema: tenant_tenant_alice
2026-09-14T02:39:24.6163580Z 
2026-09-14T02:39:24.6165422Z [90mstdout[2m | tests/tenancy/isolated.spec.ts[2m > [22m[2mSchema-Per-Tenant Isolation[2m > [22m[2mTransaction Isolation[2m > [22m[2mshould maintain schema context across transaction
2026-09-14T02:39:24.6167398Z [22m[39m[SchemaPerTenant] BEGIN in tenant_tenant_alice
2026-09-14T02:39:24.6172258Z 
2026-09-14T02:39:24.6174132Z [90mstdout[2m | tests/tenancy/isolated.spec.ts[2m > [22m[2mSchema-Per-Tenant Isolation[2m > [22m[2mTransaction Isolation[2m > [22m[2mshould maintain schema context across transaction
2026-09-14T02:39:24.6176568Z [22m[39m[SchemaPerTenant] Execute in tenant_tenant_alice: INSERT INTO subscriptions (id, status) VALUES (?, ?)
2026-09-14T02:39:24.6177528Z 
2026-09-14T02:39:24.6179300Z [90mstdout[2m | tests/tenancy/isolated.spec.ts[2m > [22m[2mSchema-Per-Tenant Isolation[2m > [22m[2mTransaction Isolation[2m > [22m[2mshould maintain schema context across transaction
2026-09-14T02:39:24.6181174Z [22m[39m[SchemaPerTenant] COMMIT in tenant_tenant_alice
2026-09-14T02:39:24.6182275Z 
2026-09-14T02:39:24.6184069Z [90mstdout[2m | tests/tenancy/isolated.spec.ts[2m > [22m[2mSchema-Per-Tenant Isolation[2m > [22m[2mTransaction Isolation[2m > [22m[2mshould not leak data across schema transactions
2026-09-14T02:39:24.6188558Z [22m[39m[SchemaPerTenant] Using schema: tenant_tenant_alice
2026-09-14T02:39:24.6190638Z 
2026-09-14T02:39:24.6192649Z [90mstdout[2m | tests/tenancy/isolated.spec.ts[2m > [22m[2mSchema-Per-Tenant Isolation[2m > [22m[2mTransaction Isolation[2m > [22m[2mshould not leak data across schema transactions
2026-09-14T02:39:24.6199077Z [22m[39m[SchemaPerTenant] BEGIN in tenant_tenant_alice
2026-09-14T02:39:24.6199743Z 
2026-09-14T02:39:24.6201855Z [90mstdout[2m | tests/tenancy/isolated.spec.ts[2m > [22m[2mSchema-Per-Tenant Isolation[2m > [22m[2mTransaction Isolation[2m > [22m[2mshould not leak data across schema transactions
2026-09-14T02:39:24.6204227Z [22m[39m[SchemaPerTenant] Execute in tenant_tenant_alice: INSERT INTO subscriptions (id, status) VALUES (?, ?)
2026-09-14T02:39:24.6205166Z 
2026-09-14T02:39:24.6206933Z [90mstdout[2m | tests/tenancy/isolated.spec.ts[2m > [22m[2mSchema-Per-Tenant Isolation[2m > [22m[2mTransaction Isolation[2m > [22m[2mshould not leak data across schema transactions
2026-09-14T02:39:24.6211080Z [22m[39m[SchemaPerTenant] Using schema: tenant_tenant_bob
2026-09-14T02:39:24.6211967Z 
2026-09-14T02:39:24.6213686Z [90mstdout[2m | tests/tenancy/isolated.spec.ts[2m > [22m[2mSchema-Per-Tenant Isolation[2m > [22m[2mTransaction Isolation[2m > [22m[2mshould not leak data across schema transactions
2026-09-14T02:39:24.6216981Z [22m[39m[SchemaPerTenant] Query in tenant_tenant_bob: SELECT * FROM subscriptions
2026-09-14T02:39:24.6218053Z 
2026-09-14T02:39:24.6219397Z [90mstdout[2m | tests/tenancy/isolated.spec.ts[2m > [22m[2mSchema-Per-Tenant Isolation[2m > [22m[2mConcurrent Access[2m > [22m[2mshould handle multiple tenants querying simultaneously
2026-09-14T02:39:24.6234077Z [22m[39m[SchemaPerTenant] Using schema: tenant_tenant_alice
2026-09-14T02:39:24.6239417Z [SchemaPerTenant] Using schema: tenant_tenant_bob
2026-09-14T02:39:24.6240352Z [SchemaPerTenant] Using schema: tenant_tenant_charlie
2026-09-14T02:39:24.6241718Z [SchemaPerTenant] Query in tenant_tenant_alice: SELECT * FROM subscriptions
2026-09-14T02:39:24.6244854Z [SchemaPerTenant] Query in tenant_tenant_bob: SELECT * FROM subscriptions
2026-09-14T02:39:24.6255292Z [SchemaPerTenant] Query in tenant_tenant_charlie: SELECT * FROM subscriptions
2026-09-14T02:39:24.6255982Z 
2026-09-14T02:39:24.6260027Z [90mstdout[2m | tests/tenancy/isolated.spec.ts[2m > [22m[2mSchema-Per-Tenant Isolation[2m > [22m[2mPer-Tenant Migrations[2m > [22m[2mshould support independent schema versions
2026-09-14T02:39:24.6262141Z [22m[39m[SchemaPerTenant] Using schema: tenant_tenant_alice
2026-09-14T02:39:24.6262936Z 
2026-09-14T02:39:24.6264520Z [90mstdout[2m | tests/tenancy/isolated.spec.ts[2m > [22m[2mSchema-Per-Tenant Isolation[2m > [22m[2mPer-Tenant Migrations[2m > [22m[2mshould support independent schema versions
2026-09-14T02:39:24.6266322Z [22m[39m[SchemaPerTenant] Query in tenant_tenant_alice: SELECT * FROM subscriptions
2026-09-14T02:39:24.6267051Z 
2026-09-14T02:39:24.6268702Z [90mstdout[2m | tests/tenancy/isolated.spec.ts[2m > [22m[2mSchema-Per-Tenant Isolation[2m > [22m[2mPer-Tenant Migrations[2m > [22m[2mshould support independent schema versions
2026-09-14T02:39:24.6270399Z [22m[39m[SchemaPerTenant] Using schema: tenant_tenant_bob
2026-09-14T02:39:24.6270989Z 
2026-09-14T02:39:24.6272706Z [90mstdout[2m | tests/tenancy/isolated.spec.ts[2m > [22m[2mSchema-Per-Tenant Isolation[2m > [22m[2mPer-Tenant Migrations[2m > [22m[2mshould support independent schema versions
2026-09-14T02:39:24.6274516Z [22m[39m[SchemaPerTenant] Query in tenant_tenant_bob: SELECT * FROM subscriptions
2026-09-14T02:39:24.6275232Z 
2026-09-14T02:39:24.6343623Z  [32m✓[39m [30m[45m core [49m[39m tests/tenancy/isolated.spec.ts [2m([22m[2m10 tests[22m[2m)[22m[32m 16[2mms[22m[39m
2026-09-14T02:39:24.9418248Z  [32m✓[39m [30m[45m core [49m[39m tests/services/billing/usage-invoice-builder.spec.ts [2m([22m[2m2 tests[22m[2m)[22m[32m 31[2mms[22m[39m
2026-09-14T02:39:26.1454628Z  [32m✓[39m [30m[45m core [49m[39m packages/mcp-server/test/contracts/readiness-attestation.s196.spec.ts [2m([22m[2m22 tests[22m[2m)[22m[32m 155[2mms[22m[39m
2026-09-14T02:39:27.8877942Z  [32m✓[39m [30m[45m core [49m[39m packages/mcp-server/test/tools/artifact.certify.echarts-render-grading.s179.spec.ts [2m([22m[2m13 tests[22m[2m)[22m[33m 888[2mms[22m[39m
2026-09-14T02:39:27.8880574Z    [33m[2m✓[22m[39m artifact.certify — operand-backed ECharts render grading (s179 m05)[2m > [22m'treemap': keeps option identity and adds a stable first-render hash [33m 570[2mms[22m[39m
2026-09-14T02:39:29.4865969Z  [31m❯[39m [30m[45m core [49m[39m packages/mcp-server/test/product-reality/billing-composition.s188.spec.ts [2m([22m[2m3 tests[22m[2m | [22m[31m1 failed[39m[2m)[22m[33m 438[2mms[22m[39m
2026-09-14T02:39:29.4868393Z    [32m✓[39m Decision 1822 bounded recipe composition[2m > [22mresolves object overrides before trait defaults, preserves references and authored runtime props, and does not mutate inputs[32m 165[2mms[22m[39m
2026-09-14T02:39:29.4875095Z    [32m✓[39m Decision 1822 bounded recipe composition[2m > [22mnever selects the recipes for generic detail slots or an amount-bearing object without Billable[32m 217[2mms[22m[39m
2026-09-14T02:39:29.4894007Z [31m   [31m×[31m Decision 1822 bounded recipe composition[2m > [22mpreserves the historical exact diff and current declared recipes across 66 schemas and 132 artifacts[39m[32m 54[2mms[22m[39m
2026-09-14T02:39:29.4896405Z [31m     → expected { …(27) } to deeply equal { …(27) }[39m
2026-09-14T02:39:29.9674893Z  [32m✓[39m [30m[45m core [49m[39m packages/mcp-server/test/codegen/vue-reactivity.spec.ts [2m([22m[2m12 tests[22m[2m)[22m[32m 24[2mms[22m[39m
2026-09-14T02:40:49.5178453Z  [32m✓[39m [30m[45m core [49m[39m packages/mcp-server/test/objects/research.spec.ts [2m([22m[2m24 tests[22m[2m)[22m[33m 77771[2mms[22m[39m
2026-09-14T02:40:49.5179677Z    [33m[2m✓[22m[39m TraceLab research objects[2m > [22mProject supports every declared single-screen context [33m 305[2mms[22m[39m
2026-09-14T02:40:49.5180720Z    [33m[2m✓[22m[39m generated Mission cancellation stays terminal and both frameworks typecheck [33m 12833[2mms[22m[39m
2026-09-14T02:40:49.5182023Z    [33m[2m✓[22m[39m Project workflows produce strict React and Vue applications [33m 12528[2mms[22m[39m
2026-09-14T02:40:49.5183332Z    [33m[2m✓[22m[39m Document workflows produce strict React and Vue applications [33m 12502[2mms[22m[39m
2026-09-14T02:40:49.5190951Z    [33m[2m✓[22m[39m Collection workflows produce strict React and Vue applications [33m 12401[2mms[22m[39m
2026-09-14T02:40:49.5212675Z    [33m[2m✓[22m[39m Report workflows produce strict React and Vue applications [33m 12417[2mms[22m[39m
2026-09-14T02:40:49.5272714Z    [33m[2m✓[22m[39m Evidence workflows produce strict React and Vue applications [33m 12404[2mms[22m[39m
2026-09-14T02:40:51.7035521Z  [32m✓[39m [30m[45m core [49m[39m packages/mcp-server/test/e2e/object-codegen-pipeline.spec.ts [2m([22m[2m5 tests[22m[2m)[22m[33m 921[2mms[22m[39m
2026-09-14T02:40:51.7041937Z    [33m[2m✓[22m[39m E2E object codegen target readiness[2m > [22mbuilds the original Subscription detail now that ArchiveSummary is governed [33m 705[2mms[22m[39m
2026-09-14T02:40:52.0255475Z  [32m✓[39m [30m[45m core [49m[39m tests/styles/view-context-collapse.test.ts [2m([22m[2m13 tests[22m[2m)[22m[32m 8[2mms[22m[39m
2026-09-14T02:40:54.2051565Z  [32m✓[39m [30m[45m core [49m[39m packages/mcp-server/test/product-reality/certify-operand-profile.s195.spec.ts [2m([22m[2m21 tests[22m[2m)[22m[33m 1321[2mms[22m[39m
2026-09-14T02:40:54.2054098Z    [33m[2m✓[22m[39m artifact.certify declared ECharts operand profile (s195-m04)[2m > [22mtreemap grades the actual operand and preserves native warnings and named N/A rules [33m 771[2mms[22m[39m
2026-09-14T02:40:55.0566910Z  [32m✓[39m [30m[45m core [49m[39m packages/mcp-server/test/tools/echarts-role-a-assignment.s179.spec.ts [2m([22m[2m14 tests[22m[2m)[22m[32m 78[2mms[22m[39m
2026-09-14T02:40:55.5981135Z  [32m✓[39m [30m[45m core [49m[39m packages/mcp-server/test/product-reality/nucleus-pins.s185.spec.ts [2m([22m[2m5 tests[22m[2m)[22m[32m 221[2mms[22m[39m
2026-09-14T02:40:55.8718401Z  [32m✓[39m [30m[45m core [49m[39m tests/traits/viz/spatial/layered-overlay.test.ts [2m([22m[2m25 tests[22m[2m)[22m[32m 11[2mms[22m[39m
2026-09-14T02:40:56.4469454Z  [32m✓[39m [30m[45m core [49m[39m tests/database/communication-migrations.test.ts [2m([22m[2m4 tests[22m[2m)[22m[32m 217[2mms[22m[39m
2026-09-14T02:40:56.8235793Z  [32m✓[39m [30m[45m core [49m[39m tests/governance-gates/enforce-preserves-build-inputs.test.ts [2m([22m[2m4 tests[22m[2m)[22m[32m 107[2mms[22m[39m
2026-09-14T02:40:57.4358262Z  [32m✓[39m [30m[45m core [49m[39m packages/mcp-server/test/contracts/versioning.spec.ts [2m([22m[2m22 tests[22m[2m)[22m[32m 175[2mms[22m[39m
2026-09-14T02:40:57.7565855Z  [32m✓[39m [30m[45m core [49m[39m tests/integrations/billing/stripe.spec.ts [2m([22m[2m9 tests[22m[2m)[22m[32m 28[2mms[22m[39m
2026-09-14T02:40:58.0186777Z  [32m✓[39m [30m[45m core [49m[39m tests/tokens/viz-map.test.ts [2m([22m[2m20 tests[22m[2m)[22m[32m 11[2mms[22m[39m
2026-09-14T02:40:58.4200107Z  [32m✓[39m [30m[45m core [49m[39m packages/mcp-server/test/e2e/review-resolve-q3.e2e.spec.ts [2m([22m[2m25 tests[22m[2m)[22m[32m 75[2mms[22m[39m
2026-09-14T02:40:58.8214591Z  [32m✓[39m [30m[45m core [49m[39m packages/mcp-server/test/e2e/a2ui-image-q3.e2e.spec.ts [2m([22m[2m24 tests[22m[2m)[22m[32m 87[2mms[22m[39m
2026-09-14T02:41:03.4682144Z  [32m✓[39m [30m[45m core [49m[39m packages/mcp-server/test/product-reality/bundle-harness.s196.spec.ts [2m([22m[2m6 tests[22m[2m)[22m[33m 3478[2mms[22m[39m
2026-09-14T02:41:03.4685861Z    [33m[2m✓[22m[39m release bundle harness boundaries[2m > [22mpacks the five source-free bundle packages once without running their retained prepack scripts [33m 2882[2mms[22m[39m
2026-09-14T02:41:03.4691804Z    [33m[2m✓[22m[39m release bundle harness boundaries[2m > [22mcompares adapter-generated artifacts with real host output and records clean termination [33m 351[2mms[22m[39m
2026-09-14T02:41:03.7722536Z  [32m✓[39m [30m[45m core [49m[39m tests/viz/spatial/geo-format-parser.test.ts [2m([22m[2m22 tests[22m[2m)[22m[32m 12[2mms[22m[39m
2026-09-14T02:41:04.3124483Z  [32m✓[39m [30m[45m core [49m[39m tests/components/stepper.test.tsx [2m([22m[2m19 tests[22m[2m)[22m[32m 65[2mms[22m[39m
2026-09-14T02:41:06.5227880Z  [32m✓[39m [30m[45m core [49m[39m packages/mcp-server/test/product-reality/recipe-header-fields.s185.spec.ts [2m([22m[2m19 tests[22m[2m)[22m[33m 738[2mms[22m[39m
2026-09-14T02:41:06.9765668Z  [32m✓[39m [30m[45m core [49m[39m packages/mcp-server/test/e2e/conflict-detail-q3.e2e.spec.ts [2m([22m[2m83 tests[22m[2m)[22m[32m 89[2mms[22m[39m
2026-09-14T02:41:07.9866779Z  [32m✓[39m [30m[45m core [49m[39m packages/mcp-server/test/scale/viz-determinism.spec.ts [2m([22m[2m42 tests[22m[2m)[22m[33m 355[2mms[22m[39m
2026-09-14T02:41:08.5636559Z  [32m✓[39m [30m[45m core [49m[39m packages/mcp-server/test/render/confidence-affordance.spec.ts [2m([22m[2m15 tests[22m[2m)[22m[32m 20[2mms[22m[39m
2026-09-14T02:41:10.2698010Z  [32m✓[39m [30m[45m core [49m[39m packages/mcp-server/test/contracts/contract-alignment.spec.ts [2m([22m[2m16 tests[22m[2m)[22m[33m 484[2mms[22m[39m
2026-09-14T02:41:10.7143595Z  [32m✓[39m [30m[45m core [49m[39m packages/mcp-server/test/product-reality/bundle-bites.s196.spec.ts [2m([22m[2m6 tests[22m[2m)[22m[32m 48[2mms[22m[39m
2026-09-14T02:41:11.6869380Z  [32m✓[39m [30m[45m core [49m[39m packages/mcp-server/test/tools/dashboard-a11y-equivalence-emission.spec.ts [2m([22m[2m9 tests[22m[2m)[22m[32m 61[2mms[22m[39m
2026-09-14T02:41:12.2652686Z  [32m✓[39m [30m[45m core [49m[39m packages/mcp-server/test/contracts/registry-gaps.contract.spec.ts [2m([22m[2m10 tests[22m[2m)[22m[32m 24[2mms[22m[39m
2026-09-14T02:41:44.0315024Z  [32m✓[39m [30m[45m core [49m[39m packages/mcp-server/test/product-reality/palette-golden-migration.s197.spec.ts [2m([22m[2m7 tests[22m[2m)[22m[33m 31485[2mms[22m[39m
2026-09-14T02:41:44.0318261Z    [33m[2m✓[22m[39m s197 attributes the one palette migration without rewriting historical evidence[2m > [22mreproduces the report from its immutable plan, addenda and exact qualified source [33m 607[2mms[22m[39m
2026-09-14T02:41:44.0329001Z    [33m[2m✓[22m[39m s197 attributes the one palette migration without rewriting historical evidence[2m > [22mties every changed file to a before-update identity and both actual Git blobs [33m 322[2mms[22m[39m
2026-09-14T02:41:44.0332506Z    [33m[2m✓[22m[39m s197 attributes the one palette migration without rewriting historical evidence[2m > [22mbinds every additional consumer pixel to its unchanged operand and previous palette/UTC evidence [33m 30427[2mms[22m[39m
2026-09-14T02:41:44.9223026Z  [32m✓[39m [30m[45m core [49m[39m packages/mcp-server/test/contracts/upstream-trait-sync.contract.spec.ts [2m([22m[2m10 tests[22m[2m)[22m[32m 294[2mms[22m[39m
2026-09-14T02:41:47.1802677Z  [32m✓[39m [30m[45m core [49m[39m packages/mcp-server/test/product-reality/temporal-placement-migration.s196.spec.ts [2m([22m[2m10 tests[22m[2m)[22m[33m 1145[2mms[22m[39m
2026-09-14T02:41:47.1809679Z    [33m[2m✓[22m[39m temporal placement migration preserves operands and historical proof (s196)[2m > [22mfresh 'Usage-detail-html' generation follows the qualified UTC and palette assets [33m 473[2mms[22m[39m
2026-09-14T02:41:47.7898988Z  [32m✓[39m [30m[45m core [49m[39m tests/services/classification/hybrid-term-adapter.spec.ts [2m([22m[2m2 tests[22m[2m)[22m[32m 179[2mms[22m[39m
2026-09-14T02:41:48.9715141Z  [32m✓[39m [30m[45m core [49m[39m tests/e2e/code-generate.test.ts [2m([22m[2m7 tests[22m[2m)[22m[32m 54[2mms[22m[39m
2026-09-14T02:42:23.7676107Z  [32m✓[39m [30m[45m core [49m[39m packages/mcp-server/test/codegen/collections.s189.spec.ts [2m([22m[2m12 tests[22m[2m)[22m[33m 33472[2mms[22m[39m
2026-09-14T02:42:23.7678662Z    [33m[2m✓[22m[39m collection screens own the data presentation[2m > [22mreact standalone collection props compile without a workflow or invented records [33m 7984[2mms[22m[39m
2026-09-14T02:42:23.7684827Z    [33m[2m✓[22m[39m collection screens own the data presentation[2m > [22mvue standalone collection props compile without a workflow or invented records [33m 14673[2mms[22m[39m
2026-09-14T02:42:23.7689615Z    [33m[2m✓[22m[39m collection screens own the data presentation[2m > [22mreact App binds the composed collection instead of shipping a competing presentation [33m 695[2mms[22m[39m
2026-09-14T02:42:23.7693780Z    [33m[2m✓[22m[39m collection screens own the data presentation[2m > [22mvue App binds the composed collection instead of shipping a competing presentation [33m 330[2mms[22m[39m
2026-09-14T02:42:23.7697263Z    [33m[2m✓[22m[39m collection screens own the data presentation[2m > [22mreact JavaScript collection output has real runtime props and no TypeScript-only imports [33m 3722[2mms[22m[39m
2026-09-14T02:42:23.7699983Z    [33m[2m✓[22m[39m collection screens own the data presentation[2m > [22mvue JavaScript collection output has real runtime props and no TypeScript-only imports [33m 5684[2mms[22m[39m
2026-09-14T02:42:24.1959459Z  [32m✓[39m [30m[45m core [49m[39m packages/mcp-server/test/e2e/review-queue-q3.e2e.spec.ts [2m([22m[2m66 tests[22m[2m)[22m[32m 85[2mms[22m[39m
2026-09-14T02:42:25.8620562Z  [32m✓[39m [30m[45m core [49m[39m packages/mcp-server/test/product-reality/health-viz.s195.spec.ts [2m([22m[2m28 tests[22m[2m)[22m[33m 967[2mms[22m[39m
2026-09-14T02:42:26.1615496Z  [32m✓[39m [30m[45m core [49m[39m packages/mcp-server/test/contracts/s90-registration-audit.spec.ts [2m([22m[2m32 tests[22m[2m)[22m[32m 13[2mms[22m[39m
2026-09-14T02:42:27.7369827Z  [31m❯[39m [30m[45m core [49m[39m packages/mcp-server/test/contracts/fragment-anchor-contract.spec.ts [2m([22m[2m3 tests[22m[2m | [22m[31m1 failed[39m[2m)[22m[33m 578[2mms[22m[39m
2026-09-14T02:42:27.7373300Z    [32m✓[39m fragment-anchor contract: both anchors present on fragments output[2m > [22memits data-oods-node-id AND data-oods-label on every labeled fragment node[32m 88[2mms[22m[39m
2026-09-14T02:42:27.7377838Z    [33m[2m✓[22m[39m fragment-anchor contract: data-oods-label durable, data-oods-node-id best-effort[2m > [22mis deterministic — identical input yields identical label->node-id map [33m 367[2mms[22m[39m
2026-09-14T02:42:27.7380915Z [31m   [31m×[31m fragment-anchor contract: data-oods-label durable, data-oods-node-id best-effort[2m > [22ma surviving slot keeps its data-oods-label while data-oods-node-id may shift[39m[32m 121[2mms[22m[39m
2026-09-14T02:42:27.7383227Z [31m     → structural change should preserve some slots: expected 1 to be greater than 2[39m
2026-09-14T02:42:28.0645037Z [90mstdout[2m | tests/tenancy/shared.spec.ts[2m > [22m[2mShared-Schema Tenancy[2m > [22m[2mTenant Isolation[2m > [22m[2mshould isolate queries to current tenant
2026-09-14T02:42:28.0649709Z [22m[39m[SharedSchema] Query for tenant tenant-alice: SELECT * FROM subscriptions WHERE tenant_id = 'tenant-alice'
2026-09-14T02:42:28.0650915Z 
2026-09-14T02:42:28.0652810Z [90mstdout[2m | tests/tenancy/shared.spec.ts[2m > [22m[2mShared-Schema Tenancy[2m > [22m[2mTenant Isolation[2m > [22m[2mshould isolate queries to current tenant
2026-09-14T02:42:28.0655064Z [22m[39m[SharedSchema] Query for tenant tenant-bob: SELECT * FROM subscriptions WHERE tenant_id = 'tenant-bob'
2026-09-14T02:42:28.0656099Z 
2026-09-14T02:42:28.0678887Z [90mstdout[2m | tests/tenancy/shared.spec.ts[2m > [22m[2mShared-Schema Tenancy[2m > [22m[2mTenant Isolation[2m > [22m[2mshould prevent cross-tenant data access
2026-09-14T02:42:28.0682811Z [22m[39m[SharedSchema] Query for tenant tenant-alice: SELECT * FROM subscriptions WHERE tenant_id = 'tenant-alice'
2026-09-14T02:42:28.0683985Z 
2026-09-14T02:42:28.0713444Z [90mstdout[2m | tests/tenancy/shared.spec.ts[2m > [22m[2mShared-Schema Tenancy[2m > [22m[2mTransaction Isolation[2m > [22m[2mshould maintain tenant context across transaction
2026-09-14T02:42:28.0717127Z [22m[39m[SharedSchema] BEGIN for tenant tenant-alice
2026-09-14T02:42:28.0717956Z 
2026-09-14T02:42:28.0719655Z [90mstdout[2m | tests/tenancy/shared.spec.ts[2m > [22m[2mShared-Schema Tenancy[2m > [22m[2mTransaction Isolation[2m > [22m[2mshould maintain tenant context across transaction
2026-09-14T02:42:28.0730469Z [22m[39m[SharedSchema] Execute for tenant tenant-alice: INSERT INTO subscriptions (id, status) VALUES (?, ?)
2026-09-14T02:42:28.0732740Z 
2026-09-14T02:42:28.0734501Z [90mstdout[2m | tests/tenancy/shared.spec.ts[2m > [22m[2mShared-Schema Tenancy[2m > [22m[2mTransaction Isolation[2m > [22m[2mshould maintain tenant context across transaction
2026-09-14T02:42:28.0739033Z [22m[39m[SharedSchema] COMMIT for tenant tenant-alice
2026-09-14T02:42:28.0739891Z 
2026-09-14T02:42:28.0742748Z [90mstdout[2m | tests/tenancy/shared.spec.ts[2m > [22m[2mShared-Schema Tenancy[2m > [22m[2mTransaction Isolation[2m > [22m[2mshould restore context after rollback
2026-09-14T02:42:28.0744642Z [22m[39m[SharedSchema] BEGIN for tenant tenant-bob
2026-09-14T02:42:28.0746453Z 
2026-09-14T02:42:28.0748098Z [90mstdout[2m | tests/tenancy/shared.spec.ts[2m > [22m[2mShared-Schema Tenancy[2m > [22m[2mTransaction Isolation[2m > [22m[2mshould restore context after rollback
2026-09-14T02:42:28.0755162Z [22m[39m[SharedSchema] Execute for tenant tenant-bob: INSERT INTO subscriptions (id, status) VALUES (?, ?)
2026-09-14T02:42:28.0757456Z 
2026-09-14T02:42:28.0771282Z [90mstdout[2m | tests/tenancy/shared.spec.ts[2m > [22m[2mShared-Schema Tenancy[2m > [22m[2mTransaction Isolation[2m > [22m[2mshould restore context after rollback
2026-09-14T02:42:28.0773620Z [22m[39m[SharedSchema] ROLLBACK for tenant tenant-bob
2026-09-14T02:42:28.0774178Z 
2026-09-14T02:42:28.0866924Z  [32m✓[39m [30m[45m core [49m[39m tests/tenancy/shared.spec.ts [2m([22m[2m11 tests[22m[2m)[22m[32m 13[2mms[22m[39m
2026-09-14T02:42:29.6721925Z  [32m✓[39m [30m[45m core [49m[39m packages/mcp-server/test/e2e/mapping-versioning.e2e.spec.ts [2m([22m[2m3 tests[22m[2m)[22m[33m 1322[2mms[22m[39m
2026-09-14T02:42:29.6736502Z    [33m[2m✓[22m[39m mapping + versioning bridge E2E[2m > [22mmap.create → map.list → map.resolve round-trip via bridge (multi-system) [33m 983[2mms[22m[39m
2026-09-14T02:42:30.0465901Z  [32m✓[39m [30m[45m core [49m[39m packages/mcp-server/test/product-reality/reconnect.s185.spec.ts [2m([22m[2m11 tests[22m[2m)[22m[32m 111[2mms[22m[39m
2026-09-14T02:42:30.3013733Z  [32m✓[39m [30m[45m core [49m[39m tests/viz/spatial/geo-data-joiner.test.ts [2m([22m[2m13 tests[22m[2m)[22m[32m 8[2mms[22m[39m
2026-09-14T02:42:31.5283044Z  [32m✓[39m [30m[45m core [49m[39m packages/mcp-server/test/product-reality/m06-evidence.s184.spec.ts [2m([22m[2m4 tests[22m[2m)[22m[32m 194[2mms[22m[39m
2026-09-14T02:42:35.5500514Z  [32m✓[39m [30m[45m core [49m[39m packages/mcp-server/test/product-reality/workflow-runtime.s193.spec.ts [2m([22m[2m20 tests[22m[2m)[22m[33m 2462[2mms[22m[39m
2026-09-14T02:42:36.0863651Z  [32m✓[39m [30m[45m core [49m[39m tests/services/classification/ltree-query-service.spec.ts [2m([22m[2m4 tests[22m[2m)[22m[32m 159[2mms[22m[39m
2026-09-14T02:42:36.4767751Z  [32m✓[39m [30m[45m core [49m[39m tests/registry/resolver.test.ts [2m([22m[2m6 tests[22m[2m)[22m[32m 34[2mms[22m[39m
2026-09-14T02:42:37.4143589Z  [32m✓[39m [30m[45m core [49m[39m packages/mcp-server/test/compose/slot-content-distributor.spec.ts [2m([22m[2m7 tests[22m[2m)[22m[33m 352[2mms[22m[39m
2026-09-14T02:42:38.7010739Z  [32m✓[39m [30m[45m core [49m[39m packages/mcp-server/test/contracts/registry-snapshot.spec.ts [2m([22m[2m5 tests[22m[2m)[22m[33m 838[2mms[22m[39m
2026-09-14T02:42:38.7016163Z    [33m[2m✓[22m[39m registry.snapshot handler[2m > [22mbenchmarks the snapshot p99 within a relative warmup budget at 100, 500, and 1000 mappings [33m 764[2mms[22m[39m
2026-09-14T02:42:41.4924978Z  [32m✓[39m [30m[45m core [49m[39m packages/mcp-server/test/product-reality/m04-controls.s185.spec.ts [2m([22m[2m13 tests[22m[2m)[22m[33m 792[2mms[22m[39m
2026-09-14T02:42:41.4943663Z    [33m[2m✓[22m[39m Sprint 185 m04 controls verify their intended failure boundary[2m > [22mreact removes the complete DetailHeader body and preserves the other four implementations [33m 411[2mms[22m[39m
2026-09-14T02:42:43.0495296Z  [32m✓[39m [30m[45m core [49m[39m packages/mcp-server/test/tools/certify-echarts-role-c.spec.ts [2m([22m[2m16 tests[22m[2m)[22m[33m 721[2mms[22m[39m
2026-09-14T02:42:43.0497807Z    [33m[2m✓[22m[39m ECharts Role-C structural paint extraction[2m > [22m'treemap': extracts only visible chart carriers from the exact served option [33m 557[2mms[22m[39m
2026-09-14T02:42:43.5882706Z  [32m✓[39m [30m[45m core [49m[39m packages/mcp-server/test/product-reality/history-pins.s185.spec.ts [2m([22m[2m13 tests[22m[2m)[22m[32m 265[2mms[22m[39m
2026-09-14T02:42:43.8811794Z  [32m✓[39m [30m[45m core [49m[39m tests/compliance/audit-log.spec.ts [2m([22m[2m15 tests[22m[2m)[22m[32m 29[2mms[22m[39m
2026-09-14T02:42:58.8642403Z  [32m✓[39m [30m[45m core [49m[39m packages/mcp-server/test/codegen/form-detail.s189.spec.ts [2m([22m[2m8 tests[22m[2m)[22m[33m 13566[2mms[22m[39m
2026-09-14T02:42:58.8653657Z    [33m[2m✓[22m[39m form and detail reconcile their declared semantics[2m > [22mreact workflow compiles its on-demand cancellation and native form [33m 5046[2mms[22m[39m
2026-09-14T02:42:58.8656155Z    [33m[2m✓[22m[39m form and detail reconcile their declared semantics[2m > [22mvue workflow compiles its on-demand cancellation and native form [33m 8064[2mms[22m[39m
2026-09-14T02:43:03.8295331Z  [32m✓[39m [30m[45m core [49m[39m packages/mcp-server/test/contracts/viz-pattern-registry.s195.spec.ts [2m([22m[2m19 tests[22m[2m)[22m[33m 4135[2mms[22m[39m
2026-09-14T02:43:03.8298405Z    [33m[2m✓[22m[39m the generated pattern registry retains exact source identity and public pixel evidence (s195 m03)[2m > [22mremeasures all supported scopes and every authoring-only rejection through the real handlers [33m 2722[2mms[22m[39m
2026-09-14T02:43:03.8300468Z    [33m[2m✓[22m[39m the generated pattern registry retains exact source identity and public pixel evidence (s195 m03)[2m > [22mreproduces registry and documentation from frozen observations with --check [33m 1207[2mms[22m[39m
2026-09-14T02:43:04.1598498Z  [32m✓[39m [30m[45m core [49m[39m tests/traits/viz/spatial/spatial-composition.test.ts [2m([22m[2m15 tests[22m[2m)[22m[32m 10[2mms[22m[39m
2026-09-14T02:43:04.4803391Z  [32m✓[39m [30m[45m core [49m[39m tests/components/progress.test.tsx [2m([22m[2m18 tests[22m[2m)[22m[32m 25[2mms[22m[39m
2026-09-14T02:43:19.9950455Z  [32m✓[39m [30m[45m core [49m[39m packages/mcp-server/test/codegen/detail-craft.s198.spec.ts [2m([22m[2m24 tests[22m[2m)[22m[33m 14312[2mms[22m[39m
2026-09-14T02:43:19.9953451Z    [33m[2m✓[22m[39m s198 detail craft preserves readable, labelled record values[2m > [22mArticle generates real read-only fields and unique, populated tabs in both frameworks [33m 312[2mms[22m[39m
2026-09-14T02:43:19.9959666Z    [33m[2m✓[22m[39m s198 detail craft preserves readable, labelled record values[2m > [22mInvoice generates real read-only fields and unique, populated tabs in both frameworks [33m 449[2mms[22m[39m
2026-09-14T02:43:19.9962118Z    [33m[2m✓[22m[39m s198 detail craft preserves readable, labelled record values[2m > [22mreact workflow compiles the readonly detail expressions [33m 4674[2mms[22m[39m
2026-09-14T02:43:19.9973319Z    [33m[2m✓[22m[39m s198 detail craft preserves readable, labelled record values[2m > [22mvue workflow compiles the readonly detail expressions [33m 7995[2mms[22m[39m
2026-09-14T02:43:20.2772654Z  [32m✓[39m [30m[45m core [49m[39m packages/mcp-server/test/presets/brand-presets.spec.ts [2m([22m[2m29 tests[22m[2m)[22m[32m 11[2mms[22m[39m
2026-09-14T02:43:21.7630074Z  [32m✓[39m [30m[45m core [49m[39m packages/mcp-server/test/tools/certify-echarts-render-contrast.s179.spec.ts [2m([22m[2m13 tests[22m[2m)[22m[33m 809[2mms[22m[39m
2026-09-14T02:43:21.7631875Z    [33m[2m✓[22m[39m ECharts rendered categorical contrast (s179 m04)[2m > [22m'treemap': composes actual carriers with the family semantic assignment [33m 547[2mms[22m[39m
2026-09-14T02:43:33.0820514Z  [32m✓[39m [30m[45m core [49m[39m tests/verification/s178-viz-twin-retirement.contract.test.ts [2m([22m[2m3 tests[22m[2m)[22m[33m 10810[2mms[22m[39m
2026-09-14T02:43:33.0828931Z    [33m[2m✓[22m[39m Sprint 178 viz twin retirement rung 1[2m > [22mrejects external import/export/require/vi.mock references to retired paths [33m 10803[2mms[22m[39m
2026-09-14T02:43:39.8479510Z  [31m❯[39m [30m[45m core [49m[39m packages/mcp-server/test/product-reality/payment-chart.s190.spec.ts [2m([22m[2m10 tests[22m[2m | [22m[31m2 failed[39m[2m)[22m[33m 5605[2mms[22m[39m
2026-09-14T02:43:39.8488460Z    [32m✓[39m Subscription payment chart is an actual public render[2m > [22mrejects an active SVG at the html build boundary[32m 15[2mms[22m[39m
2026-09-14T02:43:39.8490560Z    [32m✓[39m Subscription payment chart is an actual public render[2m > [22mrejects an active SVG at the react build boundary[32m 1[2mms[22m[39m
2026-09-14T02:43:39.8492606Z    [32m✓[39m Subscription payment chart is an actual public render[2m > [22mrejects an active SVG at the vue build boundary[32m 1[2mms[22m[39m
2026-09-14T02:43:39.8494713Z    [33m[2m✓[22m[39m Subscription payment chart is an actual public render[2m > [22mdeclares one read-only detail projection without mark fields or controls in other contexts [33m 414[2mms[22m[39m
2026-09-14T02:43:39.8496462Z [31m   [31m×[31m Subscription payment chart is an actual public render[2m > [22memits repeatable, strictly typed react workflow assets keyed by seed identity[39m[33m 696[2mms[22m[39m
2026-09-14T02:43:39.8497556Z [31m     → expected { chartType: 'area', …(7) } to match object { chartType: 'area', …(4) }
2026-09-14T02:43:39.8498152Z (8 matching properties omitted from actual)[39m
2026-09-14T02:43:39.8499267Z [31m   [31m×[31m Subscription payment chart is an actual public render[2m > [22memits repeatable, strictly typed vue workflow assets keyed by seed identity[39m[33m 424[2mms[22m[39m
2026-09-14T02:43:39.8500300Z [31m     → expected { chartType: 'area', …(7) } to match object { chartType: 'area', …(4) }
2026-09-14T02:43:39.8500882Z (8 matching properties omitted from actual)[39m
2026-09-14T02:43:39.8547169Z    [32m✓[39m Subscription payment chart is an actual public render[2m > [22msingle detail html has a hashed seed asset and unchanged public SVG bytes[32m 73[2mms[22m[39m
2026-09-14T02:43:39.8549699Z    [33m[2m✓[22m[39m Subscription payment chart is an actual public render[2m > [22msingle detail react has a hashed seed asset and unchanged public SVG bytes [33m 1633[2mms[22m[39m
2026-09-14T02:43:39.8552025Z    [33m[2m✓[22m[39m Subscription payment chart is an actual public render[2m > [22msingle detail vue has a hashed seed asset and unchanged public SVG bytes [33m 2314[2mms[22m[39m
2026-09-14T02:43:39.8554338Z    [32m✓[39m Subscription payment chart is an actual public render[2m > [22mfails loudly for missing fields or a public renderer failure, without a placeholder artifact[32m 32[2mms[22m[39m
2026-09-14T02:43:42.1215670Z  [32m✓[39m [30m[45m core [49m[39m packages/mcp-server/test/product-reality/read-only-field-binding.s185.spec.ts [2m([22m[2m13 tests[22m[2m)[22m[33m 765[2mms[22m[39m
2026-09-14T02:43:42.5926151Z  [32m✓[39m [30m[45m core [49m[39m packages/mcp-server/test/compose/label-generator.spec.ts [2m([22m[2m13 tests[22m[2m)[22m[32m 185[2mms[22m[39m
2026-09-14T02:43:42.8558014Z  [32m✓[39m [30m[45m core [49m[39m tests/traits/viz/spatial/has-projection.test.ts [2m([22m[2m19 tests[22m[2m)[22m[32m 10[2mms[22m[39m
2026-09-14T02:43:43.8163406Z  [32m✓[39m [30m[45m core [49m[39m packages/mcp-server/test/product-reality/approved-timeout.s188.spec.ts [2m([22m[2m44 tests[22m[2m)[22m[33m 661[2mms[22m[39m
2026-09-14T02:43:44.1722764Z  [32m✓[39m [30m[45m core [49m[39m packages/mcp-server/test/compose/wire-field-props.spec.ts [2m([22m[2m10 tests[22m[2m)[22m[32m 14[2mms[22m[39m
2026-09-14T02:43:45.9298083Z  [32m✓[39m [30m[45m core [49m[39m packages/mcp-server/test/e2e/registry-gaps.e2e.spec.ts [2m([22m[2m3 tests[22m[2m)[22m[33m 1211[2mms[22m[39m
2026-09-14T02:43:45.9303428Z    [33m[2m✓[22m[39m registry gaps e2e verification[2m > [22mWorkbench S44 fixture with Grid + known components renders all fragments via bridge [33m 910[2mms[22m[39m
2026-09-14T02:43:46.2340927Z  [32m✓[39m [30m[45m core [49m[39m tests/integrations/billing/chargebee.spec.ts [2m([22m[2m7 tests[22m[2m)[22m[32m 27[2mms[22m[39m
2026-09-14T02:43:46.9125118Z  [32m✓[39m [30m[45m core [49m[39m packages/mcp-server/test/compose/token-injection.spec.ts [2m([22m[2m11 tests[22m[2m)[22m[33m 312[2mms[22m[39m
2026-09-14T02:43:48.0138639Z  [32m✓[39m [30m[45m core [49m[39m packages/mcp-server/test/compose/confidence-scoring.spec.ts [2m([22m[2m12 tests[22m[2m)[22m[33m 496[2mms[22m[39m
2026-09-14T02:43:48.4303979Z  [32m✓[39m [30m[45m core [49m[39m tests/tokens/tailwind-screens.test.ts [2m([22m[2m7 tests[22m[2m)[22m[32m 93[2mms[22m[39m
2026-09-14T02:43:48.7428129Z  [32m✓[39m [30m[45m core [49m[39m tests/integrations/billing/zuora.spec.ts [2m([22m[2m7 tests[22m[2m)[22m[32m 30[2mms[22m[39m
2026-09-14T02:43:56.2762946Z [ECharts] 'CanvasText' is an illegal color, fallback to '#000000'
2026-09-14T02:43:57.0643059Z [ECharts] 'oklch(0.94 0 265)' is an illegal color, fallback to '#000000'
2026-09-14T02:43:57.0762701Z [ECharts] 'oklch(0.54 0 265)' is an illegal color, fallback to '#000000'
2026-09-14T02:43:57.0763583Z [ECharts] 'oklch(0.34 0 265)' is an illegal color, fallback to '#000000'
2026-09-14T02:43:57.6435631Z  [32m✓[39m [30m[45m core [49m[39m packages/mcp-server/test/contracts/viz-recipes.s190.spec.ts [2m([22m[2m3 tests[22m[2m)[22m[33m 7717[2mms[22m[39m
2026-09-14T02:43:57.6513732Z    [33m[2m✓[22m[39m one executable visualization registry (s190 m05)[2m > [22mthe exported registry equals every live census cell after canonicalization [33m 7704[2mms[22m[39m
2026-09-14T02:43:58.4312900Z  [32m✓[39m [30m[45m core [49m[39m tests/registry/bound-charts.s195.test.ts [2m([22m[2m19 tests[22m[2m)[22m[33m 317[2mms[22m[39m
2026-09-14T02:43:59.8331759Z  [32m✓[39m [30m[45m core [49m[39m packages/mcp-server/test/tools/artifact.certify.unchecked-tristate.spec.ts [2m([22m[2m6 tests[22m[2m)[22m[33m 624[2mms[22m[39m
2026-09-14T02:43:59.8335169Z    [33m[2m✓[22m[39m artifact.certify — contrast tri-state: 'ungradeable' (tried and failed) vs 'unchecked' (nothing to grade)[2m > [22mpoisoned canvas — grading was attempted on a colour-bearing unit and could not resolve the canvas[2m > [22mpillars.contrast is 'ungradeable' (not 'unchecked') on the certified path [33m 390[2mms[22m[39m
2026-09-14T02:44:00.2300282Z  [32m✓[39m [30m[45m core [49m[39m packages/mcp-server/test/product-reality/temporal-bite.s196.spec.ts [2m([22m[2m6 tests[22m[2m)[22m[32m 114[2mms[22m[39m
2026-09-14T02:44:28.1144093Z  [31m❯[39m [30m[45m core [49m[39m packages/mcp-server/test/product-reality/collections.s191.spec.ts [2m([22m[2m6 tests[22m[2m | [22m[31m1 failed[39m[2m)[22m[33m 26491[2mms[22m[39m
2026-09-14T02:44:28.1146601Z    [33m[2m✓[22m[39m workflow collection domain ownership (s191)[2m > [22mOrganization/react emits deterministic, strictly typed collection actions [33m 4856[2mms[22m[39m
2026-09-14T02:44:28.1213314Z    [33m[2m✓[22m[39m workflow collection domain ownership (s191)[2m > [22mOrganization/vue emits deterministic, strictly typed collection actions [33m 8084[2mms[22m[39m
2026-09-14T02:44:28.1252856Z    [33m[2m✓[22m[39m workflow collection domain ownership (s191)[2m > [22mUser/react emits deterministic, strictly typed collection actions [33m 4796[2mms[22m[39m
2026-09-14T02:44:28.1272810Z    [33m[2m✓[22m[39m workflow collection domain ownership (s191)[2m > [22mUser/vue emits deterministic, strictly typed collection actions [33m 8173[2mms[22m[39m
2026-09-14T02:44:28.1312636Z    [32m✓[39m workflow collection domain ownership (s191)[2m > [22mkeeps unknown scalar domain actions unsupported[32m 109[2mms[22m[39m
2026-09-14T02:44:28.1353416Z [31m   [31m×[31m workflow collection domain ownership (s191)[2m > [22mupserts by the declared default-role field, preserves other entries and metadata, and persists only on Save[39m[33m 470[2mms[22m[39m
2026-09-14T02:44:28.1392449Z [31m     → expected '103 Main Street' to be '100 Main Street' // Object.is equality[39m
2026-09-14T02:44:29.0465378Z  [32m✓[39m [30m[45m core [49m[39m packages/mcp-server/test/product-reality/s183-m06-replay-r02.spec.ts [2m([22m[2m4 tests[22m[2m)[22m[33m 332[2mms[22m[39m
2026-09-14T02:44:29.4949269Z  [32m✓[39m [30m[45m core [49m[39m tests/verification/release-publish-shape.s196.test.ts [2m([22m[2m11 tests[22m[2m)[22m[32m 180[2mms[22m[39m
2026-09-14T02:44:29.9064264Z  [32m✓[39m [30m[45m core [49m[39m tests/contexts/context-templates.test.tsx [2m([22m[2m16 tests[22m[2m)[22m[32m 28[2mms[22m[39m
2026-09-14T02:44:30.3960889Z  [32m✓[39m [30m[45m core [49m[39m packages/mcp-server/test/codegen/prop-destructuring.spec.ts [2m([22m[2m9 tests[22m[2m)[22m[32m 29[2mms[22m[39m
2026-09-14T02:44:31.0996835Z  [32m✓[39m [30m[45m core [49m[39m packages/mcp-server/test/product-reality/closeout.s198.spec.ts [2m([22m[2m31 tests[22m[2m)[22m[33m 346[2mms[22m[39m
2026-09-14T02:44:31.4148133Z  [32m✓[39m [30m[45m core [49m[39m tests/parsers/yaml-parser.test.ts [2m([22m[2m12 tests[22m[2m)[22m[32m 15[2mms[22m[39m
2026-09-14T02:44:33.1512538Z  [32m✓[39m [30m[45m core [49m[39m packages/mcp-server/test/e2e/fragment-integration.e2e.spec.ts [2m([22m[2m9 tests[22m[2m)[22m[33m 1180[2mms[22m[39m
2026-09-14T02:44:33.1515621Z    [33m[2m✓[22m[39m fragment integration e2e[2m > [22m{ name: 'dashboard', file: 'dashboard-page.ui-schema.json', minFragments: 3, minComponentCount: 15 } bridge transport returns fragment output equivalent to direct handler [33m 859[2mms[22m[39m
2026-09-14T02:44:35.1120256Z  [32m✓[39m [30m[45m core [49m[39m packages/mcp-server/test/product-reality/runtime-cells.s193.spec.ts [2m([22m[2m8 tests[22m[2m)[22m[32m 205[2mms[22m[39m
2026-09-14T02:44:35.4867292Z  [32m✓[39m [30m[45m core [49m[39m tests/verification/gate2-decision-packet.s196.test.ts [2m([22m[2m5 tests[22m[2m)[22m[32m 11[2mms[22m[39m
2026-09-14T02:44:35.7602009Z  [32m✓[39m [30m[45m core [49m[39m tests/view/compositor/composeExtensions.test.ts [2m([22m[2m6 tests[22m[2m)[22m[32m 10[2mms[22m[39m
2026-09-14T02:44:36.3813495Z  [32m✓[39m [30m[45m core [49m[39m tests/viz/echarts-interactions.test.ts [2m([22m[2m5 tests[22m[2m)[22m[32m 10[2mms[22m[39m
2026-09-14T02:44:37.0409240Z  [32m✓[39m [30m[45m core [49m[39m tests/database/communication-seeds.test.ts [2m([22m[2m1 test[22m[2m)[22m[32m 255[2mms[22m[39m
2026-09-14T02:44:38.1068038Z  [32m✓[39m [30m[45m core [49m[39m packages/mcp-server/test/contracts/code.generate-golden.spec.ts [2m([22m[2m6 tests[22m[2m)[22m[32m 42[2mms[22m[39m
2026-09-14T02:44:40.4843765Z  [32m✓[39m [30m[45m core [49m[39m packages/mcp-server/test/product-reality/palette-sheets.s197.spec.ts [2m([22m[2m5 tests[22m[2m)[22m[33m 2113[2mms[22m[39m
2026-09-14T02:44:40.4845874Z    [33m[2m✓[22m[39m s197 palette sheets expose comparable pixels and an exact, unapplied consumer re-pin[2m > [22mapplies the prepared sequence only to a test copy and invalidates exactly the two stale lock entries [33m 1937[2mms[22m[39m
2026-09-14T02:44:41.4999274Z  [32m✓[39m [30m[45m core [49m[39m tests/governance-gates/tracked-report-hermeticity.test.ts [2m([22m[2m5 tests[22m[2m)[22m[33m 388[2mms[22m[39m
2026-09-14T02:44:41.9569457Z  [32m✓[39m [30m[45m core [49m[39m tests/validation/pipeline.test.ts [2m([22m[2m7 tests[22m[2m)[22m[32m 64[2mms[22m[39m
2026-09-14T02:44:42.2699925Z  [32m✓[39m [30m[45m core [49m[39m packages/mcp-server/test/schema-store/schema-store.spec.ts [2m([22m[2m6 tests[22m[2m)[22m[32m 55[2mms[22m[39m
2026-09-14T02:44:44.0328818Z  [32m✓[39m [30m[45m core [49m[39m packages/mcp-server/test/product-reality/runnable-artifact.s183.spec.ts [2m([22m[2m28 tests[22m[2m)[22m[33m 644[2mms[22m[39m
2026-09-14T02:44:46.1986841Z  [32m✓[39m [30m[45m core [49m[39m packages/mcp-server/test/product-reality/billing-views.s188.spec.ts [2m([22m[2m3 tests[22m[2m)[22m[33m 549[2mms[22m[39m
2026-09-14T02:44:46.1989048Z    [33m[2m✓[22m[39m Sprint 188 five remaining trait rows[2m > [22mcomputes value and accessible-name parity across HTML, React and Vue with an empty difference allowlist [33m 511[2mms[22m[39m
2026-09-14T02:44:47.8002482Z  [32m✓[39m [30m[45m core [49m[39m packages/mcp-server/test/product-reality/breadth-live-generation.s185.spec.ts [2m([22m[2m33 tests[22m[2m)[22m[32m 297[2mms[22m[39m
2026-09-14T02:44:49.9003961Z  [32m✓[39m [30m[45m core [49m[39m packages/mcp-server/test/product-reality/billing.s188.spec.ts [2m([22m[2m4 tests[22m[2m)[22m[33m 453[2mms[22m[39m
2026-09-14T02:44:49.9013330Z    [33m[2m✓[22m[39m Sprint 188 Billable list/form contracts[2m > [22mcomputes HTML/React/Vue visible-text and accessible-name parity with no allowlisted differences [33m 411[2mms[22m[39m
2026-09-14T02:44:52.7912943Z  [32m✓[39m [30m[45m core [49m[39m packages/mcp-server/test/product-reality/application-craft.s198.spec.ts [2m([22m[2m11 tests[22m[2m)[22m[33m 1353[2mms[22m[39m
2026-09-14T02:44:52.7923705Z    [33m[2m✓[22m[39m s198 application proof follows object declarations and real record titles[2m > [22mkeeps implementation descriptions available in schema metadata but gives shared form fields useful help [33m 462[2mms[22m[39m
2026-09-14T02:44:53.6139288Z  [32m✓[39m [30m[45m core [49m[39m packages/mcp-server/test/tools/viz.render.bubble-symbolsize-s172.spec.ts [2m([22m[2m6 tests[22m[2m)[22m[32m 21[2mms[22m[39m
2026-09-14T02:45:05.3977792Z  [32m✓[39m [30m[45m core [49m[39m packages/mcp-server/test/contracts/portable-token-dependencies.s196.spec.ts [2m([22m[2m11 tests[22m[2m)[22m[33m 11398[2mms[22m[39m
2026-09-14T02:45:05.3984269Z    [33m[2m✓[22m[39m s196 portable token dependencies[2m > [22mapplies shipped token outputs without source or build scripts and preserves the requested scope [33m 11247[2mms[22m[39m
2026-09-14T02:45:05.9294164Z  [32m✓[39m [30m[45m core [49m[39m tests/verification/agent-docs-registry.contract.test.ts [2m([22m[2m5 tests[22m[2m)[22m[32m 8[2mms[22m[39m
2026-09-14T02:45:06.5542439Z  [32m✓[39m [30m[45m core [49m[39m packages/mcp-server/test/contracts/security.model.spec.ts [2m([22m[2m17 tests[22m[2m)[22m[32m 33[2mms[22m[39m
2026-09-14T02:45:07.9042631Z  [32m✓[39m [30m[45m core [49m[39m packages/mcp-server/test/contracts/emitter-data-attr-parity.spec.ts [2m([22m[2m6 tests[22m[2m)[22m[32m 27[2mms[22m[39m
2026-09-14T02:45:08.5546186Z  [32m✓[39m [30m[45m core [49m[39m tests/viz/vega-lite-adapter.test.ts [2m([22m[2m8 tests[22m[2m)[22m[32m 14[2mms[22m[39m
2026-09-14T02:45:08.9853982Z  [32m✓[39m [30m[45m core [49m[39m packages/mcp-server/test/product-reality/evidence-retention.s184.spec.ts [2m([22m[2m10 tests[22m[2m)[22m[32m 162[2mms[22m[39m
2026-09-14T02:45:12.7837468Z  [32m✓[39m [30m[45m core [49m[39m tests/tokens/palette-generator.s197.test.ts [2m([22m[2m18 tests[22m[2m)[22m[33m 3465[2mms[22m[39m
2026-09-14T02:45:12.7838754Z    [33m[2m✓[22m[39m seed-generated palette boundary[2m > [22mreproduces every byte, detects seed drift, and never repairs files in check mode [33m 502[2mms[22m[39m
2026-09-14T02:45:12.7840499Z    [33m[2m✓[22m[39m seed-generated palette boundary[2m > [22mfails --check at the process boundary for changed seeds and missing outputs [33m 2232[2mms[22m[39m
2026-09-14T02:45:13.0808730Z  [32m✓[39m [30m[45m core [49m[39m packages/mcp-server/test/a2ui-host-conformance/host-conformance-emitter.spec.ts [2m([22m[2m32 tests[22m[2m)[22m[32m 10[2mms[22m[39m
2026-09-14T02:45:15.4167880Z [90mstderr[2m | packages/mcp-server/test/product-reality/viz-recipes.s193.spec.ts[2m > [22m[2mvisualization recipes use the public renderer input and pixels[2m > [22m[2mscatter opacity changes both renderer outputs and retains normalized intent
2026-09-14T02:45:15.4170920Z [22m[39mBoolean type for boundaryGap is only allowed for ordinal axis. Please use string in percentage instead, e.g., "20%". Currently, boundaryGap is set to be 0.
2026-09-14T02:45:15.4176278Z Boolean type for boundaryGap is only allowed for ordinal axis. Please use string in percentage instead, e.g., "20%". Currently, boundaryGap is set to be 0.
2026-09-14T02:45:15.4178295Z 
2026-09-14T02:45:15.5980648Z  [32m✓[39m [30m[45m core [49m[39m packages/mcp-server/test/product-reality/viz-recipes.s193.spec.ts [2m([22m[2m25 tests[22m[2m)[22m[33m 1414[2mms[22m[39m
2026-09-14T02:45:15.5986334Z    [33m[2m✓[22m[39m visualization recipes use the public renderer input and pixels[2m > [22mVizHeatmapPreview preserves the deterministic public SVG in both governed recipes [33m 502[2mms[22m[39m
2026-09-14T02:45:16.8077344Z  [32m✓[39m [30m[45m core [49m[39m packages/mcp-server/test/product-reality/local-behavior-guards.s185.spec.ts [2m([22m[2m16 tests[22m[2m)[22m[32m 152[2mms[22m[39m
2026-09-14T02:45:18.5237226Z  [32m✓[39m [30m[45m core [49m[39m packages/mcp-server/test/contracts/portable-claims.s196.spec.ts [2m([22m[2m11 tests[22m[2m)[22m[33m 536[2mms[22m[39m
2026-09-14T02:45:18.5241113Z    [33m[2m✓[22m[39m s196 portable claims at the public tool boundary[2m > [22mkeeps a real pipeline artifact behind the same code-generation gate [33m 330[2mms[22m[39m
2026-09-14T02:45:18.9428891Z  [32m✓[39m [30m[45m core [49m[39m packages/mcp-server/test/contracts/schema-pattern-anchoring.spec.ts [2m([22m[2m8 tests[22m[2m)[22m[32m 28[2mms[22m[39m
2026-09-14T02:45:20.1062390Z  [32m✓[39m [30m[45m core [49m[39m packages/mcp-server/test/codegen/craft.s191.spec.ts [2m([22m[2m6 tests[22m[2m)[22m[33m 428[2mms[22m[39m
2026-09-14T02:45:20.1064573Z    [33m[2m✓[22m[39m s191 craft values agree across render targets[2m > [22mseeds human titles and four recorded payments without changing domain codes or adding form fields [33m 378[2mms[22m[39m
2026-09-14T02:45:20.5150915Z  [32m✓[39m [30m[45m core [49m[39m tests/viz/spatial/geo-fetch.test.ts [2m([22m[2m9 tests[22m[2m)[22m[32m 128[2mms[22m[39m
2026-09-14T02:45:22.3940242Z  [32m✓[39m [30m[45m core [49m[39m packages/mcp-server/test/tools/artifact.certify.render-determinism.spec.ts [2m([22m[2m5 tests[22m[2m)[22m[33m 1100[2mms[22m[39m
2026-09-14T02:45:22.3942646Z    [33m[2m✓[22m[39m artifact.certify — render-backed determinism (s176 m02)[2m > [22ma rendered-graded cartesian chart carries renderHash (64-hex), stable, conformant, schema-valid [33m 395[2mms[22m[39m
2026-09-14T02:45:22.3944996Z    [33m[2m✓[22m[39m artifact.certify — render-backed determinism (s176 m02)[2m > [22mECharts {spec}-only has no determinism while a renderable operand carries the option and normalized-render hashes [33m 543[2mms[22m[39m
2026-09-14T02:45:25.1734077Z  [32m✓[39m [30m[45m core [49m[39m packages/mcp-server/test/product-reality/viz-placement.s193.spec.ts [2m([22m[2m14 tests[22m[2m)[22m[33m 1626[2mms[22m[39m
2026-09-14T02:45:25.1741099Z    [33m[2m✓[22m[39m Viz recipes are declared by real traits, without editing composed schemas[2m > [22mMarkArea places and generates its declared input/preview recipes [33m 404[2mms[22m[39m
2026-09-14T02:45:25.6644192Z  [32m✓[39m [30m[45m core [49m[39m tests/governance-gates/storycap-lightdark-compare.test.ts [2m([22m[2m7 tests[22m[2m)[22m[32m 198[2mms[22m[39m
2026-09-14T02:45:27.4441121Z  [32m✓[39m [30m[45m core [49m[39m packages/mcp-server/test/contracts/api-docs-generator.spec.ts [2m([22m[2m7 tests[22m[2m)[22m[33m 1524[2mms[22m[39m
2026-09-14T02:45:27.4443033Z    [33m[2m✓[22m[39m API reference generator[2m > [22mregeneration is idempotent [33m 1513[2mms[22m[39m
2026-09-14T02:45:28.8612330Z  [32m✓[39m [30m[45m core [49m[39m packages/mcp-server/test/tools/artifact.certify.ten-series-collision.spec.ts [2m([22m[2m4 tests[22m[2m)[22m[33m 599[2mms[22m[39m
2026-09-14T02:45:28.8619842Z    [33m[2m✓[22m[39m artifact.certify — the §0 ten-series palette-recycling collision (RED-first, s176 m01)[2m > [22ma 10-series chart with four recycled series pairs must NOT certify conformant (RED at 4f64bcf) [33m 436[2mms[22m[39m
2026-09-14T02:45:29.4248177Z  [32m✓[39m [30m[45m core [49m[39m packages/mcp-server/test/product-reality/closeout.s190.spec.ts [2m([22m[2m10 tests[22m[2m)[22m[32m 214[2mms[22m[39m
2026-09-14T02:45:31.2939921Z  [32m✓[39m [30m[45m core [49m[39m packages/mcp-server/test/objects/loaders.spec.ts [2m([22m[2m24 tests[22m[2m)[22m[33m 1592[2mms[22m[39m
2026-09-14T02:45:31.8435112Z  [32m✓[39m [30m[45m core [49m[39m tests/registry/registry.test.ts [2m([22m[2m3 tests[22m[2m)[22m[32m 180[2mms[22m[39m
2026-09-14T02:45:32.5120287Z  [32m✓[39m [30m[45m core [49m[39m packages/mcp-server/test/product-reality/viz-golden-migration.s195.spec.ts [2m([22m[2m4 tests[22m[2m)[22m[33m 417[2mms[22m[39m
2026-09-14T02:45:32.5123645Z    [33m[2m✓[22m[39m the s195 palette migration preserves historical evidence and accounts for every changed golden[2m > [22mpins a pre-mutation baseline and attributes the complete current byte delta [33m 309[2mms[22m[39m
2026-09-14T02:45:33.8426254Z  [32m✓[39m [30m[45m core [49m[39m packages/mcp-server/test/contracts/s71-fixes.spec.ts [2m([22m[2m10 tests[22m[2m)[22m[33m 731[2mms[22m[39m
2026-09-14T02:45:33.8464043Z    [33m[2m✓[22m[39m Sprint 71 fixes[2m > [22mcatalog.list availableCategories[2m > [22mreturns same availableCategories regardless of filter [33m 480[2mms[22m[39m
2026-09-14T02:45:48.8823739Z  [32m✓[39m [30m[45m core [49m[39m packages/mcp-server/test/codegen/component-carries.s189.spec.ts [2m([22m[2m7 tests[22m[2m)[22m[33m 13634[2mms[22m[39m
2026-09-14T02:45:48.8826035Z    [33m[2m✓[22m[39m ten seeded records describe plausible subscription periods[2m > [22menumerates every record against the declared clock, interval, lifecycle and event vocabulary [33m 383[2mms[22m[39m
2026-09-14T02:45:48.8828580Z    [33m[2m✓[22m[39m ten seeded records describe plausible subscription periods[2m > [22mreact workflow accepts optional absent cancellation metadata [33m 5121[2mms[22m[39m
2026-09-14T02:45:48.8831024Z    [33m[2m✓[22m[39m ten seeded records describe plausible subscription periods[2m > [22mvue workflow accepts optional absent cancellation metadata [33m 8089[2mms[22m[39m
2026-09-14T02:45:50.8899801Z  [32m✓[39m [30m[45m core [49m[39m packages/mcp-server/test/bridge/fragment-parity.spec.ts [2m([22m[2m1 test[22m[2m)[22m[33m 1723[2mms[22m[39m
2026-09-14T02:45:50.8904042Z    [33m[2m✓[22m[39m bridge fragment parity[2m > [22msupports fragment mode via bridge /run and matches direct MCP transport semantics [33m 1453[2mms[22m[39m
2026-09-14T02:45:54.4078410Z  [32m✓[39m [30m[45m core [49m[39m packages/mcp-server/test/objects/object.show.spec.ts [2m([22m[2m14 tests[22m[2m)[22m[33m 3124[2mms[22m[39m
2026-09-14T02:45:54.4080316Z    [33m[2m✓[22m[39m object.show[2m > [22moutput validates for all known objects [33m 1828[2mms[22m[39m
2026-09-14T02:45:55.7314684Z  [32m✓[39m [30m[45m core [49m[39m packages/mcp-server/test/tools/artifact.certify.accuracy-fault.spec.ts [2m([22m[2m3 tests[22m[2m)[22m[33m 513[2mms[22m[39m
2026-09-14T02:45:55.7323004Z    [33m[2m✓[22m[39m artifact.certify — certified-path accuracy engine fault (s170 review LOW carry)[2m > [22man accuracy-engine throw degrades the pillar to 'ungradeable' with the offered-rules note; the verdict stays ok/certified and 'ungradeable' pulls conformant false (s175 m04, #781) [33m 394[2mms[22m[39m
2026-09-14T02:45:57.2832240Z  [32m✓[39m [30m[45m core [49m[39m packages/mcp-server/test/compose/form-field-differentiation.spec.ts [2m([22m[2m4 tests[22m[2m)[22m[33m 431[2mms[22m[39m
2026-09-14T02:46:22.9887119Z  [32m✓[39m [30m[45m core [49m[39m packages/mcp-server/test/codegen/list-craft.s198.spec.ts [2m([22m[2m23 tests[22m[2m)[22m[33m 24525[2mms[22m[39m
2026-09-14T02:46:22.9889513Z    [33m[2m✓[22m[39m s198 standalone list craft stays at the producer boundary[2m > [22mArticle has one working search, row and paginator, without duplicate action buttons [33m 303[2mms[22m[39m
2026-09-14T02:46:22.9892294Z    [33m[2m✓[22m[39m s198 standalone list craft stays at the producer boundary[2m > [22mreact compiles the string-status lists with strict public props [33m 8030[2mms[22m[39m
2026-09-14T02:46:22.9894779Z    [33m[2m✓[22m[39m s198 standalone list craft stays at the producer boundary[2m > [22mvue compiles the string-status lists with strict public props [33m 15355[2mms[22m[39m
2026-09-14T02:46:24.9329010Z [90mstderr[2m | tests/viz/adapters/spatial/vega-lite-spatial-adapter.test.ts
2026-09-14T02:46:24.9332522Z [22m[39munknown format "color-hex" ignored in schema at path "#/definitions/HexColor"
2026-09-14T02:46:24.9352830Z unknown format "color-hex" ignored in schema at path "#/definitions/HexColor"
2026-09-14T02:46:24.9382279Z 
2026-09-14T02:46:25.0420767Z  [32m✓[39m [30m[45m core [49m[39m tests/viz/adapters/spatial/vega-lite-spatial-adapter.test.ts [2m([22m[2m3 tests[22m[2m)[22m[32m 87[2mms[22m[39m
2026-09-14T02:46:25.6409429Z  [32m✓[39m [30m[45m core [49m[39m packages/mcp-server/test/contracts/fragment-api.contract.spec.ts [2m([22m[2m5 tests[22m[2m)[22m[32m 23[2mms[22m[39m
2026-09-14T02:46:27.8147961Z  [32m✓[39m [30m[45m core [49m[39m packages/mcp-server/test/product-reality/ported-mutation-matrix.s184.spec.ts [2m([22m[2m5 tests[22m[2m)[22m[33m 1077[2mms[22m[39m
2026-09-14T02:46:29.4858332Z  [32m✓[39m [30m[45m core [49m[39m packages/mcp-server/test/objects/trait-loader.spec.ts [2m([22m[2m17 tests[22m[2m)[22m[33m 1400[2mms[22m[39m
2026-09-14T02:46:30.2001798Z  [32m✓[39m [30m[45m core [49m[39m packages/mcp-server/test/product-reality/closeout.s194.spec.ts [2m([22m[2m6 tests[22m[2m)[22m[33m 315[2mms[22m[39m
2026-09-14T02:46:30.9440917Z  [32m✓[39m [30m[45m core [49m[39m packages/mcp-server/test/product-reality/closeout-paths.s196.spec.ts [2m([22m[2m4 tests[22m[2m)[22m[33m 417[2mms[22m[39m
2026-09-14T02:46:31.5172599Z  [32m✓[39m [30m[45m core [49m[39m packages/mcp-server/test/tools/repl.render.compact.spec.ts [2m([22m[2m8 tests[22m[2m)[22m[32m 24[2mms[22m[39m
2026-09-14T02:46:32.7857600Z  [32m✓[39m [30m[45m core [49m[39m packages/mcp-server/test/tools/artifact.certify.contrast-fault.spec.ts [2m([22m[2m3 tests[22m[2m)[22m[33m 458[2mms[22m[39m
2026-09-14T02:46:32.7862702Z    [33m[2m✓[22m[39m artifact.certify — contrast engine fault degrades, never errors[2m > [22mcartesian certified path: the catch degrades contrast to 'ungradeable' WITH a note naming the fault, and 'ungradeable' pulls conformant false; verdict stays ok/certified and AJV-valid [33m 400[2mms[22m[39m
2026-09-14T02:46:33.1029796Z  [32m✓[39m [30m[45m core [49m[39m tests/verification/compositor.contract.test.ts [2m([22m[2m4 tests[22m[2m)[22m[32m 15[2mms[22m[39m
2026-09-14T02:46:33.7862394Z  [32m✓[39m [30m[45m core [49m[39m tests/governance-gates/state-assessment-exit.test.ts [2m([22m[2m2 tests[22m[2m)[22m[33m 423[2mms[22m[39m
2026-09-14T02:46:34.3558376Z  [32m✓[39m [30m[45m core [49m[39m packages/mcp-server/test/product-reality/evidence-accounting.s185.spec.ts [2m([22m[2m10 tests[22m[2m)[22m[32m 291[2mms[22m[39m
2026-09-14T02:46:37.6589406Z  [31m❯[39m [30m[45m core [49m[39m packages/mcp-server/test/product-reality/disputed.s192.spec.ts [2m([22m[2m10 tests[22m[2m | [22m[31m1 failed[39m[2m)[22m[33m 1767[2mms[22m[39m
2026-09-14T02:46:37.6594266Z    [33m[2m✓[22m[39m retained declared trait recipes and Invoice writer ownership[2m > [22mplaces the declared detail recipe and emits both governed targets [33m 315[2mms[22m[39m
2026-09-14T02:46:37.6596823Z    [32m✓[39m retained declared trait recipes and Invoice writer ownership[2m > [22mplaces the declared list recipe and emits both governed targets[32m 37[2mms[22m[39m
2026-09-14T02:46:37.6603993Z [31m   [31m×[31m retained declared trait recipes and Invoice writer ownership[2m > [22mplaces the declared timeline recipe and emits both governed targets[39m[32m 36[2mms[22m[39m
2026-09-14T02:46:37.6606215Z [31m     → expected [] to have a length of 1 but got +0[39m
2026-09-14T02:46:37.6608739Z    [32m✓[39m retained declared trait recipes and Invoice writer ownership[2m > [22mInvoice form never assigns an edit handler to a display header[32m 66[2mms[22m[39m
2026-09-14T02:46:37.6611781Z    [33m[2m✓[22m[39m retained declared trait recipes and Invoice writer ownership[2m > [22mInvoice workflow never assigns an edit handler to a display header [33m 910[2mms[22m[39m
2026-09-14T02:46:37.6614949Z    [32m✓[39m retained declared trait recipes and Invoice writer ownership[2m > [22muses real Auditable and Sortable declarations without changing the canonical objects[32m 1[2mms[22m[39m
2026-09-14T02:46:37.6619055Z    [32m✓[39m retained declared trait recipes and Invoice writer ownership[2m > [22mrequires every declared Article workflow behavior without a three-object row-count assumption[32m 144[2mms[22m[39m
2026-09-14T02:46:37.6622573Z    [32m✓[39m retained declared trait recipes and Invoice writer ownership[2m > [22mrequires every declared Organization workflow behavior without a three-object row-count assumption[32m 133[2mms[22m[39m
2026-09-14T02:46:37.6625864Z    [32m✓[39m retained declared trait recipes and Invoice writer ownership[2m > [22mrequires every declared Subscription workflow behavior without a three-object row-count assumption[32m 117[2mms[22m[39m
2026-09-14T02:46:37.6629141Z    [32m✓[39m retained declared trait recipes and Invoice writer ownership[2m > [22mmaps HTML summary aggregation, sort state and compact InlineLabel parity[32m 6[2mms[22m[39m
2026-09-14T02:46:38.0189644Z  [32m✓[39m [30m[45m core [49m[39m tests/compositor/composeExtensions.test.ts [2m([22m[2m4 tests[22m[2m)[22m[32m 15[2mms[22m[39m
2026-09-14T02:46:39.0448487Z  [32m✓[39m [30m[45m core [49m[39m packages/mcp-server/test/compose/design-compose-actions.spec.ts [2m([22m[2m7 tests[22m[2m)[22m[33m 370[2mms[22m[39m
2026-09-14T02:46:39.0449835Z    [33m[2m✓[22m[39m design.compose — actionMappings input integration[2m > [22mempty or absent actionMappings is a no-op [33m 332[2mms[22m[39m
2026-09-14T02:46:39.4575323Z  [32m✓[39m [30m[45m core [49m[39m packages/mcp-server/test/contracts/brand.apply.cross-brand-delta.spec.ts [2m([22m[2m7 tests[22m[2m)[22m[32m 31[2mms[22m[39m
2026-09-14T02:46:39.9524724Z  [32m✓[39m [30m[45m core [49m[39m packages/mcp-server/test/contracts/structuredData.fetch.spec.ts [2m([22m[2m11 tests[22m[2m)[22m[32m 58[2mms[22m[39m
2026-09-14T02:46:41.7797197Z  [32m✓[39m [30m[45m core [49m[39m packages/mcp-server/test/product-reality/trait-recipes.s193.spec.ts [2m([22m[2m11 tests[22m[2m)[22m[33m 673[2mms[22m[39m
2026-09-14T02:46:47.1412505Z  [32m✓[39m [30m[45m core [49m[39m tests/tools/stage1-dtcg-cli-containment.test.ts [2m([22m[2m5 tests[22m[2m)[22m[33m 5069[2mms[22m[39m
2026-09-14T02:46:47.1414302Z    [33m[2m✓[22m[39m stage1-dtcg CLI --out containment (s169 m05)[2m > [22mthe ORIGINAL escape is rejected with exit 2 and writes nothing outside --out [33m 752[2mms[22m[39m
2026-09-14T02:46:47.1419675Z    [33m[2m✓[22m[39m stage1-dtcg CLI --out containment (s169 m05)[2m > [22mrejects every ESCAPING --name shape, not just the one that was reported [33m 2132[2mms[22m[39m
2026-09-14T02:46:47.1433774Z    [33m[2m✓[22m[39m stage1-dtcg CLI --out containment (s169 m05)[2m > [22ma LEADING SLASH is not an escape, and the guard correctly allows it [33m 745[2mms[22m[39m
2026-09-14T02:46:47.1435833Z    [33m[2m✓[22m[39m stage1-dtcg CLI --out containment (s169 m05)[2m > [22ma legitimate --name still writes all its files, in --out [33m 711[2mms[22m[39m
2026-09-14T02:46:47.1438063Z    [33m[2m✓[22m[39m stage1-dtcg CLI --out containment (s169 m05)[2m > [22ma --name that traverses but RESOLVES back inside --out is allowed [33m 724[2mms[22m[39m
2026-09-14T02:46:47.4088874Z  [32m✓[39m [30m[45m core [49m[39m packages/mcp-server/test/product-reality/state-evidence.s184.spec.ts [2m([22m[2m2 tests[22m[2m)[22m[32m 13[2mms[22m[39m
2026-09-14T02:46:48.5139749Z  [32m✓[39m [30m[45m core [49m[39m packages/mcp-server/test/product-reality/breadth-export-cells.s187.spec.ts [2m([22m[2m28 tests[22m[2m)[22m[32m 193[2mms[22m[39m
2026-09-14T02:46:48.8278676Z  [32m✓[39m [30m[45m core [49m[39m tests/domain/billing/state-set-convergence.spec.ts [2m([22m[2m7 tests[22m[2m)[22m[32m 26[2mms[22m[39m
2026-09-14T02:46:49.2524270Z  [32m✓[39m [30m[45m core [49m[39m tests/services/billing/event-ingestion.spec.ts [2m([22m[2m3 tests[22m[2m)[22m[32m 17[2mms[22m[39m
2026-09-14T02:46:49.6013954Z  [32m✓[39m [30m[45m core [49m[39m tests/tokens/palette-guardrails.s197.test.ts [2m([22m[2m13 tests[22m[2m)[22m[32m 22[2mms[22m[39m
2026-09-14T02:46:49.8755745Z  [32m✓[39m [30m[45m core [49m[39m tests/system-protocols/semantic-protocol.test.ts [2m([22m[2m3 tests[22m[2m)[22m[32m 9[2mms[22m[39m
2026-09-14T02:46:50.1790937Z  [32m✓[39m [30m[45m core [49m[39m tests/tokens/scoped-js-export.test.ts [2m([22m[2m18 tests[22m[2m)[22m[32m 22[2mms[22m[39m
2026-09-14T02:46:55.7287092Z  [32m✓[39m [30m[45m core [49m[39m packages/mcp-server/test/scale/map.apply.scale.spec.ts [2m([22m[2m5 tests[22m[2m)[22m[33m 5130[2mms[22m[39m
2026-09-14T02:46:55.7289538Z    [33m[2m✓[22m[39m map.apply at scale (dry-run)[2m > [22mtier=500: dry-run handler returns, diff totals match, registry unchanged [33m 1367[2mms[22m[39m
2026-09-14T02:46:55.7292019Z    [33m[2m✓[22m[39m map.apply at scale (dry-run)[2m > [22mtier=1000: dry-run handler returns, diff totals match, registry unchanged [33m 2908[2mms[22m[39m
2026-09-14T02:46:55.7294626Z    [33m[2m✓[22m[39m map.apply determinism across runs[2m > [22mtier=100: two consecutive dry-runs with the same seed produce identical diff summaries [33m 307[2mms[22m[39m
2026-09-14T02:46:56.1121645Z  [32m✓[39m [30m[45m core [49m[39m packages/mcp-server/test/product-reality/doc-bites.s196.spec.ts [2m([22m[2m3 tests[22m[2m)[22m[32m 110[2mms[22m[39m
2026-09-14T02:46:56.7398656Z  [32m✓[39m [30m[45m core [49m[39m packages/mcp-server/test/contracts/repl.e2e.integration.spec.ts [2m([22m[2m4 tests[22m[2m)[22m[32m 51[2mms[22m[39m
2026-09-14T02:46:57.3688663Z  [32m✓[39m [30m[45m core [49m[39m tests/viz/echarts-adapter.test.ts [2m([22m[2m8 tests[22m[2m)[22m[32m 11[2mms[22m[39m
2026-09-14T02:46:58.0260981Z  [32m✓[39m [30m[45m core [49m[39m tests/integration/universal-quintet-objects.integration.test.ts [2m([22m[2m6 tests[22m[2m)[22m[32m 290[2mms[22m[39m
2026-09-14T02:47:01.2339283Z  [32m✓[39m [30m[45m core [49m[39m packages/mcp-server/test/contracts/object.show.spec.ts [2m([22m[2m12 tests[22m[2m)[22m[33m 2814[2mms[22m[39m
2026-09-14T02:47:01.2341752Z    [33m[2m✓[22m[39m object.show contract[2m > [22moutput validates for every known object [33m 1861[2mms[22m[39m
2026-09-14T02:47:02.4449761Z  [32m✓[39m [30m[45m core [49m[39m packages/mcp-server/test/contracts/pragmatic-role-ia.spec.ts [2m([22m[2m4 tests[22m[2m)[22m[32m 117[2mms[22m[39m
2026-09-14T02:47:03.1654949Z  [32m✓[39m [30m[45m core [49m[39m tests/viz/a11y-equivalence.test.ts [2m([22m[2m12 tests[22m[2m)[22m[32m 16[2mms[22m[39m
2026-09-14T02:47:04.3590714Z  [32m✓[39m [30m[45m core [49m[39m packages/mcp-server/test/compose/landing-template.spec.ts [2m([22m[2m10 tests[22m[2m)[22m[33m 552[2mms[22m[39m
2026-09-14T02:47:04.9212165Z  [32m✓[39m [30m[45m core [49m[39m tests/tokens/canonical-guardrails.s198.test.ts [2m([22m[2m5 tests[22m[2m)[22m[32m 238[2mms[22m[39m
2026-09-14T02:47:05.1935542Z  [32m✓[39m [30m[45m core [49m[39m tests/contracts/public-api.contract.test.ts [2m([22m[2m3 tests[22m[2m)[22m[32m 18[2mms[22m[39m
2026-09-14T02:47:05.4571950Z  [32m✓[39m [30m[45m core [49m[39m packages/mcp-server/test/contracts/brand.apply.rfc6902-wording.spec.ts [2m([22m[2m2 tests[22m[2m)[22m[32m 17[2mms[22m[39m
2026-09-14T02:47:06.0834405Z  [32m✓[39m [30m[45m core [49m[39m tests/integration/communicable-composition.test.ts [2m([22m[2m3 tests[22m[2m)[22m[32m 184[2mms[22m[39m
2026-09-14T02:47:06.3715721Z  [32m✓[39m [30m[45m core [49m[39m tests/traits/communication/delivery-service.test.ts [2m([22m[2m4 tests[22m[2m)[22m[32m 22[2mms[22m[39m
2026-09-14T02:47:06.6304752Z  [32m✓[39m [30m[45m core [49m[39m tests/tokens/brand-css-no-tie.test.ts [2m([22m[2m6 tests[22m[2m)[22m[32m 8[2mms[22m[39m
2026-09-14T02:47:07.0450239Z  [32m✓[39m [30m[45m core [49m[39m tests/components/RenderObject.test.tsx [2m([22m[2m3 tests[22m[2m)[22m[32m 22[2mms[22m[39m
2026-09-14T02:47:08.5161211Z  [32m✓[39m [30m[45m core [49m[39m packages/mcp-server/test/contracts/schema-ref.workflow.spec.ts [2m([22m[2m4 tests[22m[2m)[22m[33m 329[2mms[22m[39m
2026-09-14T02:47:11.4204626Z  [32m✓[39m [30m[45m core [49m[39m packages/mcp-server/test/contracts/object.schema.contract.spec.ts [2m([22m[2m11 tests[22m[2m)[22m[33m 2471[2mms[22m[39m
2026-09-14T02:47:11.4211091Z    [33m[2m✓[22m[39m object schema contracts[2m > [22mobject.show[2m > [22moutput validates for every known object [33m 1856[2mms[22m[39m
2026-09-14T02:47:12.0647903Z  [32m✓[39m [30m[45m core [49m[39m tests/traits/viz/scale-temporal.test.ts [2m([22m[2m6 tests[22m[2m)[22m[32m 129[2mms[22m[39m
2026-09-14T02:47:16.8274946Z  [32m✓[39m [30m[45m core [49m[39m tests/integration/type-generation.test.ts [2m([22m[2m2 tests[22m[2m)[22m[33m 4138[2mms[22m[39m
2026-09-14T02:47:16.8280930Z    [33m[2m✓[22m[39m Object type generation integration[2m > [22mgenerates TypeScript definitions that are directly importable [33m 4105[2mms[22m[39m
2026-09-14T02:47:17.3171030Z  [32m✓[39m [30m[45m core [49m[39m packages/mcp-server/test/product-reality/closeout.s191.spec.ts [2m([22m[2m3 tests[22m[2m)[22m[32m 132[2mms[22m[39m
2026-09-14T02:47:18.1848429Z  [32m✓[39m [30m[45m core [49m[39m packages/mcp-server/test/objects/object-loader.spec.ts [2m([22m[2m14 tests[22m[2m)[22m[33m 601[2mms[22m[39m
2026-09-14T02:47:18.8158034Z  [32m✓[39m [30m[45m core [49m[39m tests/integration/object-registry.test.ts [2m([22m[2m3 tests[22m[2m)[22m[32m 284[2mms[22m[39m
2026-09-14T02:47:19.3525798Z  [32m✓[39m [30m[45m core [49m[39m tests/components/subscription.render-object.test.tsx [2m([22m[2m5 tests[22m[2m)[22m[32m 89[2mms[22m[39m
2026-09-14T02:47:20.3623013Z  [32m✓[39m [30m[45m core [49m[39m packages/mcp-server/test/contracts/object.list.spec.ts [2m([22m[2m13 tests[22m[2m)[22m[33m 615[2mms[22m[39m
2026-09-14T02:47:20.7344005Z  [32m✓[39m [30m[45m core [49m[39m tests/traits/classifiable/tag-governance.test.ts [2m([22m[2m3 tests[22m[2m)[22m[32m 25[2mms[22m[39m
2026-09-14T02:47:21.7932020Z  [32m✓[39m [30m[45m core [49m[39m packages/mcp-server/test/contracts/code.generate-parity.spec.ts [2m([22m[2m2 tests[22m[2m)[22m[32m 34[2mms[22m[39m
2026-09-14T02:47:22.2029637Z  [32m✓[39m [30m[45m core [49m[39m tests/traits/addressable/validation.test.ts [2m([22m[2m3 tests[22m[2m)[22m[32m 17[2mms[22m[39m
2026-09-14T02:47:22.5295714Z  [32m✓[39m [30m[45m core [49m[39m tests/governance-gates/enforce-report-floor.test.ts [2m([22m[2m6 tests[22m[2m)[22m[32m 67[2mms[22m[39m
2026-09-14T02:47:23.0962087Z  [32m✓[39m [30m[45m core [49m[39m packages/mcp-server/test/render/fragment-errors.spec.ts [2m([22m[2m5 tests[22m[2m)[22m[32m 20[2mms[22m[39m
2026-09-14T02:47:24.4206773Z  [32m✓[39m [30m[45m core [49m[39m packages/mcp-server/test/tools/certify-echarts-projected-render-s179.spec.ts [2m([22m[2m2 tests[22m[2m)[22m[32m 126[2mms[22m[39m
2026-09-14T02:47:25.7123827Z  [32m✓[39m [30m[45m core [49m[39m tests/verification/purity.contract.test.ts [2m([22m[2m4 tests[22m[2m)[22m[33m 837[2mms[22m[39m
2026-09-14T02:47:25.7129320Z    [33m[2m✓[22m[39m B3.3 — Purity Harness[2m > [22menforces the oods/no-hooks-in-modifiers ESLint rule for modifier modules [33m 818[2mms[22m[39m
2026-09-14T02:47:26.1767235Z  [32m✓[39m [30m[45m core [49m[39m packages/mcp-server/test/contracts/schema.list-delete.spec.ts [2m([22m[2m2 tests[22m[2m)[22m[32m 39[2mms[22m[39m
2026-09-14T02:47:26.5994651Z  [32m✓[39m [30m[45m core [49m[39m tests/viz/adapters/spatial/echarts-spatial-adapter.test.ts [2m([22m[2m3 tests[22m[2m)[22m[32m 95[2mms[22m[39m
2026-09-14T02:47:26.8595842Z  [32m✓[39m [30m[45m core [49m[39m tests/engine/contributions.registry.spec.ts [2m([22m[2m3 tests[22m[2m)[22m[32m 6[2mms[22m[39m
2026-09-14T02:47:27.5090608Z  [32m✓[39m [30m[45m core [49m[39m packages/mcp-server/test/tools/dashboard-contrast-alpha-s170.spec.ts [2m([22m[2m7 tests[22m[2m)[22m[32m 6[2mms[22m[39m
2026-09-14T02:47:28.1844058Z  [32m✓[39m [30m[45m core [49m[39m packages/mcp-server/test/product-reality/map-compose.s194.spec.ts [2m([22m[2m1 test[22m[2m)[22m[32m 245[2mms[22m[39m
2026-09-14T02:47:28.6520457Z  [32m✓[39m [30m[45m core [49m[39m tests/integration/communication-authable-integration.test.ts [2m([22m[2m1 test[22m[2m)[22m[32m 29[2mms[22m[39m
2026-09-14T02:47:30.1071135Z  [32m✓[39m [30m[45m core [49m[39m packages/mcp-server/test/e2e/a11y-pipeline.e2e.spec.ts [2m([22m[2m3 tests[22m[2m)[22m[33m 1194[2mms[22m[39m
2026-09-14T02:47:30.1073684Z    [33m[2m✓[22m[39m a11y pipeline e2e[2m > [22mvalidate with checkA11y=true returns a11y warnings through bridge [33m 873[2mms[22m[39m
2026-09-14T02:47:31.1269049Z  [32m✓[39m [30m[45m core [49m[39m packages/mcp-server/test/objects/object.list.spec.ts [2m([22m[2m10 tests[22m[2m)[22m[33m 628[2mms[22m[39m
2026-09-14T02:47:31.6849612Z  [32m✓[39m [30m[45m core [49m[39m packages/mcp-server/test/tools/repl.render.fragment.spec.ts [2m([22m[2m4 tests[22m[2m)[22m[32m 21[2mms[22m[39m
2026-09-14T02:47:32.7061711Z  [32m✓[39m [30m[45m core [49m[39m tests/compose/compose-semantic-guardrails.test.ts [2m([22m[2m5 tests[22m[2m)[22m[33m 429[2mms[22m[39m
2026-09-14T02:47:33.0971733Z  [32m✓[39m [30m[45m core [49m[39m tests/registry/composition-integration.test.ts [2m([22m[2m1 test[22m[2m)[22m[32m 34[2mms[22m[39m
2026-09-14T02:47:37.5387497Z  [32m✓[39m [30m[45m core [49m[39m tests/contracts/schema-types.contract.test.ts [2m([22m[2m3 tests[22m[2m)[22m[33m 3905[2mms[22m[39m
2026-09-14T02:47:37.5389336Z    [33m[2m✓[22m[39m Schema-derived types[2m > [22mcan be consumed from one barrel without ambiguous chart parameter type exports [33m 3898[2mms[22m[39m
2026-09-14T02:47:38.1113324Z  [32m✓[39m [30m[45m core [49m[39m tests/traits/addressable.test.ts [2m([22m[2m6 tests[22m[2m)[22m[32m 99[2mms[22m[39m
2026-09-14T02:47:38.4623592Z  [32m✓[39m [30m[45m core [49m[39m tests/traits/addressable/validation-lifecycle.test.ts [2m([22m[2m4 tests[22m[2m)[22m[32m 24[2mms[22m[39m
2026-09-14T02:47:39.3837218Z  [32m✓[39m [30m[45m core [49m[39m packages/mcp-server/test/contracts/dashboard.render.duplicate-panel-id.s181.spec.ts [2m([22m[2m3 tests[22m[2m)[22m[32m 36[2mms[22m[39m
2026-09-14T02:47:40.4893289Z  [32m✓[39m [30m[45m core [49m[39m packages/mcp-server/test/product-reality/screen-action-surface.s184.spec.ts [2m([22m[2m6 tests[22m[2m)[22m[32m 57[2mms[22m[39m
2026-09-14T02:47:41.1354143Z  [32m✓[39m [30m[45m core [49m[39m tests/viz/renderer-selector.test.ts [2m([22m[2m7 tests[22m[2m)[22m[32m 6[2mms[22m[39m
2026-09-14T02:47:42.6238460Z  [32m✓[39m [30m[45m core [49m[39m packages/mcp-server/test/product-reality/release-limit.s198.spec.ts [2m([22m[2m2 tests[22m[2m)[22m[33m 316[2mms[22m[39m
2026-09-14T02:47:42.6240942Z    [33m[2m✓[22m[39m s198 release is an envelope gate, with one disclosed execution limit[2m > [22maccepts hash-matched caller assertions without loading even an invalid report, through both public tools [33m 312[2mms[22m[39m
2026-09-14T02:47:44.0844889Z  [32m✓[39m [30m[45m core [49m[39m packages/mcp-server/test/product-reality/certify-missing-palette.s195.spec.ts [2m([22m[2m4 tests[22m[2m)[22m[33m 677[2mms[22m[39m
2026-09-14T02:47:44.0847103Z    [33m[2m✓[22m[39m missing categorical palette has no measured contrast claim (s195-m06)[2m > [22mnominal missing bake fails without borrowing the determinism render as contrast evidence [33m 506[2mms[22m[39m
2026-09-14T02:47:45.5529109Z  [32m✓[39m [30m[45m core [49m[39m tests/e2e/schema-ref-pipeline.test.ts [2m([22m[2m2 tests[22m[2m)[22m[33m 315[2mms[22m[39m
2026-09-14T02:47:47.5738533Z  [32m✓[39m [30m[45m core [49m[39m packages/mcp-server/test/e2e/tier1-acceptance.e2e.spec.ts [2m([22m[2m4 tests[22m[2m)[22m[33m 843[2mms[22m[39m
2026-09-14T02:47:47.5741487Z    [33m[2m✓[22m[39m Tier 1 acceptance — bounded framework compatibility[2m > [22mbuilds the unchanged Subscription detail react flow after its final family port [33m 658[2mms[22m[39m
2026-09-14T02:47:48.9032280Z  [32m✓[39m [30m[45m guardrails [49m[39m testing/a11y/status-provenance.spec.ts [2m([22m[2m10 tests[22m[2m)[22m[33m 968[2mms[22m[39m
2026-09-14T02:47:49.5712098Z  [32m✓[39m [30m[45m core [49m[39m tests/integration/classifiable-composition.test.ts [2m([22m[2m3 tests[22m[2m)[22m[32m 183[2mms[22m[39m
2026-09-14T02:47:49.8772616Z [90mstdout[2m | tests/tenancy/external.spec.ts[2m > [22m[2mExternal Adapter Tenancy[2m > [22m[2mIsolation[2m > [22m[2mshould route queries to dedicated databases
2026-09-14T02:47:49.8783785Z [22m[39m[ExternalAdapter] Tenant Alice Corp (tenant-alice) → alice.db.internal:5432/oods_alice
2026-09-14T02:47:49.8801968Z 
2026-09-14T02:47:49.8824162Z [90mstdout[2m | tests/tenancy/external.spec.ts[2m > [22m[2mExternal Adapter Tenancy[2m > [22m[2mIsolation[2m > [22m[2mshould route queries to dedicated databases
2026-09-14T02:47:49.8826223Z [22m[39m[ExternalAdapter] Query in oods_alice: SELECT * FROM subscriptions
2026-09-14T02:47:49.8827091Z 
2026-09-14T02:47:49.8828816Z [90mstdout[2m | tests/tenancy/external.spec.ts[2m > [22m[2mExternal Adapter Tenancy[2m > [22m[2mIsolation[2m > [22m[2mshould route queries to dedicated databases
2026-09-14T02:47:49.8831121Z [22m[39m[ExternalAdapter] Tenant Bob Industries (tenant-bob) → bob.db.internal:5432/oods_bob
2026-09-14T02:47:49.8832282Z 
2026-09-14T02:47:49.8834180Z [90mstdout[2m | tests/tenancy/external.spec.ts[2m > [22m[2mExternal Adapter Tenancy[2m > [22m[2mIsolation[2m > [22m[2mshould route queries to dedicated databases
2026-09-14T02:47:49.8836136Z [22m[39m[ExternalAdapter] Query in oods_bob: SELECT * FROM subscriptions
2026-09-14T02:47:49.8836922Z 
2026-09-14T02:47:49.8948616Z  [32m✓[39m [30m[45m core [49m[39m tests/tenancy/external.spec.ts [2m([22m[2m3 tests[22m[2m)[22m[32m 10[2mms[22m[39m
2026-09-14T02:47:50.1569785Z  [32m✓[39m [30m[45m core [49m[39m packages/mcp-server/test/product-reality/soak-observation.s195.spec.ts [2m([22m[2m13 tests[22m[2m)[22m[32m 7[2mms[22m[39m
2026-09-14T02:47:50.7873703Z  [32m✓[39m [30m[45m core [49m[39m tests/viz/resolver/network-flow-resolver.test.ts [2m([22m[2m6 tests[22m[2m)[22m[32m 7[2mms[22m[39m
2026-09-14T02:47:51.2813481Z  [32m✓[39m [30m[45m core [49m[39m tests/traits/preferenceable.test.ts [2m([22m[2m5 tests[22m[2m)[22m[32m 82[2mms[22m[39m
2026-09-14T02:47:51.7647062Z  [32m✓[39m [30m[45m core [49m[39m tests/traits/authable.test.ts [2m([22m[2m4 tests[22m[2m)[22m[32m 91[2mms[22m[39m
2026-09-14T02:47:52.3691238Z  [32m✓[39m [30m[45m core [49m[39m tests/validation/parameter-validator.test.ts [2m([22m[2m6 tests[22m[2m)[22m[32m 236[2mms[22m[39m
2026-09-14T02:47:52.6334552Z  [32m✓[39m [30m[45m core [49m[39m packages/mcp-server/test/contracts/artifact-certify-render-prose.s179.spec.ts [2m([22m[2m13 tests[22m[2m)[22m[32m 6[2mms[22m[39m
2026-09-14T02:47:53.7185141Z  [32m✓[39m [30m[45m core [49m[39m packages/mcp-server/test/product-reality/html-tailwind-gap.s185.spec.ts [2m([22m[2m9 tests[22m[2m)[22m[32m 55[2mms[22m[39m
2026-09-14T02:47:54.2446851Z  [32m✓[39m [30m[45m core [49m[39m packages/mcp-server/test/product-reality/closeout.s192.spec.ts [2m([22m[2m5 tests[22m[2m)[22m[32m 165[2mms[22m[39m
2026-09-14T02:47:54.9187984Z  [32m✓[39m [30m[45m core [49m[39m packages/mcp-server/test/tools/certify-contrast.echarts-caveat-pin.spec.ts [2m([22m[2m2 tests[22m[2m)[22m[32m 16[2mms[22m[39m
2026-09-14T02:47:55.1834186Z  [32m✓[39m [30m[45m core [49m[39m tests/database/authz-migrations.test.ts [2m([22m[2m6 tests[22m[2m)[22m[32m 6[2mms[22m[39m
2026-09-14T02:47:56.2220752Z  [32m✓[39m [30m[45m core [49m[39m packages/mcp-server/test/codegen/prop-enrichment.spec.ts [2m([22m[2m4 tests[22m[2m)[22m[33m 406[2mms[22m[39m
2026-09-14T02:47:56.6130666Z  [32m✓[39m [30m[45m core [49m[39m tests/integration/communication-preferenceable-integration.test.ts [2m([22m[2m1 test[22m[2m)[22m[32m 28[2mms[22m[39m
2026-09-14T02:47:56.8861618Z  [32m✓[39m [30m[45m core [49m[39m tests/compositor/withStatusBadge.modifier.test.ts [2m([22m[2m6 tests[22m[2m)[22m[32m 7[2mms[22m[39m
2026-09-14T02:47:57.2362436Z  [32m✓[39m [30m[45m core [49m[39m tests/traits/preferenceable/cache.test.ts [2m([22m[2m4 tests[22m[2m)[22m[32m 30[2mms[22m[39m
2026-09-14T02:47:57.5929214Z  [32m✓[39m [30m[45m core [49m[39m tests/traits/authz/entitlement.test.ts [2m([22m[2m4 tests[22m[2m)[22m[32m 30[2mms[22m[39m
2026-09-14T02:47:58.0550066Z  [32m✓[39m [30m[45m core [49m[39m tests/governance-gates/build-stories-ratchet.test.ts [2m([22m[2m4 tests[22m[2m)[22m[32m 205[2mms[22m[39m
2026-09-14T02:47:58.6818415Z  [32m✓[39m [30m[45m core [49m[39m tests/viz/patterns/pattern-library-v2.test.ts [2m([22m[2m6 tests[22m[2m)[22m[32m 6[2mms[22m[39m
2026-09-14T02:47:59.0890846Z  [32m✓[39m [30m[45m core [49m[39m tests/validation/formatter.test.ts [2m([22m[2m5 tests[22m[2m)[22m[32m 62[2mms[22m[39m
2026-09-14T02:48:00.2670916Z  [32m✓[39m [30m[45m core [49m[39m tests/tokens/palette-viz.s197.test.ts [2m([22m[2m3 tests[22m[2m)[22m[33m 506[2mms[22m[39m
2026-09-14T02:48:01.1963433Z  [32m✓[39m [30m[45m core [49m[39m packages/mcp-server/test/compose/slot-vocabulary-unification.spec.ts [2m([22m[2m2 tests[22m[2m)[22m[33m 322[2mms[22m[39m
2026-09-14T02:48:02.7235560Z  [32m✓[39m [30m[45m core [49m[39m packages/mcp-server/test/product-reality/static-server-teardown.s195.spec.ts [2m([22m[2m3 tests[22m[2m)[22m[32m 36[2mms[22m[39m
2026-09-14T02:48:04.5754575Z  [32m✓[39m [30m[45m core [49m[39m packages/mcp-server/test/product-reality/viz-certification.s195.spec.ts [2m([22m[2m4 tests[22m[2m)[22m[33m 690[2mms[22m[39m
2026-09-14T02:48:04.5758420Z    [33m[2m✓[22m[39m the declared ECharts certification profile changes verdicts without repainting charts (s195 m04)[2m > [22mputs the real negative-size and negative-strength guards inside the executable census [33m 676[2mms[22m[39m
2026-09-14T02:48:04.9460499Z  [32m✓[39m [30m[45m core [49m[39m tests/traits/preferenceable/performance.test.ts [2m([22m[2m4 tests[22m[2m)[22m[32m 26[2mms[22m[39m
2026-09-14T02:48:05.4908159Z  [32m✓[39m [30m[45m core [49m[39m tests/integration/failure-scenarios.integration.test.ts [2m([22m[2m4 tests[22m[2m)[22m[32m 120[2mms[22m[39m
2026-09-14T02:48:05.9132744Z  [32m✓[39m [30m[45m core [49m[39m tests/components/RenderObject.edge-cases.test.tsx [2m([22m[2m4 tests[22m[2m)[22m[32m 21[2mms[22m[39m
2026-09-14T02:48:06.4708864Z [90mstdout[2m | tests/governance-gates/a11y-guardrail-dataset.s198.test.ts[2m > [22m[2mthe accessibility reader honors the typed palette dataset[2m > [22m[2mkeeps all six relative-color obligations while palette rows retain their separate gate ownership
2026-09-14T02:48:06.4724121Z [22m[39m[a11y] 61 palette rows are owned by tokens-validate (scripts/tokens/color-guardrails.ts); evaluating 6 relative-color rows here.
2026-09-14T02:48:06.4725429Z 
2026-09-14T02:48:06.5270530Z  [32m✓[39m [30m[45m core [49m[39m tests/governance-gates/a11y-guardrail-dataset.s198.test.ts [2m([22m[2m12 tests[22m[2m)[22m[32m 25[2mms[22m[39m
2026-09-14T02:48:06.8251568Z  [32m✓[39m [30m[45m core [49m[39m tests/verification/runtime-placement-ci.s195.test.ts [2m([22m[2m3 tests[22m[2m)[22m[32m 5[2mms[22m[39m
2026-09-14T02:48:07.7696165Z  [32m✓[39m [30m[45m core [49m[39m packages/mcp-server/test/product-reality/schema.s194.spec.ts [2m([22m[2m1 test[22m[2m)[22m[33m 366[2mms[22m[39m
2026-09-14T02:48:07.7703496Z    [33m[2m✓[22m[39m schema round-trips actual composed schemas, versions, metadata and deletion through the grouped wire [33m 365[2mms[22m[39m
2026-09-14T02:48:08.5080603Z  [32m✓[39m [30m[45m core [49m[39m tests/tokens/palette-dark.s197.test.ts [2m([22m[2m3 tests[22m[2m)[22m[33m 418[2mms[22m[39m
2026-09-14T02:48:10.2406776Z  [32m✓[39m [30m[45m core [49m[39m packages/mcp-server/test/e2e/design-compose.e2e.spec.ts [2m([22m[2m3 tests[22m[2m)[22m[33m 1446[2mms[22m[39m
2026-09-14T02:48:10.2408265Z    [33m[2m✓[22m[39m design.compose bridge E2E[2m > [22mcompose via bridge produces valid schema with selections [33m 1012[2mms[22m[39m
2026-09-14T02:48:10.5060297Z  [32m✓[39m [30m[45m core [49m[39m packages/mcp-server/test/compose/viz-auto-binding.spec.ts [2m([22m[2m5 tests[22m[2m)[22m[32m 6[2mms[22m[39m
2026-09-14T02:48:10.9249744Z  [32m✓[39m [30m[45m core [49m[39m packages/mcp-server/test/contracts/schema.load.spec.ts [2m([22m[2m3 tests[22m[2m)[22m[32m 19[2mms[22m[39m
2026-09-14T02:48:11.2330000Z  [32m✓[39m [30m[45m core [49m[39m packages/mcp-server/test/product-reality/trait-recipes-proof.s193.spec.ts [2m([22m[2m3 tests[22m[2m)[22m[32m 45[2mms[22m[39m
2026-09-14T02:48:12.2615934Z  [32m✓[39m [30m[45m core [49m[39m packages/mcp-server/test/product-reality/breadth-export-cells.s185.spec.ts [2m([22m[2m10 tests[22m[2m)[22m[32m 118[2mms[22m[39m
2026-09-14T02:48:12.6415289Z  [32m✓[39m [30m[45m core [49m[39m tests/traits/addressable/international-formatting.test.ts [2m([22m[2m5 tests[22m[2m)[22m[32m 27[2mms[22m[39m
2026-09-14T02:48:13.2661136Z  [32m✓[39m [30m[45m core [49m[39m tests/tokens/palette-light.s197.test.ts [2m([22m[2m4 tests[22m[2m)[22m[33m 354[2mms[22m[39m
2026-09-14T02:48:13.2663554Z    [33m[2m✓[22m[39m m02 browser and attribution receipts do not claim an unrun golden migration[2m > [22midentifies changed token paints by file and keeps all golden hashes unchanged until m05 [33m 326[2mms[22m[39m
2026-09-14T02:48:13.9308082Z  [32m✓[39m [30m[45m core [49m[39m tests/viz/normalized-viz-spec.test.ts [2m([22m[2m6 tests[22m[2m)[22m[32m 19[2mms[22m[39m
2026-09-14T02:48:30.3140766Z  [32m✓[39m [30m[45m core [49m[39m packages/mcp-server/test/product-reality/theme.s191.spec.ts [2m([22m[2m3 tests[22m[2m)[22m[33m 15215[2mms[22m[39m
2026-09-14T02:48:30.3143527Z    [33m[2m✓[22m[39m generated applications own their token scope (s191)[2m > [22mreact shell, mount, styles and embedded chart share dark/B [33m 6083[2mms[22m[39m
2026-09-14T02:48:30.3146044Z    [33m[2m✓[22m[39m generated applications own their token scope (s191)[2m > [22mvue shell, mount, styles and embedded chart share dark/B [33m 9115[2mms[22m[39m
2026-09-14T02:48:30.7728426Z  [32m✓[39m [30m[45m core [49m[39m tests/governance-gates/import-side-effect-guard.test.ts [2m([22m[2m3 tests[22m[2m)[22m[32m 172[2mms[22m[39m
2026-09-14T02:48:33.0371997Z  [32m✓[39m [30m[45m core [49m[39m tests/contracts/tokens-governance-entry-guard.spec.ts [2m([22m[2m2 tests[22m[2m)[22m[33m 2009[2mms[22m[39m
2026-09-14T02:48:33.0383787Z    [33m[2m✓[22m[39m tokens-governance entry guard (s176 m04 realpath fold, #1250)[2m > [22mdirect invocation runs main(): the usage surface prints and the exit code is 1 [33m 847[2mms[22m[39m
2026-09-14T02:48:33.0386848Z    [33m[2m✓[22m[39m tokens-governance entry guard (s176 m04 realpath fold, #1250)[2m > [22mSYMLINKED invocation runs main() too — the pre-s176 guard silently no-opped here — and its usage surface is byte-identical to the direct one [33m 1160[2mms[22m[39m
2026-09-14T02:48:33.3771955Z  [32m✓[39m [30m[45m core [49m[39m tests/traits/preferenceable/notification-routing.test.ts [2m([22m[2m4 tests[22m[2m)[22m[32m 9[2mms[22m[39m
2026-09-14T02:48:33.7044634Z  [32m✓[39m [30m[45m core [49m[39m tests/tokens/categorical-overlays.s195.test.ts [2m([22m[2m11 tests[22m[2m)[22m[32m 32[2mms[22m[39m
2026-09-14T02:48:34.0480065Z  [32m✓[39m [30m[45m core [49m[39m packages/mcp-server/test/product-reality/viz-recipes-proof.s193.spec.ts [2m([22m[2m3 tests[22m[2m)[22m[32m 72[2mms[22m[39m
2026-09-14T02:48:34.4647918Z  [32m✓[39m [30m[45m core [49m[39m tests/viz/adapters/spatial/echarts-visual-regression.test.ts [2m([22m[2m2 tests[22m[2m)[22m[32m 99[2mms[22m[39m
2026-09-14T02:48:34.8814070Z  [32m✓[39m [30m[45m core [49m[39m tests/verification/contexts.contract.test.tsx [2m([22m[2m16 tests[22m[2m)[22m[32m 25[2mms[22m[39m
2026-09-14T02:48:35.2868832Z  [32m✓[39m [30m[45m core [49m[39m packages/mcp-server/test/contracts/schema.save.spec.ts [2m([22m[2m3 tests[22m[2m)[22m[32m 17[2mms[22m[39m
2026-09-14T02:48:36.9909724Z  [32m✓[39m [30m[45m core [49m[39m packages/mcp-server/test/tools/pipeline.compact.spec.ts [2m([22m[2m6 tests[22m[2m)[22m[33m 496[2mms[22m[39m
2026-09-14T02:48:37.3140373Z  [32m✓[39m [30m[45m core [49m[39m tests/parsers/ts-parser.test.ts [2m([22m[2m7 tests[22m[2m)[22m[32m 7[2mms[22m[39m
2026-09-14T02:48:38.8583979Z  [32m✓[39m [30m[45m core [49m[39m packages/mcp-server/test/contracts/layout-single-source.spec.ts [2m([22m[2m5 tests[22m[2m)[22m[33m 311[2mms[22m[39m
2026-09-14T02:48:38.8590337Z    [33m[2m✓[22m[39m layout single-source (s107-m02)[2m > [22mpipeline(layout="landing") routes to the landing template, matching design.compose [33m 305[2mms[22m[39m
2026-09-14T02:48:39.1383474Z  [32m✓[39m [30m[45m core [49m[39m tests/view/extensions.test.ts [2m([22m[2m6 tests[22m[2m)[22m[32m 7[2mms[22m[39m
2026-09-14T02:48:39.6281141Z  [32m✓[39m [30m[45m core [49m[39m tests/components/user.render-object.test.tsx [2m([22m[2m2 tests[22m[2m)[22m[32m 45[2mms[22m[39m
2026-09-14T02:48:40.2819407Z  [32m✓[39m [30m[45m core [49m[39m tests/viz/adapters/echarts/treemap-adapter.test.ts [2m([22m[2m2 tests[22m[2m)[22m[32m 7[2mms[22m[39m
2026-09-14T02:48:40.6709860Z  [32m✓[39m [30m[45m core [49m[39m tests/generators/object-type-generator.test.ts [2m([22m[2m2 tests[22m[2m)[22m[32m 32[2mms[22m[39m
2026-09-14T02:48:41.3686803Z  [32m✓[39m [30m[45m core [49m[39m tests/viz/adapters/spatial/vega-lite-visual-regression.test.ts [2m([22m[2m2 tests[22m[2m)[22m[32m 104[2mms[22m[39m
2026-09-14T02:48:41.6741126Z  [32m✓[39m [30m[45m core [49m[39m tests/traits/authz/sod-policy.test.ts [2m([22m[2m5 tests[22m[2m)[22m[32m 15[2mms[22m[39m
2026-09-14T02:48:41.9556504Z  [32m✓[39m [30m[45m core [49m[39m tests/traits/authz/sod-validator.test.ts [2m([22m[2m5 tests[22m[2m)[22m[32m 14[2mms[22m[39m
2026-09-14T02:48:42.6100245Z  [32m✓[39m [30m[45m core [49m[39m tests/integration/authable-composition.test.ts [2m([22m[2m4 tests[22m[2m)[22m[32m 174[2mms[22m[39m
2026-09-14T02:48:42.8743080Z  [32m✓[39m [30m[45m core [49m[39m packages/mcp-server/test/tools/cvd-machado.spec.ts [2m([22m[2m8 tests[22m[2m)[22m[32m 5[2mms[22m[39m
2026-09-14T02:48:53.8057153Z  [32m✓[39m [30m[45m core [49m[39m packages/mcp-server/test/product-reality/runtime-bite-selector.s196.spec.ts [2m([22m[2m1 test[22m[2m)[22m[33m 9012[2mms[22m[39m
2026-09-14T02:48:53.8063511Z    [33m[2m✓[22m[39m the emitter bite executes its retained-report assertion[2m > [22mselects one real test that accepts current evidence and rejects a missing mount [33m 9010[2mms[22m[39m
2026-09-14T02:48:54.3112701Z  [32m✓[39m [30m[45m core [49m[39m tests/tokens/palette-integration.s197.test.ts [2m([22m[2m2 tests[22m[2m)[22m[32m 223[2mms[22m[39m
2026-09-14T02:48:54.8640439Z  [32m✓[39m [30m[45m core [49m[39m tests/traits/communication/communication-trait.test.ts [2m([22m[2m3 tests[22m[2m)[22m[32m 42[2mms[22m[39m
2026-09-14T02:48:55.4727593Z  [32m✓[39m [30m[45m core [49m[39m tests/integration/preferenceable-composition.test.ts [2m([22m[2m2 tests[22m[2m)[22m[32m 159[2mms[22m[39m
2026-09-14T02:48:55.8778815Z  [32m✓[39m [30m[45m core [49m[39m packages/mcp-server/test/contracts/preview.compaction.spec.ts [2m([22m[2m3 tests[22m[2m)[22m[32m 20[2mms[22m[39m
2026-09-14T02:48:56.2210309Z  [32m✓[39m [30m[45m core [49m[39m tests/schemas/authz.test.ts [2m([22m[2m8 tests[22m[2m)[22m[32m 26[2mms[22m[39m
2026-09-14T02:48:56.8566002Z  [32m✓[39m [30m[45m core [49m[39m tests/viz/integration/renderer-selection-spatial.test.ts [2m([22m[2m5 tests[22m[2m)[22m[32m 8[2mms[22m[39m
2026-09-14T02:48:57.1374886Z  [32m✓[39m [30m[45m core [49m[39m tests/viz/adapters/echarts/hierarchy-utils.test.ts [2m([22m[2m3 tests[22m[2m)[22m[32m 20[2mms[22m[39m
2026-09-14T02:48:57.4605302Z  [32m✓[39m [30m[45m core [49m[39m tests/schemas/classification.test.ts [2m([22m[2m5 tests[22m[2m)[22m[32m 11[2mms[22m[39m
2026-09-14T02:48:57.9405874Z  [32m✓[39m [30m[45m core [49m[39m tests/traits/Statusable.test.ts [2m([22m[2m6 tests[22m[2m)[22m[32m 162[2mms[22m[39m
2026-09-14T02:48:58.8350897Z  [32m✓[39m [30m[45m core [49m[39m tests/lint/no-account-unsafe-metadata.spec.ts [2m([22m[2m4 tests[22m[2m)[22m[33m 446[2mms[22m[39m
2026-09-14T02:48:58.8373615Z    [33m[2m✓[22m[39m no-account-unsafe-metadata[2m > [22mflags direct metadata writes with no validation [33m 412[2mms[22m[39m
2026-09-14T02:48:59.1671684Z  [32m✓[39m [30m[45m core [49m[39m tests/governance-gates/triage-resolve-base-ref.test.ts [2m([22m[2m3 tests[22m[2m)[22m[32m 62[2mms[22m[39m
2026-09-14T02:49:01.3750337Z  [32m✓[39m [30m[45m core [49m[39m packages/mcp-server/test/tools/echarts-render-worker.startup.spec.ts [2m([22m[2m1 test[22m[2m)[22m[33m 1955[2mms[22m[39m
2026-09-14T02:49:01.3753379Z    [33m[2m✓[22m[39m MCP startup ECharts render boundary[2m > [22mregisters the server without importing ECharts or evaluating the render worker [33m 1953[2mms[22m[39m
2026-09-14T02:49:01.6431531Z  [32m✓[39m [30m[45m core [49m[39m tests/viz/integration/spatial-crossfilter.test.ts [2m([22m[2m5 tests[22m[2m)[22m[32m 7[2mms[22m[39m
2026-09-14T02:49:02.1373976Z  [32m✓[39m [30m[45m core [49m[39m packages/mcp-server/test/contracts/layout-align.spec.ts [2m([22m[2m8 tests[22m[2m)[22m[32m 28[2mms[22m[39m
2026-09-14T02:49:02.4133928Z  [32m✓[39m [30m[45m core [49m[39m packages/mcp-server/test/product-reality/ported-freeze.s184.spec.ts [2m([22m[2m2 tests[22m[2m)[22m[32m 12[2mms[22m[39m
2026-09-14T02:49:02.6623561Z  [32m✓[39m [30m[45m core [49m[39m tests/view/compositor/modifierPurity.test.ts [2m([22m[2m5 tests[22m[2m)[22m[32m 6[2mms[22m[39m
2026-09-14T02:49:04.0217216Z  [32m✓[39m [30m[45m core [49m[39m packages/mcp-server/test/tools/artifact.certify.echarts-option-stability.s179.spec.ts [2m([22m[2m2 tests[22m[2m)[22m[33m 622[2mms[22m[39m
2026-09-14T02:49:04.0220064Z    [33m[2m✓[22m[39m artifact.certify — option stability remains load-bearing (s179 m05)[2m > [22mfails the combined proof when emissions differ even though both renders agree [33m 594[2mms[22m[39m
2026-09-14T02:49:04.4335489Z  [32m✓[39m [30m[45m core [49m[39m packages/mcp-server/test/tools/design.preview.spec.ts [2m([22m[2m5 tests[22m[2m)[22m[32m 79[2mms[22m[39m
2026-09-14T02:49:04.8327252Z  [32m✓[39m [30m[45m core [49m[39m tests/traits/preferenceable/read-repair.test.ts [2m([22m[2m3 tests[22m[2m)[22m[32m 27[2mms[22m[39m
2026-09-14T02:49:05.1008483Z  [32m✓[39m [30m[45m core [49m[39m tests/verification/standing-rules.contract.test.ts [2m([22m[2m4 tests[22m[2m)[22m[32m 7[2mms[22m[39m
2026-09-14T02:49:05.4414654Z  [32m✓[39m [30m[45m core [49m[39m tests/schemas/preferences.test.ts [2m([22m[2m4 tests[22m[2m)[22m[32m 20[2mms[22m[39m
2026-09-14T02:49:05.7996823Z  [32m✓[39m [30m[45m core [49m[39m tests/schemas/viz/transform-outputs.test.ts [2m([22m[2m4 tests[22m[2m)[22m[32m 61[2mms[22m[39m
2026-09-14T02:49:06.1258267Z  [32m✓[39m [30m[45m core [49m[39m tests/schemas/address.test.ts [2m([22m[2m4 tests[22m[2m)[22m[32m 12[2mms[22m[39m
2026-09-14T02:49:06.5152069Z  [32m✓[39m [30m[45m core [49m[39m tests/schemas/viz/hierarchy-input.test.ts [2m([22m[2m5 tests[22m[2m)[22m[32m 27[2mms[22m[39m
2026-09-14T02:49:07.2147666Z  [32m✓[39m [30m[45m core [49m[39m tests/integration/universal-quintet.integration.test.ts [2m([22m[2m5 tests[22m[2m)[22m[33m 304[2mms[22m[39m
2026-09-14T02:49:09.7591681Z  [32m✓[39m [30m[45m core [49m[39m packages/mcp-server/test/product-reality/field-labels.s188.spec.ts [2m([22m[2m3 tests[22m[2m)[22m[33m 1978[2mms[22m[39m
2026-09-14T02:49:09.7593808Z    [33m[2m✓[22m[39m Sprint 188 meaningful field labels[2m > [22mkeeps all 66 public compositions free of anonymous Field N labels [33m 1974[2mms[22m[39m
2026-09-14T02:49:10.1734151Z  [32m✓[39m [30m[45m core [49m[39m tests/validation/cli.test.ts [2m([22m[2m4 tests[22m[2m)[22m[32m 12[2mms[22m[39m
2026-09-14T02:49:10.5462652Z  [32m✓[39m [30m[45m core [49m[39m tests/traits/communication/throttling-enforcer.test.ts [2m([22m[2m3 tests[22m[2m)[22m[32m 23[2mms[22m[39m
2026-09-14T02:49:11.6771689Z  [32m✓[39m [30m[45m core [49m[39m tests/tokens/palette-baseline.s197.test.ts [2m([22m[2m4 tests[22m[2m)[22m[33m 872[2mms[22m[39m
2026-09-14T02:49:11.6773752Z    [33m[2m✓[22m[39m before-palette evidence is bound to the immutable base[2m > [22mrecomputes every tracked identity, snapshot entry, hash pin and literal from Git blobs [33m 780[2mms[22m[39m
2026-09-14T02:49:11.9901801Z  [32m✓[39m [30m[45m core [49m[39m tests/database/authz-seeds.test.ts [2m([22m[2m3 tests[22m[2m)[22m[32m 6[2mms[22m[39m
2026-09-14T02:49:12.7761764Z  [32m✓[39m [30m[45m core [49m[39m tests/traits/preferenceable/schema-registry.test.ts [2m([22m[2m5 tests[22m[2m)[22m[33m 315[2mms[22m[39m
2026-09-14T02:49:13.0729709Z  [32m✓[39m [30m[45m core [49m[39m tests/tokens/transform.test.ts [2m([22m[2m3 tests[22m[2m)[22m[32m 20[2mms[22m[39m
2026-09-14T02:49:13.5181766Z  [32m✓[39m [30m[45m core [49m[39m tests/registry/payment-chart.s190.test.ts [2m([22m[2m2 tests[22m[2m)[22m[32m 122[2mms[22m[39m
2026-09-14T02:49:13.7782956Z  [32m✓[39m [30m[45m core [49m[39m tests/mcp/bridge-policy-and-tool-names.test.ts [2m([22m[2m3 tests[22m[2m)[22m[32m 6[2mms[22m[39m
2026-09-14T02:49:14.2967969Z  [32m✓[39m [30m[45m core [49m[39m tests/integration/addressable-composition.test.ts [2m([22m[2m2 tests[22m[2m)[22m[32m 167[2mms[22m[39m
2026-09-14T02:49:14.5907511Z  [32m✓[39m [30m[45m core [49m[39m tests/traits/communication/sla-monitor.test.ts [2m([22m[2m2 tests[22m[2m)[22m[32m 20[2mms[22m[39m
2026-09-14T02:49:15.0253141Z  [32m✓[39m [30m[45m core [49m[39m tests/traits/Stateful.test.ts [2m([22m[2m4 tests[22m[2m)[22m[32m 117[2mms[22m[39m
2026-09-14T02:49:15.2850762Z  [32m✓[39m [30m[45m core [49m[39m tests/traits/communication/channel-resolver.test.ts [2m([22m[2m3 tests[22m[2m)[22m[32m 4[2mms[22m[39m
2026-09-14T02:49:15.9338013Z  [32m✓[39m [30m[45m core [49m[39m tests/viz/patterns/suggest-chart.test.ts [2m([22m[2m4 tests[22m[2m)[22m[32m 7[2mms[22m[39m
2026-09-14T02:49:16.3920267Z  [32m✓[39m [30m[45m core [49m[39m tests/traits/Auditable.test.ts [2m([22m[2m5 tests[22m[2m)[22m[32m 131[2mms[22m[39m
2026-09-14T02:49:17.0700018Z  [32m✓[39m [30m[45m core [49m[39m tests/viz/adapters/echarts/sunburst-adapter.test.ts [2m([22m[2m2 tests[22m[2m)[22m[32m 6[2mms[22m[39m
2026-09-14T02:49:17.4211612Z  [32m✓[39m [30m[45m core [49m[39m tests/traits/preferenceable/dual-write-migration.test.ts [2m([22m[2m2 tests[22m[2m)[22m[32m 9[2mms[22m[39m
2026-09-14T02:49:17.8146681Z  [32m✓[39m [30m[45m core [49m[39m packages/mcp-server/test/product-reality/browser-receipt-audit.s189.spec.ts [2m([22m[2m6 tests[22m[2m)[22m[32m 101[2mms[22m[39m
2026-09-14T02:49:18.4726338Z  [32m✓[39m [30m[45m core [49m[39m tests/viz/adapters/layout-adapter.test.ts [2m([22m[2m2 tests[22m[2m)[22m[32m 12[2mms[22m[39m
2026-09-14T02:49:18.9534536Z  [32m✓[39m [30m[45m core [49m[39m packages/mcp-server/test/product-reality/structured-data.s194.spec.ts [2m([22m[2m3 tests[22m[2m)[22m[32m 59[2mms[22m[39m
2026-09-14T02:49:19.3146810Z  [32m✓[39m [30m[45m core [49m[39m tests/traits/addressable/multi-role.test.ts [2m([22m[2m2 tests[22m[2m)[22m[32m 25[2mms[22m[39m
2026-09-14T02:49:20.5765449Z  [32m✓[39m [30m[45m core [49m[39m packages/mcp-server/test/product-reality/billing-views-export-cells.s188.spec.ts [2m([22m[2m10 tests[22m[2m)[22m[32m 63[2mms[22m[39m
2026-09-14T02:49:21.7427652Z  [32m✓[39m [30m[45m core [49m[39m tests/components/dashboard-context.integration.test.tsx [2m([22m[2m5 tests[22m[2m)[22m[32m 129[2mms[22m[39m
2026-09-14T02:49:22.2392938Z  [32m✓[39m [30m[45m core [49m[39m tests/traits/communication/schema-validator.test.ts [2m([22m[2m4 tests[22m[2m)[22m[32m 37[2mms[22m[39m
2026-09-14T02:49:22.5106003Z  [32m✓[39m [30m[45m core [49m[39m packages/mcp-server/test/product-reality/advertised-movers.s184.spec.ts [2m([22m[2m1 test[22m[2m)[22m[32m 11[2mms[22m[39m
2026-09-14T02:49:23.7600207Z  [32m✓[39m [30m[45m core [49m[39m packages/mcp-server/test/product-reality/billing-export-cells.s188.spec.ts [2m([22m[2m6 tests[22m[2m)[22m[32m 53[2mms[22m[39m
2026-09-14T02:49:24.0793504Z  [32m✓[39m [30m[45m core [49m[39m tests/tokens/viz-scales.test.ts [2m([22m[2m2 tests[22m[2m)[22m[32m 26[2mms[22m[39m
2026-09-14T02:49:24.5063056Z  [32m✓[39m [30m[45m core [49m[39m tests/schemas/authz-registry.test.ts [2m([22m[2m5 tests[22m[2m)[22m[32m 47[2mms[22m[39m
2026-09-14T02:49:24.7638698Z  [32m✓[39m [30m[45m core [49m[39m packages/mcp-server/test/contracts/dsl-version.spec.ts [2m([22m[2m8 tests[22m[2m)[22m[32m 5[2mms[22m[39m
2026-09-14T02:49:27.7443720Z  [32m✓[39m [30m[45m core [49m[39m packages/mcp-server/test/product-reality/list-states.s193.spec.ts [2m([22m[2m19 tests[22m[2m)[22m[33m 1009[2mms[22m[39m
2026-09-14T02:49:27.7464796Z    [33m[2m✓[22m[39m public single-screen list state contract[2m > [22mOrganization detail displays tags without an inert editing field [33m 325[2mms[22m[39m
2026-09-14T02:49:28.7676538Z  [32m✓[39m [30m[45m core [49m[39m packages/mcp-server/test/contracts/temporal-docs.s196.spec.ts [2m([22m[2m2 tests[22m[2m)[22m[32m 178[2mms[22m[39m
2026-09-14T02:49:29.0456627Z  [32m✓[39m [30m[45m guardrails [49m[39m testing/a11y/axe.spec.ts [2m([22m[2m4 tests[22m[2m)[22m[32m 6[2mms[22m[39m
2026-09-14T02:49:29.4155597Z  [32m✓[39m [30m[45m core [49m[39m tests/schemas/viz/network-input.test.ts [2m([22m[2m4 tests[22m[2m)[22m[32m 24[2mms[22m[39m
2026-09-14T02:49:30.2959740Z  [32m✓[39m [30m[45m core [49m[39m tests/lint/no-unsafe-tenancy-override.spec.ts [2m([22m[2m3 tests[22m[2m)[22m[33m 432[2mms[22m[39m
2026-09-14T02:49:30.2965214Z    [33m[2m✓[22m[39m no-unsafe-tenancy-override[2m > [22mflags TenancyContext.setCurrentTenant in application code [33m 413[2mms[22m[39m
2026-09-14T02:49:30.7142249Z  [32m✓[39m [30m[45m core [49m[39m packages/mcp-server/test/contracts/tokens.build.apply.spec.ts [2m([22m[2m1 test[22m[2m)[22m[32m 38[2mms[22m[39m
2026-09-14T02:49:31.2745682Z  [32m✓[39m [30m[45m core [49m[39m packages/mcp-server/test/render/render-preview-messaging.spec.ts [2m([22m[2m3 tests[22m[2m)[22m[32m 15[2mms[22m[39m
2026-09-14T02:49:31.5407576Z  [32m✓[39m [30m[45m core [49m[39m tests/verification/regions.contract.test.ts [2m([22m[2m3 tests[22m[2m)[22m[32m 5[2mms[22m[39m
2026-09-14T02:49:34.5311149Z  [32m✓[39m [30m[45m core [49m[39m packages/mcp-server/test/product-reality/theme.s197.spec.ts [2m([22m[2m2 tests[22m[2m)[22m[33m 1837[2mms[22m[39m
2026-09-14T02:49:34.5314024Z    [33m[2m✓[22m[39m compose theme survives app generation (s197)[2m > [22mreact shell and embedded chart inherit dark; explicit options override it [33m 1337[2mms[22m[39m
2026-09-14T02:49:34.5320110Z    [33m[2m✓[22m[39m compose theme survives app generation (s197)[2m > [22mvue shell and embedded chart inherit dark; explicit options override it [33m 497[2mms[22m[39m
2026-09-14T02:49:34.8683691Z  [32m✓[39m [30m[45m core [49m[39m tests/viz/integration/spatial-dashboard.test.tsx [2m([22m[2m2 tests[22m[2m)[22m[32m 11[2mms[22m[39m
2026-09-14T02:49:35.2930975Z  [32m✓[39m [30m[45m core [49m[39m tests/traits/Cancellable.test.ts [2m([22m[2m4 tests[22m[2m)[22m[32m 110[2mms[22m[39m
2026-09-14T02:49:35.7719157Z  [32m✓[39m [30m[45m core [49m[39m tests/traits/viz/mark-bar.test.ts [2m([22m[2m4 tests[22m[2m)[22m[32m 166[2mms[22m[39m
2026-09-14T02:49:41.3586855Z  [32m✓[39m [30m[45m core [49m[39m tests/viz/patterns/scaffold-generator.test.ts [2m([22m[2m1 test[22m[2m)[22m[33m 4665[2mms[22m[39m
2026-09-14T02:49:41.3596152Z    [33m[2m✓[22m[39m scaffold generator[2m > [22mproduces JSON spec + component shell for chart suggestion [33m 4664[2mms[22m[39m
2026-09-14T02:49:41.8426741Z  [32m✓[39m [30m[45m core [49m[39m tests/traits/Archivable.test.ts [2m([22m[2m4 tests[22m[2m)[22m[32m 112[2mms[22m[39m
2026-09-14T02:49:42.2688752Z  [32m✓[39m [30m[45m core [49m[39m tests/traits/viz/encoding-color.test.ts [2m([22m[2m4 tests[22m[2m)[22m[32m 106[2mms[22m[39m
2026-09-14T02:49:42.6977538Z  [32m✓[39m [30m[45m core [49m[39m tests/traits/Colorized.test.ts [2m([22m[2m4 tests[22m[2m)[22m[32m 109[2mms[22m[39m
2026-09-14T02:49:45.1780684Z  [32m✓[39m [30m[45m core [49m[39m tests/tokens/palette-role-a.s195.test.ts [2m([22m[2m2 tests[22m[2m)[22m[33m 1785[2mms[22m[39m
2026-09-14T02:49:45.1783629Z    [33m[2m✓[22m[39m s195 categorical hue revision is measured and reproducible[2m > [22mreplays the exhaustive smaller-radius hue search from retained source palettes [33m 1671[2mms[22m[39m
2026-09-14T02:49:45.4636015Z  [32m✓[39m [30m[45m core [49m[39m tests/cli/spatial-detection.test.ts [2m([22m[2m4 tests[22m[2m)[22m[32m 7[2mms[22m[39m
2026-09-14T02:49:47.0898277Z  [32m✓[39m [30m[45m core [49m[39m packages/mcp-server/test/contracts/portable-fixtures.s194.spec.ts [2m([22m[2m1 test[22m[2m)[22m[33m 620[2mms[22m[39m
2026-09-14T02:49:47.0899542Z    [33m[2m✓[22m[39m pins one portable recipe per advertised tool and binds only untouched live producer output [33m 618[2mms[22m[39m
2026-09-14T02:49:47.3943805Z  [32m✓[39m [30m[45m core [49m[39m tests/tokens/semantic-keys.s197.test.ts [2m([22m[2m5 tests[22m[2m)[22m[32m 21[2mms[22m[39m
2026-09-14T02:49:47.6522849Z  [32m✓[39m [30m[45m core [49m[39m tests/cli/refresh-data.test.ts [2m([22m[2m4 tests[22m[2m)[22m[32m 11[2mms[22m[39m
2026-09-14T02:49:48.0194634Z  [32m✓[39m [30m[45m core [49m[39m tests/validation/reporters.test.ts [2m([22m[2m3 tests[22m[2m)[22m[32m 5[2mms[22m[39m
2026-09-14T02:49:48.4588443Z  [32m✓[39m [30m[45m core [49m[39m tests/traits/Taggable.test.ts [2m([22m[2m4 tests[22m[2m)[22m[32m 115[2mms[22m[39m
2026-09-14T02:49:48.7534982Z  [32m✓[39m [30m[45m core [49m[39m tests/verification/ci-token-governance-event.contract.test.ts [2m([22m[2m2 tests[22m[2m)[22m[32m 4[2mms[22m[39m
2026-09-14T02:49:49.3934154Z  [32m✓[39m [30m[45m core [49m[39m tests/viz/a11y/facet-table-generator.test.ts [2m([22m[2m4 tests[22m[2m)[22m[32m 10[2mms[22m[39m
2026-09-14T02:49:49.6868661Z  [32m✓[39m [30m[45m core [49m[39m tests/verification/generated-docs-ci.s196.test.ts [2m([22m[2m2 tests[22m[2m)[22m[32m 5[2mms[22m[39m
2026-09-14T02:49:50.0616012Z  [32m✓[39m [30m[45m core [49m[39m tests/integration/entitlement-export.test.ts [2m([22m[2m4 tests[22m[2m)[22m[32m 27[2mms[22m[39m
2026-09-14T02:49:50.3435003Z  [32m✓[39m [30m[45m core [49m[39m tests/traits/classifiable/spam-detection.test.ts [2m([22m[2m3 tests[22m[2m)[22m[32m 21[2mms[22m[39m
2026-09-14T02:49:50.7769830Z  [32m✓[39m [30m[45m core [49m[39m tests/traits/viz/encoding-position-y.test.ts [2m([22m[2m4 tests[22m[2m)[22m[32m 109[2mms[22m[39m
2026-09-14T02:49:51.1520357Z  [32m✓[39m [30m[45m core [49m[39m tests/schemas/viz/sankey-input.test.ts [2m([22m[2m3 tests[22m[2m)[22m[32m 23[2mms[22m[39m
2026-09-14T02:49:51.5942548Z  [32m✓[39m [30m[45m core [49m[39m tests/traits/viz/encoding-position-x.test.ts [2m([22m[2m4 tests[22m[2m)[22m[32m 109[2mms[22m[39m
2026-09-14T02:49:52.2269672Z  [32m✓[39m [30m[45m core [49m[39m tests/viz/stack-transform.test.ts [2m([22m[2m2 tests[22m[2m)[22m[32m 5[2mms[22m[39m
2026-09-14T02:49:52.4905419Z  [32m✓[39m [30m[45m core [49m[39m packages/mcp-server/test/render/css-extractor.spec.ts [2m([22m[2m3 tests[22m[2m)[22m[32m 7[2mms[22m[39m
2026-09-14T02:49:52.8217781Z  [32m✓[39m [30m[45m core [49m[39m tests/traits/authz/role-graph.test.ts [2m([22m[2m3 tests[22m[2m)[22m[32m 16[2mms[22m[39m
2026-09-14T02:49:53.0755050Z  [32m✓[39m [30m[45m core [49m[39m tests/view/context.test.ts [2m([22m[2m2 tests[22m[2m)[22m[32m 3[2mms[22m[39m
2026-09-14T02:49:53.3535036Z  [32m✓[39m [30m[45m core [49m[39m tests/parsers/index.test.ts [2m([22m[2m5 tests[22m[2m)[22m[32m 7[2mms[22m[39m
2026-09-14T02:49:53.7802998Z  [32m✓[39m [30m[45m core [49m[39m tests/traits/Labelled.test.ts [2m([22m[2m4 tests[22m[2m)[22m[32m 107[2mms[22m[39m
2026-09-14T02:49:54.5817098Z  [32m✓[39m [30m[45m core [49m[39m packages/mcp-server/test/product-reality/hc-scope.s197.spec.ts [2m([22m[2m5 tests[22m[2m)[22m[32m 21[2mms[22m[39m
2026-09-14T02:49:55.7857126Z  [32m✓[39m [30m[45m core [49m[39m packages/mcp-server/test/scale/dashboard-determinism.spec.ts [2m([22m[2m6 tests[22m[2m)[22m[33m 413[2mms[22m[39m
2026-09-14T02:49:56.1293921Z  [32m✓[39m [30m[45m core [49m[39m tests/traits/communication/policy-builder.test.ts [2m([22m[2m3 tests[22m[2m)[22m[32m 9[2mms[22m[39m
2026-09-14T02:49:56.9012290Z  [32m✓[39m [30m[45m core [49m[39m packages/mcp-server/test/tools/dashboard-token-css-ref-honor.s179.spec.ts [2m([22m[2m3 tests[22m[2m)[22m[32m 10[2mms[22m[39m
2026-09-14T02:49:57.3319173Z  [32m✓[39m [30m[45m core [49m[39m tests/traits/viz/encoding-size.test.ts [2m([22m[2m4 tests[22m[2m)[22m[32m 104[2mms[22m[39m
2026-09-14T02:49:57.7292565Z  [32m✓[39m [30m[45m core [49m[39m tests/traits/viz/layout-facet.test.ts [2m([22m[2m3 tests[22m[2m)[22m[32m 74[2mms[22m[39m
2026-09-14T02:49:58.1538822Z  [32m✓[39m [30m[45m core [49m[39m tests/traits/viz/scale-linear.test.ts [2m([22m[2m4 tests[22m[2m)[22m[32m 104[2mms[22m[39m
2026-09-14T02:49:58.5031199Z  [32m✓[39m [30m[45m core [49m[39m tests/traits/addressable/default-management.test.ts [2m([22m[2m3 tests[22m[2m)[22m[32m 23[2mms[22m[39m
2026-09-14T02:49:58.9760065Z  [32m✓[39m [30m[45m core [49m[39m tests/traits/viz/mark-line.test.ts [2m([22m[2m4 tests[22m[2m)[22m[32m 165[2mms[22m[39m
2026-09-14T02:49:59.3266205Z  [32m✓[39m [30m[45m core [49m[39m tests/integration/communication-export.test.ts [2m([22m[2m3 tests[22m[2m)[22m[32m 22[2mms[22m[39m
2026-09-14T02:50:00.1993998Z  [32m✓[39m [30m[45m core [49m[39m tests/compose/compose-intent-sections.test.ts [2m([22m[2m2 tests[22m[2m)[22m[33m 301[2mms[22m[39m
2026-09-14T02:50:00.6917918Z  [32m✓[39m [30m[45m core [49m[39m tests/traits/viz/mark-point.test.ts [2m([22m[2m4 tests[22m[2m)[22m[32m 171[2mms[22m[39m
2026-09-14T02:50:01.7977999Z  [32m✓[39m [30m[45m core [49m[39m packages/mcp-server/test/product-reality/input-validation-state.s184.spec.ts [2m([22m[2m4 tests[22m[2m)[22m[32m 32[2mms[22m[39m
2026-09-14T02:50:02.4685431Z  [32m✓[39m [30m[45m core [49m[39m tests/viz/adapters/layout-parity.test.ts [2m([22m[2m2 tests[22m[2m)[22m[32m 10[2mms[22m[39m
2026-09-14T02:50:02.9826429Z  [32m✓[39m [30m[45m core [49m[39m tests/traits/viz/mark-area.test.ts [2m([22m[2m4 tests[22m[2m)[22m[32m 177[2mms[22m[39m
2026-09-14T02:50:03.2401258Z  [32m✓[39m [30m[45m core [49m[39m tests/traits/addressable/format-templates.test.ts [2m([22m[2m4 tests[22m[2m)[22m[32m 5[2mms[22m[39m
2026-09-14T02:50:03.6269391Z  [32m✓[39m [30m[45m core [49m[39m tests/traits/viz/interaction-highlight.test.ts [2m([22m[2m3 tests[22m[2m)[22m[32m 73[2mms[22m[39m
2026-09-14T02:50:03.9828861Z  [32m✓[39m [30m[45m core [49m[39m tests/traits/viz/authoring-recipes.s193.test.ts [2m([22m[2m14 tests[22m[2m)[22m[32m 74[2mms[22m[39m
2026-09-14T02:50:04.6140530Z  [32m✓[39m [30m[45m core [49m[39m tests/registry/viz-recipe-parameters.s193.test.ts [2m([22m[2m14 tests[22m[2m)[22m[32m 295[2mms[22m[39m
2026-09-14T02:50:05.6981681Z  [32m✓[39m [30m[45m core [49m[39m packages/mcp-server/test/codegen/codegen-invalid-schema.spec.ts [2m([22m[2m2 tests[22m[2m)[22m[32m 24[2mms[22m[39m
2026-09-14T02:50:06.3877207Z  [32m✓[39m [30m[45m core [49m[39m packages/mcp-server/test/product-reality/object.s194.spec.ts [2m([22m[2m1 test[22m[2m)[22m[33m 366[2mms[22m[39m
2026-09-14T02:50:06.3879767Z    [33m[2m✓[22m[39m object discovers the real registry and exposes composed traits and context-filtered view extensions [33m 364[2mms[22m[39m
2026-09-14T02:50:06.7009311Z  [32m✓[39m [30m[45m core [49m[39m tests/traits/communication/retry-scheduler.test.ts [2m([22m[2m3 tests[22m[2m)[22m[32m 19[2mms[22m[39m
2026-09-14T02:50:07.0950503Z  [32m✓[39m [30m[45m core [49m[39m tests/base/table.test.tsx [2m([22m[2m2 tests[22m[2m)[22m[32m 13[2mms[22m[39m
2026-09-14T02:50:07.5087373Z  [32m✓[39m [30m[45m core [49m[39m tests/traits/viz/layout-concat.test.ts [2m([22m[2m3 tests[22m[2m)[22m[32m 79[2mms[22m[39m
2026-09-14T02:50:07.9139735Z  [32m✓[39m [30m[45m core [49m[39m tests/traits/viz/layout-layer.test.ts [2m([22m[2m3 tests[22m[2m)[22m[32m 77[2mms[22m[39m
2026-09-14T02:50:08.2815640Z  [32m✓[39m [30m[45m core [49m[39m tests/traits/communication/schema-registry.test.ts [2m([22m[2m3 tests[22m[2m)[22m[32m 9[2mms[22m[39m
2026-09-14T02:50:08.6748500Z  [32m✓[39m [30m[45m core [49m[39m tests/traits/viz/interaction-tooltip.test.ts [2m([22m[2m3 tests[22m[2m)[22m[32m 69[2mms[22m[39m
2026-09-14T02:50:10.0821283Z  [32m✓[39m [30m[45m core [49m[39m packages/mcp-server/test/product-reality/artifact.certify.s194.spec.ts [2m([22m[2m1 test[22m[2m)[22m[33m 614[2mms[22m[39m
2026-09-14T02:50:10.0823420Z    [33m[2m✓[22m[39m certifies the actual data-bound SVG and rejects HTML at the advertised wire boundary [33m 612[2mms[22m[39m
2026-09-14T02:50:10.3988113Z  [32m✓[39m [30m[45m core [49m[39m tests/verification/forge-claims-behavior.s196.test.ts [2m([22m[2m1 test[22m[2m)[22m[32m 21[2mms[22m[39m
2026-09-14T02:50:10.6580116Z  [32m✓[39m [30m[45m core [49m[39m tests/viz/layout/keyboard-nav.test.ts [2m([22m[2m3 tests[22m[2m)[22m[32m 6[2mms[22m[39m
2026-09-14T02:50:11.0435154Z  [32m✓[39m [30m[45m core [49m[39m packages/mcp-server/test/contracts/brand.apply.patch.spec.ts [2m([22m[2m1 test[22m[2m)[22m[32m 12[2mms[22m[39m
2026-09-14T02:50:11.3334435Z  [32m✓[39m [30m[45m core [49m[39m packages/mcp-server/test/scale/determinism.spec.ts [2m([22m[2m9 tests[22m[2m)[22m[32m 31[2mms[22m[39m
2026-09-14T02:50:11.7217109Z  [32m✓[39m [30m[45m core [49m[39m tests/components/page-header.test.tsx [2m([22m[2m1 test[22m[2m)[22m[32m 13[2mms[22m[39m
2026-09-14T02:50:12.0630924Z  [32m✓[39m [30m[45m core [49m[39m tests/integration/communication-throttling-integration.test.ts [2m([22m[2m1 test[22m[2m)[22m[32m 21[2mms[22m[39m
2026-09-14T02:50:13.9524909Z  [32m✓[39m [30m[45m core [49m[39m packages/mcp-server/test/product-reality/catalog.list.s194.spec.ts [2m([22m[2m1 test[22m[2m)[22m[33m 1488[2mms[22m[39m
2026-09-14T02:50:13.9532608Z    [33m[2m✓[22m[39m paginates the live 109-component catalog and reports framework evidence independently of legacy status [33m 1487[2mms[22m[39m
2026-09-14T02:50:14.2176100Z  [32m✓[39m [30m[45m core [49m[39m tests/cli/spatial-scaffold.test.ts [2m([22m[2m2 tests[22m[2m)[22m[32m 4[2mms[22m[39m
2026-09-14T02:50:14.8414156Z  [32m✓[39m [30m[45m core [49m[39m tests/viz/patterns/suggest-chart-v2.test.ts [2m([22m[2m2 tests[22m[2m)[22m[32m 4[2mms[22m[39m
2026-09-14T02:50:15.2235889Z  [32m✓[39m [30m[45m core [49m[39m tests/base/button.test.tsx [2m([22m[2m3 tests[22m[2m)[22m[32m 13[2mms[22m[39m
2026-09-14T02:50:16.5163876Z  [32m✓[39m [30m[45m core [49m[39m packages/mcp-server/test/contracts/release.tag.s194.spec.ts [2m([22m[2m1 test[22m[2m)[22m[33m 869[2mms[22m[39m
2026-09-14T02:50:16.5167217Z    [33m[2m✓[22m[39m release.tag actual dry-run wire (s194-m04)[2m > [22mperforms its documented read/preview and confines receipts to the temporary artifact root [33m 867[2mms[22m[39m
2026-09-14T02:50:16.9047780Z  [32m✓[39m [30m[45m core [49m[39m tests/base/text-field.test.tsx [2m([22m[2m2 tests[22m[2m)[22m[32m 13[2mms[22m[39m
2026-09-14T02:50:17.2552853Z  [32m✓[39m [30m[45m core [49m[39m tests/integration/communication-audit.test.ts [2m([22m[2m2 tests[22m[2m)[22m[32m 24[2mms[22m[39m
2026-09-14T02:50:17.5103180Z  [32m✓[39m [30m[45m core [49m[39m tests/verification/runtime-executable-boundary.s191.test.ts [2m([22m[2m7 tests[22m[2m)[22m[32m 4[2mms[22m[39m
2026-09-14T02:50:17.8897521Z  [32m✓[39m [30m[45m core [49m[39m tests/base/select.test.tsx [2m([22m[2m2 tests[22m[2m)[22m[32m 13[2mms[22m[39m
2026-09-14T02:50:18.1770011Z  [32m✓[39m [30m[45m guardrails [49m[39m testing/a11y/contrast.spec.ts [2m([22m[2m1 test[22m[2m)[22m[32m 11[2mms[22m[39m
2026-09-14T02:50:18.4322926Z  [32m✓[39m [30m[45m core [49m[39m tests/verification/pkg-compat-workflow.contract.test.ts [2m([22m[2m2 tests[22m[2m)[22m[32m 4[2mms[22m[39m
2026-09-14T02:50:18.8087635Z  [32m✓[39m [30m[45m core [49m[39m tests/base/date-picker.test.tsx [2m([22m[2m2 tests[22m[2m)[22m[32m 13[2mms[22m[39m
2026-09-14T02:50:19.1317580Z  [32m✓[39m [30m[45m core [49m[39m packages/mcp-server/test/render/viz-area-svg.spec.ts [2m([22m[2m1 test[22m[2m)[22m[32m 5[2mms[22m[39m
2026-09-14T02:50:19.9063907Z  [32m✓[39m [30m[45m core [49m[39m packages/mcp-server/test/contracts/diag.snapshot.s194.spec.ts [2m([22m[2m1 test[22m[2m)[22m[32m 282[2mms[22m[39m
2026-09-14T02:50:20.1706219Z  [32m✓[39m [30m[45m core [49m[39m packages/mcp-server/test/compose/position-affinity.spec.ts [2m([22m[2m5 tests[22m[2m)[22m[32m 4[2mms[22m[39m
2026-09-14T02:50:20.5425983Z  [32m✓[39m [30m[45m core [49m[39m tests/base/textarea.test.tsx [2m([22m[2m2 tests[22m[2m)[22m[32m 12[2mms[22m[39m
2026-09-14T02:50:21.0429031Z  [32m✓[39m [30m[45m core [49m[39m packages/mcp-server/test/contracts/repl.registry.contract.spec.ts [2m([22m[2m2 tests[22m[2m)[22m[32m 12[2mms[22m[39m
2026-09-14T02:50:21.3135243Z  [32m✓[39m [30m[45m core [49m[39m packages/mcp-server/test/contracts/tool.registry.spec.ts [2m([22m[2m3 tests[22m[2m)[22m[32m 8[2mms[22m[39m
2026-09-14T02:50:21.8016190Z  [32m✓[39m [30m[45m core [49m[39m packages/mcp-server/test/contracts/billing.reviewKit.s194.spec.ts [2m([22m[2m1 test[22m[2m)[22m[32m 114[2mms[22m[39m
2026-09-14T02:50:22.1859473Z  [32m✓[39m [30m[45m core [49m[39m tests/base/checkbox.test.tsx [2m([22m[2m2 tests[22m[2m)[22m[32m 12[2mms[22m[39m
2026-09-14T02:50:22.4463329Z  [32m✓[39m [30m[45m core [49m[39m tests/traits/preferenceable/migration-logger.test.ts [2m([22m[2m1 test[22m[2m)[22m[32m 4[2mms[22m[39m
2026-09-14T02:50:22.9130691Z  [32m✓[39m [30m[45m core [49m[39m packages/mcp-server/test/contracts/billing.switchFixtures.s194.spec.ts [2m([22m[2m1 test[22m[2m)[22m[32m 91[2mms[22m[39m
2026-09-14T02:50:23.1643467Z  [32m✓[39m [30m[45m core [49m[39m tests/verification/docs.contract.test.ts [2m([22m[2m2 tests[22m[2m)[22m[32m 4[2mms[22m[39m
2026-09-14T02:50:23.5931568Z  [32m✓[39m [30m[45m core [49m[39m tests/base/banner.test.tsx [2m([22m[2m2 tests[22m[2m)[22m[32m 12[2mms[22m[39m
2026-09-14T02:50:23.8955155Z  [32m✓[39m [30m[45m core [49m[39m tests/utils/format.test.ts [2m([22m[2m2 tests[22m[2m)[22m[32m 27[2mms[22m[39m
2026-09-14T02:50:24.2892609Z  [32m✓[39m [30m[45m core [49m[39m tests/base/badge.test.tsx [2m([22m[2m2 tests[22m[2m)[22m[32m 12[2mms[22m[39m
2026-09-14T02:50:24.9940081Z  [32m✓[39m [30m[45m core [49m[39m packages/mcp-server/test/contracts/diag.snapshot-counts.spec.ts [2m([22m[2m1 test[22m[2m)[22m[32m 244[2mms[22m[39m
2026-09-14T02:50:25.2900904Z  [32m✓[39m [30m[45m core [49m[39m tests/mcp/agent-panel-tool-surface.test.ts [2m([22m[2m1 test[22m[2m)[22m[32m 8[2mms[22m[39m
2026-09-14T02:50:25.8120343Z  [32m✓[39m [30m[45m core [49m[39m packages/mcp-server/test/contracts/a11y.scan.s194.spec.ts [2m([22m[2m1 test[22m[2m)[22m[32m 132[2mms[22m[39m
2026-09-14T02:50:27.0831172Z  [32m✓[39m [30m[45m core [49m[39m tests/components/viz/spatial/ChoroplethMap.test.tsx [2m([22m[2m15 tests[22m[2m)[22m[32m 233[2mms[22m[39m
2026-09-14T02:50:29.1963633Z  [32m✓[39m [30m[45m core [49m[39m tests/components/breadcrumbs.spec.tsx [2m([22m[2m32 tests[22m[2m)[22m[33m 767[2mms[22m[39m
2026-09-14T02:50:31.5384365Z  [32m✓[39m [30m[45m core [49m[39m tests/components/tabs.spec.tsx [2m([22m[2m24 tests[22m[2m)[22m[33m 672[2mms[22m[39m
2026-09-14T02:50:33.3098376Z  [32m✓[39m [30m[45m core [49m[39m tests/components/pagination.spec.tsx [2m([22m[2m33 tests[22m[2m)[22m[33m 461[2mms[22m[39m
2026-09-14T02:50:34.8729200Z  [32m✓[39m [30m[45m core [49m[39m tests/components/viz/spatial/ChoroplethMap.a11y.test.tsx [2m([22m[2m11 tests[22m[2m)[22m[32m 233[2mms[22m[39m
2026-09-14T02:50:35.7791717Z [90mstderr[2m | tests/components/toast.spec.tsx[2m > [22m[2mtoast service[2m > [22m[2msubscriptions and helpers[2m > [22m[2mexposes useToastQueue hook to subscribers
2026-09-14T02:50:35.7796138Z [22m[39mAn update to HookProbe inside a test was not wrapped in act(...).
2026-09-14T02:50:35.7797138Z 
2026-09-14T02:50:35.7797909Z When testing, code that causes React state updates should be wrapped into act(...):
2026-09-14T02:50:35.7798714Z 
2026-09-14T02:50:35.7799034Z act(() => {
2026-09-14T02:50:35.7799597Z   /* fire events that update state */
2026-09-14T02:50:35.7800211Z });
2026-09-14T02:50:35.7800748Z /* assert on the output */
2026-09-14T02:50:35.7801179Z 
2026-09-14T02:50:35.7802503Z This ensures that you're testing the behavior the user would see in the browser. Learn more at https://react.dev/link/wrap-tests-with-act
2026-09-14T02:50:35.7804031Z 
2026-09-14T02:50:35.8010800Z [90mstderr[2m | tests/components/toast.spec.tsx[2m > [22m[2mToastPortal[2m > [22m[2mrenders role=status toasts from the queue
2026-09-14T02:50:35.8020114Z [22m[39mAn update to OODS.ToastPortal inside a test was not wrapped in act(...).
2026-09-14T02:50:35.8021001Z 
2026-09-14T02:50:35.8021992Z When testing, code that causes React state updates should be wrapped into act(...):
2026-09-14T02:50:35.8022808Z 
2026-09-14T02:50:35.8023153Z act(() => {
2026-09-14T02:50:35.8023853Z   /* fire events that update state */
2026-09-14T02:50:35.8024489Z });
2026-09-14T02:50:35.8025030Z /* assert on the output */
2026-09-14T02:50:35.8025475Z 
2026-09-14T02:50:35.8026598Z This ensures that you're testing the behavior the user would see in the browser. Learn more at https://react.dev/link/wrap-tests-with-act
2026-09-14T02:50:35.8041754Z 
2026-09-14T02:50:35.8125942Z [90mstderr[2m | tests/components/toast.spec.tsx[2m > [22m[2mToastPortal[2m > [22m[2mstacks multiple toasts without exceeding maxVisible
2026-09-14T02:50:35.8127599Z [22m[39mAn update to OODS.ToastPortal inside a test was not wrapped in act(...).
2026-09-14T02:50:35.8128700Z 
2026-09-14T02:50:35.8129355Z When testing, code that causes React state updates should be wrapped into act(...):
2026-09-14T02:50:35.8130049Z 
2026-09-14T02:50:35.8130307Z act(() => {
2026-09-14T02:50:35.8130841Z   /* fire events that update state */
2026-09-14T02:50:35.8131585Z });
2026-09-14T02:50:35.8132050Z /* assert on the output */
2026-09-14T02:50:35.8132409Z 
2026-09-14T02:50:35.8133512Z This ensures that you're testing the behavior the user would see in the browser. Learn more at https://react.dev/link/wrap-tests-with-act
2026-09-14T02:50:35.8134506Z 
2026-09-14T02:50:35.8233222Z [90mstderr[2m | tests/components/toast.spec.tsx[2m > [22m[2mToastPortal[2m > [22m[2mapplies position modifiers for placement
2026-09-14T02:50:35.8242700Z [22m[39mAn update to OODS.ToastPortal inside a test was not wrapped in act(...).
2026-09-14T02:50:35.8243500Z 
2026-09-14T02:50:35.8244240Z When testing, code that causes React state updates should be wrapped into act(...):
2026-09-14T02:50:35.8244944Z 
2026-09-14T02:50:35.8245242Z act(() => {
2026-09-14T02:50:35.8245754Z   /* fire events that update state */
2026-09-14T02:50:35.8246336Z });
2026-09-14T02:50:35.8246798Z /* assert on the output */
2026-09-14T02:50:35.8247217Z 
2026-09-14T02:50:35.8248258Z This ensures that you're testing the behavior the user would see in the browser. Learn more at https://react.dev/link/wrap-tests-with-act
2026-09-14T02:50:35.8249260Z 
2026-09-14T02:50:36.1413745Z [90mstderr[2m | tests/components/toast.spec.tsx[2m > [22m[2mToastPortal[2m > [22m[2mremoves toasts after dismissal
2026-09-14T02:50:36.1415319Z [22m[39mAn update to OODS.ToastPortal inside a test was not wrapped in act(...).
2026-09-14T02:50:36.1416024Z 
2026-09-14T02:50:36.1416670Z When testing, code that causes React state updates should be wrapped into act(...):
2026-09-14T02:50:36.1417348Z 
2026-09-14T02:50:36.1417606Z act(() => {
2026-09-14T02:50:36.1418117Z   /* fire events that update state */
2026-09-14T02:50:36.1418646Z });
2026-09-14T02:50:36.1419123Z /* assert on the output */
2026-09-14T02:50:36.1419497Z 
2026-09-14T02:50:36.1421031Z This ensures that you're testing the behavior the user would see in the browser. Learn more at https://react.dev/link/wrap-tests-with-act
2026-09-14T02:50:36.1422369Z 
2026-09-14T02:50:36.1488859Z [90mstderr[2m | tests/components/toast.spec.tsx[2m > [22m[2mToastPortal[2m > [22m[2mrenders action buttons when provided
2026-09-14T02:50:36.1490552Z [22m[39mAn update to OODS.ToastPortal inside a test was not wrapped in act(...).
2026-09-14T02:50:36.1491228Z 
2026-09-14T02:50:36.1492115Z When testing, code that causes React state updates should be wrapped into act(...):
2026-09-14T02:50:36.1492820Z 
2026-09-14T02:50:36.1493507Z act(() => {
2026-09-14T02:50:36.1494025Z   /* fire events that update state */
2026-09-14T02:50:36.1494574Z });
2026-09-14T02:50:36.1495031Z /* assert on the output */
2026-09-14T02:50:36.1495393Z 
2026-09-14T02:50:36.1496416Z This ensures that you're testing the behavior the user would see in the browser. Learn more at https://react.dev/link/wrap-tests-with-act
2026-09-14T02:50:36.1503977Z 
2026-09-14T02:50:36.1595408Z [90mstderr[2m | tests/components/toast.spec.tsx[2m > [22m[2mToastPortal[2m > [22m[2msupports focus shortcut to highlight latest toast
2026-09-14T02:50:36.1597644Z [22m[39mAn update to OODS.ToastPortal inside a test was not wrapped in act(...).
2026-09-14T02:50:36.1599403Z 
2026-09-14T02:50:36.1600219Z When testing, code that causes React state updates should be wrapped into act(...):
2026-09-14T02:50:36.1600989Z 
2026-09-14T02:50:36.1601500Z act(() => {
2026-09-14T02:50:36.1602089Z   /* fire events that update state */
2026-09-14T02:50:36.1605033Z });
2026-09-14T02:50:36.1605649Z /* assert on the output */
2026-09-14T02:50:36.1606098Z 
2026-09-14T02:50:36.1607200Z This ensures that you're testing the behavior the user would see in the browser. Learn more at https://react.dev/link/wrap-tests-with-act
2026-09-14T02:50:36.1611047Z 
2026-09-14T02:50:36.2113627Z  [32m✓[39m [30m[45m core [49m[39m tests/components/toast.spec.tsx [2m([22m[2m17 tests[22m[2m)[22m[33m 439[2mms[22m[39m
2026-09-14T02:50:36.2114885Z    [33m[2m✓[22m[39m ToastPortal[2m > [22mremoves toasts after dismissal [33m 319[2mms[22m[39m
2026-09-14T02:50:38.5285800Z  [32m✓[39m [30m[45m core [49m[39m tests/viz/spatial/e2e-spatial.test.tsx [2m([22m[2m3 tests[22m[2m)[22m[33m 318[2mms[22m[39m
2026-09-14T02:50:39.5878060Z  [32m✓[39m [30m[45m core [49m[39m tests/components/context-panel-drawer.test.tsx [2m([22m[2m5 tests[22m[2m)[22m[32m 160[2mms[22m[39m
2026-09-14T02:50:41.6843995Z  [32m✓[39m [30m[45m core [49m[39m tests/viz/spatial/a11y-integration.test.tsx [2m([22m[2m4 tests[22m[2m)[22m[33m 406[2mms[22m[39m
2026-09-14T02:50:42.6658533Z  [32m✓[39m [30m[45m core [49m[39m tests/viz/spatial/adapter-parity.test.ts [2m([22m[2m2 tests[22m[2m)[22m[32m 103[2mms[22m[39m
2026-09-14T02:50:44.1744821Z  [32m✓[39m [30m[45m core [49m[39m tests/components/empty-state.spec.tsx [2m([22m[2m12 tests[22m[2m)[22m[32m 217[2mms[22m[39m
2026-09-14T02:50:45.2814108Z  [32m✓[39m [30m[45m core [49m[39m tests/components/viz/spatial/BubbleMap.test.tsx [2m([22m[2m6 tests[22m[2m)[22m[32m 89[2mms[22m[39m
2026-09-14T02:50:46.4044288Z  [32m✓[39m [30m[45m core [49m[39m tests/traits/SaaSBilling.payable.spec.tsx [2m([22m[2m4 tests[22m[2m)[22m[32m 86[2mms[22m[39m
2026-09-14T02:50:48.9323159Z  [32m✓[39m [30m[45m core [49m[39m tests/viz/spatial/performance.test.tsx [2m([22m[2m3 tests[22m[2m)[22m[33m 1577[2mms[22m[39m
2026-09-14T02:50:48.9328646Z    [33m[2m✓[22m[39m Spatial Performance Benchmarks[2m > [22mmeets choropleth render budgets [33m 459[2mms[22m[39m
2026-09-14T02:50:48.9331167Z    [33m[2m✓[22m[39m Spatial Performance Benchmarks[2m > [22mmeets bubble render budgets [33m 1014[2mms[22m[39m
2026-09-14T02:50:50.6425509Z  [32m✓[39m [30m[45m core [49m[39m tests/apps/playground.app.test.tsx [2m([22m[2m2 tests[22m[2m)[22m[33m 573[2mms[22m[39m
2026-09-14T02:50:50.6432675Z    [33m[2m✓[22m[39m playground app[2m > [22mswitches to the Stage1 mode and reloads when the fixture changes [33m 369[2mms[22m[39m
2026-09-14T02:50:51.8378231Z  [32m✓[39m [30m[45m core [49m[39m tests/components/viz/spatial/spatial-integration.test.tsx [2m([22m[2m2 tests[22m[2m)[22m[32m 122[2mms[22m[39m
2026-09-14T02:50:53.2538068Z  [32m✓[39m [30m[45m core [49m[39m tests/components/viz/spatial/SpatialContainer.test.tsx [2m([22m[2m7 tests[22m[2m)[22m[32m 125[2mms[22m[39m
2026-09-14T02:50:54.2217801Z  [32m✓[39m [30m[45m core [49m[39m tests/overlays/manager.edges.spec.tsx [2m([22m[2m4 tests[22m[2m)[22m[32m 79[2mms[22m[39m
2026-09-14T02:50:55.5668786Z  [32m✓[39m [30m[45m core [49m[39m tests/components/classification/CategoryTree.test.tsx [2m([22m[2m4 tests[22m[2m)[22m[33m 366[2mms[22m[39m
2026-09-14T02:50:57.4184694Z  [32m✓[39m [30m[45m core [49m[39m tests/components/viz/spatial/SpatialContainer.a11y.test.tsx [2m([22m[2m6 tests[22m[2m)[22m[32m 187[2mms[22m[39m
2026-09-14T02:50:59.0099400Z  [32m✓[39m [30m[45m core [49m[39m tests/components/viz/Sankey.test.tsx [2m([22m[2m12 tests[22m[2m)[22m[32m 226[2mms[22m[39m
2026-09-14T02:51:00.6526326Z  [32m✓[39m [30m[45m core [49m[39m tests/components/viz/AreaChart.test.tsx [2m([22m[2m3 tests[22m[2m)[22m[32m 260[2mms[22m[39m
2026-09-14T02:51:01.7969327Z  [32m✓[39m [30m[45m core [49m[39m tests/viz/hooks/useSpatialSpec.test.ts [2m([22m[2m5 tests[22m[2m)[22m[32m 292[2mms[22m[39m
2026-09-14T02:51:02.5469938Z  [32m✓[39m [30m[45m core [49m[39m tests/components/viz/spatial/layer-utils.test.ts [2m([22m[2m10 tests[22m[2m)[22m[32m 6[2mms[22m[39m
2026-09-14T02:51:03.3476413Z  [32m✓[39m [30m[45m core [49m[39m tests/components/viz/spatial/projection-utils.test.ts [2m([22m[2m9 tests[22m[2m)[22m[32m 10[2mms[22m[39m
2026-09-14T02:51:04.8283000Z  [32m✓[39m [30m[45m core [49m[39m tests/components/viz/ForceGraph.test.tsx [2m([22m[2m10 tests[22m[2m)[22m[32m 172[2mms[22m[39m
2026-09-14T02:51:05.9384213Z  [32m✓[39m [30m[45m core [49m[39m tests/components/viz/a11y/a11y-fallbacks.test.tsx [2m([22m[2m5 tests[22m[2m)[22m[32m 174[2mms[22m[39m
2026-09-14T02:51:07.5275036Z  [32m✓[39m [30m[45m core [49m[39m tests/components/viz/LineChart.test.tsx [2m([22m[2m3 tests[22m[2m)[22m[32m 259[2mms[22m[39m
2026-09-14T02:51:08.5898013Z  [32m✓[39m [30m[45m core [49m[39m tests/components/viz/spatial/BubbleMap.renderers.test.tsx [2m([22m[2m2 tests[22m[2m)[22m[32m 88[2mms[22m[39m
2026-09-14T02:51:10.0312761Z  [32m✓[39m [30m[45m core [49m[39m tests/components/viz/Treemap.test.tsx [2m([22m[2m9 tests[22m[2m)[22m[32m 142[2mms[22m[39m
2026-09-14T02:51:11.5085500Z  [32m✓[39m [30m[45m core [49m[39m tests/components/viz/spatial/BubbleMap.a11y.test.tsx [2m([22m[2m3 tests[22m[2m)[22m[32m 158[2mms[22m[39m
2026-09-14T02:51:12.8889333Z  [32m✓[39m [30m[45m core [49m[39m tests/components/classification/CategoryPicker.test.tsx [2m([22m[2m4 tests[22m[2m)[22m[33m 386[2mms[22m[39m
2026-09-14T02:51:14.3985229Z  [32m✓[39m [30m[45m core [49m[39m tests/components/viz/Sunburst.test.tsx [2m([22m[2m7 tests[22m[2m)[22m[32m 143[2mms[22m[39m
2026-09-14T02:51:16.1428445Z  [32m✓[39m [30m[42m a11y [49m[39m tests/a11y/dark.components.a11y.test.tsx [2m([22m[2m5 tests[22m[2m)[22m[32m 296[2mms[22m[39m
2026-09-14T02:51:17.6563739Z  [32m✓[39m [30m[45m core [49m[39m tests/components/viz/Heatmap.visualmap-dimension-s166.test.tsx [2m([22m[2m2 tests[22m[2m)[22m[32m 176[2mms[22m[39m
2026-09-14T02:51:19.1973970Z  [32m✓[39m [30m[45m core [49m[39m tests/components/addresses/address-form.test.tsx [2m([22m[2m4 tests[22m[2m)[22m[33m 331[2mms[22m[39m
2026-09-14T02:51:20.6388946Z  [32m✓[39m [30m[45m core [49m[39m tests/components/classification/TagInput.test.tsx [2m([22m[2m4 tests[22m[2m)[22m[33m 329[2mms[22m[39m
2026-09-14T02:51:22.3793645Z  [32m✓[39m [30m[45m core [49m[39m tests/components/viz/Heatmap.test.tsx [2m([22m[2m3 tests[22m[2m)[22m[33m 376[2mms[22m[39m
2026-09-14T02:51:24.3452864Z  [32m✓[39m [30m[45m core [49m[39m tests/components/viz/LineChart.a11y.test.tsx [2m([22m[2m1 test[22m[2m)[22m[32m 277[2mms[22m[39m
2026-09-14T02:51:25.2894370Z  [32m✓[39m [30m[45m core [49m[39m tests/viz/hooks/useSpatialProjection.test.ts [2m([22m[2m6 tests[22m[2m)[22m[32m 32[2mms[22m[39m
2026-09-14T02:51:28.0624144Z  [32m✓[39m [30m[45m core [49m[39m tests/components/preferences/PreferenceForm.test.tsx [2m([22m[2m4 tests[22m[2m)[22m[33m 1578[2mms[22m[39m
2026-09-14T02:51:28.0651782Z    [33m[2m✓[22m[39m PreferenceForm[2m > [22memits document changes when schema-driven fields update [33m 781[2mms[22m[39m
2026-09-14T02:51:28.0653628Z    [33m[2m✓[22m[39m PreferenceForm[2m > [22mreports validation issues for invalid inputs via onValidationChange [33m 577[2mms[22m[39m
2026-09-14T02:51:29.9857516Z  [32m✓[39m [30m[45m core [49m[39m tests/components/viz/VizFacetGrid.test.tsx [2m([22m[2m3 tests[22m[2m)[22m[33m 470[2mms[22m[39m
2026-09-14T02:51:31.1436509Z  [32m✓[39m [30m[45m core [49m[39m tests/components/communication/ConversationThread.test.tsx [2m([22m[2m2 tests[22m[2m)[22m[32m 145[2mms[22m[39m
2026-09-14T02:51:32.0513932Z  [32m✓[39m [30m[45m core [49m[39m tests/components/viz/spatial/keyboard-nav.test.tsx [2m([22m[2m3 tests[22m[2m)[22m[32m 39[2mms[22m[39m
2026-09-14T02:51:34.4335676Z  [32m✓[39m [30m[45m core [49m[39m tests/components/viz/ScatterChart.test.tsx [2m([22m[2m2 tests[22m[2m)[22m[33m 1044[2mms[22m[39m
2026-09-14T02:51:34.4342436Z    [33m[2m✓[22m[39m ScatterChart[2m > [22mselects the ECharts renderer for dense datasets and wires interactions [33m 852[2mms[22m[39m
2026-09-14T02:51:35.5559579Z  [32m✓[39m [30m[45m core [49m[39m tests/components/viz/spatial/AccessibleMapFallback.test.tsx [2m([22m[2m3 tests[22m[2m)[22m[32m 163[2mms[22m[39m
2026-09-14T02:51:36.6078144Z  [32m✓[39m [30m[45m core [49m[39m tests/traits/SaaSBilling.refundable.spec.tsx [2m([22m[2m2 tests[22m[2m)[22m[32m 60[2mms[22m[39m
2026-09-14T02:51:37.7213044Z  [32m✓[39m [30m[45m core [49m[39m tests/components/viz/spatial/MapLegend.test.tsx [2m([22m[2m3 tests[22m[2m)[22m[32m 127[2mms[22m[39m
2026-09-14T02:51:38.8207826Z  [32m✓[39m [30m[42m a11y [49m[39m tests/a11y/components.sheet.a11y.test.tsx [2m([22m[2m3 tests[22m[2m)[22m[32m 134[2mms[22m[39m
2026-09-14T02:51:40.1099974Z  [32m✓[39m [30m[45m core [49m[39m tests/components/authz/RolePermissionMatrix.test.tsx [2m([22m[2m3 tests[22m[2m)[22m[32m 209[2mms[22m[39m
2026-09-14T02:51:41.3929795Z  [32m✓[39m [30m[42m a11y [49m[39m tests/a11y/components.a11y.test.tsx [2m([22m[2m4 tests[22m[2m)[22m[32m 250[2mms[22m[39m
2026-09-14T02:51:42.2992507Z  [32m✓[39m [30m[45m core [49m[39m tests/hooks/useConversations.test.tsx [2m([22m[2m1 test[22m[2m)[22m[32m 23[2mms[22m[39m
2026-09-14T02:51:44.0678308Z  [32m✓[39m [30m[45m core [49m[39m tests/components/authz/MembershipManager.a11y.test.tsx [2m([22m[2m2 tests[22m[2m)[22m[33m 400[2mms[22m[39m
2026-09-14T02:51:45.2037412Z  [32m✓[39m [30m[45m core [49m[39m tests/panel/diff-viewer.test.tsx [2m([22m[2m3 tests[22m[2m)[22m[32m 210[2mms[22m[39m
2026-09-14T02:51:46.1344918Z  [32m✓[39m [30m[45m core [49m[39m tests/views/view-profiles.spec.tsx [2m([22m[2m2 tests[22m[2m)[22m[32m 27[2mms[22m[39m
2026-09-14T02:51:47.7043395Z  [32m✓[39m [30m[45m core [49m[39m tests/components/preferences/NotificationMatrix.test.tsx [2m([22m[2m3 tests[22m[2m)[22m[33m 381[2mms[22m[39m
2026-09-14T02:51:48.6216276Z  [32m✓[39m [30m[45m core [49m[39m tests/viz/hooks.test.tsx [2m([22m[2m5 tests[22m[2m)[22m[32m 29[2mms[22m[39m
2026-09-14T02:51:49.9593784Z  [32m✓[39m [30m[45m core [49m[39m tests/components/communication/MessageTimeline.test.tsx [2m([22m[2m3 tests[22m[2m)[22m[32m 180[2mms[22m[39m
2026-09-14T02:51:51.3968411Z  [32m✓[39m [30m[45m core [49m[39m tests/components/classification/CategoryTree.a11y.test.tsx [2m([22m[2m1 test[22m[2m)[22m[32m 188[2mms[22m[39m
2026-09-14T02:51:52.6592410Z  [32m✓[39m [30m[45m core [49m[39m tests/components/addresses/address-display.test.tsx [2m([22m[2m3 tests[22m[2m)[22m[32m 145[2mms[22m[39m
2026-09-14T02:51:53.8565496Z  [32m✓[39m [30m[45m core [49m[39m tests/panel/artifact-list.test.tsx [2m([22m[2m2 tests[22m[2m)[22m[32m 259[2mms[22m[39m
2026-09-14T02:51:54.8077654Z  [32m✓[39m [30m[42m a11y [49m[39m tests/a11y/overlays/manager.test.tsx [2m([22m[2m2 tests[22m[2m)[22m[32m 60[2mms[22m[39m
2026-09-14T02:51:56.7338991Z  [32m✓[39m [30m[45m core [49m[39m tests/components/viz/AreaChart.a11y.test.tsx [2m([22m[2m1 test[22m[2m)[22m[32m 274[2mms[22m[39m
2026-09-14T02:51:58.7393796Z  [32m✓[39m [30m[45m core [49m[39m tests/components/viz/ScatterChart.a11y.test.tsx [2m([22m[2m1 test[22m[2m)[22m[33m 300[2mms[22m[39m
2026-09-14T02:51:59.8246485Z  [32m✓[39m [30m[45m core [49m[39m tests/components/communication/ChannelPlanEditor.test.tsx [2m([22m[2m2 tests[22m[2m)[22m[32m 76[2mms[22m[39m
2026-09-14T02:52:01.7805961Z  [32m✓[39m [30m[45m core [49m[39m tests/components/viz/Heatmap.a11y.test.tsx [2m([22m[2m1 test[22m[2m)[22m[33m 328[2mms[22m[39m
2026-09-14T02:52:01.7813617Z    [33m[2m✓[22m[39m Heatmap accessibility[2m > [22mhas no axe violations [33m 326[2mms[22m[39m
2026-09-14T02:52:02.8060589Z  [32m✓[39m [30m[45m core [49m[39m tests/components/viz/spatial/MapControls.test.tsx [2m([22m[2m3 tests[22m[2m)[22m[32m 86[2mms[22m[39m
2026-09-14T02:52:04.7900276Z  [32m✓[39m [30m[45m core [49m[39m tests/components/viz/VizLayeredView.a11y.test.tsx [2m([22m[2m1 test[22m[2m)[22m[33m 340[2mms[22m[39m
2026-09-14T02:52:04.7908449Z    [33m[2m✓[22m[39m VizLayeredView accessibility[2m > [22mhas no axe violations [33m 338[2mms[22m[39m
2026-09-14T02:52:06.9386318Z  [32m✓[39m [30m[45m core [49m[39m tests/components/viz/VizFacetGrid.a11y.test.tsx [2m([22m[2m1 test[22m[2m)[22m[33m 492[2mms[22m[39m
2026-09-14T02:52:06.9399178Z    [33m[2m✓[22m[39m VizFacetGrid accessibility[2m > [22mhas no axe violations [33m 490[2mms[22m[39m
2026-09-14T02:52:07.7450853Z  [32m✓[39m [30m[45m core [49m[39m tests/components/viz/spatial/BubbleMapClustering.test.tsx [2m([22m[2m3 tests[22m[2m)[22m[32m 12[2mms[22m[39m
2026-09-14T02:52:09.4519891Z  [32m✓[39m [30m[45m core [49m[39m tests/components/addresses/address-form.a11y.test.tsx [2m([22m[2m1 test[22m[2m)[22m[33m 340[2mms[22m[39m
2026-09-14T02:52:09.4525052Z    [33m[2m✓[22m[39m AddressForm accessibility[2m > [22mhas no axe violations [33m 338[2mms[22m[39m
2026-09-14T02:52:10.9250184Z  [32m✓[39m [30m[45m core [49m[39m tests/components/classification/TagInput.a11y.test.tsx [2m([22m[2m1 test[22m[2m)[22m[32m 156[2mms[22m[39m
2026-09-14T02:52:12.8960659Z  [32m✓[39m [30m[45m core [49m[39m tests/components/viz/BarChart.a11y.test.tsx [2m([22m[2m1 test[22m[2m)[22m[32m 269[2mms[22m[39m
2026-09-14T02:52:14.7319891Z  [32m✓[39m [30m[45m core [49m[39m tests/traits/preferenceable/rjsf-integration.test.tsx [2m([22m[2m2 tests[22m[2m)[22m[33m 701[2mms[22m[39m
2026-09-14T02:52:14.7324538Z    [33m[2m✓[22m[39m PreferenceForm (RJSF integration)[2m > [22mrenders schema-driven inputs for older versions [33m 455[2mms[22m[39m
2026-09-14T02:52:16.2953715Z  [32m✓[39m [30m[45m core [49m[39m tests/components/viz/BarChart.test.tsx [2m([22m[2m2 tests[22m[2m)[22m[32m 242[2mms[22m[39m
2026-09-14T02:52:17.3001891Z  [32m✓[39m [30m[45m core [49m[39m tests/base/toast.test.tsx [2m([22m[2m3 tests[22m[2m)[22m[32m 100[2mms[22m[39m
2026-09-14T02:52:18.2064297Z  [32m✓[39m [30m[45m core [49m[39m tests/hooks/useMessages.test.tsx [2m([22m[2m1 test[22m[2m)[22m[32m 40[2mms[22m[39m
2026-09-14T02:52:19.2464705Z  [32m✓[39m [30m[45m core [49m[39m tests/components/communication/DeliveryHealthWidget.test.tsx [2m([22m[2m1 test[22m[2m)[22m[32m 108[2mms[22m[39m
2026-09-14T02:52:20.7352893Z  [32m✓[39m [30m[45m core [49m[39m tests/components/viz/VizLayeredView.test.tsx [2m([22m[2m2 tests[22m[2m)[22m[32m 197[2mms[22m[39m
2026-09-14T02:52:21.6253228Z  [32m✓[39m [30m[45m core [49m[39m tests/hooks/useDeliveryStatus.test.tsx [2m([22m[2m1 test[22m[2m)[22m[32m 23[2mms[22m[39m
2026-09-14T02:52:22.9630091Z  [32m✓[39m [30m[45m core [49m[39m tests/components/viz/SharedLegend.test.tsx [2m([22m[2m2 tests[22m[2m)[22m[32m 42[2mms[22m[39m
2026-09-14T02:52:23.9867877Z  [32m✓[39m [30m[42m a11y [49m[39m tests/a11y/components.tooltip.test.tsx [2m([22m[2m1 test[22m[2m)[22m[32m 105[2mms[22m[39m
2026-09-14T02:52:24.9843878Z  [32m✓[39m [30m[42m a11y [49m[39m tests/a11y/components.popover.test.tsx [2m([22m[2m1 test[22m[2m)[22m[32m 120[2mms[22m[39m
2026-09-14T02:52:27.4857729Z  [32m✓[39m [30m[45m core [49m[39m tests/components/preferences/PreferenceForm.a11y.test.tsx [2m([22m[2m1 test[22m[2m)[22m[33m 1130[2mms[22m[39m
2026-09-14T02:52:27.4859552Z    [33m[2m✓[22m[39m PreferenceForm accessibility[2m > [22mrenders without axe violations [33m 1128[2mms[22m[39m
2026-09-14T02:52:28.4540307Z  [32m✓[39m [30m[42m a11y [49m[39m tests/a11y/components.dialog.a11y.test.tsx [2m([22m[2m1 test[22m[2m)[22m[32m 83[2mms[22m[39m
2026-09-14T02:52:29.0847731Z [90mstderr[2m | packages/mcp-server/test/a2ui-host-conformance/host-conformance-render.spec.ts
2026-09-14T02:52:29.0851163Z [22m[39mLit is in dev mode. Not recommended for production! See https://lit.dev/msg/dev-mode for more information.
2026-09-14T02:52:29.0852761Z 
2026-09-14T02:52:29.2726555Z  [32m✓[39m [30m[45m core [49m[39m packages/mcp-server/test/a2ui-host-conformance/host-conformance-render.spec.ts [2m([22m[2m51 tests[22m[2m)[22m[32m 127[2mms[22m[39m
2026-09-14T02:52:47.2046663Z 
2026-09-14T02:52:47.2048280Z [31m⎯⎯⎯⎯⎯⎯[39m[1m[41m Failed Tests 11 [49m[22m[31m⎯⎯⎯⎯⎯⎯⎯[39m
2026-09-14T02:52:47.2049352Z 
2026-09-14T02:52:47.2052890Z [41m[1m FAIL [22m[49m [30m[45m core [49m[39m tests/verification/forge-claims.contract.test.ts[2m > [22mgenerated Forge claims remain tied to their measured sources (s196)[2m > [22mpins every claim key and the entire text of every marked span and generated README
2026-09-14T02:52:47.2082744Z [31m[1mAssertionError[22m: docs/how-forge-works.html: expected [ 'a11y-rule-count', …(60) ] to deeply equal [ 'a11y-rule-count', …(58) ][39m
2026-09-14T02:52:47.2084408Z 
2026-09-14T02:52:47.2084926Z [32m- Expected[39m
2026-09-14T02:52:47.2085590Z [31m+ Received[39m
2026-09-14T02:52:47.2086022Z 
2026-09-14T02:52:47.2086486Z [33m@@ -16,10 +16,11 @@[39m
2026-09-14T02:52:47.2087307Z [2m    "fidelity-and-datasets",[22m
2026-09-14T02:52:47.2088087Z [2m    "footer",[22m
2026-09-14T02:52:47.2088831Z [2m    "generation-path",[22m
2026-09-14T02:52:47.2090201Z [2m    "generation-targets",[22m
2026-09-14T02:52:47.2093720Z [2m    "native-token-scope",[22m
2026-09-14T02:52:47.2094660Z [31m+   "object-chart-runtime-limit",[39m
2026-09-14T02:52:47.2095449Z [2m    "object-homes",[22m
2026-09-14T02:52:47.2096176Z [2m    "object-nav",[22m
2026-09-14T02:52:47.2096872Z [2m    "object-roster",[22m
2026-09-14T02:52:47.2097574Z [2m    "object-title",[22m
2026-09-14T02:52:47.2098309Z [2m    "operating-roster",[22m
2026-09-14T02:52:47.2099057Z [33m@@ -28,10 +29,11 @@[39m
2026-09-14T02:52:47.2099780Z [2m    "product-fields",[22m
2026-09-14T02:52:47.2106449Z [2m    "product-parameter-type",[22m
2026-09-14T02:52:47.2165074Z [2m    "product-screen",[22m
2026-09-14T02:52:47.2212601Z [2m    "reference-label",[22m
2026-09-14T02:52:47.2232395Z [2m    "region-roster",[22m
2026-09-14T02:52:47.2233059Z [31m+   "release-evidence-limit",[39m
2026-09-14T02:52:47.2233685Z [2m    "renderer-layouts",[22m
2026-09-14T02:52:47.2234236Z [2m    "safety-model",[22m
2026-09-14T02:52:47.2234763Z [2m    "schema-lifetime",[22m
2026-09-14T02:52:47.2235295Z [2m    "source-example-1",[22m
2026-09-14T02:52:47.2235842Z [2m    "source-example-2",[22m
2026-09-14T02:52:47.2236121Z 
2026-09-14T02:52:47.2236851Z [36m [2m❯[22m tests/verification/forge-claims.contract.test.ts:[2m38:110[22m[39m
2026-09-14T02:52:47.2243103Z     [90m 36| [39m  it('pins every claim key and the entire text of every marked span an…
2026-09-14T02:52:47.2333437Z     [90m 37| [39m    expect(Object.keys(templates).sort()).toEqual(Object.keys(CLAIM_KE…
2026-09-14T02:52:47.2342837Z     [90m 38| [39m    for (const [file, keys] of Object.entries(CLAIM_KEYS)) expect(Obje…
2026-09-14T02:52:47.2362792Z     [90m   | [39m                                                                                                             [31m^[39m
2026-09-14T02:52:47.2379755Z     [90m 39| [39m    expect(renderDocuments(facts, templates, documents)).toEqual(docum…
2026-09-14T02:52:47.2380919Z     [90m 40| [39m  })[33m;[39m
2026-09-14T02:52:47.2381560Z 
2026-09-14T02:52:47.2382141Z [31m[2m⎯⎯⎯⎯⎯⎯⎯⎯⎯⎯⎯⎯⎯⎯⎯⎯⎯⎯⎯⎯⎯⎯⎯[1/11]⎯[22m[39m
2026-09-14T02:52:47.2382649Z 
2026-09-14T02:52:47.2384921Z [41m[1m FAIL [22m[49m [30m[45m core [49m[39m tests/verification/forge-claims.contract.test.ts[2m > [22mgenerated Forge claims remain tied to their measured sources (s196)[2m > [22mpins the actually executed Product example instead of the stale 31-node prose
2026-09-14T02:52:47.2402743Z [31m[1mAssertionError[22m: expected { …(123) } to match object { productNodes: 18, …(3) }
2026-09-14T02:52:47.2422434Z (119 matching properties omitted from actual)[39m
2026-09-14T02:52:47.2423955Z 
2026-09-14T02:52:47.2442465Z [32m- Expected[39m
2026-09-14T02:52:47.2447143Z 
2026-09-14T02:52:47.2462133Z [31m+ Received[39m
2026-09-14T02:52:47.2472162Z 
2026-09-14T02:52:47.2472771Z [2m  {[22m
2026-09-14T02:52:47.2473574Z [2m    "productFields": 38,[22m
2026-09-14T02:52:47.2474424Z [32m-   "productNodes": 18,[39m
2026-09-14T02:52:47.2475091Z [31m+   "productNodes": 55,[39m
2026-09-14T02:52:47.2475694Z [2m    "productSlots": 10,[22m
2026-09-14T02:52:47.2476306Z [2m    "productTabs": 8,[22m
2026-09-14T02:52:47.2476828Z [2m  }[22m
2026-09-14T02:52:47.2477155Z 
2026-09-14T02:52:47.2477915Z [36m [2m❯[22m tests/verification/forge-claims.contract.test.ts:[2m81:19[22m[39m
2026-09-14T02:52:47.2479147Z     [90m 79| [39m  it('pins the actually executed Product example instead of the stale …
2026-09-14T02:52:47.2480570Z     [90m 80| [39m    // This operand is intentionally fixed: changing its output change…
2026-09-14T02:52:47.2486122Z [2m Test Files [22m [1m[31m8 failed[39m[22m[2m | [22m[1m[32m645 passed[39m[22m[2m | [22m[33m1 skipped[39m[90m (654)[39m
2026-09-14T02:52:47.2489149Z     [90m 81| [39m    expect(facts).toMatchObject({ productNodes: 18, productSlots: 10, …
2026-09-14T02:52:47.2490236Z     [90m   | [39m                  [31m^[39m
2026-09-14T02:52:47.2491843Z     [90m 82| [39m    expect(documents['docs/how-forge-works.html']).toContain('18-node …
2026-09-14T02:52:47.2493039Z     [90m 83| [39m    expect(documents['docs/how-forge-works.html']).not.toContain('31-n…
2026-09-14T02:52:47.2493694Z 
2026-09-14T02:52:47.2494245Z [31m[2m⎯⎯⎯⎯⎯⎯⎯⎯⎯⎯⎯⎯⎯⎯⎯⎯⎯⎯⎯⎯⎯⎯⎯[2/11]⎯[22m[39m
2026-09-14T02:52:47.2494724Z 
2026-09-14T02:52:47.2496767Z [41m[1m FAIL [22m[49m [30m[45m core [49m[39m packages/mcp-server/test/compose/object-aware-compose.spec.ts[2m > [22mobject-aware compose — pipeline tab label wiring (s86-m01)[2m > [22mSubscription detail pipeline produces semantic tab labels, not Tab 1/2/3
2026-09-14T02:52:47.2500425Z [31m[1mAssertionError[22m: expected [ 'Details', 'Billing' ] to deeply equal [ 'Billing', 'Details' ][39m
2026-09-14T02:52:47.2501230Z 
2026-09-14T02:52:47.2501806Z [32m- Expected[39m
2026-09-14T02:52:47.2502455Z [31m+ Received[39m
2026-09-14T02:52:47.2502815Z 
2026-09-14T02:52:47.2503130Z [2m  [[22m
2026-09-14T02:52:47.2503667Z [32m-   "Billing",[39m
2026-09-14T02:52:47.2504234Z [2m    "Details",[22m
2026-09-14T02:52:47.2504787Z [31m+   "Billing",[39m
2026-09-14T02:52:47.2505304Z [2m  ][22m
2026-09-14T02:52:47.2505647Z 
2026-09-14T02:52:47.2508192Z [36m [2m❯[22m packages/mcp-server/test/compose/object-aware-compose.spec.ts:[2m193:20[22m[39m
2026-09-14T02:52:47.2509153Z     [90m191| [39m
2026-09-14T02:52:47.2510017Z     [90m192| [39m    // Decision 1832: label the populated panels, without the old empt…
2026-09-14T02:52:47.2512058Z     [90m193| [39m    [34mexpect[39m(labels)[33m.[39m[34mtoEqual[39m([[32m'Billing'[39m[33m,[39m [32m'Details'[39m])[33m;[39m
2026-09-14T02:52:47.2513184Z     [90m   | [39m                   [31m^[39m
2026-09-14T02:52:47.2515682Z     [90m194| [39m    [34mexpect[39m([35mnew[39m [33mSet[39m(labels)[33m.[39msize)[33m.[39m[34mtoBe[39m(labels[33m.[39mlength)[33m;[39m
2026-09-14T02:52:47.2516834Z     [90m195| [39m  })[33m;[39m
2026-09-14T02:52:47.2517278Z 
2026-09-14T02:52:47.2517823Z [31m[2m⎯⎯⎯⎯⎯⎯⎯⎯⎯⎯⎯⎯⎯⎯⎯⎯⎯⎯⎯⎯⎯⎯⎯[3/11]⎯[22m[39m
2026-09-14T02:52:47.2518320Z 
2026-09-14T02:52:47.2521123Z [41m[1m FAIL [22m[49m [30m[45m core [49m[39m packages/mcp-server/test/contracts/fragment-anchor-contract.spec.ts[2m > [22mfragment-anchor contract: data-oods-label durable, data-oods-node-id best-effort[2m > [22ma surviving slot keeps its data-oods-label while data-oods-node-id may shift
2026-09-14T02:52:47.2525840Z [31m[1mAssertionError[22m: structural change should preserve some slots: expected 1 to be greater than 2[39m
2026-09-14T02:52:47.2528544Z [36m [2m❯[22m packages/mcp-server/test/contracts/fragment-anchor-contract.spec.ts:[2m138:78[22m[39m
2026-09-14T02:52:47.2531520Z     [90m136| [39m    [90m// Surviving slots = labels present in BOTH renders.[39m
2026-09-14T02:52:47.2534104Z     [90m137| [39m    const surviving = [...fewer.keys()].filter((label) => more.has(lab…
2026-09-14T02:52:47.2536345Z     [90m138| [39m    expect(surviving.length, 'structural change should preserve some s…
2026-09-14T02:52:47.2537547Z     [90m   | [39m                                                                             [31m^[39m
2026-09-14T02:52:47.2539087Z [2m      Tests [22m [1m[31m11 failed[39m[22m[2m | [22m[1m[32m7451 passed[39m[22m[2m | [22m[33m16 skipped[39m[90m (7478)[39m
2026-09-14T02:52:47.2540232Z     [90m139| [39m
2026-09-14T02:52:47.2540679Z [2m   Start at [22m 02:34:50
2026-09-14T02:52:47.2541872Z     [90m140| [39m    // DURABLE: every surviving slot is still addressable by the same …
2026-09-14T02:52:47.2545790Z 
2026-09-14T02:52:47.2546500Z [31m[2m⎯⎯⎯⎯⎯⎯⎯⎯⎯⎯⎯⎯⎯⎯⎯⎯⎯⎯⎯⎯⎯⎯⎯[4/11]⎯[22m[39m
2026-09-14T02:52:47.2547044Z 
2026-09-14T02:52:47.2552258Z [41m[1m FAIL [22m[49m [30m[45m core [49m[39m packages/mcp-server/test/product-reality/billing-composition.s188.spec.ts[2m > [22mDecision 1822 bounded recipe composition[2m > [22mpreserves the historical exact diff and current declared recipes across 66 schemas and 132 artifacts
2026-09-14T02:52:47.2555362Z [31m[1mAssertionError[22m: expected { …(27) } to deeply equal { …(27) }[39m
2026-09-14T02:52:47.2557189Z 
2026-09-14T02:52:47.2557612Z [32m- Expected[39m
2026-09-14T02:52:47.2558235Z [31m+ Received[39m
2026-09-14T02:52:47.2559628Z [2m   Duration [22m 1076.26s[2m (transform 16.22s, setup 0ms, collect 200.68s, tests 641.65s, environment 38.62s, prepare 52.02s)[22m
2026-09-14T02:52:47.2560676Z 
2026-09-14T02:52:47.2560688Z 
2026-09-14T02:52:47.2563166Z [33m@@ -1,7 +1,8 @@[39m
2026-09-14T02:52:47.2563892Z [2m  {[22m
2026-09-14T02:52:47.2564572Z [2m    "allowed_transitions": {[22m
2026-09-14T02:52:47.2565322Z [31m+     "default": [],[39m
2026-09-14T02:52:47.2573060Z [2m      "description": "Materialized list of valid next states from the current status, computed from the[22m
2026-09-14T02:52:47.2574488Z [2m  transitionRules parameter. When transitionRules is null (open model), this contains[22m
2026-09-14T02:52:47.2575827Z [2m  all states except the current one. Used by StatusSelector to disable invalid options[22m
2026-09-14T02:52:47.2576816Z [2m  and by StatusBadge to indicate available paths.[22m
2026-09-14T02:52:47.2577365Z [2m  ",[22m
2026-09-14T02:52:47.2577772Z [33m@@ -25,10 +26,11 @@[39m
2026-09-14T02:52:47.2578582Z [2m      "description": "Markdown content rendered in CMS detail views.",[22m
2026-09-14T02:52:47.2579289Z [2m      "required": true,[22m
2026-09-14T02:52:47.2579637Z [2m      "type": "string",[22m
2026-09-14T02:52:47.2580209Z [2m    },[22m
2026-09-14T02:52:47.2580486Z [2m    "categories": {[22m
2026-09-14T02:52:47.2580838Z [31m+     "default": [],[39m
2026-09-14T02:52:47.2581597Z [2m      "description": "Ordered taxonomy nodes scoped to the object.",[22m
2026-09-14T02:52:47.2582088Z [2m      "required": false,[22m
2026-09-14T02:52:47.2582546Z [2m      "semanticType": "classification.categories",[22m
2026-09-14T02:52:47.2583012Z [2m      "type": "CategoryNode[]",[22m
2026-09-14T02:52:47.2583330Z [2m    },[22m
2026-09-14T02:52:47.2583611Z [33m@@ -38,10 +40,11 @@[39m
2026-09-14T02:52:47.2583942Z [2m      "required": true,[22m
2026-09-14T02:52:47.2584367Z [2m      "semanticType": "classification.metadata",[22m
2026-09-14T02:52:47.2584833Z [2m      "type": "ClassificationMetadata",[22m
2026-09-14T02:52:47.2585153Z [2m    },[22m
2026-09-14T02:52:47.2585453Z [2m    "content_type": {[22m
2026-09-14T02:52:47.2585821Z [31m+     "default": "knowledge_base",[39m
2026-09-14T02:52:47.2586446Z [2m      "description": "Editorial template driving layout and governance workflows.",[22m
2026-09-14T02:52:47.2586927Z [2m      "enum": [[22m
2026-09-14T02:52:47.2587251Z [2m        "knowledge_base",[22m
2026-09-14T02:52:47.2587592Z [2m        "announcement",[22m
2026-09-14T02:52:47.2587920Z [2m        "release_notes",[22m
2026-09-14T02:52:47.2588233Z [33m@@ -79,10 +82,17 @@[39m
2026-09-14T02:52:47.2588591Z [2m      "semanticType": "text.label",[22m
2026-09-14T02:52:47.2588959Z [2m      "type": "string",[22m
2026-09-14T02:52:47.2589228Z [2m    },[22m
2026-09-14T02:52:47.2589543Z [2m    "last_event": {[22m
2026-09-14T02:52:47.2590154Z [2m      "description": "Lifecycle event associated with the most recent timestamp mutation.",[22m
2026-09-14T02:52:47.2590670Z [31m+     "enum": [[39m
2026-09-14T02:52:47.2590968Z [31m+       "created",[39m
2026-09-14T02:52:47.2591280Z [31m+       "scheduled",[39m
2026-09-14T02:52:47.2592237Z [31m+       "published",[39m
2026-09-14T02:52:47.2592702Z [31m+       "updated",[39m
2026-09-14T02:52:47.2593137Z [31m+       "archived",[39m
2026-09-14T02:52:47.2593539Z [31m+     ],[39m
2026-09-14T02:52:47.2593959Z [2m      "required": true,[22m
2026-09-14T02:52:47.2594542Z [2m      "semanticType": "audit.event.type",[22m
2026-09-14T02:52:47.2598202Z [2m      "type": "string",[22m
2026-09-14T02:52:47.2598755Z [2m    },[22m
2026-09-14T02:52:47.2599198Z [2m    "last_event_at": {[22m
2026-09-14T02:52:47.2599686Z [33m@@ -90,10 +100,11 @@[39m
2026-09-14T02:52:47.2600488Z [2m      "required": false,[22m
2026-09-14T02:52:47.2602753Z [2m      "semanticType": "audit.event.timestamp",[22m
2026-09-14T02:52:47.2603396Z [2m      "type": "datetime",[22m
2026-09-14T02:52:47.2603816Z [2m    },[22m
2026-09-14T02:52:47.2604200Z [2m    "locale": {[22m
2026-09-14T02:52:47.2604671Z [31m+     "default": "en-US",[39m
2026-09-14T02:52:47.2605537Z [2m      "description": "Locale tag determining headline, copy, and SEO metadata.",[22m
2026-09-14T02:52:47.2606278Z [2m      "required": false,[22m
2026-09-14T02:52:47.2606917Z [2m      "semanticType": "content.article.locale",[22m
2026-09-14T02:52:47.2607511Z [2m      "type": "string",[22m
2026-09-14T02:52:47.2607907Z [2m    },[22m
2026-09-14T02:52:47.2608325Z [33m@@ -131,10 +142,11 @@[39m
2026-09-14T02:52:47.2608799Z [2m      "required": true,[22m
2026-09-14T02:52:47.2609396Z [2m      "semanticType": "content.article.slug",[22m
2026-09-14T02:52:47.2609967Z [2m      "type": "string",[22m
2026-09-14T02:52:47.2610372Z [2m    },[22m
2026-09-14T02:52:47.2610775Z [2m    "state_history": {[22m
2026-09-14T02:52:47.2611234Z [31m+     "default": [],[39m
2026-09-14T02:52:47.2612448Z [2m      "description": "Chronological log of state transitions. Each entry records the before/after states,[22m
2026-09-14T02:52:47.2613735Z [2m  timestamp, and (when governance is enabled) the actor, reason, and transition metadata.[22m
2026-09-14T02:52:47.2614752Z [2m  Rendered by StatusTimeline in the detail and timeline views.[22m
2026-09-14T02:52:47.2615506Z 
2026-09-14T02:52:47.2615728Z [2m  Entry structure:[22m
2026-09-14T02:52:47.2616195Z [33m@@ -152,25 +164,34 @@[39m
2026-09-14T02:52:47.2616633Z [2m    "status": {[22m
2026-09-14T02:52:47.2617708Z [2m      "description": "Canonical lifecycle state derived from the states parameter. This is the single source[22m
2026-09-14T02:52:47.2619045Z [2m  of truth for the entity's current lifecycle position. Consumed by Colorized to resolve[22m
2026-09-14T02:52:47.2620261Z [2m  visual tokens, and by view extensions to render StatusBadge and StatusTimeline.[22m
2026-09-14T02:52:47.2635830Z [2m  ",[22m
2026-09-14T02:52:47.2636270Z [31m+     "enum": [[39m
2026-09-14T02:52:47.2636731Z [31m+       "draft",[39m
2026-09-14T02:52:47.2637183Z [31m+       "in_review",[39m
2026-09-14T02:52:47.2664180Z [31m+       "scheduled",[39m
2026-09-14T02:52:47.2664696Z [31m+       "published",[39m
2026-09-14T02:52:47.2665147Z [31m+       "archived",[39m
2026-09-14T02:52:47.2665574Z [31m+     ],[39m
2026-09-14T02:52:47.2666005Z [2m      "required": true,[22m
2026-09-14T02:52:47.2666597Z [2m      "semanticType": "status.state",[22m
2026-09-14T02:52:47.2667216Z [2m      "type": "string",[22m
2026-09-14T02:52:47.2667626Z [2m    },[22m
2026-09-14T02:52:47.2668015Z [2m    "tag_count": {[22m
2026-09-14T02:52:47.2668497Z [31m+     "default": 0,[39m
2026-09-14T02:52:47.2669317Z [2m      "description": "Number of canonical tags assigned to the object.",[22m
2026-09-14T02:52:47.2670078Z [2m      "required": false,[22m
2026-09-14T02:52:47.2670615Z [2m      "type": "number",[22m
2026-09-14T02:52:47.2671028Z [2m    },[22m
2026-09-14T02:52:47.2688112Z [2m    "tag_preview": {[22m
2026-09-14T02:52:47.2689211Z [2m      "description": "Denormalized comma-delimited preview for list renders.",[22m
2026-09-14T02:52:47.2690123Z [2m      "required": false,[22m
2026-09-14T02:52:47.2690701Z [2m      "type": "string",[22m
2026-09-14T02:52:47.2691150Z [2m    },[22m
2026-09-14T02:52:47.2691784Z [2m    "tags": {[22m
2026-09-14T02:52:47.2692285Z [31m+     "default": [],[39m
2026-09-14T02:52:47.2693152Z [2m      "description": "Canonical tag collection after synonym collapse.",[22m
2026-09-14T02:52:47.2693941Z [2m      "required": false,[22m
2026-09-14T02:52:47.2694614Z [2m      "semanticType": "classification.tags",[22m
2026-09-14T02:52:47.2695265Z [2m      "type": "Tag[]",[22m
2026-09-14T02:52:47.2695695Z [2m    },[22m
2026-09-14T02:52:47.2695898Z 
2026-09-14T02:52:47.2697297Z [36m [2m❯[22m packages/mcp-server/test/product-reality/billing-composition.s188.spec.ts:[2m88:42[22m[39m
2026-09-14T02:52:47.2698713Z     [90m 86| [39m      const retained = historical.rows.find(candidate => candidate.obj…
2026-09-14T02:52:47.2713003Z     [90m 87| [39m      expect(retained.schema, `${row.object}/${row.context} historical…
2026-09-14T02:52:47.2713991Z     [90m 88| [39m      expect(result.schema.objectSchema).toEqual(row.schema.objectSche…
2026-09-14T02:52:47.2714791Z     [90m   | [39m                                         [31m^[39m
2026-09-14T02:52:47.2715660Z     [90m 89| [39m      if (JSON.stringify(retained.schema) === JSON.stringify(row.schem…
2026-09-14T02:52:47.2716908Z     [90m 90| [39m      [35mconst[39m composed [33m=[39m [34mcomposeObject[39m([34mloadObject[39m(row[33m.[39mobject))[33m;[39m
2026-09-14T02:52:47.2717540Z 
2026-09-14T02:52:47.2717924Z [31m[2m⎯⎯⎯⎯⎯⎯⎯⎯⎯⎯⎯⎯⎯⎯⎯⎯⎯⎯⎯⎯⎯⎯⎯[5/11]⎯[22m[39m
2026-09-14T02:52:47.2718252Z 
2026-09-14T02:52:47.2720361Z [41m[1m FAIL [22m[49m [30m[45m core [49m[39m packages/mcp-server/test/product-reality/billing-placement.s188.spec.ts[2m > [22mSprint 188 remaining trait placement obligations[2m > [22mretains historical grouped-slot bytes and current status fields after detail reconciliation
2026-09-14T02:52:47.2763613Z [31m[1mAssertionError[22m: expected { id: 'slot-tab-0-4', …(5) } to match object { component: 'Stack', props: { …(2) } }
2026-09-14T02:52:47.2764735Z (9 matching properties omitted from actual)[39m
2026-09-14T02:52:47.2765578Z 
2026-09-14T02:52:47.2765814Z [32m- Expected[39m
2026-09-14T02:52:47.2766254Z [31m+ Received[39m
2026-09-14T02:52:47.2766460Z 
2026-09-14T02:52:47.2766634Z [2m  {[22m
2026-09-14T02:52:47.2767108Z [2m    "component": "Stack",[22m
2026-09-14T02:52:47.2767740Z [32m-   "props": {[39m
2026-09-14T02:52:47.2768200Z [32m-     "fields": [[39m
2026-09-14T02:52:47.2768656Z [32m-       "status",[39m
2026-09-14T02:52:47.2769219Z [32m-       "allowed_transitions",[39m
2026-09-14T02:52:47.2769724Z [32m-     ],[39m
2026-09-14T02:52:47.2770316Z [32m-     "patternComponent": "StatusTimeline",[39m
2026-09-14T02:52:47.2770873Z [32m-   },[39m
2026-09-14T02:52:47.2771544Z [31m+   "props": undefined,[39m
2026-09-14T02:52:47.2771976Z [2m  }[22m
2026-09-14T02:52:47.2772164Z 
2026-09-14T02:52:47.2773095Z [36m [2m❯[22m packages/mcp-server/test/product-reality/billing-placement.s188.spec.ts:[2m71:19[22m[39m
2026-09-14T02:52:47.2774416Z     [90m 69| [39m    expect(nodes(historical.rows.find(row => row.object === 'Article' …
2026-09-14T02:52:47.2775531Z     [90m 70| [39m    const group = nodes(current.schema).find(node => node.meta?.notes …
2026-09-14T02:52:47.2776547Z     [90m 71| [39m    expect(group).toMatchObject({ component: 'Stack', props: { pattern…
2026-09-14T02:52:47.2777358Z     [90m   | [39m                  [31m^[39m
2026-09-14T02:52:47.2778228Z     [90m 72| [39m    expect(group.children?.map(node => node.props?.field)).toEqual(['s…
2026-09-14T02:52:47.2779000Z     [90m 73| [39m  })[33m;[39m
2026-09-14T02:52:47.2779269Z 
2026-09-14T02:52:47.2779669Z [31m[2m⎯⎯⎯⎯⎯⎯⎯⎯⎯⎯⎯⎯⎯⎯⎯⎯⎯⎯⎯⎯⎯⎯⎯[6/11]⎯[22m[39m
2026-09-14T02:52:47.2780004Z 
2026-09-14T02:52:47.2785091Z [41m[1m FAIL [22m[49m [30m[45m core [49m[39m packages/mcp-server/test/product-reality/billing-placement.s188.spec.ts[2m > [22mSprint 188 remaining trait placement obligations[2m > [22mpreserves the historical placement diff and current declared recipes across 66 schemas, 132 artifacts and workflow
2026-09-14T02:52:47.2787557Z [31m[1mAssertionError[22m: expected { …(27) } to deeply equal { …(27) }[39m
2026-09-14T02:52:47.2788084Z 
2026-09-14T02:52:47.2788312Z [32m- Expected[39m
2026-09-14T02:52:47.2788747Z [31m+ Received[39m
2026-09-14T02:52:47.2788967Z 
2026-09-14T02:52:47.2789201Z [33m@@ -1,7 +1,8 @@[39m
2026-09-14T02:52:47.2789606Z [2m  {[22m
2026-09-14T02:52:47.2790107Z [2m    "allowed_transitions": {[22m
2026-09-14T02:52:47.2791019Z [31m+     "default": [],[39m
2026-09-14T02:52:47.2792334Z [2m      "description": "Materialized list of valid next states from the current status, computed from the[22m
2026-09-14T02:52:47.2793815Z [2m  transitionRules parameter. When transitionRules is null (open model), this contains[22m
2026-09-14T02:52:47.2795185Z [2m  all states except the current one. Used by StatusSelector to disable invalid options[22m
2026-09-14T02:52:47.2796233Z [2m  and by StatusBadge to indicate available paths.[22m
2026-09-14T02:52:47.2796818Z [2m  ",[22m
2026-09-14T02:52:47.2797247Z [33m@@ -25,10 +26,11 @@[39m
2026-09-14T02:52:47.2798075Z [2m      "description": "Markdown content rendered in CMS detail views.",[22m
2026-09-14T02:52:47.2798857Z [2m      "required": true,[22m
2026-09-14T02:52:47.2799403Z [2m      "type": "string",[22m
2026-09-14T02:52:47.2799839Z [2m    },[22m
2026-09-14T02:52:47.2800260Z [2m    "categories": {[22m
2026-09-14T02:52:47.2800769Z [31m+     "default": [],[39m
2026-09-14T02:52:47.2822235Z [2m      "description": "Ordered taxonomy nodes scoped to the object.",[22m
2026-09-14T02:52:47.2823218Z [2m      "required": false,[22m
2026-09-14T02:52:47.2823983Z [2m      "semanticType": "classification.categories",[22m
2026-09-14T02:52:47.2824700Z [2m      "type": "CategoryNode[]",[22m
2026-09-14T02:52:47.2825192Z [2m    },[22m
2026-09-14T02:52:47.2825618Z [33m@@ -38,10 +40,11 @@[39m
2026-09-14T02:52:47.2826131Z [2m      "required": true,[22m
2026-09-14T02:52:47.2826805Z [2m      "semanticType": "classification.metadata",[22m
2026-09-14T02:52:47.2827893Z [2m      "type": "ClassificationMetadata",[22m
2026-09-14T02:52:47.2828417Z [2m    },[22m
2026-09-14T02:52:47.2828877Z [2m    "content_type": {[22m
2026-09-14T02:52:47.2829438Z [31m+     "default": "knowledge_base",[39m
2026-09-14T02:52:47.2830420Z [2m      "description": "Editorial template driving layout and governance workflows.",[22m
2026-09-14T02:52:47.2831194Z [2m      "enum": [[22m
2026-09-14T02:52:47.2831900Z [2m        "knowledge_base",[22m
2026-09-14T02:52:47.2832445Z [2m        "announcement",[22m
2026-09-14T02:52:47.2832937Z [2m        "release_notes",[22m
2026-09-14T02:52:47.2833326Z [33m@@ -79,10 +82,17 @@[39m
2026-09-14T02:52:47.2833697Z [2m      "semanticType": "text.label",[22m
2026-09-14T02:52:47.2834073Z [2m      "type": "string",[22m
2026-09-14T02:52:47.2834356Z [2m    },[22m
2026-09-14T02:52:47.2834621Z [2m    "last_event": {[22m
2026-09-14T02:52:47.2835236Z [2m      "description": "Lifecycle event associated with the most recent timestamp mutation.",[22m
2026-09-14T02:52:47.2835767Z [31m+     "enum": [[39m
2026-09-14T02:52:47.2836066Z [31m+       "created",[39m
2026-09-14T02:52:47.2836396Z [31m+       "scheduled",[39m
2026-09-14T02:52:47.2836727Z [31m+       "published",[39m
2026-09-14T02:52:47.2837023Z [31m+       "updated",[39m
2026-09-14T02:52:47.2837317Z [31m+       "archived",[39m
2026-09-14T02:52:47.2837595Z [31m+     ],[39m
2026-09-14T02:52:47.2837894Z [2m      "required": true,[22m
2026-09-14T02:52:47.2838289Z [2m      "semanticType": "audit.event.type",[22m
2026-09-14T02:52:47.2838687Z [2m      "type": "string",[22m
2026-09-14T02:52:47.2838969Z [2m    },[22m
2026-09-14T02:52:47.2839254Z [2m    "last_event_at": {[22m
2026-09-14T02:52:47.2839576Z [33m@@ -90,10 +100,11 @@[39m
2026-09-14T02:52:47.2839896Z [2m      "required": false,[22m
2026-09-14T02:52:47.2840312Z [2m      "semanticType": "audit.event.timestamp",[22m
2026-09-14T02:52:47.2840714Z [2m      "type": "datetime",[22m
2026-09-14T02:52:47.2840994Z [2m    },[22m
2026-09-14T02:52:47.2841255Z [2m    "locale": {[22m
2026-09-14T02:52:47.2844250Z [31m+     "default": "en-US",[39m
2026-09-14T02:52:47.2845163Z [2m      "description": "Locale tag determining headline, copy, and SEO metadata.",[22m
2026-09-14T02:52:47.2845942Z [2m      "required": false,[22m
2026-09-14T02:52:47.2846581Z [2m      "semanticType": "content.article.locale",[22m
2026-09-14T02:52:47.2847184Z [2m      "type": "string",[22m
2026-09-14T02:52:47.2848037Z [2m    },[22m
2026-09-14T02:52:47.2848526Z [33m@@ -131,10 +142,11 @@[39m
2026-09-14T02:52:47.2849045Z [2m      "required": true,[22m
2026-09-14T02:52:47.2849720Z [2m      "semanticType": "content.article.slug",[22m
2026-09-14T02:52:47.2850361Z [2m      "type": "string",[22m
2026-09-14T02:52:47.2850793Z [2m    },[22m
2026-09-14T02:52:47.2851231Z [2m    "state_history": {[22m
2026-09-14T02:52:47.2851975Z [31m+     "default": [],[39m
2026-09-14T02:52:47.2856912Z [2m      "description": "Chronological log of state transitions. Each entry records the before/after states,[22m
2026-09-14T02:52:47.2858402Z [2m  timestamp, and (when governance is enabled) the actor, reason, and transition metadata.[22m
2026-09-14T02:52:47.2864136Z [2m  Rendered by StatusTimeline in the detail and timeline views.[22m
2026-09-14T02:52:47.2864652Z 
2026-09-14T02:52:47.2864923Z [2m  Entry structure:[22m
2026-09-14T02:52:47.2865453Z [33m@@ -152,25 +164,34 @@[39m
2026-09-14T02:52:47.2865952Z [2m    "status": {[22m
2026-09-14T02:52:47.2867109Z [2m      "description": "Canonical lifecycle state derived from the states parameter. This is the single source[22m
2026-09-14T02:52:47.2872325Z [2m  of truth for the entity's current lifecycle position. Consumed by Colorized to resolve[22m
2026-09-14T02:52:47.2873728Z [2m  visual tokens, and by view extensions to render StatusBadge and StatusTimeline.[22m
2026-09-14T02:52:47.2874466Z [2m  ",[22m
2026-09-14T02:52:47.2875210Z [31m+     "enum": [[39m
2026-09-14T02:52:47.2875650Z [31m+       "draft",[39m
2026-09-14T02:52:47.2876135Z [31m+       "in_review",[39m
2026-09-14T02:52:47.2876612Z [31m+       "scheduled",[39m
2026-09-14T02:52:47.2877097Z [31m+       "published",[39m
2026-09-14T02:52:47.2877552Z [31m+       "archived",[39m
2026-09-14T02:52:47.2877944Z [31m+     ],[39m
2026-09-14T02:52:47.2878251Z [2m      "required": true,[22m
2026-09-14T02:52:47.2878635Z [2m      "semanticType": "status.state",[22m
2026-09-14T02:52:47.2879024Z [2m      "type": "string",[22m
2026-09-14T02:52:47.2879296Z [2m    },[22m
2026-09-14T02:52:47.2879558Z [2m    "tag_count": {[22m
2026-09-14T02:52:47.2879852Z [31m+     "default": 0,[39m
2026-09-14T02:52:47.2880369Z [2m      "description": "Number of canonical tags assigned to the object.",[22m
2026-09-14T02:52:47.2880836Z [2m      "required": false,[22m
2026-09-14T02:52:47.2881165Z [2m      "type": "number",[22m
2026-09-14T02:52:47.2881750Z [2m    },[22m
2026-09-14T02:52:47.2882163Z [2m    "tag_preview": {[22m
2026-09-14T02:52:47.2883050Z [2m      "description": "Denormalized comma-delimited preview for list renders.",[22m
2026-09-14T02:52:47.2884325Z [2m      "required": false,[22m
2026-09-14T02:52:47.2884893Z [2m      "type": "string",[22m
2026-09-14T02:52:47.2885329Z [2m    },[22m
2026-09-14T02:52:47.2885729Z [2m    "tags": {[22m
2026-09-14T02:52:47.2886200Z [31m+     "default": [],[39m
2026-09-14T02:52:47.2894994Z [2m      "description": "Canonical tag collection after synonym collapse.",[22m
2026-09-14T02:52:47.2895927Z [2m      "required": false,[22m
2026-09-14T02:52:47.2896872Z [2m      "semanticType": "classification.tags",[22m
2026-09-14T02:52:47.2898427Z [2m      "type": "Tag[]",[22m
2026-09-14T02:52:47.2898861Z [2m    },[22m
2026-09-14T02:52:47.2899067Z 
2026-09-14T02:52:47.2900886Z [36m [2m❯[22m packages/mcp-server/test/product-reality/billing-placement.s188.spec.ts:[2m90:43[22m[39m
2026-09-14T02:52:47.2907151Z     [90m 88| [39m      const retained = historical.rows.find(candidate => candidate.obj…
2026-09-14T02:52:47.2922753Z     [90m 89| [39m      expect(retained.schema, `${row.object}/${row.context} historical…
2026-09-14T02:52:47.2923916Z     [90m 90| [39m      expect(current.schema.objectSchema).toEqual(row.schema.objectSch…
2026-09-14T02:52:47.2924860Z     [90m   | [39m                                          [31m^[39m
2026-09-14T02:52:47.2926245Z     [90m 91| [39m      if (JSON.stringify(retained.schema) === JSON.stringify(row.schem…
2026-09-14T02:52:47.2927334Z     [90m 92| [39m      const plan = collectViewExtensions(composeObject(loadObject(row.…
2026-09-14T02:52:47.2927875Z 
2026-09-14T02:52:47.2928302Z [31m[2m⎯⎯⎯⎯⎯⎯⎯⎯⎯⎯⎯⎯⎯⎯⎯⎯⎯⎯⎯⎯⎯⎯⎯[7/11]⎯[22m[39m
2026-09-14T02:52:47.2928666Z 
2026-09-14T02:52:47.2931041Z [41m[1m FAIL [22m[49m [30m[45m core [49m[39m packages/mcp-server/test/product-reality/collections.s191.spec.ts[2m > [22mworkflow collection domain ownership (s191)[2m > [22mupserts by the declared default-role field, preserves other entries and metadata, and persists only on Save
2026-09-14T02:52:47.2951095Z [31m[1mAssertionError[22m: expected '103 Main Street' to be '100 Main Street' // Object.is equality[39m
2026-09-14T02:52:47.2952012Z 
2026-09-14T02:52:47.2952393Z Expected: [32m"10[7m0[27m Main Street"[39m
2026-09-14T02:52:47.2953106Z Received: [31m"10[7m3[27m Main Street"[39m
2026-09-14T02:52:47.2953456Z 
2026-09-14T02:52:47.2954324Z [36m [2m❯[22m packages/mcp-server/test/product-reality/collections.s191.spec.ts:[2m79:72[22m[39m
2026-09-14T02:52:47.2955569Z     [90m 77| [39m      const app = createWorkflow({ seed, latency: 0, now: () => '2026-…
2026-09-14T02:52:47.2956676Z     [90m 78| [39m      [35mawait[39m app[33m.[39m[34mnavigate[39m([32m'form'[39m)[33m;[39m
2026-09-14T02:52:47.2957762Z     [90m 79| [39m      expect(collectionAddress(app.snapshot().draft.locations).street)…
2026-09-14T02:52:47.2958782Z     [90m   | [39m                                                                       [31m^[39m
2026-09-14T02:52:47.2960198Z     [90m 80| [39m      app.actions.handleChange_locations({ street: '8 Lake Road', city…
2026-09-14T02:52:47.2962015Z     [90m 81| [39m      [34mexpect[39m(app[33m.[39m[34msnapshot[39m()[33m.[39mdraft[33m.[39mlocations)[33m.[39m[34mtoHaveLength[39m([34m2[39m)[33m;[39m
2026-09-14T02:52:47.2962886Z 
2026-09-14T02:52:47.2963290Z [31m[2m⎯⎯⎯⎯⎯⎯⎯⎯⎯⎯⎯⎯⎯⎯⎯⎯⎯⎯⎯⎯⎯⎯⎯[8/11]⎯[22m[39m
2026-09-14T02:52:47.2963634Z 
2026-09-14T02:52:47.2965806Z [41m[1m FAIL [22m[49m [30m[45m core [49m[39m packages/mcp-server/test/product-reality/disputed.s192.spec.ts[2m > [22mretained declared trait recipes and Invoice writer ownership[2m > [22mplaces the declared timeline recipe and emits both governed targets
2026-09-14T02:52:47.2967920Z [31m[1mAssertionError[22m: expected [] to have a length of 1 but got +0[39m
2026-09-14T02:52:47.2968445Z 
2026-09-14T02:52:47.2968669Z [32m- Expected[39m
2026-09-14T02:52:47.2969158Z [31m+ Received[39m
2026-09-14T02:52:47.2969373Z 
2026-09-14T02:52:47.2969574Z [32m- 1[39m
2026-09-14T02:52:47.2969980Z [31m+ 0[39m
2026-09-14T02:52:47.2980022Z 
2026-09-14T02:52:47.2981114Z [36m [2m❯[22m packages/mcp-server/test/product-reality/disputed.s192.spec.ts:[2m23:110[22m[39m
2026-09-14T02:52:47.2982015Z 
2026-09-14T02:52:47.2982025Z 
2026-09-14T02:52:47.2982476Z [31m[2m⎯⎯⎯⎯⎯⎯⎯⎯⎯⎯⎯⎯⎯⎯⎯⎯⎯⎯⎯⎯⎯⎯⎯[9/11]⎯[22m[39m
2026-09-14T02:52:47.2982816Z 
2026-09-14T02:52:47.2985070Z [41m[1m FAIL [22m[49m [30m[45m core [49m[39m packages/mcp-server/test/product-reality/payment-chart.s190.spec.ts[2m > [22mSubscription payment chart is an actual public render[2m > [22memits repeatable, strictly typed react workflow assets keyed by seed identity
2026-09-14T02:52:47.2988790Z [41m[1m FAIL [22m[49m [30m[45m core [49m[39m packages/mcp-server/test/product-reality/payment-chart.s190.spec.ts[2m > [22mSubscription payment chart is an actual public render[2m > [22memits repeatable, strictly typed vue workflow assets keyed by seed identity
2026-09-14T02:52:47.2991265Z [31m[1mAssertionError[22m: expected { chartType: 'area', …(7) } to match object { chartType: 'area', …(4) }
2026-09-14T02:52:47.2992517Z (8 matching properties omitted from actual)[39m
2026-09-14T02:52:47.2992903Z 
2026-09-14T02:52:47.2993126Z [32m- Expected[39m
2026-09-14T02:52:47.2993594Z [31m+ Received[39m
2026-09-14T02:52:47.2993819Z 
2026-09-14T02:52:47.2994051Z [33m@@ -2,23 +2,23 @@[39m
2026-09-14T02:52:47.2994932Z [2m    "brand": "B",[22m
2026-09-14T02:52:47.2995469Z [2m    "chartType": "area",[22m
2026-09-14T02:52:47.2996075Z [2m    "name": "Payment amounts",[22m
2026-09-14T02:52:47.2996610Z [2m    "rows": [[22m
2026-09-14T02:52:47.2997161Z [2m      {[22m
2026-09-14T02:52:47.2997656Z [32m-       "amount": 45.6,[39m
2026-09-14T02:52:47.2998225Z [31m+       "amount": 79.2,[39m
2026-09-14T02:52:47.2998894Z [2m        "date": "2026-06-01T12:00:00.000Z",[22m
2026-09-14T02:52:47.2999435Z [2m      },[22m
2026-09-14T02:52:47.2999837Z [2m      {[22m
2026-09-14T02:52:47.3000308Z [32m-       "amount": 62.7,[39m
2026-09-14T02:52:47.3000889Z [31m+       "amount": 108.9,[39m
2026-09-14T02:52:47.3001698Z [2m        "date": "2026-07-01T12:00:00.000Z",[22m
2026-09-14T02:52:47.3002314Z [2m      },[22m
2026-09-14T02:52:47.3002712Z [2m      {[22m
2026-09-14T02:52:47.3003200Z [32m-       "amount": 51.3,[39m
2026-09-14T02:52:47.3003751Z [31m+       "amount": 89.1,[39m
2026-09-14T02:52:47.3004360Z [2m        "date": "2026-08-01T12:00:00.000Z",[22m
2026-09-14T02:52:47.3004934Z [2m      },[22m
2026-09-14T02:52:47.3005359Z [2m      {[22m
2026-09-14T02:52:47.3005848Z [32m-       "amount": 57,[39m
2026-09-14T02:52:47.3006328Z [31m+       "amount": 99,[39m
2026-09-14T02:52:47.3006966Z [2m        "date": "2026-09-01T12:00:00.000Z",[22m
2026-09-14T02:52:47.3007534Z [2m      },[22m
2026-09-14T02:52:47.3007922Z [2m    ],[22m
2026-09-14T02:52:47.3008379Z [2m    "theme": "dark",[22m
2026-09-14T02:52:47.3009161Z [2m  }[22m
2026-09-14T02:52:47.3009363Z 
2026-09-14T02:52:47.3010241Z [36m [2m❯[22m packages/mcp-server/test/product-reality/payment-chart.s190.spec.ts:[2m42:25[22m[39m
2026-09-14T02:52:47.3010925Z 
2026-09-14T02:52:47.3010934Z 
2026-09-14T02:52:47.3011480Z [31m[2m⎯⎯⎯⎯⎯⎯⎯⎯⎯⎯⎯⎯⎯⎯⎯⎯⎯⎯⎯⎯⎯⎯[10/11]⎯[22m[39m
2026-09-14T02:52:47.3011824Z 
2026-09-14T02:52:47.3011872Z 
2026-09-14T02:52:47.3172003Z ##[error]AssertionError: docs/how-forge-works.html: expected [ 'a11y-rule-count', …(60) ] to deeply equal [ 'a11y-rule-count', …(58) ]

- Expected
+ Received

@@ -16,10 +16,11 @@
    "fidelity-and-datasets",
    "footer",
    "generation-path",
    "generation-targets",
    "native-token-scope",
+   "object-chart-runtime-limit",
    "object-homes",
    "object-nav",
    "object-roster",
    "object-title",
    "operating-roster",
@@ -28,10 +29,11 @@
    "product-fields",
    "product-parameter-type",
    "product-screen",
    "reference-label",
    "region-roster",
+   "release-evidence-limit",
    "renderer-layouts",
    "safety-model",
    "schema-lifetime",
    "source-example-1",
    "source-example-2",

 ❯ tests/verification/forge-claims.contract.test.ts:38:110


2026-09-14T02:52:47.3187887Z 
2026-09-14T02:52:47.3197322Z ##[error]AssertionError: expected { …(123) } to match object { productNodes: 18, …(3) }
(119 matching properties omitted from actual)

- Expected
+ Received

  {
    "productFields": 38,
-   "productNodes": 18,
+   "productNodes": 55,
    "productSlots": 10,
    "productTabs": 8,
  }

 ❯ tests/verification/forge-claims.contract.test.ts:81:19


2026-09-14T02:52:47.3199687Z 
2026-09-14T02:52:47.3247154Z ##[error]AssertionError: expected [ 'Details', 'Billing' ] to deeply equal [ 'Billing', 'Details' ]

- Expected
+ Received

  [
-   "Billing",
    "Details",
+   "Billing",
  ]

 ❯ packages/mcp-server/test/compose/object-aware-compose.spec.ts:193:20


2026-09-14T02:52:47.3249826Z 
2026-09-14T02:52:47.3254301Z ##[error]AssertionError: structural change should preserve some slots: expected 1 to be greater than 2
 ❯ packages/mcp-server/test/contracts/fragment-anchor-contract.spec.ts:138:78


2026-09-14T02:52:47.3256333Z 
2026-09-14T02:52:47.3313090Z ##[error]AssertionError: expected { …(27) } to deeply equal { …(27) }

- Expected
+ Received

@@ -1,7 +1,8 @@
  {
    "allowed_transitions": {
+     "default": [],
      "description": "Materialized list of valid next states from the current status, computed from the
  transitionRules parameter. When transitionRules is null (open model), this contains
  all states except the current one. Used by StatusSelector to disable invalid options
  and by StatusBadge to indicate available paths.
  ",
@@ -25,10 +26,11 @@
      "description": "Markdown content rendered in CMS detail views.",
      "required": true,
      "type": "string",
    },
    "categories": {
+     "default": [],
      "description": "Ordered taxonomy nodes scoped to the object.",
      "required": false,
      "semanticType": "classification.categories",
      "type": "CategoryNode[]",
    },
@@ -38,10 +40,11 @@
      "required": true,
      "semanticType": "classification.metadata",
      "type": "ClassificationMetadata",
    },
    "content_type": {
+     "default": "knowledge_base",
      "description": "Editorial template driving layout and governance workflows.",
      "enum": [
        "knowledge_base",
        "announcement",
        "release_notes",
@@ -79,10 +82,17 @@
      "semanticType": "text.label",
      "type": "string",
    },
    "last_event": {
      "description": "Lifecycle event associated with the most recent timestamp mutation.",
+     "enum": [
+       "created",
+       "scheduled",
+       "published",
+       "updated",
+       "archived",
+     ],
      "required": true,
      "semanticType": "audit.event.type",
      "type": "string",
    },
    "last_event_at": {
@@ -90,10 +100,11 @@
      "required": false,
      "semanticType": "audit.event.timestamp",
      "type": "datetime",
    },
    "locale": {
+     "default": "en-US",
      "description": "Locale tag determining headline, copy, and SEO metadata.",
      "required": false,
      "semanticType": "content.article.locale",
      "type": "string",
    },
@@ -131,10 +142,11 @@
      "required": true,
      "semanticType": "content.article.slug",
      "type": "string",
    },
    "state_history": {
+     "default": [],
      "description": "Chronological log of state transitions. Each entry records the before/after states,
  timestamp, and (when governance is enabled) the actor, reason, and transition metadata.
  Rendered by StatusTimeline in the detail and timeline views.

  Entry structure:
@@ -152,25 +164,34 @@
    "status": {
      "description": "Canonical lifecycle state derived from the states parameter. This is the single source
  of truth for the entity's current lifecycle position. Consumed by Colorized to resolve
  visual tokens, and by view extensions to render StatusBadge and StatusTimeline.
  ",
+     "enum": [
+       "draft",
+       "in_review",
+       "scheduled",
+       "published",
+       "archived",
+     ],
      "required": true,
      "semanticType": "status.state",
      "type": "string",
    },
    "tag_count": {
+     "default": 0,
      "description": "Number of canonical tags assigned to the object.",
      "required": false,
      "type": "number",
    },
    "tag_preview": {
      "description": "Denormalized comma-delimited preview for list renders.",
      "required": false,
      "type": "string",
    },
    "tags": {
+     "default": [],
      "description": "Canonical tag collection after synonym collapse.",
      "required": false,
      "semanticType": "classification.tags",
      "type": "Tag[]",
    },

 ❯ packages/mcp-server/test/product-reality/billing-composition.s188.spec.ts:88:42


2026-09-14T02:52:47.3349746Z 
2026-09-14T02:52:47.3356066Z ##[error]AssertionError: expected { id: 'slot-tab-0-4', …(5) } to match object { component: 'Stack', props: { …(2) } }
(9 matching properties omitted from actual)

- Expected
+ Received

  {
    "component": "Stack",
-   "props": {
-     "fields": [
-       "status",
-       "allowed_transitions",
-     ],
-     "patternComponent": "StatusTimeline",
-   },
+   "props": undefined,
  }

 ❯ packages/mcp-server/test/product-reality/billing-placement.s188.spec.ts:71:19


2026-09-14T02:52:47.3359460Z 
2026-09-14T02:52:47.3397992Z ##[error]AssertionError: expected { …(27) } to deeply equal { …(27) }

- Expected
+ Received

@@ -1,7 +1,8 @@
  {
    "allowed_transitions": {
+     "default": [],
      "description": "Materialized list of valid next states from the current status, computed from the
  transitionRules parameter. When transitionRules is null (open model), this contains
  all states except the current one. Used by StatusSelector to disable invalid options
  and by StatusBadge to indicate available paths.
  ",
@@ -25,10 +26,11 @@
      "description": "Markdown content rendered in CMS detail views.",
      "required": true,
      "type": "string",
    },
    "categories": {
+     "default": [],
      "description": "Ordered taxonomy nodes scoped to the object.",
      "required": false,
      "semanticType": "classification.categories",
      "type": "CategoryNode[]",
    },
@@ -38,10 +40,11 @@
      "required": true,
      "semanticType": "classification.metadata",
      "type": "ClassificationMetadata",
    },
    "content_type": {
+     "default": "knowledge_base",
      "description": "Editorial template driving layout and governance workflows.",
      "enum": [
        "knowledge_base",
        "announcement",
        "release_notes",
@@ -79,10 +82,17 @@
      "semanticType": "text.label",
      "type": "string",
    },
    "last_event": {
      "description": "Lifecycle event associated with the most recent timestamp mutation.",
+     "enum": [
+       "created",
+       "scheduled",
+       "published",
+       "updated",
+       "archived",
+     ],
      "required": true,
      "semanticType": "audit.event.type",
      "type": "string",
    },
    "last_event_at": {
@@ -90,10 +100,11 @@
      "required": false,
      "semanticType": "audit.event.timestamp",
      "type": "datetime",
    },
    "locale": {
+     "default": "en-US",
      "description": "Locale tag determining headline, copy, and SEO metadata.",
      "required": false,
      "semanticType": "content.article.locale",
      "type": "string",
    },
@@ -131,10 +142,11 @@
      "required": true,
      "semanticType": "content.article.slug",
      "type": "string",
    },
    "state_history": {
+     "default": [],
      "description": "Chronological log of state transitions. Each entry records the before/after states,
  timestamp, and (when governance is enabled) the actor, reason, and transition metadata.
  Rendered by StatusTimeline in the detail and timeline views.

  Entry structure:
@@ -152,25 +164,34 @@
    "status": {
      "description": "Canonical lifecycle state derived from the states parameter. This is the single source
  of truth for the entity's current lifecycle position. Consumed by Colorized to resolve
  visual tokens, and by view extensions to render StatusBadge and StatusTimeline.
  ",
+     "enum": [
+       "draft",
+       "in_review",
+       "scheduled",
+       "published",
+       "archived",
+     ],
      "required": true,
      "semanticType": "status.state",
      "type": "string",
    },
    "tag_count": {
+     "default": 0,
      "description": "Number of canonical tags assigned to the object.",
      "required": false,
      "type": "number",
    },
    "tag_preview": {
      "description": "Denormalized comma-delimited preview for list renders.",
      "required": false,
      "type": "string",
    },
    "tags": {
+     "default": [],
      "description": "Canonical tag collection after synonym collapse.",
      "required": false,
      "semanticType": "classification.tags",
      "type": "Tag[]",
    },

 ❯ packages/mcp-server/test/product-reality/billing-placement.s188.spec.ts:90:43


2026-09-14T02:52:47.3417265Z 
2026-09-14T02:52:47.3420730Z ##[error]AssertionError: expected '103 Main Street' to be '100 Main Street' // Object.is equality

Expected: "100 Main Street"
Received: "103 Main Street"

 ❯ packages/mcp-server/test/product-reality/collections.s191.spec.ts:79:72


2026-09-14T02:52:47.3425513Z 
2026-09-14T02:52:47.3428318Z ##[error]AssertionError: expected [] to have a length of 1 but got +0

- Expected
+ Received

- 1
+ 0

 ❯ packages/mcp-server/test/product-reality/disputed.s192.spec.ts:23:110


2026-09-14T02:52:47.3430061Z 
2026-09-14T02:52:47.3438673Z ##[error]AssertionError: expected { chartType: 'area', …(7) } to match object { chartType: 'area', …(4) }
(8 matching properties omitted from actual)

- Expected
+ Received

@@ -2,23 +2,23 @@
    "brand": "B",
    "chartType": "area",
    "name": "Payment amounts",
    "rows": [
      {
-       "amount": 45.6,
+       "amount": 79.2,
        "date": "2026-06-01T12:00:00.000Z",
      },
      {
-       "amount": 62.7,
+       "amount": 108.9,
        "date": "2026-07-01T12:00:00.000Z",
      },
      {
-       "amount": 51.3,
+       "amount": 89.1,
        "date": "2026-08-01T12:00:00.000Z",
      },
      {
-       "amount": 57,
+       "amount": 99,
        "date": "2026-09-01T12:00:00.000Z",
      },
    ],
    "theme": "dark",
  }

 ❯ packages/mcp-server/test/product-reality/payment-chart.s190.spec.ts:42:25


2026-09-14T02:52:47.3443127Z 
2026-09-14T02:52:47.3450988Z ##[error]AssertionError: expected { chartType: 'area', …(7) } to match object { chartType: 'area', …(4) }
(8 matching properties omitted from actual)

- Expected
+ Received

@@ -2,23 +2,23 @@
    "brand": "B",
    "chartType": "area",
    "name": "Payment amounts",
    "rows": [
      {
-       "amount": 45.6,
+       "amount": 79.2,
        "date": "2026-06-01T12:00:00.000Z",
      },
      {
-       "amount": 62.7,
+       "amount": 108.9,
        "date": "2026-07-01T12:00:00.000Z",
      },
      {
-       "amount": 51.3,
+       "amount": 89.1,
        "date": "2026-08-01T12:00:00.000Z",
      },
      {
-       "amount": 57,
+       "amount": 99,
        "date": "2026-09-01T12:00:00.000Z",
      },
    ],
    "theme": "dark",
  }

 ❯ packages/mcp-server/test/product-reality/payment-chart.s190.spec.ts:42:25


2026-09-14T02:52:47.3456173Z [34m % [39m[2mCoverage report from [22m[33mv8[39m
2026-09-14T02:52:47.3567067Z -------------------|---------|----------|---------|---------|-------------------
2026-09-14T02:52:47.3568298Z File               | % Stmts | % Branch | % Funcs | % Lines | Uncovered Line #s 
2026-09-14T02:52:47.3570758Z -------------------|---------|----------|---------|---------|-------------------
2026-09-14T02:52:47.3600855Z All files          |   73.35 |     73.4 |   84.86 |   73.35 |                   
2026-09-14T02:52:47.3602157Z  src               |       0 |       50 |      50 |       0 |                   
2026-09-14T02:52:47.3606272Z   ...Provider.d.ts |       0 |        0 |       0 |       0 | 1-79              
2026-09-14T02:52:47.3608622Z   index.ts         |       0 |      100 |     100 |       0 | 8-19              
2026-09-14T02:52:47.3609632Z  src/components    |   86.44 |    84.61 |   88.88 |   86.44 |                   
2026-09-14T02:52:47.3613473Z   OODS.ts          |       0 |        0 |       0 |       0 | 1-10              
2026-09-14T02:52:47.3614502Z   RenderObject.tsx |   86.52 |     91.3 |     100 |   86.52 | 74-91,116-117     
2026-09-14T02:52:47.3615488Z   renderReport.ts  |   98.43 |       80 |     100 |   98.43 | 37                
2026-09-14T02:52:47.3616474Z  ...extPanelDrawer |   90.36 |    79.16 |     100 |   90.36 |                   
2026-09-14T02:52:47.3617403Z   ...nelDrawer.tsx |     100 |    85.71 |     100 |     100 | 56                
2026-09-14T02:52:47.3618327Z   index.ts         |     100 |      100 |     100 |     100 |                   
2026-09-14T02:52:47.3619228Z   ...inerNarrow.ts |   80.95 |    76.47 |     100 |   80.95 | 41-42,76-79,82-83 
2026-09-14T02:52:47.3620190Z  ...ponents/Dialog |   93.75 |    33.33 |   33.33 |   93.75 |                   
2026-09-14T02:52:47.3621129Z   Dialog.tsx       |   94.93 |    36.36 |      50 |   94.93 | 64-65,100,105     
2026-09-14T02:52:47.3622238Z   index.ts         |       0 |        0 |       0 |       0 | 1                 
2026-09-14T02:52:47.3623116Z  ...onents/Popover |   96.66 |    70.37 |     100 |   96.66 |                   
2026-09-14T02:52:47.3624057Z   Popover.tsx      |   96.66 |    70.37 |     100 |   96.66 | 54-55,103         
2026-09-14T02:52:47.3625009Z  ...mponents/Sheet |   98.36 |    66.66 |   33.33 |   98.36 |                   
2026-09-14T02:52:47.3626417Z   Sheet.tsx        |     100 |       75 |      50 |     100 | 66,94             
2026-09-14T02:52:47.3627307Z   index.ts         |       0 |        0 |       0 |       0 | 1                 
2026-09-14T02:52:47.3628206Z  ...onents/Tooltip |     100 |      100 |     100 |     100 |                   
2026-09-14T02:52:47.3629100Z   index.ts         |     100 |      100 |     100 |     100 |                   
2026-09-14T02:52:47.3629987Z  ...ents/addresses |   81.38 |    67.85 |   70.45 |   81.38 |                   
2026-09-14T02:52:47.3630893Z   ...s-display.tsx |    94.4 |    83.33 |     100 |    94.4 | ...59,123,139-141 
2026-09-14T02:52:47.3631957Z   ...field-set.tsx |    82.2 |    72.05 |   64.28 |    82.2 | ...26,340,369-374 
2026-09-14T02:52:47.3632921Z   address-form.tsx |   82.75 |    60.97 |   88.88 |   82.75 | ...18-227,241-247 
2026-09-14T02:52:47.3633882Z   address-types.ts |   73.73 |    65.21 |      75 |   73.73 | ...16-117,132-133 
2026-09-14T02:52:47.3634808Z   index.ts         |       0 |        0 |       0 |       0 | 1-6               
2026-09-14T02:52:47.3635730Z   ...-selector.tsx |   59.55 |       50 |      20 |   59.55 | ...1,54-68,93-112 
2026-09-14T02:52:47.3636678Z   ...tus-badge.tsx |   94.73 |    52.38 |     100 |   94.73 | 42-43,48-49       
2026-09-14T02:52:47.3637606Z  ...mponents/authz |   44.41 |    49.42 |   72.22 |   44.41 |                   
2026-09-14T02:52:47.3638563Z   ...ipManager.tsx |   82.42 |     42.5 |      80 |   82.42 | ...96-297,302-303 
2026-09-14T02:52:47.3639493Z   ...onChecker.tsx |       0 |        0 |       0 |       0 | 1-176             
2026-09-14T02:52:47.3640760Z   ...ionMatrix.tsx |   84.73 |    59.09 |     100 |   84.73 | ...83-184,238-239 
2026-09-14T02:52:47.3641893Z   ...icyEditor.tsx |       0 |        0 |       0 |       0 | 1-314             
2026-09-14T02:52:47.3642794Z   index.ts         |       0 |        0 |       0 |       0 | 1-4               
2026-09-14T02:52:47.3643716Z  ...omponents/base |   87.65 |    73.13 |   83.33 |   87.65 |                   
2026-09-14T02:52:47.3644677Z   Badge.tsx        |     100 |      100 |     100 |     100 |                   
2026-09-14T02:52:47.3645593Z   Banner.tsx       |     100 |      100 |     100 |     100 |                   
2026-09-14T02:52:47.3646524Z   Button.tsx       |     100 |      100 |     100 |     100 |                   
2026-09-14T02:52:47.3647427Z   Card.tsx         |     100 |      100 |     100 |     100 |                   
2026-09-14T02:52:47.3648331Z   Checkbox.tsx     |     100 |      100 |     100 |     100 |                   
2026-09-14T02:52:47.3649245Z   DatePicker.tsx   |     100 |      100 |     100 |     100 |                   
2026-09-14T02:52:47.3652185Z   Grid.tsx         |       0 |      100 |     100 |       0 | 2                 
2026-09-14T02:52:47.3657432Z   Input.tsx        |       0 |      100 |     100 |       0 | 2                 
2026-09-14T02:52:47.3658398Z   Select.tsx       |     100 |      100 |     100 |     100 |                   
2026-09-14T02:52:47.3663292Z   Stack.tsx        |       0 |      100 |     100 |       0 | 2                 
2026-09-14T02:52:47.3664265Z   Table.tsx        |     100 |      100 |     100 |     100 |                   
2026-09-14T02:52:47.3665156Z   Text.tsx         |     100 |      100 |     100 |     100 |                   
2026-09-14T02:52:47.3666045Z   TextField.tsx    |     100 |      100 |     100 |     100 |                   
2026-09-14T02:52:47.3666960Z   Textarea.tsx     |     100 |      100 |     100 |     100 |                   
2026-09-14T02:52:47.3667893Z   Toast.tsx        |   93.49 |    80.76 |   85.71 |   93.49 | ...29,176-177,188 
2026-09-14T02:52:47.3668804Z   fieldUtils.ts    |   66.66 |    33.33 |      50 |   66.66 | 38-52,61,64       
2026-09-14T02:52:47.3669775Z  ...ts/breadcrumbs |   88.31 |    77.64 |   84.61 |   88.31 |                   
2026-09-14T02:52:47.3670778Z   Breadcrumbs.tsx  |   88.18 |    76.82 |      80 |   88.18 | ...55,401-405,430 
2026-09-14T02:52:47.3671889Z   index.ts         |       0 |      100 |     100 |       0 | 6-8               
2026-09-14T02:52:47.3673173Z   tokens.ts        |     100 |      100 |     100 |     100 |                   
2026-09-14T02:52:47.3674049Z   types.ts         |       0 |        0 |       0 |       0 |                   
2026-09-14T02:52:47.3674976Z  ...classification |   70.15 |    63.55 |   60.46 |   70.15 |                   
2026-09-14T02:52:47.3675942Z   ...readcrumb.tsx |   80.48 |    28.57 |      50 |   80.48 | 26-27,38-44       
2026-09-14T02:52:47.3676886Z   CategoryNode.tsx |   93.44 |    83.33 |   66.66 |   93.44 | ...,73-74,149,160 
2026-09-14T02:52:47.3677876Z   ...oryPicker.tsx |   92.93 |    74.19 |      50 |   92.93 | ...19-221,224-231 
2026-09-14T02:52:47.3678864Z   CategoryTree.tsx |   90.38 |    67.44 |   71.42 |   90.38 | ...85,207-208,247 
2026-09-14T02:52:47.3679834Z   ...ocomplete.tsx |   92.53 |    86.66 |      60 |   92.53 | 23-24,42-44       
2026-09-14T02:52:47.3680757Z   ...Dashboard.tsx |       0 |        0 |       0 |       0 | 1-198             
2026-09-14T02:52:47.3681863Z   TagInput.tsx     |    76.6 |    54.28 |   78.57 |    76.6 | ...83-387,390-392 
2026-09-14T02:52:47.3682838Z   TagList.tsx      |       0 |        0 |       0 |       0 | 1-80              
2026-09-14T02:52:47.3683723Z   TagPill.tsx      |   61.76 |    11.11 |   33.33 |   61.76 | ...51-53,73,78-95 
2026-09-14T02:52:47.3684607Z   index.ts         |       0 |        0 |       0 |       0 | 1-8               
2026-09-14T02:52:47.3686638Z  .../communication |   85.38 |    65.26 |   95.65 |   85.38 |                   
2026-09-14T02:52:47.3688003Z   ...lanEditor.tsx |    75.6 |    44.44 |     100 |    75.6 | ...13-224,238-243 
2026-09-14T02:52:47.3688980Z   ...ionThread.tsx |   95.32 |    85.71 |     100 |   95.32 | 107-109,133-134   
2026-09-14T02:52:47.3689944Z   ...lthWidget.tsx |   90.32 |    36.84 |     100 |   90.32 | ...61-162,166-167 
2026-09-14T02:52:47.3690877Z   ...eTimeline.tsx |   87.34 |    71.73 |   91.66 |   87.34 | ...83-184,201-207 
2026-09-14T02:52:47.3692041Z  ...ts/empty-state |   98.79 |    91.42 |      50 |   98.79 |                   
2026-09-14T02:52:47.3693019Z   EmptyState.tsx   |     100 |    93.93 |     100 |     100 | 64,69             
2026-09-14T02:52:47.3693967Z   index.ts         |       0 |        0 |       0 |       0 | 1-3               
2026-09-14T02:52:47.3694860Z   tokens.ts        |     100 |      100 |     100 |     100 |                   
2026-09-14T02:52:47.3695810Z  ...nts/navigation |       0 |      100 |     100 |       0 |                   
2026-09-14T02:52:47.3696728Z   a11y.ts          |       0 |      100 |     100 |       0 | 27-121            
2026-09-14T02:52:47.3697625Z  ...omponents/page |   96.84 |    81.81 |     100 |   96.84 |                   
2026-09-14T02:52:47.3698595Z   PageHeader.tsx   |   96.84 |    81.81 |     100 |   96.84 | 88,120,123        
2026-09-14T02:52:47.3699555Z  ...nts/pagination |   97.51 |    89.77 |     100 |   97.51 |                   
2026-09-14T02:52:47.3700518Z   Pagination.tsx   |   98.22 |    89.18 |     100 |   98.22 | 63-64,152         
2026-09-14T02:52:47.3701607Z   index.ts         |       0 |      100 |     100 |       0 | 6-7               
2026-09-14T02:52:47.3702607Z   tokens.ts        |     100 |      100 |     100 |     100 |                   
2026-09-14T02:52:47.3703521Z   types.ts         |       0 |        0 |       0 |       0 |                   
2026-09-14T02:52:47.3704460Z   usePagination.ts |   97.61 |    89.58 |     100 |   97.61 | 48,53,182-183     
2026-09-14T02:52:47.3705441Z  ...ts/preferences |   75.18 |    70.37 |   65.78 |   75.18 |                   
2026-09-14T02:52:47.3706417Z   ...nelToggle.tsx |   96.07 |    72.72 |     100 |   96.07 | 37-38             
2026-09-14T02:52:47.3707348Z   ...ionMatrix.tsx |    96.1 |    83.87 |     100 |    96.1 | 55-57,62,118,186  
2026-09-14T02:52:47.3708296Z   ...renceForm.tsx |   94.61 |    53.84 |     100 |   94.61 | ...29-130,186-187 
2026-09-14T02:52:47.3709202Z   ...cePreview.tsx |       0 |        0 |       0 |       0 | 1-188             
2026-09-14T02:52:47.3710425Z   index.ts         |       0 |        0 |       0 |       0 | 1-19              
2026-09-14T02:52:47.3711537Z   ...jsf-theme.tsx |   86.76 |     72.3 |   62.06 |   86.76 | ...98,203-206,342 
2026-09-14T02:52:47.3712500Z  ...nents/progress |   98.06 |    91.66 |     100 |   98.06 |                   
2026-09-14T02:52:47.3713429Z   ...sCircular.tsx |   99.03 |    93.75 |     100 |   99.03 | 80                
2026-09-14T02:52:47.3714369Z   ...essLinear.tsx |    98.8 |    93.75 |     100 |    98.8 | 80                
2026-09-14T02:52:47.3715308Z   index.ts         |       0 |      100 |     100 |       0 | 6-7               
2026-09-14T02:52:47.3716173Z   tokens.ts        |     100 |       50 |     100 |     100 | 28                
2026-09-14T02:52:47.3717021Z   types.ts         |       0 |        0 |       0 |       0 |                   
2026-09-14T02:52:47.3717909Z  ...ts/statusables |     100 |      100 |     100 |     100 |                   
2026-09-14T02:52:47.3718863Z   statusGlyph.ts   |     100 |      100 |     100 |     100 |                   
2026-09-14T02:52:47.3719802Z   ...usRegistry.ts |     100 |      100 |     100 |     100 |                   
2026-09-14T02:52:47.3720748Z  ...onents/stepper |   93.59 |    94.73 |      60 |   93.59 |                   
2026-09-14T02:52:47.3721842Z   Stepper.tsx      |   94.05 |    94.54 |   33.33 |   94.05 | ...05,108-114,225 
2026-09-14T02:52:47.3722739Z   index.ts         |       0 |      100 |     100 |       0 | 6                 
2026-09-14T02:52:47.3723854Z   types.ts         |       0 |        0 |       0 |       0 |                   
2026-09-14T02:52:47.3724770Z  ...omponents/tabs |    0.31 |      100 |     100 |    0.31 |                   
2026-09-14T02:52:47.3725678Z   Tabs.tsx         |     100 |      100 |     100 |     100 |                   
2026-09-14T02:52:47.3726535Z   index.ts         |       0 |      100 |     100 |       0 | 6-8               
2026-09-14T02:52:47.3727389Z   tokens.ts        |       0 |      100 |     100 |       0 | 8-36              
2026-09-14T02:52:47.3729727Z   types.ts         |       0 |      100 |     100 |       0 | 92                
2026-09-14T02:52:47.3730723Z   ...erflowMenu.ts |       0 |      100 |     100 |       0 | 6-156             
2026-09-14T02:52:47.3731815Z   useTabs.ts       |       0 |      100 |     100 |       0 | 6-213             
2026-09-14T02:52:47.3732752Z  ...mponents/toast |   93.48 |    86.56 |   96.55 |   93.48 |                   
2026-09-14T02:52:47.3733798Z   ToastPortal.tsx  |    87.9 |    68.18 |      75 |    87.9 | ...31-132,161-164 
2026-09-14T02:52:47.3734786Z   toastService.ts  |   98.54 |    95.55 |     100 |   98.54 | 179-180           
2026-09-14T02:52:47.3735737Z  ...components/viz |   79.38 |    68.26 |   90.81 |   79.38 |                   
2026-09-14T02:52:47.3736697Z   ...ibleTable.tsx |   95.18 |       80 |     100 |   95.18 | 82-83,104-105     
2026-09-14T02:52:47.3737699Z   AreaChart.tsx    |   75.27 |     62.6 |      80 |   75.27 | ...26-529,531-532 
2026-09-14T02:52:47.3738665Z   BarChart.tsx     |   71.95 |       80 |     100 |   71.95 | ...68,78-79,91-97 
2026-09-14T02:52:47.3739598Z   BubbleChart.tsx  |       0 |      100 |     100 |       0 | 3-9               
2026-09-14T02:52:47.3740601Z   ...scription.tsx |      96 |    33.33 |     100 |      96 | 32                
2026-09-14T02:52:47.3741706Z   ForceGraph.tsx   |   80.31 |    51.61 |     100 |   80.31 | ...77,297,320-326 
2026-09-14T02:52:47.3742688Z   Heatmap.tsx      |   79.53 |       66 |      96 |   79.53 | ...71-772,785-786 
2026-09-14T02:52:47.3743632Z   LineChart.tsx    |   74.61 |    78.57 |     100 |   74.61 | ...12-218,235-236 
2026-09-14T02:52:47.3744578Z   Sankey.tsx       |   86.84 |     64.7 |     100 |   86.84 | ...55,268-271,291 
2026-09-14T02:52:47.3745513Z   ScatterChart.tsx |   74.11 |    70.96 |      90 |   74.11 | ...33-334,347-348 
2026-09-14T02:52:47.3746466Z   SharedLegend.tsx |   82.41 |       60 |     100 |   82.41 | ...02-107,113-114 
2026-09-14T02:52:47.3747693Z   Sunburst.tsx     |   78.52 |    65.38 |     100 |   78.52 | ...01,221,244-250 
2026-09-14T02:52:47.3748645Z   Treemap.tsx      |   79.48 |       60 |     100 |   79.48 | ...12,232,255-261 
2026-09-14T02:52:47.3749589Z   VizContainer.tsx |     100 |    55.55 |     100 |     100 | 29-51             
2026-09-14T02:52:47.3750568Z   VizFacetGrid.tsx |    86.3 |    90.74 |    87.5 |    86.3 | ...55,168,234-242 
2026-09-14T02:52:47.3751725Z   ...yeredView.tsx |   81.76 |    73.33 |   83.33 |   81.76 | ...84-189,214-222 
2026-09-14T02:52:47.3752656Z   index.ts         |       0 |        0 |       0 |       0 | 1-12              
2026-09-14T02:52:47.3753627Z   network-index.ts |       0 |      100 |     100 |       0 | 26-50             
2026-09-14T02:52:47.3754619Z  ...nents/viz/a11y |   98.09 |    81.81 |   93.75 |   98.09 |                   
2026-09-14T02:52:47.3755575Z   ...yFallback.tsx |     100 |    88.23 |     100 |     100 | 138-141           
2026-09-14T02:52:47.3756516Z   ...yFallback.tsx |     100 |       90 |     100 |     100 | 54,68             
2026-09-14T02:52:47.3757506Z   ...yFallback.tsx |   94.96 |    65.38 |      80 |   94.96 | 93-99             
2026-09-14T02:52:47.3758448Z   ...yFallback.tsx |     100 |    84.21 |     100 |     100 | 61-63,91          
2026-09-14T02:52:47.3759421Z   ...at-compact.ts |     100 |      100 |     100 |     100 |                   
2026-09-14T02:52:47.3760296Z   index.ts         |       0 |      100 |     100 |       0 | 9-18              
2026-09-14T02:52:47.3763642Z  ...ts/viz/spatial |   53.81 |    73.34 |   85.39 |   53.81 |                   
2026-09-14T02:52:47.3764969Z   ...k.stories.tsx |       0 |      100 |     100 |       0 | 8-164             
2026-09-14T02:52:47.3765905Z   ...pFallback.tsx |   85.79 |    70.14 |    87.5 |   85.79 | ...44,156,164-166 
2026-09-14T02:52:47.3766901Z   ...p.stories.tsx |       0 |      100 |     100 |       0 | 8-521             
2026-09-14T02:52:47.3767822Z   BubbleMap.tsx    |   90.19 |    71.15 |   83.33 |   90.19 | ...96,733-735,753 
2026-09-14T02:52:47.3768734Z   ...apCluster.tsx |   89.47 |    66.66 |     100 |   89.47 | 54-59,64,68       
2026-09-14T02:52:47.3769664Z   ...eMapPoint.tsx |   98.64 |    86.66 |     100 |   98.64 | 72                
2026-09-14T02:52:47.3770592Z   ...p.stories.tsx |       0 |      100 |     100 |       0 | 9-471             
2026-09-14T02:52:47.3771833Z   ...oplethMap.tsx |   79.14 |    67.42 |   66.66 |   79.14 | ...91,757,797-799 
2026-09-14T02:52:47.3772793Z   ...MapRegion.tsx |   96.81 |    67.85 |     100 |   96.81 | 159-161,180-181   
2026-09-14T02:52:47.3773733Z   ...s.stories.tsx |       0 |      100 |     100 |       0 | 6-148             
2026-09-14T02:52:47.3774690Z   MapControls.tsx  |   98.61 |    85.29 |     100 |   98.61 | 75-76             
2026-09-14T02:52:47.3775645Z   ...d.stories.tsx |       0 |      100 |     100 |       0 | 7-164             
2026-09-14T02:52:47.3776580Z   MapLegend.tsx    |   90.82 |    83.78 |     100 |   90.82 | ...88,100,170-171 
2026-09-14T02:52:47.3777516Z   ...r.stories.tsx |       0 |      100 |     100 |       0 | 11-454            
2026-09-14T02:52:47.3778456Z   ...Container.tsx |   92.28 |    75.53 |      80 |   92.28 | ...46-247,265-270 
2026-09-14T02:52:47.3779392Z   ...alContext.tsx |   86.66 |       75 |     100 |   86.66 | 54-55             
2026-09-14T02:52:47.3780299Z   index.ts         |       0 |      100 |     100 |       0 | 7-31              
2026-09-14T02:52:47.3781190Z  .../spatial/utils |   71.33 |    73.73 |   84.78 |   71.33 |                   
2026-09-14T02:52:47.3788786Z   ...leth-utils.ts |   37.22 |       80 |      60 |   37.22 | ...11-215,225-229 
2026-09-14T02:52:47.3789813Z   ...ring-utils.ts |   86.11 |    90.47 |     100 |   86.11 | 65-66,69-76       
2026-09-14T02:52:47.3790754Z   ...cale-utils.ts |   70.52 |    70.83 |   72.72 |   70.52 | ...47-148,172-177 
2026-09-14T02:52:47.3791861Z   ...-nav-utils.ts |   81.91 |    74.35 |   83.33 |   81.91 | ...,86,88,120-128 
2026-09-14T02:52:47.3793282Z   layer-utils.ts   |   89.47 |    81.25 |     100 |   89.47 | 77-78,94-95,98-99 
2026-09-14T02:52:47.3794284Z   ...tion-utils.ts |   89.89 |    75.75 |     100 |   89.89 | ...00-101,104-105 
2026-09-14T02:52:47.3795239Z   ...ader-utils.ts |   75.96 |    64.51 |     100 |   75.96 | ...91,104-115,132 
2026-09-14T02:52:47.3796169Z   ...cale-utils.ts |   62.82 |       50 |    87.5 |   62.82 | ...7,81-82,92-109 
2026-09-14T02:52:47.3797102Z  src/compositor    |   91.22 |     87.5 |     100 |   91.22 |                   
2026-09-14T02:52:47.3798088Z   composeDebug.ts  |     100 |      100 |     100 |     100 |                   
2026-09-14T02:52:47.3799057Z   ...Extensions.ts |   90.43 |    86.88 |     100 |   90.43 | ...17,213-214,252 
2026-09-14T02:52:47.3800007Z  ...mpositor/tests |   76.71 |    73.07 |     100 |   76.71 |                   
2026-09-14T02:52:47.3806406Z   purityHarness.ts |   76.71 |    73.07 |     100 |   76.71 | ...63,77-78,89-90 
2026-09-14T02:52:47.3807800Z  src/context       |     100 |      100 |     100 |     100 |                   
2026-09-14T02:52:47.3808783Z   ...derContext.ts |     100 |      100 |     100 |     100 |                   
2026-09-14T02:52:47.3809720Z  src/contexts      |   99.03 |    91.17 |   91.66 |   99.03 |                   
2026-09-14T02:52:47.3810675Z   CardView.tsx     |     100 |       50 |     100 |     100 | 19                
2026-09-14T02:52:47.3811798Z   ChartView.tsx    |     100 |      100 |     100 |     100 |                   
2026-09-14T02:52:47.3812744Z   ...boardView.tsx |     100 |      100 |     100 |     100 |                   
2026-09-14T02:52:47.3814037Z   DetailView.tsx   |     100 |      100 |     100 |     100 |                   
2026-09-14T02:52:47.3814979Z   FormView.tsx     |     100 |      100 |     100 |     100 |                   
2026-09-14T02:52:47.3815900Z   InlineView.tsx   |     100 |      100 |     100 |     100 |                   
2026-09-14T02:52:47.3816836Z   ListView.tsx     |     100 |      100 |     100 |     100 |                   
2026-09-14T02:52:47.3817764Z   TimelineView.tsx |     100 |      100 |     100 |     100 |                   
2026-09-14T02:52:47.3818682Z   index.ts         |   85.71 |       50 |      50 |   85.71 | 43-44,49-50       
2026-09-14T02:52:47.3819615Z   region-slot.tsx  |     100 |       90 |     100 |     100 | 17                
2026-09-14T02:52:47.3820567Z  ...ntexts/regions |   97.45 |       80 |     100 |   97.45 |                   
2026-09-14T02:52:47.3821678Z   ...t-regions.tsx |   97.45 |       80 |     100 |   97.45 | 52,73,78          
2026-09-14T02:52:47.3822628Z  src/core          |   73.58 |    74.63 |   82.14 |   73.58 |                   
2026-09-14T02:52:47.3823552Z   ...n-resolver.ts |   70.42 |    55.42 |   88.88 |   70.42 | ...09,312,354-402 
2026-09-14T02:52:47.3824492Z   ...sed-object.ts |     100 |      100 |     100 |     100 |                   
2026-09-14T02:52:47.3825442Z   compositor.ts    |   76.25 |    83.33 |   83.33 |   76.25 | ...02-408,412-420 
2026-09-14T02:52:47.3826390Z   ...ency-graph.ts |   92.92 |     84.9 |   89.47 |   92.92 | 304-318,324-325   
2026-09-14T02:52:47.3827318Z   ...-validator.ts |   70.22 |    86.11 |   72.72 |   70.22 | ...87-298,304-310 
2026-09-14T02:52:47.3828238Z   index.ts         |     100 |      100 |     100 |     100 |                   
2026-09-14T02:52:47.3829159Z   ...gical-sort.ts |   46.85 |    83.33 |   66.66 |   46.85 | ...22-226,231-235 
2026-09-14T02:52:47.3830086Z   ...definition.ts |   52.63 |    33.33 |      50 |   52.63 | ...42-246,252-256 
2026-09-14T02:52:47.3841175Z  ...rge-strategies |   42.67 |    73.68 |      50 |   42.67 |                   
2026-09-14T02:52:47.3842858Z   ...ons-merger.ts |      38 |    66.66 |      50 |      38 | 45-48,62-93       
2026-09-14T02:52:47.3843824Z   index.ts         |     100 |      100 |     100 |     100 |                   
2026-09-14T02:52:47.3844785Z   schema-merger.ts |   53.65 |     87.5 |      50 |   53.65 | 105-154           
2026-09-14T02:52:47.3845723Z   ...ics-merger.ts |   26.08 |    66.66 |   33.33 |   26.08 | ...0,63-75,88-119 
2026-09-14T02:52:47.3847060Z   tokens-merger.ts |    28.7 |       60 |      50 |    28.7 | ...10-150,159-176 
2026-09-14T02:52:47.3848052Z   ...ons-merger.ts |   61.79 |    73.68 |   66.66 |   61.79 | ...,67-72,148-187 
2026-09-14T02:52:47.3849009Z  src/dashboard     |       0 |      100 |     100 |       0 |                   
2026-09-14T02:52:47.3849903Z   index.ts         |       0 |      100 |     100 |       0 | 8-33              
2026-09-14T02:52:47.3850807Z  ...d/cross-filter |   97.65 |    94.59 |     100 |   97.65 |                   
2026-09-14T02:52:47.3851947Z   ...k-handlers.ts |   97.65 |    94.59 |     100 |   97.65 | 261,464-468       
2026-09-14T02:52:47.3852894Z  ...hboard/widgets |   94.11 |      100 |    87.5 |   94.11 |                   
2026-09-14T02:52:47.3869171Z   ...k-widgets.tsx |   94.11 |      100 |    87.5 |   94.11 | 190-200           
2026-09-14T02:52:47.3870422Z  src/data/authz    |     100 |      100 |     100 |     100 |                   
2026-09-14T02:52:47.3871640Z   ...titlements.ts |     100 |      100 |     100 |     100 |                   
2026-09-14T02:52:47.3872638Z   types.ts         |       0 |        0 |       0 |       0 |                   
2026-09-14T02:52:47.3873558Z  .../communication |   79.29 |    41.17 |   66.66 |   79.29 |                   
2026-09-14T02:52:47.3874638Z   sample-data.ts   |     100 |      100 |     100 |     100 |                   
2026-09-14T02:52:47.3875608Z   seed-channels.ts |   82.75 |       40 |     100 |   82.75 | 14-16,41-42       
2026-09-14T02:52:47.3876883Z   seed-policies.ts |   82.14 |       40 |     100 |   82.14 | 14-16,40-41       
2026-09-14T02:52:47.3877829Z   ...-templates.ts |   83.33 |       40 |     100 |   83.33 | 14-16,44-45       
2026-09-14T02:52:47.3878782Z   seed-utils.ts    |   13.72 |       50 |   33.33 |   13.72 | 20-66,70-71       
2026-09-14T02:52:47.3879694Z  src/diagnostics   |       0 |        0 |       0 |       0 |                   
2026-09-14T02:52:47.3880644Z   ...iagnostics.ts |       0 |        0 |       0 |       0 | 1-62              
2026-09-14T02:52:47.3881854Z  ...omain/accounts |   98.36 |     92.3 |     100 |   98.36 |                   
2026-09-14T02:52:47.3882773Z   core.ts          |     100 |      100 |     100 |     100 |                   
2026-09-14T02:52:47.3883686Z   index.ts         |     100 |      100 |     100 |     100 |                   
2026-09-14T02:52:47.3884584Z   ...ata-policy.ts |   98.25 |    91.66 |     100 |   98.25 | 152,194,262       
2026-09-14T02:52:47.3902002Z  ...domain/billing |   83.33 |    80.85 |      80 |   83.33 |                   
2026-09-14T02:52:47.3903322Z   core.ts          |       0 |      100 |     100 |       0 | 454-492           
2026-09-14T02:52:47.3904301Z   events.ts        |   80.16 |    63.33 |   76.92 |   80.16 | ...65-366,368-369 
2026-09-14T02:52:47.3905255Z   states.ts        |   87.73 |    87.75 |      80 |   87.73 | ...51-454,463-470 
2026-09-14T02:52:47.3906148Z   usage.ts         |    93.9 |    92.85 |   83.33 |    93.9 | 236-237,306-308   
2026-09-14T02:52:47.3907090Z  ...ain/compliance |      85 |       80 |   55.55 |      85 |                   
2026-09-14T02:52:47.3908021Z   audit.ts         |   80.55 |    78.57 |   66.66 |   80.55 | 148-159,202-203   
2026-09-14T02:52:47.3908927Z   rbac.ts          |   91.66 |      100 |   33.33 |   91.66 | 147-148,154-155   
2026-09-14T02:52:47.3909831Z  ...domain/tenancy |       0 |      100 |     100 |       0 |                   
2026-09-14T02:52:47.3910728Z   index.ts         |       0 |      100 |     100 |       0 | 16                
2026-09-14T02:52:47.3911797Z   tenant.ts        |       0 |      100 |     100 |       0 | 150-191           
2026-09-14T02:52:47.3912733Z  .../contributions |      90 |     87.8 |   88.88 |      90 |                   
2026-09-14T02:52:47.3913642Z   index.ts         |      90 |     87.8 |   88.88 |      90 | ...28-129,179-185 
2026-09-14T02:52:47.3914547Z  src/engine/render |     100 |      100 |     100 |     100 |                   
2026-09-14T02:52:47.3915846Z   ...Container.tsx |     100 |      100 |     100 |     100 |                   
2026-09-14T02:52:47.3916798Z  src/hooks         |   49.78 |    63.94 |   79.41 |   49.78 |                   
2026-09-14T02:52:47.3917689Z   ...tegoryTree.ts |   75.74 |    61.67 |     100 |   75.74 | ...89-690,701-702 
2026-09-14T02:52:47.3918618Z   ...versations.ts |   68.54 |    63.63 |   66.66 |   68.54 | ...51-153,158-165 
2026-09-14T02:52:47.3919569Z   ...veryStatus.ts |   79.79 |    53.33 |     100 |   79.79 | ...-87,90,141-146 
2026-09-14T02:52:47.3920452Z   ...emberships.ts |       0 |        0 |       0 |       0 | 1-223             
2026-09-14T02:52:47.3921285Z   useMessages.ts   |   83.83 |    72.22 |     100 |   83.83 | ...22-123,130-132 
2026-09-14T02:52:47.3922323Z   ...erenceForm.ts |       0 |        0 |       0 |       0 | 1-170             
2026-09-14T02:52:47.3923143Z   ...ermissions.ts |       0 |        0 |       0 |       0 | 1-344             
2026-09-14T02:52:47.3924001Z   ...tocomplete.ts |   78.04 |    77.27 |   85.71 |   78.04 | ...68-169,193-206 
2026-09-14T02:52:47.3924858Z   ...uggestions.ts |    3.94 |      100 |       0 |    3.94 | 29-108            
2026-09-14T02:52:47.3925713Z  ...ations/billing |   86.98 |    51.61 |   84.21 |   86.98 |                   
2026-09-14T02:52:47.3926558Z   adapter.ts       |   51.47 |    66.66 |      50 |   51.47 | ...46-148,164-169 
2026-09-14T02:52:47.3927429Z   ...ee-adapter.ts |   89.16 |    36.36 |     100 |   89.16 | ...86-287,306-310 
2026-09-14T02:52:47.3928632Z   index.ts         |     100 |      100 |     100 |     100 |                   
2026-09-14T02:52:47.3929505Z   ...pe-adapter.ts |   90.06 |    59.45 |     100 |   90.06 | ...56,373,379-383 
2026-09-14T02:52:47.3930445Z   zuora-adapter.ts |    90.9 |    45.45 |     100 |    90.9 | ...79-280,298-302 
2026-09-14T02:52:47.3931573Z  ...illing/samples |       0 |       75 |      75 |       0 |                   
2026-09-14T02:52:47.3932502Z   chargebee.ts     |       0 |      100 |     100 |       0 | 8-53              
2026-09-14T02:52:47.3933408Z   index.ts         |       0 |        0 |       0 |       0 | 1-7               
2026-09-14T02:52:47.3934241Z   stripe.ts        |       0 |      100 |     100 |       0 | 9-57              
2026-09-14T02:52:47.3935124Z   zuora.ts         |       0 |      100 |     100 |       0 | 7-58              
2026-09-14T02:52:47.3936008Z  src/modifiers     |   97.64 |     90.9 |     100 |   97.64 |                   
2026-09-14T02:52:47.3936880Z   ...e.modifier.ts |   97.64 |     90.9 |     100 |   97.64 | 84-85             
2026-09-14T02:52:47.3937816Z  src/objects       |       0 |        0 |       0 |       0 |                   
2026-09-14T02:52:47.3938715Z   index.ts         |       0 |        0 |       0 |       0 | 1-10              
2026-09-14T02:52:47.3939724Z  ...bjects/invoice |       0 |      100 |     100 |       0 |                   
2026-09-14T02:52:47.3940647Z   object.ts        |       0 |      100 |     100 |       0 | 2-71              
2026-09-14T02:52:47.3941711Z   types.ts         |       0 |        0 |       0 |       0 |                   
2026-09-14T02:52:47.3942624Z  ...s/subscription |     100 |      100 |     100 |     100 |                   
2026-09-14T02:52:47.3943548Z   object.ts        |     100 |      100 |     100 |     100 |                   
2026-09-14T02:52:47.3944405Z   types.ts         |       0 |        0 |       0 |       0 |                   
2026-09-14T02:52:47.3945293Z  src/objects/user  |     100 |      100 |     100 |     100 |                   
2026-09-14T02:52:47.3946183Z   object.ts        |     100 |      100 |     100 |     100 |                   
2026-09-14T02:52:47.3947034Z   types.ts         |       0 |        0 |       0 |       0 |                   
2026-09-14T02:52:47.3947920Z  ...erlays/manager |    92.3 |    87.09 |    87.5 |    92.3 |                   
2026-09-14T02:52:47.3948848Z   OverlayRoot.tsx  |     100 |      100 |     100 |     100 |                   
2026-09-14T02:52:47.3949952Z   focus.ts         |   97.67 |    64.28 |     100 |   97.67 | 57                
2026-09-14T02:52:47.3950836Z   hooks.tsx        |   95.69 |    93.18 |   88.88 |   95.69 | 90-93             
2026-09-14T02:52:47.3951871Z   index.ts         |     100 |      100 |     100 |     100 |                   
2026-09-14T02:52:47.3952747Z   withOverlay.tsx  |   22.22 |      100 |       0 |   22.22 | 5-12              
2026-09-14T02:52:47.3953640Z  src/pages         |       0 |        0 |       0 |       0 |                   
2026-09-14T02:52:47.3954533Z   ...eSettings.tsx |       0 |        0 |       0 |       0 | 1-159             
2026-09-14T02:52:47.3955446Z   index.ts         |       0 |        0 |       0 |       0 | 1                 
2026-09-14T02:52:47.3956324Z  src/parsers       |   77.44 |     81.6 |   95.34 |   77.44 |                   
2026-09-14T02:52:47.3957192Z   index.ts         |    69.9 |    89.47 |   83.33 |    69.9 | ...83-104,140-141 
2026-09-14T02:52:47.3958109Z   object-parser.ts |   89.17 |    84.82 |     100 |   89.17 | ...17,922,952-953 
2026-09-14T02:52:47.3959047Z   ts-parser.ts     |   55.73 |    58.33 |     100 |   55.73 | ...96-306,313-325 
2026-09-14T02:52:47.3959950Z   yaml-parser.ts   |    63.6 |    72.72 |   83.33 |    63.6 | ...41-246,266-272 
2026-09-14T02:52:47.3960868Z  ...nstrumentation |       0 |    33.33 |   33.33 |       0 |                   
2026-09-14T02:52:47.3961917Z   index.ts         |       0 |        0 |       0 |       0 | 1-10              
2026-09-14T02:52:47.3962800Z   profiler.tsx     |       0 |        0 |       0 |       0 | 1-96              
2026-09-14T02:52:47.3963936Z   userTiming.ts    |       0 |      100 |     100 |       0 | 15-132            
2026-09-14T02:52:47.3964873Z  src/registry      |   80.75 |    79.76 |   85.85 |   80.75 |                   
2026-09-14T02:52:47.3965804Z   ...ct-applier.ts |   61.01 |    55.55 |     100 |   61.01 | 21-22,45-50,53-67 
2026-09-14T02:52:47.3966700Z   indexer.ts       |    78.8 |    84.12 |   83.33 |    78.8 | ...50-251,272-273 
2026-09-14T02:52:47.3967594Z   loader.ts        |   67.16 |    62.96 |      60 |   67.16 | ...56-157,180-182 
2026-09-14T02:52:47.3968531Z   ...t-composer.ts |   89.47 |    74.19 |     100 |   89.47 | ...51,155-156,192 
2026-09-14T02:52:47.3969438Z   ...definition.ts |   51.51 |      100 |   66.66 |   51.51 | 258-277           
2026-09-14T02:52:47.3970377Z   ...er-applier.ts |   96.94 |    93.22 |     100 |   96.94 | 29,156,172-173    
2026-09-14T02:52:47.3971288Z   registry.ts      |   77.08 |    75.58 |   82.75 |   77.08 | ...05-506,521-522 
2026-09-14T02:52:47.3972382Z   resolver.ts      |   91.04 |    78.57 |     100 |   91.04 | ...69-170,189-190 
2026-09-14T02:52:47.3973296Z   trait-loader.ts  |   88.28 |    83.87 |   83.33 |   88.28 | ...19-120,152-155 
2026-09-14T02:52:47.3974222Z  src/schemas       |     100 |      100 |     100 |     100 |                   
2026-09-14T02:52:47.3975131Z   ...s-metadata.ts |     100 |      100 |     100 |     100 |                   
2026-09-14T02:52:47.3976036Z   address.ts       |     100 |      100 |     100 |     100 |                   
2026-09-14T02:52:47.3976918Z   ...on-verdict.ts |     100 |      100 |     100 |     100 |                   
2026-09-14T02:52:47.3977822Z  src/schemas/authz |   93.24 |    71.42 |     100 |   93.24 |                   
2026-09-14T02:52:47.3978745Z   ...hip.schema.ts |   82.22 |    77.77 |     100 |   82.22 | 31-36,63-64       
2026-09-14T02:52:47.3979645Z   ...ion.schema.ts |   97.72 |    66.66 |     100 |   97.72 | 50                
2026-09-14T02:52:47.3980538Z   ...chy.schema.ts |     100 |      100 |     100 |     100 |                   
2026-09-14T02:52:47.3981572Z   role.schema.ts   |   96.87 |    33.33 |     100 |   96.87 | 41                
2026-09-14T02:52:47.3982500Z  ...classification |    93.5 |     73.5 |     100 |    93.5 |                   
2026-09-14T02:52:47.3983461Z   category-node.ts |   96.39 |    76.19 |     100 |   96.39 | 107-108,112-113   
2026-09-14T02:52:47.3984618Z   ...n-metadata.ts |     100 |      100 |     100 |     100 |                   
2026-09-14T02:52:47.3985576Z   constants.ts     |     100 |      100 |     100 |     100 |                   
2026-09-14T02:52:47.3986542Z   tag.ts           |   94.87 |    69.23 |     100 |   94.87 | 77-78,82-83       
2026-09-14T02:52:47.3987491Z   ...lationship.ts |   94.44 |    33.33 |     100 |   94.44 | 40-41             
2026-09-14T02:52:47.3988435Z   term-taxonomy.ts |   90.27 |       60 |     100 |   90.27 | ...59-60,63-64,74 
2026-09-14T02:52:47.3989351Z   term.ts          |   92.85 |     12.5 |     100 |   92.85 | 52-53,57-58       
2026-09-14T02:52:47.3990223Z   utils.ts         |   83.13 |    75.86 |     100 |   83.13 | ...62,75-76,84-85 
2026-09-14T02:52:47.3991150Z  .../communication |   82.77 |    63.41 |   69.23 |   82.77 |                   
2026-09-14T02:52:47.3992246Z   channel.ts       |   89.74 |       50 |     100 |   89.74 | ...28-133,149-150 
2026-09-14T02:52:47.3993154Z   common.ts        |   92.15 |    71.42 |     100 |   92.15 | 47-48,67-68       
2026-09-14T02:52:47.3994079Z   conversation.ts  |   70.96 |      100 |       0 |   70.96 | 31-32,35-41       
2026-09-14T02:52:47.3994999Z   ...ery-policy.ts |     100 |      100 |     100 |     100 |                   
2026-09-14T02:52:47.3995927Z   ...age-status.ts |   86.66 |      100 |       0 |   86.66 | 19-20             
2026-09-14T02:52:47.3996831Z   message.ts       |   72.26 |    55.55 |   66.66 |   72.26 | ...15-120,128-129 
2026-09-14T02:52:47.3997724Z   template.ts      |      75 |       75 |     100 |      75 | 42-47,51-56       
2026-09-14T02:52:47.3998891Z  ...as/preferences |   97.14 |    75.75 |     100 |   97.14 |                   
2026-09-14T02:52:47.3999859Z   ...e-document.ts |   94.73 |    68.18 |     100 |   94.73 | 98-99,107-108     
2026-09-14T02:52:47.4000786Z   ...e-metadata.ts |     100 |     90.9 |     100 |     100 | 70                
2026-09-14T02:52:47.4001840Z  src/search        |   76.28 |     57.4 |   83.33 |   76.28 |                   
2026-09-14T02:52:47.4002885Z   ...ted-search.ts |   76.68 |    58.49 |    90.9 |   76.68 | ...34-235,237-238 
2026-09-14T02:52:47.4003799Z   index.ts         |       0 |        0 |       0 |       0 | 1                 
2026-09-14T02:52:47.4004698Z  ...rvices/billing |   80.72 |    78.35 |   74.54 |   80.72 |                   
2026-09-14T02:52:47.4005636Z   ...-ingestion.ts |   90.52 |    85.71 |      50 |   90.52 | ...96-197,203-204 
2026-09-14T02:52:47.4006545Z   ...ce-builder.ts |   93.63 |    56.25 |     100 |   93.63 | ...,91,94,146,155 
2026-09-14T02:52:47.4007507Z   ...aggregator.ts |      93 |    77.08 |     100 |      93 | ...09-310,322-325 
2026-09-14T02:52:47.4008446Z   ...positories.ts |   50.82 |    96.96 |   54.54 |   50.82 | ...49-254,257-262 
2026-09-14T02:52:47.4009440Z  ...classification |   77.08 |    50.42 |    92.1 |   77.08 |                   
2026-09-14T02:52:47.4010385Z   ...rm-adapter.ts |   88.13 |    53.03 |     100 |   88.13 | ...42-343,350-351 
2026-09-14T02:52:47.4011450Z   ...ry-service.ts |   68.15 |    47.05 |   83.33 |   68.15 | ...10-411,413-414 
2026-09-14T02:52:47.4012505Z  ...ces/compliance |   90.33 |    85.84 |    93.1 |   90.33 |                   
2026-09-14T02:52:47.4013444Z   audit-service.ts |   88.88 |     92.3 |    90.9 |   88.88 | ...38-140,246-250 
2026-09-14T02:52:47.4014387Z   rbac-service.ts  |   91.18 |    82.43 |   94.44 |   91.18 | ...29,398,410-414 
2026-09-14T02:52:47.4015329Z  ...rvices/tenancy |    59.4 |    88.37 |   72.88 |    59.4 |                   
2026-09-14T02:52:47.4016290Z   ...e-adapters.ts |   85.16 |    95.23 |   70.73 |   85.16 | ...09,315,319-320 
2026-09-14T02:52:47.4017197Z   index.ts         |       0 |      100 |     100 |       0 | 10-13             
2026-09-14T02:52:47.4018106Z   ...cy-context.ts |   75.44 |    80.95 |      75 |   75.44 | ...47-253,260-272 
2026-09-14T02:52:47.4019038Z   ...t-resolver.ts |       0 |      100 |     100 |       0 | 43-242            
2026-09-14T02:52:47.4020186Z  src/services/time |   94.36 |    88.23 |   95.83 |   94.36 |                   
2026-09-14T02:52:47.4021104Z   index.ts         |   94.36 |    88.23 |   95.83 |   94.36 | ...04-205,215-216 
2026-09-14T02:52:47.4022155Z  src/styles        |   66.66 |    33.33 |     100 |   66.66 |                   
2026-09-14T02:52:47.4023066Z   breakpoints.ts   |   66.66 |    33.33 |     100 |   66.66 | 23-26             
2026-09-14T02:52:47.4024012Z  ...tooling/tokens |   77.14 |    71.15 |   88.88 |   77.14 |                   
2026-09-14T02:52:47.4024934Z   dtcg.ts          |   77.14 |    71.15 |   88.88 |   77.14 | ...23-226,240-242 
2026-09-14T02:52:47.4025830Z  src/traits        |   82.08 |    66.66 |     100 |   82.08 |                   
2026-09-14T02:52:47.4026716Z   adapter.ts       |   82.08 |    66.66 |     100 |   82.08 | ...62,71-72,83-84 
2026-09-14T02:52:47.4027650Z  ...onable/contrib |    87.5 |    85.71 |     100 |    87.5 |                   
2026-09-14T02:52:47.4028610Z   ...ributions.tsx |    87.5 |    85.71 |     100 |    87.5 | 25-29,48-49       
2026-09-14T02:52:47.4029540Z  ...itable/contrib |   87.27 |    45.45 |     100 |   87.27 |                   
2026-09-14T02:52:47.4030474Z   ...ributions.tsx |   87.27 |    45.45 |     100 |   87.27 | 12-13,25-30,49    
2026-09-14T02:52:47.4031543Z  ...raits/Billable |   92.45 |    61.11 |     100 |   92.45 |                   
2026-09-14T02:52:47.4032418Z   view.tsx         |   92.45 |    61.11 |     100 |   92.45 | ...42,62-63,85,95 
2026-09-14T02:52:47.4033347Z  ...ts/Cancellable |   90.74 |    66.66 |     100 |   90.74 |                   
2026-09-14T02:52:47.4034479Z   view.tsx         |   90.74 |    66.66 |     100 |   90.74 | 20-21,53-55,61    
2026-09-14T02:52:47.4035587Z  ...ts/SaaSBilling |       0 |        0 |       0 |       0 |                   
2026-09-14T02:52:47.4036517Z   index.ts         |       0 |        0 |       0 |       0 | 1-2               
2026-09-14T02:52:47.4037427Z  ...illing/Payable |    96.5 |    63.75 |     100 |    96.5 |                   
2026-09-14T02:52:47.4038381Z   view.tsx         |    96.5 |    63.75 |     100 |    96.5 | ...41,551,564,572 
2026-09-14T02:52:47.4039297Z  ...ing/Refundable |     100 |      100 |     100 |     100 |                   
2026-09-14T02:52:47.4040232Z   view.tsx         |     100 |      100 |     100 |     100 |                   
2026-09-14T02:52:47.4041131Z  ...raits/Stateful |    92.2 |    79.31 |     100 |    92.2 |                   
2026-09-14T02:52:47.4042240Z   view.tsx         |    92.2 |    79.31 |     100 |    92.2 | ...35-136,156-157 
2026-09-14T02:52:47.4043179Z  ...its/Statusable |   69.23 |    59.09 |     100 |   69.23 |                   
2026-09-14T02:52:47.4044075Z   types.ts         |       0 |        0 |       0 |       0 |                   
2026-09-14T02:52:47.4044964Z   utils.ts         |   69.23 |    57.14 |     100 |   69.23 | ...68,79-85,93-99 
2026-09-14T02:52:47.4045862Z  ...usable/contrib |   79.77 |    52.63 |   77.77 |   79.77 |                   
2026-09-14T02:52:47.4046843Z   ...ributions.tsx |   79.77 |    52.63 |   77.77 |   79.77 | ...32,147,155-180 
2026-09-14T02:52:47.4047786Z  ...raits/Taggable |     100 |      100 |     100 |     100 |                   
2026-09-14T02:52:47.4048691Z   types.ts         |       0 |        0 |       0 |       0 |                   
2026-09-14T02:52:47.4049572Z   view.tsx         |     100 |      100 |     100 |     100 |                   
2026-09-14T02:52:47.4050494Z  ...ggable/contrib |   92.18 |    64.28 |     100 |   92.18 |                   
2026-09-14T02:52:47.4051539Z   ...ributions.tsx |   92.18 |    64.28 |     100 |   92.18 | 23-24,30,46-47    
2026-09-14T02:52:47.4052516Z  .../Timestampable |   93.58 |    46.51 |     100 |   93.58 |                   
2026-09-14T02:52:47.4053431Z   view.tsx         |   93.58 |    46.51 |     100 |   93.58 | ...31,234-235,285 
2026-09-14T02:52:47.4054344Z  ...ts/addressable |   80.46 |     66.1 |   95.61 |   80.46 |                   
2026-09-14T02:52:47.4055296Z   address-entry.ts |   73.33 |    72.72 |      80 |   73.33 | ...43,46-49,92-99 
2026-09-14T02:52:47.4056450Z   ...-formatter.ts |   83.75 |    67.44 |     100 |   83.75 | ...04-205,213-214 
2026-09-14T02:52:47.4057409Z   address-store.ts |   88.27 |    73.58 |     100 |   88.27 | ...51,169-170,206 
2026-09-14T02:52:47.4058268Z   ...able-trait.ts |   96.49 |    84.21 |     100 |   96.49 | 115-116           
2026-09-14T02:52:47.4067660Z   ...-extractor.ts |   65.42 |    61.22 |     100 |   65.42 | ...64-266,277-278 
2026-09-14T02:52:47.4068724Z   ...t-resolver.ts |   94.44 |    94.44 |     100 |   94.44 | 45-46             
2026-09-14T02:52:47.4069739Z   ...-templates.ts |   79.66 |       75 |     100 |   79.66 | 31-32,53-54,71-79 
2026-09-14T02:52:47.4070702Z   geocoder.ts      |   77.77 |       25 |     100 |   77.77 | 24-25,32-33,37-38 
2026-09-14T02:52:47.4071886Z   ...av-adapter.ts |   75.94 |    42.66 |    87.5 |   75.94 | ...22,424-425,428 
2026-09-14T02:52:47.4072868Z   role-manager.ts  |   95.74 |    82.35 |    87.5 |   95.74 | 61-62             
2026-09-14T02:52:47.4073828Z   ...ate-parser.ts |   79.43 |    56.09 |     100 |   79.43 | ...10-211,217-218 
2026-09-14T02:52:47.4074797Z   ...-lifecycle.ts |   90.17 |    84.31 |     100 |   90.17 | ...22-127,158-159 
2026-09-14T02:52:47.4075736Z   ...on-service.ts |    88.5 |    66.66 |    87.5 |    88.5 | ...52-153,167-168 
2026-09-14T02:52:47.4076669Z  src/traits/authz  |   73.43 |    69.95 |   83.33 |   73.43 |                   
2026-09-14T02:52:47.4077661Z   authz-trait.ts   |   83.96 |    81.42 |   81.25 |   83.96 | ...56-257,310-312 
2026-09-14T02:52:47.4078869Z   ...nt-service.ts |   75.13 |    66.66 |   86.66 |   75.13 | ...04-209,231-232 
2026-09-14T02:52:47.4079861Z   ...ip-service.ts |   81.15 |     64.7 |     100 |   81.15 | 64-65,68-72,80-85 
2026-09-14T02:52:47.4080850Z   ...h-resolver.ts |   71.01 |    57.14 |   66.66 |   71.01 | ...32-136,139-143 
2026-09-14T02:52:47.4081957Z   runtime-types.ts |      80 |    66.66 |     100 |      80 | 27-28             
2026-09-14T02:52:47.4082932Z   ...a-registry.ts |   82.78 |    81.81 |   76.47 |   82.78 | ...71-175,178-179 
2026-09-14T02:52:47.4083868Z   ...-validator.ts |   54.02 |    57.14 |      50 |   54.02 | ...18-124,127-130 
2026-09-14T02:52:47.4084835Z   ...cy-builder.ts |   83.51 |    60.86 |     100 |   83.51 | ...93-294,301-302 
2026-09-14T02:52:47.4085829Z   sod-validator.ts |   86.02 |    66.66 |     100 |   86.02 | ...06-207,211-217 
2026-09-14T02:52:47.4086793Z   ...-generator.ts |       0 |        0 |       0 |       0 | 1-112             
2026-09-14T02:52:47.4087771Z  ...ts/authz/cache |       0 |    33.33 |   33.33 |       0 |                   
2026-09-14T02:52:47.4088717Z   cache-warmer.ts  |       0 |      100 |     100 |       0 | 31-92             
2026-09-14T02:52:47.4089640Z   ...sion-cache.ts |       0 |        0 |       0 |       0 | 1-402             
2026-09-14T02:52:47.4090561Z   redis-adapter.ts |       0 |        0 |       0 |       0 | 1-128             
2026-09-14T02:52:47.4091692Z  ...assifiable/tag |   77.69 |    65.85 |   77.41 |   77.69 |                   
2026-09-14T02:52:47.4092818Z   spam-detector.ts |   83.87 |    77.77 |      90 |   83.87 | ...50-151,156-157 
2026-09-14T02:52:47.4093744Z   ...nym-mapper.ts |   53.33 |     64.7 |    62.5 |   53.33 | ...72,75-80,85-88 
2026-09-14T02:52:47.4095975Z   tag-manager.ts   |      80 |    66.66 |   66.66 |      80 | ...22-135,142-143 
2026-09-14T02:52:47.4096954Z   tag-merger.ts    |   88.31 |    35.71 |     100 |   88.31 | ...82-83,85-86,97 
2026-09-14T02:52:47.4097890Z  .../communication |   75.48 |    69.93 |   79.83 |   75.48 |                   
2026-09-14T02:52:47.4098866Z   ...l-resolver.ts |   84.93 |    82.75 |     100 |   84.93 | ...55,73-74,92-96 
2026-09-14T02:52:47.4099802Z   ...tion-trait.ts |   66.66 |    70.73 |   69.56 |   66.66 | ...18-219,223-237 
2026-09-14T02:52:47.4100739Z   ...ry-service.ts |   83.62 |    62.06 |     100 |   83.62 | ...37,151,153,155 
2026-09-14T02:52:47.4101848Z   ...cy-builder.ts |    88.8 |    78.78 |   84.21 |    88.8 | ...65-166,183-185 
2026-09-14T02:52:47.4103042Z   ...rs-checker.ts |   55.17 |       40 |    87.5 |   55.17 | ...20-123,128-129 
2026-09-14T02:52:47.4103987Z   ...-scheduler.ts |   88.23 |    52.94 |     100 |   88.23 | 32,35,44-45       
2026-09-14T02:52:47.4104954Z   runtime-types.ts |   84.09 |       20 |     100 |   84.09 | 169-170,172-176   
2026-09-14T02:52:47.4105886Z   ...a-registry.ts |   86.79 |       80 |   91.66 |   86.79 | ...09-110,152-155 
2026-09-14T02:52:47.4106820Z   ...-validator.ts |   71.97 |    66.66 |   55.55 |   71.97 | ...03-204,208-214 
2026-09-14T02:52:47.4107798Z   sla-monitor.ts   |   94.73 |    87.87 |     100 |   94.73 | ...80-181,187-188 
2026-09-14T02:52:47.4108760Z   ...g-enforcer.ts |   75.83 |    70.37 |   88.88 |   75.83 | ...16-117,154-161 
2026-09-14T02:52:47.4109728Z   ...ling-store.ts |   48.96 |    77.27 |   46.66 |   48.96 | ...26,169-170,181 
2026-09-14T02:52:47.4110714Z  ...cation/bridges |   81.97 |    54.76 |   93.33 |   81.97 |                   
2026-09-14T02:52:47.4111837Z   ...ble-bridge.ts |   95.45 |    81.81 |     100 |   95.45 | 46-47             
2026-09-14T02:52:47.4112779Z   ...ble-bridge.ts |   77.34 |    45.16 |   88.88 |   77.34 | ...38-139,143-144 
2026-09-14T02:52:47.4113732Z  ...nication/queue |   18.08 |       75 |      60 |   18.08 |                   
2026-09-14T02:52:47.4114697Z   ...ry-adapter.ts |   45.29 |    78.57 |   61.53 |   45.29 | ...00-117,120-124 
2026-09-14T02:52:47.4115678Z   queue-adapter.ts |       0 |        0 |       0 |       0 |                   
2026-09-14T02:52:47.4116898Z   redis-adapter.ts |       0 |        0 |       0 |       0 | 1-237             
2026-09-14T02:52:47.4117884Z  ...preferenceable |   81.14 |    69.51 |   78.75 |   81.14 |                   
2026-09-14T02:52:47.4118827Z   ...ty-checker.ts |   85.49 |     87.8 |     100 |   85.49 | ...63-165,167-176 
2026-09-14T02:52:47.4119805Z   ...e-migrator.ts |   65.31 |    57.14 |   77.77 |   65.31 | ...83-187,190-223 
2026-09-14T02:52:47.4120744Z   ...ion-logger.ts |   67.14 |    55.55 |      50 |   67.14 | ...13-119,122-134 
2026-09-14T02:52:47.4121835Z   ...ence-store.ts |      87 |    69.81 |   81.25 |      87 | ...30-231,241-244 
2026-09-14T02:52:47.4122795Z   ...able-trait.ts |   81.81 |      100 |   66.66 |   81.81 | 46-47,54-55,62-63 
2026-09-14T02:52:47.4123746Z   read-repair.ts   |   84.93 |       70 |     100 |   84.93 | ...84-185,192-193 
2026-09-14T02:52:47.4124697Z   ...a-registry.ts |   82.14 |    60.86 |      70 |   82.14 | ...47-148,156-158 
2026-09-14T02:52:47.4125609Z   ...-validator.ts |   93.87 |      100 |   66.66 |   93.87 | 41-43             
2026-09-14T02:52:47.4126544Z   ...-generator.ts |     100 |      100 |     100 |     100 |                   
2026-09-14T02:52:47.4127485Z   ...on-tracker.ts |      82 |       50 |     100 |      82 | ...04-107,142-143 
2026-09-14T02:52:47.4128434Z  ...enceable/cache |   78.66 |     74.6 |   90.62 |   78.66 |                   
2026-09-14T02:52:47.4129382Z   cache-warmer.ts  |   94.91 |    68.75 |     100 |   94.91 | 57-59             
2026-09-14T02:52:47.4130351Z   ...ence-cache.ts |    85.3 |    78.26 |   91.66 |    85.3 | ...59-260,262-263 
2026-09-14T02:52:47.4131450Z   redis-adapter.ts |       0 |        0 |       0 |       0 | 1-49              
2026-09-14T02:52:47.4132389Z  ...e/notification |   83.28 |    78.87 |   74.07 |   83.28 |                   
2026-09-14T02:52:47.4133309Z   ...nel-router.ts |   77.77 |       75 |      50 |   77.77 | ...60,63-64,67-68 
2026-09-14T02:52:47.4134183Z   ...ion-matrix.ts |   90.03 |    79.62 |   92.85 |   90.03 | ...22-323,326-327 
2026-09-14T02:52:47.4135069Z   ...nce-filter.ts |      54 |    77.77 |   57.14 |      54 | ...60,65-74,78-84 
2026-09-14T02:52:47.4135961Z  ...enceable/query |    86.2 |    64.28 |   88.88 |    86.2 |                   
2026-09-14T02:52:47.4136845Z   ...ed-queries.ts |    86.2 |    64.28 |   88.88 |    86.2 | ...03-104,140-141 
2026-09-14T02:52:47.4137717Z  ...ts/viz/spatial |   95.88 |    90.86 |     100 |   95.88 |                   
2026-09-14T02:52:47.4138820Z   ...tion.trait.ts |     100 |      100 |     100 |     100 |                   
2026-09-14T02:52:47.4139707Z   ...rlay.trait.ts |     100 |      100 |     100 |     100 |                   
2026-09-14T02:52:47.4140620Z   ...d-detector.ts |    97.2 |    94.95 |     100 |    97.2 | ...96-297,384-387 
2026-09-14T02:52:47.4141608Z   index.ts         |       0 |      100 |     100 |       0 | 8-47              
2026-09-14T02:52:47.4142510Z   ...compositor.ts |   97.14 |    89.47 |     100 |   97.14 | 62-64             
2026-09-14T02:52:47.4143507Z   ...-generator.ts |   84.96 |    79.48 |     100 |   84.96 | ...42-151,243-244 
2026-09-14T02:52:47.4144381Z  src/utils         |   80.98 |    67.74 |    87.5 |   80.98 |                   
2026-09-14T02:52:47.4145374Z   design-tokens.ts |     100 |        0 |     100 |     100 | 22-30             
2026-09-14T02:52:47.4146229Z   format.ts        |      90 |    84.61 |     100 |      90 | ...,94-95,129-130 
2026-09-14T02:52:47.4147089Z   token-values.ts  |   64.51 |    52.94 |      75 |   64.51 | ...57,62-66,78-84 
2026-09-14T02:52:47.4148026Z  src/utils/billing |   96.02 |    87.09 |     100 |   96.02 |                   
2026-09-14T02:52:47.4148919Z   state-guards.ts  |   96.02 |    87.09 |     100 |   96.02 | 174-175,261-264   
2026-09-14T02:52:47.4149824Z  src/utils/hash    |   15.21 |       75 |      50 |   15.21 |                   
2026-09-14T02:52:47.4150697Z   sha256.ts        |   15.21 |       75 |      50 |   15.21 | 19,32-128         
2026-09-14T02:52:47.4151706Z  src/validation    |   79.28 |    82.69 |   70.43 |   79.28 |                   
2026-09-14T02:52:47.4152791Z   ...ransformer.ts |   85.45 |    85.41 |     100 |   85.45 | ...93,125,140-141 
2026-09-14T02:52:47.4153696Z   ...tion-rules.ts |   73.07 |    57.14 |     100 |   73.07 | 32-45             
2026-09-14T02:52:47.4154601Z   ...-validator.ts |   86.66 |      100 |   71.42 |   86.66 | 59-60,102-107     
2026-09-14T02:52:47.4155508Z   formatter.ts     |   77.59 |    82.35 |   60.34 |   77.59 | ...54,368,427-452 
2026-09-14T02:52:47.4156368Z   index.ts         |     100 |      100 |     100 |     100 |                   
2026-09-14T02:52:47.4157229Z   ...-validator.ts |   90.96 |    87.87 |   84.61 |   90.96 | ...45-146,225-230 
2026-09-14T02:52:47.4158128Z   pipeline.ts      |    63.9 |    77.14 |   73.68 |    63.9 | ...28-337,361-362 
2026-09-14T02:52:47.4158995Z   schema-loader.ts |   72.41 |    64.28 |   77.77 |   72.41 | ...18-119,127-138 
2026-09-14T02:52:47.4159880Z   types.ts         |     100 |      100 |     100 |     100 |                   
2026-09-14T02:52:47.4160731Z   ...ransformer.ts |   88.65 |    85.29 |     100 |   88.65 | ...11-115,153-154 
2026-09-14T02:52:47.4161767Z  ...tion/reporters |   83.08 |    36.73 |   91.66 |   83.08 |                   
2026-09-14T02:52:47.4162672Z   github.ts        |    87.5 |    44.44 |     100 |    87.5 | ...,84-85,117-118 
2026-09-14T02:52:47.4163487Z   index.ts         |     100 |      100 |     100 |     100 |                   
2026-09-14T02:52:47.4164319Z   json.ts          |     100 |    66.66 |     100 |     100 | 38                
2026-09-14T02:52:47.4165137Z   text.ts          |   78.26 |    28.57 |      80 |   78.26 | ...68-171,180-184 
2026-09-14T02:52:47.4165999Z  ...lidation/rules |   80.61 |    67.11 |     100 |   80.61 |                   
2026-09-14T02:52:47.4166903Z   collisions.ts    |   95.23 |       68 |     100 |   95.23 | 15,24             
2026-09-14T02:52:47.4167805Z   dependencies.ts  |   71.92 |       80 |     100 |   71.92 | 16-17,23-36       
2026-09-14T02:52:47.4168642Z   index.ts         |     100 |      100 |     100 |     100 |                   
2026-09-14T02:52:47.4169513Z   semantics.ts     |   78.94 |       52 |     100 |   78.94 | ...25,45-54,61-62 
2026-09-14T02:52:47.4170420Z   state-machine.ts |   57.29 |    71.42 |     100 |   57.29 | ...92-101,104-113 
2026-09-14T02:52:47.4171448Z   tokens.ts        |   95.52 |    66.66 |     100 |   95.52 | 24,28-29          
2026-09-14T02:52:47.4172469Z   types.ts         |       0 |        0 |       0 |       0 |                   
2026-09-14T02:52:47.4173382Z   ...extensions.ts |   94.93 |    68.75 |     100 |   94.93 | 24,28,32-33       
2026-09-14T02:52:47.4174240Z  src/view          |   97.18 |    86.36 |     100 |   97.18 |                   
2026-09-14T02:52:47.4175127Z   context.ts       |     100 |      100 |     100 |     100 |                   
2026-09-14T02:52:47.4175991Z   extensions.ts    |   96.61 |    85.71 |     100 |   96.61 | 42-43             
2026-09-14T02:52:47.4176895Z  ...iew/compositor |   94.66 |    84.21 |     100 |   94.66 |                   
2026-09-14T02:52:47.4177790Z   composeDebug.ts  |   96.61 |    83.33 |     100 |   96.61 | 46-47             
2026-09-14T02:52:47.4178691Z   ...Extensions.ts |   93.87 |    84.37 |     100 |   93.87 | ...25,188-189,192 
2026-09-14T02:52:47.4179550Z  src/viz           |       0 |      100 |     100 |       0 |                   
2026-09-14T02:52:47.4180407Z   index.ts         |       0 |      100 |     100 |       0 | 4-131             
2026-09-14T02:52:47.4181470Z  ...apters/echarts |    90.7 |    75.07 |   96.34 |    90.7 |                   
2026-09-14T02:52:47.4182404Z   graph-adapter.ts |   96.56 |    85.82 |     100 |   96.56 | ...10-411,427-428 
2026-09-14T02:52:47.4183315Z   ...rchy-utils.ts |   87.25 |    71.79 |     100 |   87.25 | ...12-113,122-125 
2026-09-14T02:52:47.4184202Z   ...ey-adapter.ts |   85.32 |    79.12 |   85.71 |   85.32 | ...92-393,409-410 
2026-09-14T02:52:47.4185085Z   ...st-adapter.ts |   90.32 |    53.65 |     100 |   90.32 | ...95-196,212-213 
2026-09-14T02:52:47.4186194Z   ...ap-adapter.ts |   91.26 |    60.78 |     100 |   91.26 | ...23-224,240-241 
2026-09-14T02:52:47.4187113Z  ...apters/spatial |   80.97 |    74.52 |   92.68 |   80.97 |                   
2026-09-14T02:52:47.4188013Z   ...le-adapter.ts |   67.09 |    53.33 |   83.33 |   67.09 | ...18-228,234-282 
2026-09-14T02:52:47.4188892Z   ...th-adapter.ts |    63.8 |     42.3 |    87.5 |    63.8 | ...84,107,149-193 
2026-09-14T02:52:47.4189903Z   ...gistration.ts |   64.15 |    61.53 |      60 |   64.15 | ...63,70-71,74-75 
2026-09-14T02:52:47.4190794Z   ...al-adapter.ts |   93.25 |    77.14 |     100 |   93.25 | 51-52,62-63,83-84 
2026-09-14T02:52:47.4191853Z   ...-generator.ts |    76.4 |     62.5 |   83.33 |    76.4 | ...-65,76,101-102 
2026-09-14T02:52:47.4192752Z   ...ata-joiner.ts |   92.37 |    78.94 |     100 |   92.37 | 31-32,57-58,88-92 
2026-09-14T02:52:47.4193636Z   ...a-resolver.ts |   93.58 |    81.81 |     100 |   93.58 | 70-71,99-101      
2026-09-14T02:52:47.4194515Z   geo-fetch.ts     |   91.86 |     87.5 |     100 |   91.86 | ...03-104,126-127 
2026-09-14T02:52:47.4195432Z   ...mat-parser.ts |   92.43 |    94.64 |     100 |   92.43 | ...11-113,130-131 
2026-09-14T02:52:47.4196273Z   index.ts         |       0 |      100 |     100 |       0 | 7-22              
2026-09-14T02:52:47.4197138Z   ...le-adapter.ts |   78.35 |    66.66 |     100 |   78.35 | ...02-110,117-129 
2026-09-14T02:52:47.4198243Z   ...th-adapter.ts |   89.61 |    88.23 |     100 |   89.61 | 55-63             
2026-09-14T02:52:47.4199631Z   ...ection-map.ts |     100 |       80 |     100 |     100 | 28                
2026-09-14T02:52:47.4200680Z   ...-scale-map.ts |   93.33 |       80 |     100 |   93.33 | 34-35             
2026-09-14T02:52:47.4202126Z   ...al-adapter.ts |   92.25 |    82.45 |     100 |   92.25 | ...,98-99,137-138 
2026-09-14T02:52:47.4203384Z  src/viz/contexts  |   81.81 |      100 |      75 |   81.81 |                   
2026-09-14T02:52:47.4230792Z   ...l-context.tsx |   81.81 |      100 |      75 |   81.81 | 97-107            
2026-09-14T02:52:47.4232000Z  src/viz/hooks     |   89.89 |    77.41 |   94.44 |   89.89 |                   
2026-09-14T02:52:47.4232938Z   index.ts         |       0 |        0 |       0 |       0 | 1-5               
2026-09-14T02:52:47.4233781Z   useBrush.ts      |   95.12 |    85.71 |     100 |   95.12 | 52-53             
2026-09-14T02:52:47.4234648Z   useFilter.ts     |   95.12 |    66.66 |     100 |   95.12 | 52-53             
2026-09-14T02:52:47.4235749Z   useHighlight.ts  |   94.28 |       80 |     100 |   94.28 | 15-16             
2026-09-14T02:52:47.4236717Z   ...Projection.ts |   91.52 |    94.44 |     100 |   91.52 | 79-83             
2026-09-14T02:52:47.4237658Z   ...patialSpec.ts |   86.02 |    73.33 |     100 |   86.02 | ...44-145,172-173 
2026-09-14T02:52:47.4238580Z   useTooltip.ts    |   92.59 |       80 |     100 |   92.59 | 12-13             
2026-09-14T02:52:47.4239461Z   useZoom.ts       |   95.23 |    66.66 |     100 |   95.23 | 52-53             
2026-09-14T02:52:47.4240369Z  ...z/interactions |   78.73 |    45.94 |    90.9 |   78.73 |                   
2026-09-14T02:52:47.4241267Z   ...er-actions.ts |   83.53 |    47.22 |     100 |   83.53 | ...03-204,210-215 
2026-09-14T02:52:47.4242333Z   ...er-reducer.ts |       0 |        0 |       0 |       0 | 1-27              
2026-09-14T02:52:47.4243155Z  src/viz/layout    |   71.69 |    57.89 |     100 |   71.69 |                   
2026-09-14T02:52:47.4244078Z   keyboard-nav.ts  |   71.69 |    57.89 |     100 |   71.69 | ...48,56-57,61-62 
2026-09-14T02:52:47.4245000Z  src/viz/patterns  |   55.18 |     69.6 |   94.59 |   55.18 |                   
2026-09-14T02:52:47.4245931Z   ...k-scaffold.ts |   99.24 |    97.22 |     100 |   99.24 | 46                
2026-09-14T02:52:47.4246794Z   ...-generator.ts |   72.49 |    50.57 |     100 |   72.49 | ...76-477,487-488 
2026-09-14T02:52:47.4247693Z   ...-detection.ts |    92.1 |    86.76 |   91.66 |    92.1 | ...2,36-37,93-100 
2026-09-14T02:52:47.4248804Z   ...l-scaffold.ts |     100 |    33.33 |     100 |     100 | 20-22,112-115     
2026-09-14T02:52:47.4249652Z   ...-chart-cli.ts |       0 |        0 |       0 |       0 | 1-458             
2026-09-14T02:52:47.4250504Z  src/viz/perf      |       0 |        0 |       0 |       0 |                   
2026-09-14T02:52:47.4251551Z   ...benchmarks.ts |       0 |        0 |       0 |       0 | 1-803             
2026-09-14T02:52:47.4252480Z  src/viz/resolver  |     100 |      100 |     100 |     100 |                   
2026-09-14T02:52:47.4253401Z   ...w-resolver.ts |     100 |      100 |     100 |     100 |                   
2026-09-14T02:52:47.4254287Z  src/viz/runtime   |      68 |       60 |   66.66 |      68 |                   
2026-09-14T02:52:47.4255144Z   ...bed-loader.ts |      68 |       60 |   66.66 |      68 | ...20,25-26,33-34 
2026-09-14T02:52:47.4256054Z  src/viz/tooltip   |   42.97 |    83.33 |   55.55 |   42.97 |                   
2026-09-14T02:52:47.4256950Z   ...tip-config.ts |   42.97 |    83.33 |   55.55 |   42.97 | ...92-132,141-166 
2026-09-14T02:52:47.4257872Z  ...viz/validation |   89.11 |    82.35 |     100 |   89.11 |                   
2026-09-14T02:52:47.4258817Z   ...validators.ts |   89.11 |    82.35 |     100 |   89.11 | ...12,139,147-150 
2026-09-14T02:52:47.4259793Z -------------------|---------|----------|---------|---------|-------------------
2026-09-14T02:52:48.0426316Z  ELIFECYCLE  Command failed with exit code 1.
2026-09-14T02:52:48.0654724Z ##[error]Process completed with exit code 1.
2026-09-14T02:52:48.0728076Z Node 20 is being deprecated. This workflow is running with Node 24 by default. If you need to temporarily use Node 20, you can set the ACTIONS_ALLOW_USE_UNSECURE_NODE_VERSION=true environment variable. For more information see: https://github.blog/changelog/2025-09-19-deprecation-of-node-20-on-github-actions-runners/
2026-09-14T02:52:48.0729363Z ##[group]Run actions/upload-artifact@v4
2026-09-14T02:52:48.0729656Z with:
2026-09-14T02:52:48.0729911Z   name: coverage-34799493244
2026-09-14T02:52:48.0730172Z   path: coverage
2026-09-14T02:52:48.0730402Z   if-no-files-found: warn
2026-09-14T02:52:48.0730661Z   compression-level: 6
2026-09-14T02:52:48.0730895Z   overwrite: false
2026-09-14T02:52:48.0731133Z   include-hidden-files: false
2026-09-14T02:52:48.0731671Z env:
2026-09-14T02:52:48.0731873Z   NODE_VERSION: 24
2026-09-14T02:52:48.0732151Z   PNPM_HOME: /home/runner/setup-pnpm/node_modules/.bin
2026-09-14T02:52:48.0732474Z ##[endgroup]
2026-09-14T02:52:48.2638075Z (node:21636) [DEP0040] DeprecationWarning: The `punycode` module is deprecated. Please use a userland alternative instead.
2026-09-14T02:52:48.2639778Z (Use `node --trace-deprecation ...` to show where the warning was created)
2026-09-14T02:52:48.4781755Z With the provided path, there will be 575 files uploaded
2026-09-14T02:52:48.4782350Z Artifact name is valid!
2026-09-14T02:52:48.4782664Z Root directory input is valid!
2026-09-14T02:52:48.6794226Z Beginning upload of artifact content to blob storage
2026-09-14T02:52:49.4029802Z (node:21636) [DEP0169] DeprecationWarning: `url.parse()` behavior is not standardized and prone to errors that have security implications. Use the WHATWG URL API instead. CVEs are not issued for `url.parse()` vulnerabilities.
2026-09-14T02:52:49.5879455Z Uploaded bytes 2833809
2026-09-14T02:52:49.6083305Z Finished uploading artifact content to blob storage!
2026-09-14T02:52:49.6084969Z SHA256 digest of uploaded artifact zip is c04e2b84dcf22bb519e39e1dfde2790970e4baa34207a85641f6b8c2b5601ab9
2026-09-14T02:52:49.6087215Z Finalizing artifact upload
2026-09-14T02:52:49.8124293Z Artifact coverage-34799493244.zip successfully finalized. Artifact ID 10331865543
2026-09-14T02:52:49.8125833Z Artifact coverage-34799493244 has been successfully uploaded! Final size is 2833809 bytes. Artifact ID is 10331865543
2026-09-14T02:52:49.8127550Z Artifact download URL: https://github.com/kneelinghorse/OODS-Forge/actions/runs/34799493244/artifacts/10331865543
2026-09-14T02:52:49.8388418Z Node 20 is being deprecated. This workflow is running with Node 24 by default. If you need to temporarily use Node 20, you can set the ACTIONS_ALLOW_USE_UNSECURE_NODE_VERSION=true environment variable. For more information see: https://github.blog/changelog/2025-09-19-deprecation-of-node-20-on-github-actions-runners/
2026-09-14T02:52:49.8389638Z Post job cleanup.
2026-09-14T02:52:50.0041742Z Pruning is unnecessary.
2026-09-14T02:52:50.0294215Z Node 20 is being deprecated. This workflow is running with Node 24 by default. If you need to temporarily use Node 20, you can set the ACTIONS_ALLOW_USE_UNSECURE_NODE_VERSION=true environment variable. For more information see: https://github.blog/changelog/2025-09-19-deprecation-of-node-20-on-github-actions-runners/
2026-09-14T02:52:50.0296287Z Post job cleanup.
2026-09-14T02:52:50.1642559Z [command]/usr/bin/git version
2026-09-14T02:52:50.1702703Z git version 2.55.0
2026-09-14T02:52:50.1797706Z Temporarily overriding HOME='/home/runner/work/_temp/cf68c815-d502-4fcd-92e9-20c2c7bcc323' before making global git config changes
2026-09-14T02:52:50.1803463Z Adding repository directory to the temporary git global config as a safe directory
2026-09-14T02:52:50.1816852Z [command]/usr/bin/git config --global --add safe.directory /home/runner/work/OODS-Forge/OODS-Forge
2026-09-14T02:52:50.1827701Z [command]/usr/bin/git config --local --name-only --get-regexp core\.sshCommand
2026-09-14T02:52:50.1917376Z [command]/usr/bin/git submodule foreach --recursive sh -c "git config --local --name-only --get-regexp 'core\.sshCommand' && git config --local --unset-all 'core.sshCommand' || :"
2026-09-14T02:52:50.2450538Z [command]/usr/bin/git config --local --name-only --get-regexp http\.https\:\/\/github\.com\/\.extraheader
2026-09-14T02:52:50.2499872Z http.https://github.com/.extraheader
2026-09-14T02:52:50.2530532Z [command]/usr/bin/git config --local --unset-all http.https://github.com/.extraheader
2026-09-14T02:52:50.2622611Z [command]/usr/bin/git submodule foreach --recursive sh -c "git config --local --name-only --get-regexp 'http\.https\:\/\/github\.com\/\.extraheader' && git config --local --unset-all 'http.https://github.com/.extraheader' || :"
2026-09-14T02:52:50.3150947Z [command]/usr/bin/git config --local --name-only --get-regexp ^includeIf\.gitdir:
2026-09-14T02:52:50.3233196Z [command]/usr/bin/git submodule foreach --recursive git config --local --show-origin --name-only --get-regexp remote.origin.url
2026-09-14T02:52:50.3880230Z Cleaning up orphan processes
2026-09-14T02:52:50.4277829Z ##[warning]Node.js 20 is deprecated. The following actions target Node.js 20 but are being forced to run on Node.js 24: actions/cache@v4, actions/checkout@v4, actions/setup-node@v4, actions/upload-artifact@v4, pnpm/action-setup@v4. For more information see: https://github.blog/changelog/2025-09-19-deprecation-of-node-20-on-github-actions-runners/
