2026-09-14T02:31:48.7923478Z Current runner version: '2.337.0'
2026-09-14T02:31:48.7960715Z ##[group]Runner Image Provisioner
2026-09-14T02:31:48.7962152Z Hosted Compute Agent
2026-09-14T02:31:48.7963093Z Version: 20260828.587
2026-09-14T02:31:48.7964362Z Commit: abac92662cab4cc7352de4f9f9d2e2419aad9c29
2026-09-14T02:31:48.7965692Z Build Date: 2026-08-28T16:44:25Z
2026-09-14T02:31:48.7966811Z Worker ID: {a5583c4f-a8fe-4e7d-b0fa-1ebd4a01f2ae}
2026-09-14T02:31:48.7968179Z Azure Region: eastus2
2026-09-14T02:31:48.7969102Z ##[endgroup]
2026-09-14T02:31:48.7971769Z ##[group]Operating System
2026-09-14T02:31:48.7972798Z Ubuntu
2026-09-14T02:31:48.7973606Z 24.04.5
2026-09-14T02:31:48.7974667Z LTS
2026-09-14T02:31:48.7975480Z ##[endgroup]
2026-09-14T02:31:48.7976415Z ##[group]Runner Image
2026-09-14T02:31:48.7977427Z Image: ubuntu-24.04
2026-09-14T02:31:48.7978324Z Version: 20260907.300.1
2026-09-14T02:31:48.7980527Z Included Software: https://github.com/actions/runner-images/blob/ubuntu24/20260907.300/images/ubuntu/Ubuntu2404-Readme.md
2026-09-14T02:31:48.7983229Z Image Release: https://github.com/actions/runner-images/releases/tag/ubuntu24%2F20260907.300
2026-09-14T02:31:48.7985169Z ##[endgroup]
2026-09-14T02:31:48.7987279Z ##[group]GITHUB_TOKEN Permissions
2026-09-14T02:31:48.7990389Z Contents: read
2026-09-14T02:31:48.7991411Z Metadata: read
2026-09-14T02:31:48.7992333Z PullRequests: write
2026-09-14T02:31:48.7993280Z ##[endgroup]
2026-09-14T02:31:48.7996649Z Secret source: Actions
2026-09-14T02:31:48.7998110Z Cache mode: write
2026-09-14T02:31:48.7999594Z Prepare workflow directory
2026-09-14T02:31:48.8548189Z Prepare all required actions
2026-09-14T02:31:48.8617865Z Getting action download info
2026-09-14T02:31:49.0655398Z Download action repository 'actions/checkout@v4' (SHA:11d5960a326750d5838078e36cf38b85af677262)
2026-09-14T02:31:49.1912180Z Download action repository 'pnpm/action-setup@v4' (SHA:b906affcce14559ad1aafd4ab0e942779e9f58b1)
2026-09-14T02:31:49.4631040Z Download action repository 'actions/setup-node@v4' (SHA:49933ea5288caeca8642d1e84afbd3f7d6820020)
2026-09-14T02:31:49.5597946Z Download action repository 'actions/cache@v4' (SHA:0057852bfaa89a56745cba8c7296529d2fc39830)
2026-09-14T02:31:49.8541537Z Complete job name: product-reality-consumers
2026-09-14T02:31:49.9328389Z Node 20 is being deprecated. This workflow is running with Node 24 by default. If you need to temporarily use Node 20, you can set the ACTIONS_ALLOW_USE_UNSECURE_NODE_VERSION=true environment variable. For more information see: https://github.blog/changelog/2025-09-19-deprecation-of-node-20-on-github-actions-runners/
2026-09-14T02:31:49.9337953Z ##[group]Run actions/checkout@v4
2026-09-14T02:31:49.9338838Z with:
2026-09-14T02:31:49.9339536Z   fetch-depth: 0
2026-09-14T02:31:49.9340177Z   repository: kneelinghorse/OODS-Forge
2026-09-14T02:31:49.9345390Z   token: ***
2026-09-14T02:31:49.9346033Z   ssh-strict: true
2026-09-14T02:31:49.9346632Z   ssh-user: git
2026-09-14T02:31:49.9347305Z   persist-credentials: true
2026-09-14T02:31:49.9347974Z   clean: true
2026-09-14T02:31:49.9348637Z   sparse-checkout-cone-mode: true
2026-09-14T02:31:49.9349401Z   fetch-tags: false
2026-09-14T02:31:49.9350057Z   show-progress: true
2026-09-14T02:31:49.9350731Z   lfs: false
2026-09-14T02:31:49.9351483Z   submodules: false
2026-09-14T02:31:49.9352148Z   set-safe-directory: true
2026-09-14T02:31:49.9352825Z   allow-unsafe-pr-checkout: false
2026-09-14T02:31:49.9353964Z env:
2026-09-14T02:31:49.9354623Z   NODE_VERSION: 24
2026-09-14T02:31:49.9355222Z ##[endgroup]
2026-09-14T02:31:50.0508562Z Syncing repository: kneelinghorse/OODS-Forge
2026-09-14T02:31:50.0512420Z ##[group]Getting Git version info
2026-09-14T02:31:50.0516867Z Working directory is '/home/runner/work/OODS-Forge/OODS-Forge'
2026-09-14T02:31:50.0566329Z [command]/usr/bin/git version
2026-09-14T02:31:50.0726504Z git version 2.55.0
2026-09-14T02:31:50.0799919Z ##[endgroup]
2026-09-14T02:31:50.0811347Z Temporarily overriding HOME='/home/runner/work/_temp/ac2e4231-b5ea-4c54-9d65-cd8232ea7457' before making global git config changes
2026-09-14T02:31:50.0814807Z Adding repository directory to the temporary git global config as a safe directory
2026-09-14T02:31:50.0818463Z [command]/usr/bin/git config --global --add safe.directory /home/runner/work/OODS-Forge/OODS-Forge
2026-09-14T02:31:50.0883641Z Deleting the contents of '/home/runner/work/OODS-Forge/OODS-Forge'
2026-09-14T02:31:50.0896776Z ##[group]Initializing the repository
2026-09-14T02:31:50.0899762Z [command]/usr/bin/git init /home/runner/work/OODS-Forge/OODS-Forge
2026-09-14T02:31:50.0965209Z hint: Using 'master' as the name for the initial branch. This default branch name
2026-09-14T02:31:50.0967550Z hint: will change to "main" in Git 3.0. To configure the initial branch name
2026-09-14T02:31:50.0970132Z hint: to use in all of your new repositories, which will suppress this warning,
2026-09-14T02:31:50.0971950Z hint: call:
2026-09-14T02:31:50.0973470Z hint:
2026-09-14T02:31:50.0975467Z hint: 	git config --global init.defaultBranch <name>
2026-09-14T02:31:50.0977941Z hint:
2026-09-14T02:31:50.0979659Z hint: Names commonly chosen instead of 'master' are 'main', 'trunk' and
2026-09-14T02:31:50.0982148Z hint: 'development'. The just-created branch can be renamed via this command:
2026-09-14T02:31:50.0984502Z hint:
2026-09-14T02:31:50.1007123Z hint: 	git branch -m <name>
2026-09-14T02:31:50.1009951Z hint:
2026-09-14T02:31:50.1012720Z hint: Disable this message with "git config set advice.defaultBranchName false"
2026-09-14T02:31:50.1017010Z Initialized empty Git repository in /home/runner/work/OODS-Forge/OODS-Forge/.git/
2026-09-14T02:31:50.1032484Z [command]/usr/bin/git remote add origin https://github.com/kneelinghorse/OODS-Forge
2026-09-14T02:31:50.1037906Z ##[endgroup]
2026-09-14T02:31:50.1040170Z ##[group]Disabling automatic garbage collection
2026-09-14T02:31:50.1057880Z [command]/usr/bin/git config --local gc.auto 0
2026-09-14T02:31:50.1118042Z ##[endgroup]
2026-09-14T02:31:50.1119875Z ##[group]Setting up auth
2026-09-14T02:31:50.1122217Z [command]/usr/bin/git config --local --name-only --get-regexp core\.sshCommand
2026-09-14T02:31:50.1199238Z [command]/usr/bin/git submodule foreach --recursive sh -c "git config --local --name-only --get-regexp 'core\.sshCommand' && git config --local --unset-all 'core.sshCommand' || :"
2026-09-14T02:31:50.1646522Z [command]/usr/bin/git config --local --name-only --get-regexp http\.https\:\/\/github\.com\/\.extraheader
2026-09-14T02:31:50.1745304Z [command]/usr/bin/git submodule foreach --recursive sh -c "git config --local --name-only --get-regexp 'http\.https\:\/\/github\.com\/\.extraheader' && git config --local --unset-all 'http.https://github.com/.extraheader' || :"
2026-09-14T02:31:50.2093677Z [command]/usr/bin/git config --local --name-only --get-regexp ^includeIf\.gitdir:
2026-09-14T02:31:50.2140516Z [command]/usr/bin/git submodule foreach --recursive git config --local --show-origin --name-only --get-regexp remote.origin.url
2026-09-14T02:31:50.2516282Z [command]/usr/bin/git config --local http.https://github.com/.extraheader AUTHORIZATION: basic ***
2026-09-14T02:31:50.2629964Z ##[endgroup]
2026-09-14T02:31:50.2633305Z ##[group]Fetching the repository
2026-09-14T02:31:50.2636269Z [command]/usr/bin/git -c protocol.version=2 fetch --prune --no-recurse-submodules origin +refs/heads/*:refs/remotes/origin/* +refs/tags/*:refs/tags/* +1eadfb91938dd0d3d76a1226b0fb30dad430306a:refs/remotes/pull/109/merge
2026-09-14T02:32:12.2818915Z From https://github.com/kneelinghorse/OODS-Forge
2026-09-14T02:32:12.2825460Z  * [new branch]          Forge-expansion                          -> origin/Forge-expansion
2026-09-14T02:32:12.2826899Z  * [new branch]          OODS-pro                                 -> origin/OODS-pro
2026-09-14T02:32:12.2828373Z  * [new branch]          codex/sprint-198-craft                   -> origin/codex/sprint-198-craft
2026-09-14T02:32:12.2829518Z  * [new branch]          main                                     -> origin/main
2026-09-14T02:32:12.2830625Z  * [new ref]             1eadfb91938dd0d3d76a1226b0fb30dad430306a -> pull/109/merge
2026-09-14T02:32:12.2834254Z ##[endgroup]
2026-09-14T02:32:12.2835231Z ##[group]Determining the checkout info
2026-09-14T02:32:12.2836394Z ##[endgroup]
2026-09-14T02:32:12.2837268Z [command]/usr/bin/git sparse-checkout disable
2026-09-14T02:32:12.2905993Z [command]/usr/bin/git config --local --unset-all extensions.worktreeConfig
2026-09-14T02:32:12.2945279Z ##[group]Checking out the ref
2026-09-14T02:32:12.2949070Z [command]/usr/bin/git checkout --progress --force refs/remotes/pull/109/merge
2026-09-14T02:32:13.4073725Z Updating files:   9% (9898/100081)
2026-09-14T02:32:13.5057424Z Updating files:  10% (10009/100081)
2026-09-14T02:32:13.6004537Z Updating files:  11% (11009/100081)
2026-09-14T02:32:13.7764663Z Updating files:  12% (12010/100081)
2026-09-14T02:32:13.9247347Z Updating files:  13% (13011/100081)
2026-09-14T02:32:14.0582574Z Updating files:  14% (14012/100081)
2026-09-14T02:32:14.1886023Z Updating files:  15% (15013/100081)
2026-09-14T02:32:14.3088986Z Updating files:  16% (16013/100081)
2026-09-14T02:32:14.4034502Z Updating files:  17% (17014/100081)
2026-09-14T02:32:14.4287324Z Updating files:  17% (17848/100081)
2026-09-14T02:32:14.5607777Z Updating files:  18% (18015/100081)
2026-09-14T02:32:14.6998202Z Updating files:  19% (19016/100081)
2026-09-14T02:32:14.8540564Z Updating files:  20% (20017/100081)
2026-09-14T02:32:14.9909694Z Updating files:  21% (21018/100081)
2026-09-14T02:32:15.3254203Z Updating files:  22% (22018/100081)
2026-09-14T02:32:15.3871356Z Updating files:  23% (23019/100081)
2026-09-14T02:32:15.3943390Z Updating files:  24% (24020/100081)
2026-09-14T02:32:15.5934999Z Updating files:  24% (24101/100081)
2026-09-14T02:32:15.8535246Z Updating files:  25% (25021/100081)
2026-09-14T02:32:15.9454948Z Updating files:  26% (26022/100081)
2026-09-14T02:32:16.0397820Z Updating files:  27% (27022/100081)
2026-09-14T02:32:16.1147810Z Updating files:  28% (28023/100081)
2026-09-14T02:32:16.2151259Z Updating files:  29% (29024/100081)
2026-09-14T02:32:16.2974673Z Updating files:  30% (30025/100081)
2026-09-14T02:32:16.3932934Z Updating files:  31% (31026/100081)
2026-09-14T02:32:16.4371210Z Updating files:  31% (31728/100081)
2026-09-14T02:32:16.5580692Z Updating files:  32% (32026/100081)
2026-09-14T02:32:16.6975781Z Updating files:  33% (33027/100081)
2026-09-14T02:32:16.8821919Z Updating files:  34% (34028/100081)
2026-09-14T02:32:17.2402794Z Updating files:  35% (35029/100081)
2026-09-14T02:32:17.3933232Z Updating files:  36% (36030/100081)
2026-09-14T02:32:17.4420949Z Updating files:  36% (36484/100081)
2026-09-14T02:32:17.5677589Z Updating files:  37% (37030/100081)
2026-09-14T02:32:17.7332992Z Updating files:  38% (38031/100081)
2026-09-14T02:32:17.8126127Z Updating files:  39% (39032/100081)
2026-09-14T02:32:17.9487955Z Updating files:  40% (40033/100081)
2026-09-14T02:32:18.0987602Z Updating files:  41% (41034/100081)
2026-09-14T02:32:18.1835220Z Updating files:  42% (42035/100081)
2026-09-14T02:32:18.3371910Z Updating files:  43% (43035/100081)
2026-09-14T02:32:18.3934445Z Updating files:  44% (44036/100081)
2026-09-14T02:32:18.4534854Z Updating files:  44% (44292/100081)
2026-09-14T02:32:18.6526340Z Updating files:  45% (45037/100081)
2026-09-14T02:32:18.8238349Z Updating files:  46% (46038/100081)
2026-09-14T02:32:18.9346905Z Updating files:  47% (47039/100081)
2026-09-14T02:32:19.0400786Z Updating files:  48% (48039/100081)
2026-09-14T02:32:19.1675033Z Updating files:  49% (49040/100081)
2026-09-14T02:32:19.2633225Z Updating files:  50% (50041/100081)
2026-09-14T02:32:19.3400054Z Updating files:  51% (51042/100081)
2026-09-14T02:32:19.3934184Z Updating files:  52% (52043/100081)
2026-09-14T02:32:19.4235334Z Updating files:  52% (52710/100081)
2026-09-14T02:32:19.5788017Z Updating files:  53% (53043/100081)
2026-09-14T02:32:19.7242908Z Updating files:  54% (54044/100081)
2026-09-14T02:32:19.9674852Z Updating files:  55% (55045/100081)
2026-09-14T02:32:20.2919053Z Updating files:  56% (56046/100081)
2026-09-14T02:32:20.3766299Z Updating files:  57% (57047/100081)
2026-09-14T02:32:20.3938186Z Updating files:  58% (58047/100081)
2026-09-14T02:32:20.5388090Z Updating files:  58% (58217/100081)
2026-09-14T02:32:20.6835619Z Updating files:  59% (59048/100081)
2026-09-14T02:32:20.7963487Z Updating files:  60% (60049/100081)
2026-09-14T02:32:20.9622378Z Updating files:  61% (61050/100081)
2026-09-14T02:32:21.0200933Z Updating files:  62% (62051/100081)
2026-09-14T02:32:21.6035731Z Updating files:  63% (63052/100081)
2026-09-14T02:32:21.7067653Z Updating files:  63% (63547/100081)
2026-09-14T02:32:21.8660378Z Updating files:  64% (64052/100081)
2026-09-14T02:32:21.9565410Z Updating files:  65% (65053/100081)
2026-09-14T02:32:22.0852735Z Updating files:  66% (66054/100081)
2026-09-14T02:32:22.3090756Z Updating files:  67% (67055/100081)
2026-09-14T02:32:22.3945358Z Updating files:  68% (68056/100081)
2026-09-14T02:32:22.7049472Z Updating files:  68% (68241/100081)
2026-09-14T02:32:22.8286474Z Updating files:  69% (69056/100081)
2026-09-14T02:32:22.9097471Z Updating files:  70% (70057/100081)
2026-09-14T02:32:23.0254876Z Updating files:  71% (71058/100081)
2026-09-14T02:32:23.2341764Z Updating files:  72% (72059/100081)
2026-09-14T02:32:23.3960137Z Updating files:  73% (73060/100081)
2026-09-14T02:32:23.5930884Z Updating files:  73% (73341/100081)
2026-09-14T02:32:23.7664900Z Updating files:  74% (74060/100081)
2026-09-14T02:32:23.8845674Z Updating files:  75% (75061/100081)
2026-09-14T02:32:23.9687649Z Updating files:  76% (76062/100081)
2026-09-14T02:32:24.0939067Z Updating files:  77% (77063/100081)
2026-09-14T02:32:24.2577896Z Updating files:  78% (78064/100081)
2026-09-14T02:32:24.4008717Z Updating files:  79% (79064/100081)
2026-09-14T02:32:24.5175304Z Updating files:  79% (79675/100081)
2026-09-14T02:32:24.8578686Z Updating files:  80% (80065/100081)
2026-09-14T02:32:25.0952660Z Updating files:  81% (81066/100081)
2026-09-14T02:32:25.3945452Z Updating files:  82% (82067/100081)
2026-09-14T02:32:25.4091945Z Updating files:  82% (83011/100081)
2026-09-14T02:32:25.6865165Z Updating files:  83% (83068/100081)
2026-09-14T02:32:25.9645495Z Updating files:  84% (84069/100081)
2026-09-14T02:32:26.2300831Z Updating files:  85% (85069/100081)
2026-09-14T02:32:26.3933626Z Updating files:  86% (86070/100081)
2026-09-14T02:32:26.4668061Z Updating files:  86% (86432/100081)
2026-09-14T02:32:26.5920061Z Updating files:  87% (87071/100081)
2026-09-14T02:32:26.7480706Z Updating files:  88% (88072/100081)
2026-09-14T02:32:26.8522614Z Updating files:  89% (89073/100081)
2026-09-14T02:32:26.9501942Z Updating files:  90% (90073/100081)
2026-09-14T02:32:27.0643378Z Updating files:  91% (91074/100081)
2026-09-14T02:32:27.1463245Z Updating files:  92% (92075/100081)
2026-09-14T02:32:27.2391279Z Updating files:  93% (93076/100081)
2026-09-14T02:32:27.3956637Z Updating files:  94% (94077/100081)
2026-09-14T02:32:27.3988695Z Updating files:  94% (95032/100081)
2026-09-14T02:32:27.8231769Z Updating files:  95% (95077/100081)
2026-09-14T02:32:28.0080252Z Updating files:  96% (96078/100081)
2026-09-14T02:32:28.0863430Z Updating files:  97% (97079/100081)
2026-09-14T02:32:28.1672756Z Updating files:  98% (98080/100081)
2026-09-14T02:32:28.2418516Z Updating files:  99% (99081/100081)
2026-09-14T02:32:28.2421127Z Updating files: 100% (100081/100081)
2026-09-14T02:32:28.2422019Z Updating files: 100% (100081/100081), done.
2026-09-14T02:32:28.3796300Z Note: switching to 'refs/remotes/pull/109/merge'.
2026-09-14T02:32:28.3798529Z 
2026-09-14T02:32:28.3799363Z You are in 'detached HEAD' state. You can look around, make experimental
2026-09-14T02:32:28.3800440Z changes and commit them, and you can discard any commits you make in this
2026-09-14T02:32:28.3801642Z state without impacting any branches by switching back to a branch.
2026-09-14T02:32:28.3802378Z 
2026-09-14T02:32:28.3802871Z If you want to create a new branch to retain commits you create, you may
2026-09-14T02:32:28.3803787Z do so (now or later) by using -c with the switch command. Example:
2026-09-14T02:32:28.3804720Z 
2026-09-14T02:32:28.3805088Z   git switch -c <new-branch-name>
2026-09-14T02:32:28.3805927Z 
2026-09-14T02:32:28.3806274Z Or undo this operation with:
2026-09-14T02:32:28.3806737Z 
2026-09-14T02:32:28.3814643Z   git switch -
2026-09-14T02:32:28.3815045Z 
2026-09-14T02:32:28.3815614Z Turn off this advice by setting config variable advice.detachedHead to false
2026-09-14T02:32:28.3816318Z 
2026-09-14T02:32:28.3817111Z HEAD is now at 1eadfb919 Merge d03d9374b0865e0dc4dc437265963e0f336e7f37 into bb579fd8de9df1494c16e3e7b0f69ed1789f0518
2026-09-14T02:32:28.3955846Z ##[endgroup]
2026-09-14T02:32:28.4029877Z [command]/usr/bin/git log -1 --format=%H
2026-09-14T02:32:28.4062024Z 1eadfb91938dd0d3d76a1226b0fb30dad430306a
2026-09-14T02:32:28.4333630Z Node 20 is being deprecated. This workflow is running with Node 24 by default. If you need to temporarily use Node 20, you can set the ACTIONS_ALLOW_USE_UNSECURE_NODE_VERSION=true environment variable. For more information see: https://github.blog/changelog/2025-09-19-deprecation-of-node-20-on-github-actions-runners/
2026-09-14T02:32:28.4335651Z ##[group]Run pnpm/action-setup@v4
2026-09-14T02:32:28.4335930Z with:
2026-09-14T02:32:28.4336147Z   run_install: false
2026-09-14T02:32:28.4336389Z   dest: ~/setup-pnpm
2026-09-14T02:32:28.4336612Z   cache: false
2026-09-14T02:32:28.4336868Z   cache_dependency_path: pnpm-lock.yaml
2026-09-14T02:32:28.4337190Z   package_json_file: package.json
2026-09-14T02:32:28.4337467Z   standalone: false
2026-09-14T02:32:28.4337688Z env:
2026-09-14T02:32:28.4337891Z   NODE_VERSION: 24
2026-09-14T02:32:28.4338118Z ##[endgroup]
2026-09-14T02:32:28.5954601Z ##[group]Running self-installer...
2026-09-14T02:32:29.2613531Z (node:2032) [DEP0169] DeprecationWarning: `url.parse()` behavior is not standardized and prone to errors that have security implications. Use the WHATWG URL API instead. CVEs are not issued for `url.parse()` vulnerabilities.
2026-09-14T02:32:29.2615825Z (Use `node --trace-deprecation ...` to show where the warning was created)
2026-09-14T02:32:29.4089572Z Progress: resolved 1, reused 0, downloaded 0, added 0
2026-09-14T02:32:29.4256116Z Packages: +1
2026-09-14T02:32:29.4273598Z +
2026-09-14T02:32:29.8455767Z Progress: resolved 1, reused 0, downloaded 1, added 1, done
2026-09-14T02:32:29.9783682Z 
2026-09-14T02:32:29.9785064Z dependencies:
2026-09-14T02:32:29.9785953Z + pnpm 9.12.2 (12.4.1 is available)
2026-09-14T02:32:29.9787834Z 
2026-09-14T02:32:30.0673199Z Done in 1.2s
2026-09-14T02:32:30.0860844Z ##[endgroup]
2026-09-14T02:32:30.0861642Z Installation Completed!
2026-09-14T02:32:30.1054315Z Node 20 is being deprecated. This workflow is running with Node 24 by default. If you need to temporarily use Node 20, you can set the ACTIONS_ALLOW_USE_UNSECURE_NODE_VERSION=true environment variable. For more information see: https://github.blog/changelog/2025-09-19-deprecation-of-node-20-on-github-actions-runners/
2026-09-14T02:32:30.1055629Z ##[group]Run actions/setup-node@v4
2026-09-14T02:32:30.1055908Z with:
2026-09-14T02:32:30.1056133Z   node-version: 24
2026-09-14T02:32:30.1056369Z   cache: pnpm
2026-09-14T02:32:30.1056607Z   always-auth: false
2026-09-14T02:32:30.1056855Z   check-latest: false
2026-09-14T02:32:30.1059539Z   token: ***
2026-09-14T02:32:30.1059763Z env:
2026-09-14T02:32:30.1059971Z   NODE_VERSION: 24
2026-09-14T02:32:30.1060275Z   PNPM_HOME: /home/runner/setup-pnpm/node_modules/.bin
2026-09-14T02:32:30.1060608Z ##[endgroup]
2026-09-14T02:32:30.3258403Z (node:2045) [DEP0040] DeprecationWarning: The `punycode` module is deprecated. Please use a userland alternative instead.
2026-09-14T02:32:30.3259655Z (Use `node --trace-deprecation ...` to show where the warning was created)
2026-09-14T02:32:30.3285235Z Found in cache @ /opt/hostedtoolcache/node/24.20.0/x64
2026-09-14T02:32:30.3286162Z ##[group]Environment details
2026-09-14T02:32:35.3547108Z node: v24.20.0
2026-09-14T02:32:35.3547907Z npm: 11.19.0
2026-09-14T02:32:35.3548729Z yarn: 1.22.22
2026-09-14T02:32:35.3550513Z ##[endgroup]
2026-09-14T02:32:35.3572046Z [command]/home/runner/setup-pnpm/node_modules/.bin/pnpm store path --silent
2026-09-14T02:32:35.9203278Z /home/runner/setup-pnpm/node_modules/.bin/store/v3
2026-09-14T02:32:36.0106897Z Cache hit for: node-cache-Linux-x64-pnpm-e86e0b840775c2371d6b245e9f0feece464ed344cc81e0b002bb553d30d2d730
2026-09-14T02:32:36.0261584Z (node:2045) [DEP0169] DeprecationWarning: `url.parse()` behavior is not standardized and prone to errors that have security implications. Use the WHATWG URL API instead. CVEs are not issued for `url.parse()` vulnerabilities.
2026-09-14T02:32:36.7332729Z Received 125386059 of 125386059 (100.0%), 179.3 MBs/sec
2026-09-14T02:32:36.7347187Z Cache Size: ~120 MB (125386059 B)
2026-09-14T02:32:36.7406214Z [command]/usr/bin/tar -xf /home/runner/work/_temp/998bcc1d-46b8-4143-acc8-8a32b9450439/cache.tzst -P -C /home/runner/work/OODS-Forge/OODS-Forge --use-compress-program unzstd
2026-09-14T02:32:39.0399344Z Cache restored successfully
2026-09-14T02:32:39.3651073Z Cache restored from key: node-cache-Linux-x64-pnpm-e86e0b840775c2371d6b245e9f0feece464ed344cc81e0b002bb553d30d2d730
2026-09-14T02:32:39.3941856Z ##[group]Run pnpm install --frozen-lockfile
2026-09-14T02:32:39.3942296Z [36;1mpnpm install --frozen-lockfile[0m
2026-09-14T02:32:39.4038611Z shell: /usr/bin/bash -e {0}
2026-09-14T02:32:39.4038912Z env:
2026-09-14T02:32:39.4039135Z   NODE_VERSION: 24
2026-09-14T02:32:39.4039435Z   PNPM_HOME: /home/runner/setup-pnpm/node_modules/.bin
2026-09-14T02:32:39.4039769Z ##[endgroup]
2026-09-14T02:32:39.9131450Z Scope: all 22 workspace projects
2026-09-14T02:32:39.9878437Z Lockfile is up to date, resolution step is skipped
2026-09-14T02:32:40.1165545Z Progress: resolved 1, reused 0, downloaded 0, added 0
2026-09-14T02:32:40.2641860Z Packages: +946
2026-09-14T02:32:40.2645637Z ++++++++++++++++++++++++++++++++++++++++++++++++++++++++++++++++++++++++++++++++
2026-09-14T02:32:41.1160056Z Progress: resolved 946, reused 795, downloaded 0, added 0
2026-09-14T02:32:42.1167951Z Progress: resolved 946, reused 945, downloaded 0, added 481
2026-09-14T02:32:42.8906112Z Progress: resolved 946, reused 945, downloaded 0, added 946, done
2026-09-14T02:32:44.0977652Z 
2026-09-14T02:32:44.0978433Z dependencies:
2026-09-14T02:32:44.0979024Z + @radix-ui/react-slot 1.2.3
2026-09-14T02:32:44.0980916Z + @rjsf/core 5.24.13
2026-09-14T02:32:44.0981445Z + @rjsf/utils 5.24.13
2026-09-14T02:32:44.0981929Z + @rjsf/validator-ajv8 5.24.13
2026-09-14T02:32:44.0982413Z + @types/geojson 7946.0.16
2026-09-14T02:32:44.0982908Z + @types/topojson-client 3.1.5
2026-09-14T02:32:44.0983423Z + @types/topojson-specification 1.0.5
2026-09-14T02:32:44.0984262Z + ajv 8.17.1
2026-09-14T02:32:44.0984646Z + ajv-formats 3.0.1
2026-09-14T02:32:44.0985017Z + d3-geo 3.1.1
2026-09-14T02:32:44.0985364Z + d3-scale 4.0.2
2026-09-14T02:32:44.0985725Z + echarts 6.0.0
2026-09-14T02:32:44.0986081Z + js-yaml 4.1.0
2026-09-14T02:32:44.0986424Z + luxon 3.7.2
2026-09-14T02:32:44.0986792Z + pg 8.16.3
2026-09-14T02:32:44.0987136Z + react 19.2.0
2026-09-14T02:32:44.0987510Z + react-dom 19.2.0
2026-09-14T02:32:44.0988021Z + react-window 1.8.11
2026-09-14T02:32:44.0988525Z + topojson-client 3.1.0
2026-09-14T02:32:44.0988904Z + vega 6.2.0
2026-09-14T02:32:44.0989267Z + vega-embed 7.1.0
2026-09-14T02:32:44.0989697Z + zod 4.1.12
2026-09-14T02:32:44.1014307Z 
2026-09-14T02:32:44.1033671Z devDependencies:
2026-09-14T02:32:44.1034417Z + @chromatic-com/storybook 4.1.1
2026-09-14T02:32:44.1084327Z + @oods/a11y-tools 0.1.0 <- packages/a11y-tools
2026-09-14T02:32:44.1085228Z + @oods/component-contracts 0.1.0 <- packages/component-contracts
2026-09-14T02:32:44.1085902Z + @oods/tokens 0.1.0 <- packages/tokens
2026-09-14T02:32:44.1086479Z + @oods/viz-core 0.1.0 <- packages/viz-core
2026-09-14T02:32:44.1086832Z + @playwright/test 1.56.1
2026-09-14T02:32:44.1087152Z + @storybook/addon-a11y 9.1.10
2026-09-14T02:32:44.1087474Z + @storybook/addon-docs 9.1.10
2026-09-14T02:32:44.1087789Z + @storybook/addon-onboarding 9.1.10
2026-09-14T02:32:44.1088105Z + @storybook/mdx2-csf 1.1.0
2026-09-14T02:32:44.1088385Z + @storybook/react 9.1.10
2026-09-14T02:32:44.1088687Z + @storybook/react-vite 9.1.10
2026-09-14T02:32:44.1089249Z + @testing-library/dom 10.4.1
2026-09-14T02:32:44.1089560Z + @testing-library/jest-dom 6.9.1
2026-09-14T02:32:44.1089880Z + @testing-library/react 16.3.0
2026-09-14T02:32:44.1090195Z + @testing-library/user-event 14.6.1
2026-09-14T02:32:44.1090526Z + @tokens-studio/sd-transforms 1.3.0
2026-09-14T02:32:44.1090818Z + @types/d3-geo 3.1.0
2026-09-14T02:32:44.1091071Z + @types/d3-scale 4.0.9
2026-09-14T02:32:44.1091324Z + @types/js-yaml 4.0.9
2026-09-14T02:32:44.1091569Z + @types/luxon 3.7.1
2026-09-14T02:32:44.1091823Z + @types/node 20.19.21
2026-09-14T02:32:44.1092064Z + @types/pg 8.15.6
2026-09-14T02:32:44.1092305Z + @types/react 19.2.2
2026-09-14T02:32:44.1092566Z + @types/react-dom 19.2.2
2026-09-14T02:32:44.1092832Z + @types/react-window 1.8.8
2026-09-14T02:32:44.1093091Z + @types/semver 7.7.1
2026-09-14T02:32:44.1093337Z + @types/sql.js 1.4.9
2026-09-14T02:32:44.1094005Z + @typescript-eslint/eslint-plugin 6.21.0
2026-09-14T02:32:44.1094881Z + @typescript-eslint/parser 6.21.0
2026-09-14T02:32:44.1095406Z + @vitejs/plugin-react 5.0.4
2026-09-14T02:32:44.1095898Z + @vitest/browser 3.2.4
2026-09-14T02:32:44.1096322Z + @vitest/coverage-v8 3.2.4
2026-09-14T02:32:44.1096737Z + axe-core 4.11.0
2026-09-14T02:32:44.1097125Z + colorjs.io 0.5.2
2026-09-14T02:32:44.1097482Z + dotenv 17.4.2
2026-09-14T02:32:44.1098095Z + esbuild 0.25.10
2026-09-14T02:32:44.1130396Z + eslint 8.57.1
2026-09-14T02:32:44.1147900Z + eslint-plugin-storybook 9.1.10
2026-09-14T02:32:44.1148596Z + globals 17.6.0
2026-09-14T02:32:44.1149138Z + jsdom 24.1.3
2026-09-14T02:32:44.1149854Z + json-schema-to-typescript 13.1.2
2026-09-14T02:32:44.1156010Z + markdown-to-jsx 7.7.15
2026-09-14T02:32:44.1158860Z + pg-mem 3.0.5
2026-09-14T02:32:44.1162539Z + playwright 1.56.1
2026-09-14T02:32:44.1169870Z + postcss 8.5.28
2026-09-14T02:32:44.1173700Z + prettier 3.6.2
2026-09-14T02:32:44.1174394Z + rimraf 5.0.10
2026-09-14T02:32:44.1174812Z + semver 7.7.3
2026-09-14T02:32:44.1175174Z + sql.js 1.13.0
2026-09-14T02:32:44.1175561Z + storybook 9.1.10
2026-09-14T02:32:44.1175967Z + style-dictionary 4.4.0
2026-09-14T02:32:44.1176380Z + tailwindcss 3.4.18
2026-09-14T02:32:44.1176740Z + tsup 8.5.0
2026-09-14T02:32:44.1177061Z + tsx 4.20.6
2026-09-14T02:32:44.1177411Z + typescript 5.3.3
2026-09-14T02:32:44.1177854Z + vega-lite 6.4.1
2026-09-14T02:32:44.1178240Z + vite-tsconfig-paths 5.1.4
2026-09-14T02:32:44.1178640Z + vitest 3.2.4
2026-09-14T02:32:44.1178997Z + vitest-axe 0.1.0
2026-09-14T02:32:44.1179210Z 
2026-09-14T02:32:44.2261288Z . prepare$ node tools/token-lint/setup-precommit.mjs
2026-09-14T02:32:44.2644284Z . prepare: No .git directory detected; skipping pre-commit hook installation.
2026-09-14T02:32:44.2675589Z . prepare: Done
2026-09-14T02:32:44.2814800Z Done in 4.8s
2026-09-14T02:32:44.4675271Z Node 20 is being deprecated. This workflow is running with Node 24 by default. If you need to temporarily use Node 20, you can set the ACTIONS_ALLOW_USE_UNSECURE_NODE_VERSION=true environment variable. For more information see: https://github.blog/changelog/2025-09-19-deprecation-of-node-20-on-github-actions-runners/
2026-09-14T02:32:44.4676545Z ##[group]Run actions/cache@v4
2026-09-14T02:32:44.4676814Z with:
2026-09-14T02:32:44.4677051Z   path: ~/.cache/ms-playwright
2026-09-14T02:32:44.4677533Z   key: Linux-playwright-e86e0b840775c2371d6b245e9f0feece464ed344cc81e0b002bb553d30d2d730
2026-09-14T02:32:44.4678059Z   restore-keys: Linux-playwright-

2026-09-14T02:32:44.4678366Z   enableCrossOsArchive: false
2026-09-14T02:32:44.4678648Z   fail-on-cache-miss: false
2026-09-14T02:32:44.4678905Z   lookup-only: false
2026-09-14T02:32:44.4679146Z   save-always: false
2026-09-14T02:32:44.4679365Z env:
2026-09-14T02:32:44.4679577Z   NODE_VERSION: 24
2026-09-14T02:32:44.4679909Z   PNPM_HOME: /home/runner/setup-pnpm/node_modules/.bin
2026-09-14T02:32:44.4680233Z ##[endgroup]
2026-09-14T02:32:44.5824088Z (node:2144) [DEP0040] DeprecationWarning: The `punycode` module is deprecated. Please use a userland alternative instead.
2026-09-14T02:32:44.5825768Z (Use `node --trace-deprecation ...` to show where the warning was created)
2026-09-14T02:32:44.6648361Z Cache hit for: Linux-playwright-e86e0b840775c2371d6b245e9f0feece464ed344cc81e0b002bb553d30d2d730
2026-09-14T02:32:44.6746185Z (node:2144) [DEP0169] DeprecationWarning: `url.parse()` behavior is not standardized and prone to errors that have security implications. Use the WHATWG URL API instead. CVEs are not issued for `url.parse()` vulnerabilities.
2026-09-14T02:32:45.7119156Z Received 142606336 of 278714091 (51.2%), 135.5 MBs/sec
2026-09-14T02:32:46.5071373Z Received 278714091 of 278714091 (100.0%), 147.3 MBs/sec
2026-09-14T02:32:46.5073244Z Cache Size: ~266 MB (278714091 B)
2026-09-14T02:32:46.5311979Z [command]/usr/bin/tar -xf /home/runner/work/_temp/1621d857-2d6f-4ae5-bd5d-42a5875deea7/cache.tzst -P -C /home/runner/work/OODS-Forge/OODS-Forge --use-compress-program unzstd
2026-09-14T02:32:49.7852091Z Cache restored successfully
2026-09-14T02:32:49.8169455Z Cache restored from key: Linux-playwright-e86e0b840775c2371d6b245e9f0feece464ed344cc81e0b002bb553d30d2d730
2026-09-14T02:32:50.5753060Z ##[group]Run pnpm exec playwright install chromium
2026-09-14T02:32:50.5753776Z [36;1mpnpm exec playwright install chromium[0m
2026-09-14T02:32:50.6693554Z shell: /usr/bin/bash -e {0}
2026-09-14T02:32:50.6694264Z env:
2026-09-14T02:32:50.6694626Z   NODE_VERSION: 24
2026-09-14T02:32:50.6695104Z   PNPM_HOME: /home/runner/setup-pnpm/node_modules/.bin
2026-09-14T02:32:50.6695687Z ##[endgroup]
2026-09-14T02:32:52.3634356Z ##[group]Run pnpm run build:tokens
2026-09-14T02:32:52.3634944Z [36;1mpnpm run build:tokens[0m
2026-09-14T02:32:52.3676459Z shell: /usr/bin/bash -e {0}
2026-09-14T02:32:52.3676771Z env:
2026-09-14T02:32:52.3677002Z   NODE_VERSION: 24
2026-09-14T02:32:52.3677311Z   PNPM_HOME: /home/runner/setup-pnpm/node_modules/.bin
2026-09-14T02:32:52.3677665Z ##[endgroup]
2026-09-14T02:32:52.8092273Z 
2026-09-14T02:32:52.8093508Z > @oods/foundry-mcp@0.1.0 build:tokens /home/runner/work/OODS-Forge/OODS-Forge
2026-09-14T02:32:52.8095025Z > node packages/tokens/scripts/build.mjs
2026-09-14T02:32:52.8095648Z 
2026-09-14T02:32:53.1221838Z ✔︎ collision guard: no non-exempt collisions across 6 scopes
2026-09-14T02:32:53.1233335Z Building design tokens with Style Dictionary…
2026-09-14T02:32:53.2074563Z 
2026-09-14T02:32:53.2075715Z Token collisions detected (9):
2026-09-14T02:32:53.2094863Z Use log.verbosity "verbose" or use CLI option --verbose for more details.
2026-09-14T02:32:53.2097634Z Refer to: https://styledictionary.com/reference/logging/
2026-09-14T02:32:53.7438650Z 
2026-09-14T02:32:53.7439490Z ios-swift
2026-09-14T02:32:53.7440442Z ! dist/ios-swift/OodsTokens.swift, does not exist
2026-09-14T02:32:53.7450287Z 
2026-09-14T02:32:53.7450767Z compose
2026-09-14T02:32:53.7451532Z ! dist/compose/OodsTokens.kt, does not exist
2026-09-14T02:32:53.8679530Z 
2026-09-14T02:32:53.8680754Z ts
2026-09-14T02:32:53.8681595Z ! dist/ts/tokens.ts, does not exist
2026-09-14T02:32:53.8689589Z 
2026-09-14T02:32:53.8690024Z tailwind
2026-09-14T02:32:53.8690840Z ! dist/tailwind/tokens.json, does not exist
2026-09-14T02:32:54.6985832Z 
2026-09-14T02:32:54.6986668Z ios-swift
2026-09-14T02:32:54.6987937Z ✔︎ dist/ios-swift/OodsTokens.swift
2026-09-14T02:32:54.6988905Z 
2026-09-14T02:32:54.6989362Z compose
2026-09-14T02:32:54.7004819Z ✔︎ dist/compose/OodsTokens.kt
2026-09-14T02:32:54.7618287Z 
2026-09-14T02:32:54.7619304Z ts
2026-09-14T02:32:54.7620316Z ✔︎ dist/ts/tokens.ts
2026-09-14T02:32:54.7621786Z 
2026-09-14T02:32:54.7622262Z tailwind
2026-09-14T02:32:54.7623042Z ✔︎ dist/tailwind/tokens.json
2026-09-14T02:32:54.8444819Z 
2026-09-14T02:32:54.8465053Z Token collisions detected (9):
2026-09-14T02:32:54.8475257Z Use log.verbosity "verbose" or use CLI option --verbose for more details.
2026-09-14T02:32:54.8476303Z Refer to: https://styledictionary.com/reference/logging/
2026-09-14T02:32:55.0389829Z 
2026-09-14T02:32:55.0390617Z css
2026-09-14T02:32:55.0391775Z ✔︎ dist/css/tokens.css
2026-09-14T02:32:55.0850010Z 
2026-09-14T02:32:55.0850643Z Token collisions detected (9):
2026-09-14T02:32:55.0852122Z Use log.verbosity "verbose" or use CLI option --verbose for more details.
2026-09-14T02:32:55.0853309Z Refer to: https://styledictionary.com/reference/logging/
2026-09-14T02:32:55.2215345Z 
2026-09-14T02:32:55.2216122Z css
2026-09-14T02:32:55.2217173Z ✔︎ dist/css/tokens.css
2026-09-14T02:32:55.3675322Z 
2026-09-14T02:32:55.3676316Z Token collisions detected (426):
2026-09-14T02:32:55.3677539Z Use log.verbosity "verbose" or use CLI option --verbose for more details.
2026-09-14T02:32:55.3678787Z Refer to: https://styledictionary.com/reference/logging/
2026-09-14T02:32:55.4984915Z 
2026-09-14T02:32:55.5025219Z css
2026-09-14T02:32:55.5045704Z ✔︎ dist/css/tokens.css
2026-09-14T02:32:55.6239763Z 
2026-09-14T02:32:55.6240689Z Token collisions detected (376):
2026-09-14T02:32:55.6242011Z Use log.verbosity "verbose" or use CLI option --verbose for more details.
2026-09-14T02:32:55.6243238Z Refer to: https://styledictionary.com/reference/logging/
2026-09-14T02:32:55.7644739Z 
2026-09-14T02:32:55.7645577Z css
2026-09-14T02:32:55.7646643Z ✔︎ dist/css/tokens.css
2026-09-14T02:32:55.8936778Z 
2026-09-14T02:32:55.8938424Z Token collisions detected (9):
2026-09-14T02:32:55.8939590Z Use log.verbosity "verbose" or use CLI option --verbose for more details.
2026-09-14T02:32:55.8940771Z Refer to: https://styledictionary.com/reference/logging/
2026-09-14T02:32:56.0243684Z 
2026-09-14T02:32:56.0246310Z css
2026-09-14T02:32:56.0248059Z ✔︎ dist/css/tokens.css
2026-09-14T02:32:56.1496108Z 
2026-09-14T02:32:56.1497085Z Token collisions detected (426):
2026-09-14T02:32:56.1498236Z Use log.verbosity "verbose" or use CLI option --verbose for more details.
2026-09-14T02:32:56.1499442Z Refer to: https://styledictionary.com/reference/logging/
2026-09-14T02:32:56.2782761Z 
2026-09-14T02:32:56.2783543Z css
2026-09-14T02:32:56.2784795Z ✔︎ dist/css/tokens.css
2026-09-14T02:32:56.4081222Z 
2026-09-14T02:32:56.4082142Z Token collisions detected (376):
2026-09-14T02:32:56.4083307Z Use log.verbosity "verbose" or use CLI option --verbose for more details.
2026-09-14T02:32:56.4084784Z Refer to: https://styledictionary.com/reference/logging/
2026-09-14T02:32:56.5343670Z 
2026-09-14T02:32:56.5344938Z css
2026-09-14T02:32:56.5346001Z ✔︎ dist/css/tokens.css
2026-09-14T02:32:56.6596553Z 
2026-09-14T02:32:56.6598286Z Token collisions detected (9):
2026-09-14T02:32:56.6599489Z Use log.verbosity "verbose" or use CLI option --verbose for more details.
2026-09-14T02:32:56.6600672Z Refer to: https://styledictionary.com/reference/logging/
2026-09-14T02:32:56.7895837Z ✔︎ tokens built successfully in 3.67s
2026-09-14T02:32:56.7897126Z    css:      dist/css/tokens.css (6 brand × theme scopes)
2026-09-14T02:32:56.7897926Z    types:    dist/ts/tokens.ts
2026-09-14T02:32:56.7898607Z    tailwind: dist/tailwind/tokens.json
2026-09-14T02:32:56.7899297Z    ios:      dist/ios-swift/OodsTokens.swift
2026-09-14T02:32:56.7899999Z    compose:  dist/compose/OodsTokens.kt
2026-09-14T02:32:56.8324804Z ##[group]Run pnpm run pretest:coverage
2026-09-14T02:32:56.8325451Z [36;1mpnpm run pretest:coverage[0m
2026-09-14T02:32:56.8369493Z shell: /usr/bin/bash -e {0}
2026-09-14T02:32:56.8369918Z env:
2026-09-14T02:32:56.8370424Z   NODE_VERSION: 24
2026-09-14T02:32:56.8370949Z   PNPM_HOME: /home/runner/setup-pnpm/node_modules/.bin
2026-09-14T02:32:56.8371480Z ##[endgroup]
2026-09-14T02:32:57.2674558Z 
2026-09-14T02:32:57.2675368Z > @oods/foundry-mcp@0.1.0 pretest:coverage /home/runner/work/OODS-Forge/OODS-Forge
2026-09-14T02:32:57.2676080Z > pnpm run build && pnpm run build:packages && pnpm run pkg:build
2026-09-14T02:32:57.2676377Z 
2026-09-14T02:32:57.7274916Z 
2026-09-14T02:32:57.7288682Z > @oods/foundry-mcp@0.1.0 build /home/runner/work/OODS-Forge/OODS-Forge
2026-09-14T02:32:57.7308653Z > pnpm run clean && tsc
2026-09-14T02:32:57.7309280Z 
2026-09-14T02:32:58.1436118Z 
2026-09-14T02:32:58.1437375Z > @oods/foundry-mcp@0.1.0 clean /home/runner/work/OODS-Forge/OODS-Forge
2026-09-14T02:32:58.1439711Z > rimraf dist/.storybook dist/apps dist/configs dist/data dist/examples dist/generated dist/packages dist/schemas dist/scripts dist/src dist/tokens dist/tools dist/traits
2026-09-14T02:32:58.1441671Z 
2026-09-14T02:33:21.2710503Z 
2026-09-14T02:33:21.2711818Z > @oods/foundry-mcp@0.1.0 build:packages /home/runner/work/OODS-Forge/OODS-Forge
2026-09-14T02:33:21.2713286Z > pnpm --filter @oods/* run build
2026-09-14T02:33:21.2714154Z 
2026-09-14T02:33:21.7225170Z Scope: 21 of 22 workspace projects
2026-09-14T02:33:21.7261506Z apps/playground build$ tsc -b && vite build
2026-09-14T02:33:21.7262324Z packages/a11y-tools build$ rimraf dist && tsup --config tsup.config.ts
2026-09-14T02:33:21.7266965Z packages/artifacts build$ rimraf dist && tsc -p tsconfig.json && mkdir -p dist/schemas && cp -f src/schemas/*.json dist/schemas/ 2>/dev/null || true
2026-09-14T02:33:21.7271467Z packages/component-contracts build$ rimraf dist && tsup --config tsup.config.ts
2026-09-14T02:33:23.2746073Z packages/a11y-tools build: [34mCLI[39m Building entry: src/index.ts
2026-09-14T02:33:23.2785644Z packages/a11y-tools build: [34mCLI[39m Using tsconfig: tsconfig.json
2026-09-14T02:33:23.2836902Z packages/a11y-tools build: [34mCLI[39m tsup v8.5.0
2026-09-14T02:33:23.2900948Z packages/a11y-tools build: [34mCLI[39m Using tsup config: /home/runner/work/OODS-Forge/OODS-Forge/packages/a11y-tools/tsup.config.ts
2026-09-14T02:33:23.2955210Z packages/component-contracts build: [34mCLI[39m Building entry: src/index.ts
2026-09-14T02:33:23.2985343Z packages/component-contracts build: [34mCLI[39m Using tsconfig: tsconfig.json
2026-09-14T02:33:23.3065252Z packages/component-contracts build: [34mCLI[39m tsup v8.5.0
2026-09-14T02:33:23.3068286Z packages/component-contracts build: [34mCLI[39m Using tsup config: /home/runner/work/OODS-Forge/OODS-Forge/packages/component-contracts/tsup.config.ts
2026-09-14T02:33:23.3084989Z packages/a11y-tools build: [34mCLI[39m Target: node20
2026-09-14T02:33:23.3215464Z packages/component-contracts build: [34mCLI[39m Target: es2022
2026-09-14T02:33:23.3265307Z packages/a11y-tools build: [34mCLI[39m Cleaning output folder
2026-09-14T02:33:23.3321768Z packages/component-contracts build: [34mCLI[39m Cleaning output folder
2026-09-14T02:33:23.3400659Z packages/a11y-tools build: [34mESM[39m Build start
2026-09-14T02:33:23.3437327Z packages/a11y-tools build: [34mCJS[39m Build start
2026-09-14T02:33:23.3509111Z packages/component-contracts build: [34mESM[39m Build start
2026-09-14T02:33:23.3592594Z packages/component-contracts build: [34mCJS[39m Build start
2026-09-14T02:33:24.3546505Z packages/a11y-tools build: [32mESM[39m [1mdist/index.js     [22m[32m14.75 KB[39m
2026-09-14T02:33:24.3625510Z packages/a11y-tools build: [32mESM[39m [1mdist/index.js.map [22m[32m35.22 KB[39m
2026-09-14T02:33:24.3672091Z packages/a11y-tools build: [32mESM[39m ⚡️ Build success in 1026ms
2026-09-14T02:33:24.3695532Z packages/a11y-tools build: [32mCJS[39m [1mdist/index.cjs     [22m[32m15.34 KB[39m
2026-09-14T02:33:24.3759047Z packages/a11y-tools build: [32mCJS[39m [1mdist/index.cjs.map [22m[32m35.23 KB[39m
2026-09-14T02:33:24.3795274Z packages/a11y-tools build: [32mCJS[39m ⚡️ Build success in 1032ms
2026-09-14T02:33:25.0314623Z packages/a11y-tools build: [34mDTS[39m Build start
2026-09-14T02:33:27.0680564Z packages/component-contracts build: [34mDTS[39m Build start
2026-09-14T02:33:27.1655946Z packages/component-contracts build: [32mCJS[39m [1mdist/index.cjs [22m[32m899.21 KB[39m
2026-09-14T02:33:27.1675236Z packages/component-contracts build: [32mCJS[39m ⚡️ Build success in 3826ms
2026-09-14T02:33:27.1676677Z packages/component-contracts build: [32mESM[39m [1mdist/index.js [22m[32m897.39 KB[39m
2026-09-14T02:33:27.1771945Z packages/component-contracts build: [32mESM[39m ⚡️ Build success in 3828ms
2026-09-14T02:33:27.7070981Z packages/artifacts build: Done
2026-09-14T02:33:27.7135898Z packages/mcp-bridge build$ rimraf dist && tsc -p tsconfig.json && node ../../scripts/build-revision.mjs dist/build-revision.json
2026-09-14T02:33:33.5586194Z packages/a11y-tools build: [32mDTS[39m ⚡️ Build success in 8532ms
2026-09-14T02:33:33.5655901Z packages/a11y-tools build: [32mDTS[39m [1mdist/index.d.ts  [22m[32m9.01 KB[39m
2026-09-14T02:33:33.5759073Z packages/a11y-tools build: [32mDTS[39m [1mdist/index.d.cts [22m[32m9.01 KB[39m
2026-09-14T02:33:33.8030035Z packages/a11y-tools build: Done
2026-09-14T02:33:33.8164041Z packages/release-utils build$ rimraf dist && tsc -p tsconfig.json
2026-09-14T02:33:34.7420454Z apps/playground build: [36mvite v6.4.1 [32mbuilding for production...[36m[39m
2026-09-14T02:33:35.1949119Z apps/playground build: transforming...
2026-09-14T02:33:36.6005049Z packages/mcp-bridge build: Done
2026-09-14T02:33:36.6026724Z packages/tokens build$ rimraf dist && node ./scripts/build.mjs && node ./scripts/build-entry.mjs
2026-09-14T02:33:36.6755643Z apps/playground build: Browserslist: browsers data (caniuse-lite) is 6 months old. Please run:
2026-09-14T02:33:36.6815549Z apps/playground build:   npx update-browserslist-db@latest
2026-09-14T02:33:36.6875672Z apps/playground build:   Why you should do it regularly: https://github.com/browserslist/update-db#readme
2026-09-14T02:33:37.0277200Z packages/component-contracts build: [32mDTS[39m ⚡️ Build success in 11757ms
2026-09-14T02:33:37.0335525Z packages/component-contracts build: [32mDTS[39m [1mdist/index.d.ts  [22m[32m108.15 KB[39m
2026-09-14T02:33:37.0375617Z packages/component-contracts build: [32mDTS[39m [1mdist/index.d.cts [22m[32m108.15 KB[39m
2026-09-14T02:33:37.2509692Z packages/component-contracts build: Done
2026-09-14T02:33:37.2604053Z packages/tw-variants build$ rimraf dist && tsup --config tsup.config.ts
2026-09-14T02:33:37.8698271Z packages/tokens build: ✔︎ collision guard: no non-exempt collisions across 6 scopes
2026-09-14T02:33:37.8800966Z packages/tokens build: Building design tokens with Style Dictionary…
2026-09-14T02:33:38.2069059Z packages/tokens build: Token collisions detected (9):
2026-09-14T02:33:38.2099236Z packages/tokens build: Use log.verbosity "verbose" or use CLI option --verbose for more details.
2026-09-14T02:33:38.2125174Z packages/tokens build: Refer to: https://styledictionary.com/reference/logging/
2026-09-14T02:33:38.5564795Z packages/tw-variants build: [34mCLI[39m Building entry: src/context-matrix.ts, src/index.ts
2026-09-14T02:33:38.5625416Z packages/tw-variants build: [34mCLI[39m Using tsconfig: ../../tsconfig.json
2026-09-14T02:33:38.5636052Z packages/tw-variants build: [34mCLI[39m tsup v8.5.0
2026-09-14T02:33:38.5654670Z packages/tw-variants build: [34mCLI[39m Using tsup config: /home/runner/work/OODS-Forge/OODS-Forge/packages/tw-variants/tsup.config.ts
2026-09-14T02:33:38.5805337Z packages/tw-variants build: [34mCLI[39m Target: node20
2026-09-14T02:33:38.5845490Z packages/tw-variants build: [34mCLI[39m Cleaning output folder
2026-09-14T02:33:38.5877996Z packages/tw-variants build: [34mESM[39m Build start
2026-09-14T02:33:38.5915670Z packages/tw-variants build: [34mCJS[39m Build start
2026-09-14T02:33:39.3429292Z packages/release-utils build: Done
2026-09-14T02:33:39.3524231Z packages/viz-render build$ rimraf dist && tsup --config tsup.config.ts
2026-09-14T02:33:39.5676054Z packages/tw-variants build: [32mESM[39m [1mdist/context-matrix.js     [22m[32m139.00 B[39m
2026-09-14T02:33:39.5735985Z packages/tw-variants build: [32mESM[39m [1mdist/index.js              [22m[32m8.03 KB[39m
2026-09-14T02:33:39.5775524Z packages/tw-variants build: [32mESM[39m [1mdist/chunk-IHQKAR2X.js     [22m[32m6.39 KB[39m
2026-09-14T02:33:39.5813260Z packages/tw-variants build: [32mESM[39m [1mdist/context-matrix.js.map [22m[32m78.00 B[39m
2026-09-14T02:33:39.5825809Z packages/tw-variants build: [32mESM[39m [1mdist/index.js.map          [22m[32m19.16 KB[39m
2026-09-14T02:33:39.5865274Z packages/tw-variants build: [32mESM[39m [1mdist/chunk-IHQKAR2X.js.map [22m[32m13.51 KB[39m
2026-09-14T02:33:39.5885166Z packages/tw-variants build: [32mESM[39m ⚡️ Build success in 974ms
2026-09-14T02:33:39.5925308Z packages/tw-variants build: [32mCJS[39m [1mdist/context-matrix.cjs     [22m[32m6.42 KB[39m
2026-09-14T02:33:39.5945203Z packages/tw-variants build: [32mCJS[39m [1mdist/index.cjs              [22m[32m14.54 KB[39m
2026-09-14T02:33:39.5985333Z packages/tw-variants build: [32mCJS[39m [1mdist/context-matrix.cjs.map [22m[32m13.51 KB[39m
2026-09-14T02:33:39.6035333Z packages/tw-variants build: [32mCJS[39m [1mdist/index.cjs.map          [22m[32m32.63 KB[39m
2026-09-14T02:33:39.6075095Z packages/tw-variants build: [32mCJS[39m ⚡️ Build success in 975ms
2026-09-14T02:33:40.1007466Z packages/tw-variants build: [34mDTS[39m Build start
2026-09-14T02:33:40.3005021Z packages/tokens build: ios-swift
2026-09-14T02:33:40.3006794Z packages/tokens build: ! dist/ios-swift/OodsTokens.swift, does not exist
2026-09-14T02:33:40.3252581Z packages/tokens build: compose
2026-09-14T02:33:40.3284874Z packages/tokens build: ! dist/compose/OodsTokens.kt, does not exist
2026-09-14T02:33:40.9739061Z packages/viz-render build: [34mCLI[39m Building entry: {"index":"src/index.ts","emitter":"src/emitter.ts","echarts-render.worker":"src/echarts-render.worker.ts"}
2026-09-14T02:33:40.9762201Z packages/viz-render build: [34mCLI[39m Using tsconfig: tsconfig.json
2026-09-14T02:33:40.9845463Z packages/viz-render build: [34mCLI[39m tsup v8.5.0
2026-09-14T02:33:40.9925850Z packages/viz-render build: [34mCLI[39m Using tsup config: /home/runner/work/OODS-Forge/OODS-Forge/packages/viz-render/tsup.config.ts
2026-09-14T02:33:40.9934968Z packages/viz-render build: [34mCLI[39m Target: node20
2026-09-14T02:33:41.0052755Z packages/tokens build: ts
2026-09-14T02:33:41.0121529Z packages/tokens build: ! dist/ts/tokens.ts, does not exist
2026-09-14T02:33:41.0144878Z packages/tokens build: tailwind
2026-09-14T02:33:41.0215059Z packages/tokens build: ! dist/tailwind/tokens.json, does not exist
2026-09-14T02:33:41.0255381Z packages/viz-render build: [34mCLI[39m Cleaning output folder
2026-09-14T02:33:41.0317651Z packages/viz-render build: [34mESM[39m Build start
2026-09-14T02:33:41.0418391Z packages/viz-render build: [34mCJS[39m Build start
2026-09-14T02:33:42.5568464Z packages/viz-render build: [34mDTS[39m Build start
2026-09-14T02:33:42.5642385Z apps/playground build: [32m✓[39m 48 modules transformed.
2026-09-14T02:33:42.5765943Z packages/viz-render build: [32mCJS[39m [1mdist/index.cjs                     [22m[32m21.51 KB[39m
2026-09-14T02:33:42.5855793Z packages/viz-render build: [32mCJS[39m [1mdist/emitter.cjs                   [22m[32m3.92 KB[39m
2026-09-14T02:33:42.5871950Z packages/viz-render build: [32mCJS[39m [1mdist/echarts-render.worker.cjs     [22m[32m24.51 KB[39m
2026-09-14T02:33:42.5905673Z packages/viz-render build: [32mCJS[39m [1mdist/index.cjs.map                 [22m[32m52.80 KB[39m
2026-09-14T02:33:42.5935491Z packages/viz-render build: [32mCJS[39m [1mdist/emitter.cjs.map               [22m[32m12.80 KB[39m
2026-09-14T02:33:42.6010757Z packages/viz-render build: [32mCJS[39m [1mdist/echarts-render.worker.cjs.map [22m[32m59.80 KB[39m
2026-09-14T02:33:42.6072034Z packages/viz-render build: [32mCJS[39m ⚡️ Build success in 1551ms
2026-09-14T02:33:42.6123580Z packages/viz-render build: [32mESM[39m [1mdist/index.js                     [22m[32m7.61 KB[39m
2026-09-14T02:33:42.6175565Z packages/viz-render build: [32mESM[39m [1mdist/emitter.js                   [22m[32m3.59 KB[39m
2026-09-14T02:33:42.6257770Z packages/viz-render build: [32mESM[39m [1mdist/echarts-render.worker.js     [22m[32m11.64 KB[39m
2026-09-14T02:33:42.6278089Z packages/viz-render build: [32mESM[39m [1mdist/chunk-TEIMVO34.js            [22m[32m13.57 KB[39m
2026-09-14T02:33:42.6355383Z packages/viz-render build: [32mESM[39m [1mdist/chunk-J3M4JW2D.js            [22m[32m456.00 B[39m
2026-09-14T02:33:42.6375280Z packages/viz-render build: [32mESM[39m [1mdist/index.js.map                 [22m[32m18.69 KB[39m
2026-09-14T02:33:42.6397440Z packages/viz-render build: [32mESM[39m [1mdist/echarts-render.worker.js.map [22m[32m25.74 KB[39m
2026-09-14T02:33:42.6418531Z packages/viz-render build: [32mESM[39m [1mdist/emitter.js.map               [22m[32m11.73 KB[39m
2026-09-14T02:33:42.6455450Z packages/viz-render build: [32mESM[39m [1mdist/chunk-TEIMVO34.js.map        [22m[32m33.43 KB[39m
2026-09-14T02:33:42.6495530Z packages/viz-render build: [32mESM[39m [1mdist/chunk-J3M4JW2D.js.map        [22m[32m1.11 KB[39m
2026-09-14T02:33:42.6535061Z packages/viz-render build: [32mESM[39m ⚡️ Build success in 1561ms
2026-09-14T02:33:43.4421908Z apps/playground build: rendering chunks...
2026-09-14T02:33:43.5045413Z apps/playground build: computing gzip size...
2026-09-14T02:33:43.5587123Z apps/playground build: [2mdist/[22m[32mindex.html                 [39m[1m[2m  0.69 kB[22m[1m[22m[2m │ gzip:  0.39 kB[22m
2026-09-14T02:33:43.5626221Z apps/playground build: [2mdist/[22m[2massets/[22m[35mindex-DBhKWpVX.css  [39m[1m[2m 25.90 kB[22m[1m[22m[2m │ gzip:  5.53 kB[22m
2026-09-14T02:33:43.5680316Z apps/playground build: [2mdist/[22m[2massets/[22m[36mindex-CjtZwImZ.js   [39m[1m[2m394.49 kB[22m[1m[22m[2m │ gzip: 88.73 kB[22m
2026-09-14T02:33:43.5770378Z apps/playground build: [32m✓ built in 8.61s[39m
2026-09-14T02:33:43.7892377Z apps/playground build: Done
2026-09-14T02:33:45.0773746Z packages/tokens build: ios-swift
2026-09-14T02:33:45.0814904Z packages/tokens build: ✔︎ dist/ios-swift/OodsTokens.swift
2026-09-14T02:33:45.0837111Z packages/tokens build: compose
2026-09-14T02:33:45.0856134Z packages/tokens build: ✔︎ dist/compose/OodsTokens.kt
2026-09-14T02:33:45.2405195Z packages/tokens build: ts
2026-09-14T02:33:45.2445280Z packages/tokens build: ✔︎ dist/ts/tokens.ts
2026-09-14T02:33:45.2584840Z packages/tokens build: tailwind
2026-09-14T02:33:45.2715459Z packages/tokens build: ✔︎ dist/tailwind/tokens.json
2026-09-14T02:33:45.5065937Z packages/tokens build: Token collisions detected (9):
2026-09-14T02:33:45.5105265Z packages/tokens build: Use log.verbosity "verbose" or use CLI option --verbose for more details.
2026-09-14T02:33:45.5125082Z packages/tokens build: Refer to: https://styledictionary.com/reference/logging/
2026-09-14T02:33:46.0655481Z packages/tokens build: css
2026-09-14T02:33:46.0665317Z packages/tokens build: ✔︎ dist/css/tokens.css
2026-09-14T02:33:46.1642036Z packages/tokens build: Token collisions detected (9):
2026-09-14T02:33:46.1644842Z packages/tokens build: Use log.verbosity "verbose" or use CLI option --verbose for more details.
2026-09-14T02:33:46.1665136Z packages/tokens build: Refer to: https://styledictionary.com/reference/logging/
2026-09-14T02:33:46.5255362Z packages/tokens build: css
2026-09-14T02:33:46.5305437Z packages/tokens build: ✔︎ dist/css/tokens.css
2026-09-14T02:33:47.0532304Z packages/tokens build: Token collisions detected (426):
2026-09-14T02:33:47.0555586Z packages/tokens build: Use log.verbosity "verbose" or use CLI option --verbose for more details.
2026-09-14T02:33:47.0571807Z packages/tokens build: Refer to: https://styledictionary.com/reference/logging/
2026-09-14T02:33:47.5775296Z packages/tokens build: css
2026-09-14T02:33:47.5796127Z packages/tokens build: ✔︎ dist/css/tokens.css
2026-09-14T02:33:48.0229638Z packages/tokens build: Token collisions detected (376):
2026-09-14T02:33:48.0255695Z packages/tokens build: Use log.verbosity "verbose" or use CLI option --verbose for more details.
2026-09-14T02:33:48.0257285Z packages/tokens build: Refer to: https://styledictionary.com/reference/logging/
2026-09-14T02:33:48.3509354Z packages/tokens build: css
2026-09-14T02:33:48.3525305Z packages/tokens build: ✔︎ dist/css/tokens.css
2026-09-14T02:33:48.6699573Z packages/tokens build: Token collisions detected (9):
2026-09-14T02:33:48.6745480Z packages/tokens build: Use log.verbosity "verbose" or use CLI option --verbose for more details.
2026-09-14T02:33:48.6775183Z packages/tokens build: Refer to: https://styledictionary.com/reference/logging/
2026-09-14T02:33:48.7855211Z packages/tw-variants build: [32mDTS[39m ⚡️ Build success in 8686ms
2026-09-14T02:33:48.7868410Z packages/tw-variants build: [32mDTS[39m [1mdist/index.d.ts           [22m[32m685.00 B[39m
2026-09-14T02:33:48.7905449Z packages/tw-variants build: [32mDTS[39m [1mdist/context-matrix.d.ts  [22m[32m573.00 B[39m
2026-09-14T02:33:48.7935351Z packages/tw-variants build: [32mDTS[39m [1mdist/index.d.cts          [22m[32m685.00 B[39m
2026-09-14T02:33:48.7955441Z packages/tw-variants build: [32mDTS[39m [1mdist/context-matrix.d.cts [22m[32m573.00 B[39m
2026-09-14T02:33:48.9815317Z packages/tw-variants build: Done
2026-09-14T02:33:49.0905119Z packages/tokens build: css
2026-09-14T02:33:49.0995348Z packages/tokens build: ✔︎ dist/css/tokens.css
2026-09-14T02:33:49.4728901Z packages/tokens build: Token collisions detected (426):
2026-09-14T02:33:49.4747539Z packages/tokens build: Use log.verbosity "verbose" or use CLI option --verbose for more details.
2026-09-14T02:33:49.4766627Z packages/tokens build: Refer to: https://styledictionary.com/reference/logging/
2026-09-14T02:33:49.7930766Z packages/tokens build: css
2026-09-14T02:33:49.7955265Z packages/tokens build: ✔︎ dist/css/tokens.css
2026-09-14T02:33:50.0650892Z packages/tokens build: Token collisions detected (376):
2026-09-14T02:33:50.0673706Z packages/tokens build: Use log.verbosity "verbose" or use CLI option --verbose for more details.
2026-09-14T02:33:50.0722696Z packages/tokens build: Refer to: https://styledictionary.com/reference/logging/
2026-09-14T02:33:50.3722705Z packages/tokens build: css
2026-09-14T02:33:50.3748871Z packages/tokens build: ✔︎ dist/css/tokens.css
2026-09-14T02:33:50.6611568Z packages/tokens build: Token collisions detected (9):
2026-09-14T02:33:50.6635396Z packages/tokens build: Use log.verbosity "verbose" or use CLI option --verbose for more details.
2026-09-14T02:33:50.6636913Z packages/tokens build: Refer to: https://styledictionary.com/reference/logging/
2026-09-14T02:33:50.9355872Z packages/tokens build: ✔︎ tokens built successfully in 13.06s
2026-09-14T02:33:50.9382235Z packages/tokens build:    css:      dist/css/tokens.css (6 brand × theme scopes)
2026-09-14T02:33:50.9425042Z packages/tokens build:    types:    dist/ts/tokens.ts
2026-09-14T02:33:50.9426182Z packages/tokens build:    tailwind: dist/tailwind/tokens.json
2026-09-14T02:33:50.9454897Z packages/tokens build:    ios:      dist/ios-swift/OodsTokens.swift
2026-09-14T02:33:50.9465672Z packages/tokens build:    compose:  dist/compose/OodsTokens.kt
2026-09-14T02:33:51.1734168Z packages/tokens build: Done
2026-09-14T02:33:51.4131909Z packages/viz-render build: [32mDTS[39m ⚡️ Build success in 8886ms
2026-09-14T02:33:51.4148331Z packages/viz-render build: [32mDTS[39m [1mdist/echarts-render.worker.d.ts  [22m[32m13.00 B[39m
2026-09-14T02:33:51.4150202Z packages/viz-render build: [32mDTS[39m [1mdist/emitter.d.ts                [22m[32m1.45 KB[39m
2026-09-14T02:33:51.4152199Z packages/viz-render build: [32mDTS[39m [1mdist/index.d.ts                  [22m[32m5.51 KB[39m
2026-09-14T02:33:51.4153699Z packages/viz-render build: [32mDTS[39m [1mdist/echarts-render.worker.d.cts [22m[32m13.00 B[39m
2026-09-14T02:33:51.4155317Z packages/viz-render build: [32mDTS[39m [1mdist/emitter.d.cts               [22m[32m1.45 KB[39m
2026-09-14T02:33:51.4156756Z packages/viz-render build: [32mDTS[39m [1mdist/index.d.cts                 [22m[32m5.51 KB[39m
2026-09-14T02:33:51.4918610Z packages/viz-render build: Done
2026-09-14T02:33:51.4930270Z packages/component-styles build$ rimraf dist && tsup --config tsup.config.ts && node scripts/copy-css.mjs
2026-09-14T02:33:51.4945458Z packages/viz-core build$ rimraf dist && tsup --config tsup.config.ts
2026-09-14T02:33:52.0382836Z packages/viz-core build: [34mCLI[39m Building entry: src/index.ts
2026-09-14T02:33:52.0406938Z packages/viz-core build: [34mCLI[39m Using tsconfig: tsconfig.json
2026-09-14T02:33:52.0425734Z packages/viz-core build: [34mCLI[39m tsup v8.5.0
2026-09-14T02:33:52.0446458Z packages/viz-core build: [34mCLI[39m Using tsup config: /home/runner/work/OODS-Forge/OODS-Forge/packages/viz-core/tsup.config.ts
2026-09-14T02:33:52.0485443Z packages/component-styles build: [34mCLI[39m Building entry: src/index.ts, src/ported.ts
2026-09-14T02:33:52.0512407Z packages/component-styles build: [34mCLI[39m Using tsconfig: tsconfig.json
2026-09-14T02:33:52.0535954Z packages/component-styles build: [34mCLI[39m tsup v8.5.0
2026-09-14T02:33:52.0575828Z packages/component-styles build: [34mCLI[39m Using tsup config: /home/runner/work/OODS-Forge/OODS-Forge/packages/component-styles/tsup.config.ts
2026-09-14T02:33:52.0615049Z packages/viz-core build: [34mCLI[39m Target: node20
2026-09-14T02:33:52.0637604Z packages/viz-core build: [34mCLI[39m Cleaning output folder
2026-09-14T02:33:52.0683443Z packages/viz-core build: [34mESM[39m Build start
2026-09-14T02:33:52.0705483Z packages/component-styles build: [34mCLI[39m Target: es2022
2026-09-14T02:33:52.0724923Z packages/viz-core build: [34mCJS[39m Build start
2026-09-14T02:33:52.0741337Z packages/component-styles build: [34mESM[39m Build start
2026-09-14T02:33:52.0758776Z packages/component-styles build: [34mCJS[39m Build start
2026-09-14T02:33:52.3446968Z packages/component-styles build: [32mCJS[39m [1mdist/index.cjs  [22m[32m2.78 KB[39m
2026-09-14T02:33:52.3501158Z packages/component-styles build: [32mCJS[39m [1mdist/ported.cjs [22m[32m2.73 KB[39m
2026-09-14T02:33:52.3535164Z packages/component-styles build: [32mCJS[39m ⚡️ Build success in 285ms
2026-09-14T02:33:52.3573294Z packages/component-styles build: [32mESM[39m [1mdist/index.js          [22m[32m143.00 B[39m
2026-09-14T02:33:52.3626175Z packages/component-styles build: [32mESM[39m [1mdist/ported.js         [22m[32m513.00 B[39m
2026-09-14T02:33:52.3673543Z packages/component-styles build: [32mESM[39m [1mdist/chunk-G34QIFQW.js [22m[32m2.63 KB[39m
2026-09-14T02:33:52.3715173Z packages/component-styles build: [32mESM[39m ⚡️ Build success in 287ms
2026-09-14T02:33:53.1786409Z packages/component-styles build: [34mDTS[39m Build start
2026-09-14T02:33:56.1271272Z packages/viz-core build: [34mDTS[39m Build start
2026-09-14T02:33:58.6873309Z packages/viz-core build: [32mCJS[39m [1mdist/index.cjs     [22m[32m724.09 KB[39m
2026-09-14T02:33:58.6912683Z packages/viz-core build: [32mCJS[39m [1mdist/index.cjs.map [22m[32m1.74 MB[39m
2026-09-14T02:33:58.6935334Z packages/viz-core build: [32mCJS[39m ⚡️ Build success in 6627ms
2026-09-14T02:33:58.6936583Z packages/viz-core build: [32mESM[39m [1mdist/index.js     [22m[32m719.25 KB[39m
2026-09-14T02:33:58.6965147Z packages/viz-core build: [32mESM[39m [1mdist/index.js.map [22m[32m1.74 MB[39m
2026-09-14T02:33:58.6974907Z packages/viz-core build: [32mESM[39m ⚡️ Build success in 6632ms
2026-09-14T02:34:00.6916172Z packages/component-styles build: [32mDTS[39m ⚡️ Build success in 7511ms
2026-09-14T02:34:00.6935751Z packages/component-styles build: [32mDTS[39m [1mdist/index.d.ts   [22m[32m2.60 KB[39m
2026-09-14T02:34:00.6937953Z packages/component-styles build: [32mDTS[39m [1mdist/ported.d.ts  [22m[32m500.00 B[39m
2026-09-14T02:34:00.6942144Z packages/component-styles build: [32mDTS[39m [1mdist/index.d.cts  [22m[32m2.60 KB[39m
2026-09-14T02:34:00.6943719Z packages/component-styles build: [32mDTS[39m [1mdist/ported.d.cts [22m[32m500.00 B[39m
2026-09-14T02:34:00.8972193Z packages/component-styles build: Done
2026-09-14T02:34:02.4826059Z packages/viz-core build: [32mDTS[39m ⚡️ Build success in 9249ms
2026-09-14T02:34:02.4827248Z packages/viz-core build: [32mDTS[39m [1mdist/index.d.ts  [22m[32m305.80 KB[39m
2026-09-14T02:34:02.4828379Z packages/viz-core build: [32mDTS[39m [1mdist/index.d.cts [22m[32m305.80 KB[39m
2026-09-14T02:34:02.5893198Z packages/viz-core build: Done
2026-09-14T02:34:02.5895962Z packages/components-react build$ rimraf dist && tsup --config tsup.config.ts
2026-09-14T02:34:02.5905741Z packages/components-vue build$ rimraf dist && tsup --config tsup.config.ts && tsup --config tsup.ported.config.ts
2026-09-14T02:34:03.1442089Z packages/components-react build: [34mCLI[39m Building entry: src/index.ts, src/ported.tsx, src/status.ts, src/table.tsx, src/types.ts
2026-09-14T02:34:03.1460958Z packages/components-react build: [34mCLI[39m Using tsconfig: tsconfig.json
2026-09-14T02:34:03.1475386Z packages/components-react build: [34mCLI[39m tsup v8.5.0
2026-09-14T02:34:03.1490979Z packages/components-react build: [34mCLI[39m Using tsup config: /home/runner/work/OODS-Forge/OODS-Forge/packages/components-react/tsup.config.ts
2026-09-14T02:34:03.1511348Z packages/components-react build: [34mCLI[39m Target: es2022
2026-09-14T02:34:03.1554975Z packages/components-react build: [34mCLI[39m Cleaning output folder
2026-09-14T02:34:03.1570840Z packages/components-react build: [34mESM[39m Build start
2026-09-14T02:34:03.1596829Z packages/components-react build: [34mCJS[39m Build start
2026-09-14T02:34:03.1625364Z packages/components-vue build: [34mCLI[39m Building entry: src/index.ts
2026-09-14T02:34:03.1645813Z packages/components-vue build: [34mCLI[39m Using tsconfig: tsconfig.json
2026-09-14T02:34:03.1684754Z packages/components-vue build: [34mCLI[39m tsup v8.5.0
2026-09-14T02:34:03.1689988Z packages/components-vue build: [34mCLI[39m Using tsup config: /home/runner/work/OODS-Forge/OODS-Forge/packages/components-vue/tsup.config.ts
2026-09-14T02:34:03.1753385Z packages/components-vue build: [34mCLI[39m Target: es2022
2026-09-14T02:34:03.1827703Z packages/components-vue build: [34mCLI[39m Cleaning output folder
2026-09-14T02:34:03.1888291Z packages/components-vue build: [34mESM[39m Build start
2026-09-14T02:34:03.1890067Z packages/components-vue build: [34mCJS[39m Build start
2026-09-14T02:34:03.7355312Z packages/components-react build: Generated an empty chunk: "types".
2026-09-14T02:34:04.2298563Z packages/components-react build: Generated an empty chunk: "types".
2026-09-14T02:34:05.1173452Z packages/components-vue build: [34mDTS[39m Build start
2026-09-14T02:34:05.1305760Z packages/components-vue build: [32mESM[39m [1mdist/index.js [22m[32m128.54 KB[39m
2026-09-14T02:34:05.1365549Z packages/components-vue build: [32mESM[39m ⚡️ Build success in 1932ms
2026-09-14T02:34:05.1446080Z packages/components-vue build: [32mCJS[39m [1mdist/index.cjs [22m[32m133.63 KB[39m
2026-09-14T02:34:05.1520692Z packages/components-vue build: [32mCJS[39m ⚡️ Build success in 1931ms
2026-09-14T02:34:05.5246093Z packages/components-react build: [34mDTS[39m Build start
2026-09-14T02:34:05.5367087Z packages/components-react build: [32mESM[39m [1mdist/ported.js         [22m[32m192.00 B[39m
2026-09-14T02:34:05.5414918Z packages/components-react build: [32mESM[39m [1mdist/status.js         [22m[32m171.00 B[39m
2026-09-14T02:34:05.5457779Z packages/components-react build: [32mESM[39m [1mdist/table.js          [22m[32m149.00 B[39m
2026-09-14T02:34:05.5475512Z packages/components-react build: [32mESM[39m [1mdist/chunk-YCI5AEWL.js [22m[32m6.37 KB[39m
2026-09-14T02:34:05.5495657Z packages/components-react build: [32mESM[39m [1mdist/chunk-G74PKSW3.js [22m[32m10.89 KB[39m
2026-09-14T02:34:05.5515132Z packages/components-react build: [32mESM[39m [1mdist/types.js          [22m[32m1.00 B[39m
2026-09-14T02:34:05.5555188Z packages/components-react build: [32mESM[39m [1mdist/chunk-P5OXCQSC.js [22m[32m40.52 KB[39m
2026-09-14T02:34:05.5585038Z packages/components-react build: [32mESM[39m [1mdist/index.js          [22m[32m87.26 KB[39m
2026-09-14T02:34:05.5586563Z packages/components-react build: [32mESM[39m ⚡️ Build success in 2380ms
2026-09-14T02:34:05.5605092Z packages/components-react build: [32mCJS[39m [1mdist/status.cjs [22m[32m11.08 KB[39m
2026-09-14T02:34:05.5625057Z packages/components-react build: [32mCJS[39m [1mdist/table.cjs  [22m[32m17.07 KB[39m
2026-09-14T02:34:05.5636255Z packages/components-react build: [32mCJS[39m [1mdist/types.cjs  [22m[32m15.00 B[39m
2026-09-14T02:34:05.5637794Z packages/components-react build: [32mCJS[39m [1mdist/ported.cjs [22m[32m52.88 KB[39m
2026-09-14T02:34:05.5639648Z packages/components-react build: [32mCJS[39m [1mdist/index.cjs  [22m[32m153.36 KB[39m
2026-09-14T02:34:05.5641075Z packages/components-react build: [32mCJS[39m ⚡️ Build success in 2387ms
2026-09-14T02:34:15.0855902Z packages/components-vue build: [32mDTS[39m ⚡️ Build success in 10419ms
2026-09-14T02:34:15.0861067Z packages/components-vue build: [32mDTS[39m [1mdist/index.d.ts  [22m[32m141.75 KB[39m
2026-09-14T02:34:15.0862815Z packages/components-vue build: [32mDTS[39m [1mdist/index.d.cts [22m[32m141.75 KB[39m
2026-09-14T02:34:15.4251677Z packages/components-react build: [32mDTS[39m ⚡️ Build success in 11001ms
2026-09-14T02:34:15.4265605Z packages/components-react build: [32mDTS[39m [1mdist/index.d.ts   [22m[32m21.35 KB[39m
2026-09-14T02:34:15.4285394Z packages/components-react build: [32mDTS[39m [1mdist/ported.d.ts  [22m[32m7.12 KB[39m
2026-09-14T02:34:15.4305199Z packages/components-react build: [32mDTS[39m [1mdist/status.d.ts  [22m[32m1.39 KB[39m
2026-09-14T02:34:15.4325042Z packages/components-react build: [32mDTS[39m [1mdist/table.d.ts   [22m[32m1.06 KB[39m
2026-09-14T02:34:15.4335028Z packages/components-react build: [32mDTS[39m [1mdist/types.d.ts   [22m[32m23.79 KB[39m
2026-09-14T02:34:15.4365149Z packages/components-react build: [32mDTS[39m [1mdist/index.d.cts  [22m[32m21.35 KB[39m
2026-09-14T02:34:15.4366868Z packages/components-react build: [32mDTS[39m [1mdist/ported.d.cts [22m[32m7.12 KB[39m
2026-09-14T02:34:15.4389554Z packages/components-react build: [32mDTS[39m [1mdist/status.d.cts [22m[32m1.39 KB[39m
2026-09-14T02:34:15.4414183Z packages/components-react build: [32mDTS[39m [1mdist/table.d.cts  [22m[32m1.07 KB[39m
2026-09-14T02:34:15.4416074Z packages/components-react build: [32mDTS[39m [1mdist/types.d.cts  [22m[32m23.79 KB[39m
2026-09-14T02:34:15.5541909Z packages/components-react build: Done
2026-09-14T02:34:15.6881249Z packages/components-vue build: [34mCLI[39m Building entry: src/ported.ts
2026-09-14T02:34:15.6896274Z packages/components-vue build: [34mCLI[39m Using tsconfig: tsconfig.json
2026-09-14T02:34:15.6924786Z packages/components-vue build: [34mCLI[39m tsup v8.5.0
2026-09-14T02:34:15.6926624Z packages/components-vue build: [34mCLI[39m Using tsup config: /home/runner/work/OODS-Forge/OODS-Forge/packages/components-vue/tsup.ported.config.ts
2026-09-14T02:34:15.6956661Z packages/components-vue build: [34mCLI[39m Target: es2022
2026-09-14T02:34:15.6967197Z packages/components-vue build: [34mESM[39m Build start
2026-09-14T02:34:15.6968118Z packages/components-vue build: [34mCJS[39m Build start
2026-09-14T02:34:16.2289866Z packages/components-vue build: [32mCJS[39m [1mdist/ported.cjs [22m[32m46.89 KB[39m
2026-09-14T02:34:16.2291575Z packages/components-vue build: [32mCJS[39m ⚡️ Build success in 534ms
2026-09-14T02:34:16.2293406Z packages/components-vue build: [32mESM[39m [1mdist/ported.js [22m[32m46.22 KB[39m
2026-09-14T02:34:16.2295708Z packages/components-vue build: [32mESM[39m ⚡️ Build success in 534ms
2026-09-14T02:34:16.2609788Z packages/components-vue build: [34mDTS[39m Build start
2026-09-14T02:34:19.9613640Z packages/components-vue build: [32mDTS[39m ⚡️ Build success in 3700ms
2026-09-14T02:34:19.9615289Z packages/components-vue build: [32mDTS[39m [1mdist/ported.d.ts  [22m[32m20.67 KB[39m
2026-09-14T02:34:19.9625834Z packages/components-vue build: [32mDTS[39m [1mdist/ported.d.cts [22m[32m20.67 KB[39m
2026-09-14T02:34:20.0440071Z packages/components-vue build: Done
2026-09-14T02:34:20.0445387Z packages/mcp-server build$ rimraf dist && tsc -p tsconfig.json && mkdir -p dist/schemas dist/security dist/tools && (cp -f src/schemas/*.json dist/schemas/ 2>/dev/null || true) && (cp -f src/security/*.json dist/security/ 2>/dev/null || true) && (cp -f src/tools/registry.json dist/tools/ 2>/dev/null || true) && cp -R registry dist/registry && cp ../viz-core/src/registry/viz-taxonomy.v1.json ../viz-core/src/registry/viz-classification.v1.json ../viz-core/src/registry/viz-patterns.v1.json dist/registry/ && node ../../scripts/build-revision.mjs dist/build-revision.json
2026-09-14T02:34:26.8249533Z packages/mcp-server build: Done
2026-09-14T02:34:26.8254845Z packages/sdk build$ rimraf dist && tsc -p tsconfig.json
2026-09-14T02:34:28.2661632Z packages/sdk build: Done
2026-09-14T02:34:28.6934746Z 
2026-09-14T02:34:28.6935827Z > @oods/foundry-mcp@0.1.0 pkg:build /home/runner/work/OODS-Forge/OODS-Forge
2026-09-14T02:34:28.6936682Z > tsx scripts/pkg/build.ts
2026-09-14T02:34:28.6936948Z 
2026-09-14T02:34:29.6046151Z [34mCLI[39m Building entry: src/index.ts
2026-09-14T02:34:29.6053725Z [34mCLI[39m Using tsconfig: tsconfig.json
2026-09-14T02:34:29.6054754Z [34mCLI[39m tsup v8.5.0
2026-09-14T02:34:29.6056052Z [34mCLI[39m Using tsup config: /home/runner/work/OODS-Forge/OODS-Forge/tsup.config.mjs
2026-09-14T02:34:29.6143810Z [34mCLI[39m Target: es2022
2026-09-14T02:34:29.6166364Z [34mESM[39m Build start
2026-09-14T02:34:29.6167247Z [34mCJS[39m Build start
2026-09-14T02:34:34.2390327Z [34mDTS[39m Build start
2026-09-14T02:34:36.7440435Z [32mCJS[39m [1mdist/pkg/index.css     [22m[32m33.29 KB[39m
2026-09-14T02:34:36.7451903Z [32mCJS[39m [1mdist/pkg/index.css.map [22m[32m55.55 KB[39m
2026-09-14T02:34:36.7464537Z [32mCJS[39m [1mdist/pkg/index.cjs     [22m[32m893.29 KB[39m
2026-09-14T02:34:36.7466933Z [32mCJS[39m [1mdist/pkg/index.cjs.map [22m[32m2.13 MB[39m
2026-09-14T02:34:36.7467887Z [32mCJS[39m ⚡️ Build success in 7130ms
2026-09-14T02:34:36.7472053Z [32mESM[39m [1mdist/pkg/index.css     [22m[32m33.29 KB[39m
2026-09-14T02:34:36.7473139Z [32mESM[39m [1mdist/pkg/index.css.map [22m[32m55.55 KB[39m
2026-09-14T02:34:36.7474412Z [32mESM[39m [1mdist/pkg/index.js      [22m[32m875.14 KB[39m
2026-09-14T02:34:36.7480723Z [32mESM[39m [1mdist/pkg/index.js.map  [22m[32m2.13 MB[39m
2026-09-14T02:34:36.7481649Z [32mESM[39m ⚡️ Build success in 7130ms
2026-09-14T02:34:46.2638449Z [32mDTS[39m ⚡️ Build success in 13702ms
2026-09-14T02:34:46.2648190Z [32mDTS[39m [1mdist/pkg/index.d.ts  [22m[32m250.75 KB[39m
2026-09-14T02:34:46.2649486Z [32mDTS[39m [1mdist/pkg/index.d.cts [22m[32m250.75 KB[39m
2026-09-14T02:34:46.2711045Z 
2026-09-14T02:34:46.2712847Z ✨ Built @oods/trait-engine into dist/pkg
2026-09-14T02:34:46.2713720Z    Storybook hash: unavailable
2026-09-14T02:34:46.2714627Z    VR baseline id: unavailable
2026-09-14T02:34:46.2715088Z 
2026-09-14T02:34:46.4674573Z ##[group]Run pnpm run test:coverage:consumers
2026-09-14T02:34:46.4675293Z [36;1mpnpm run test:coverage:consumers[0m
2026-09-14T02:34:46.4721375Z shell: /usr/bin/bash -e {0}
2026-09-14T02:34:46.4721672Z env:
2026-09-14T02:34:46.4721898Z   NODE_VERSION: 24
2026-09-14T02:34:46.4722207Z   PNPM_HOME: /home/runner/setup-pnpm/node_modules/.bin
2026-09-14T02:34:46.4722564Z ##[endgroup]
2026-09-14T02:34:46.8943552Z 
2026-09-14T02:34:46.8945136Z > @oods/foundry-mcp@0.1.0 test:coverage:consumers /home/runner/work/OODS-Forge/OODS-Forge
2026-09-14T02:34:46.8957300Z > pnpm --filter @oods/mcp-server exec vitest run test/product-reality/codegen-matrix.s182.spec.ts && pnpm --filter @oods/mcp-server exec vitest run test/product-reality/packed-consumers.s182.spec.ts && pnpm --filter @oods/mcp-server exec vitest run test/codegen/cross-framework-parity.spec.ts test/product-reality/typed-action-protocol.s183.spec.ts test/product-reality/saved-schema-consumers.s183.spec.ts test/product-reality/independent-review-approval.s183.spec.ts test/product-reality/live-workflow-consumers.s184.spec.ts test/product-reality/m06-gate-bites.s184.spec.ts test/product-reality/packed-ported-consumers.s184.spec.ts test/product-reality/emitter-directives.s184.spec.ts test/product-reality/ported-workflow.s184.spec.ts test/product-reality/state-axis.s184.spec.ts test/product-reality/closeout.s184.spec.ts test/product-reality/patch-disposition.s184.spec.ts test/contracts/brand.intake.s181.spec.ts test/contracts/portable-boundary.s181.spec.ts test/product-reality/generated-heading-update.s185.spec.ts test/product-reality/reconnect.s184.spec.ts test/tools/dashboard-identity-lifts.s180.spec.ts test/product-reality/sprint-wide-movers.s185.spec.ts test/product-reality/public-head-equivalence.s185.spec.ts test/product-reality/fresh-composition.s187.spec.ts test/product-reality/workflow.s188.spec.ts test/product-reality/archive-workflow.s188.spec.ts
2026-09-14T02:34:46.8966787Z 
2026-09-14T02:34:47.7476967Z 
2026-09-14T02:34:47.7486303Z [1m[46m RUN [49m[22m [36mv3.2.4 [39m[90m/home/runner/work/OODS-Forge/OODS-Forge/packages/mcp-server[39m
2026-09-14T02:34:47.7506851Z 
2026-09-14T02:35:45.0470462Z  [32m✓[39m test/product-reality/codegen-matrix.s182.spec.ts [2m([22m[2m13 tests[22m[2m)[22m[33m 55024[2mms[22m[39m
2026-09-14T02:35:45.0472854Z    [33m[2m✓[22m[39m Sprint 182 M04 public codegen matrix[2m > [22mcompiles and closes dependencies for 'react'/'inline'/typescript=false [33m 1929[2mms[22m[39m
2026-09-14T02:35:45.0477980Z    [33m[2m✓[22m[39m Sprint 182 M04 public codegen matrix[2m > [22mcompiles and closes dependencies for 'react'/'inline'/typescript=true [33m 1020[2mms[22m[39m
2026-09-14T02:35:45.0480006Z    [33m[2m✓[22m[39m Sprint 182 M04 public codegen matrix[2m > [22mcompiles and closes dependencies for 'react'/'tokens'/typescript=false [33m 753[2mms[22m[39m
2026-09-14T02:35:45.0481904Z    [33m[2m✓[22m[39m Sprint 182 M04 public codegen matrix[2m > [22mcompiles and closes dependencies for 'react'/'tokens'/typescript=true [33m 891[2mms[22m[39m
2026-09-14T02:35:45.0483748Z    [33m[2m✓[22m[39m Sprint 182 M04 public codegen matrix[2m > [22mcompiles and closes dependencies for 'react'/'tailwind'/typescript=false [33m 720[2mms[22m[39m
2026-09-14T02:35:45.0485807Z    [33m[2m✓[22m[39m Sprint 182 M04 public codegen matrix[2m > [22mcompiles and closes dependencies for 'react'/'tailwind'/typescript=true [33m 748[2mms[22m[39m
2026-09-14T02:35:45.0487707Z    [33m[2m✓[22m[39m Sprint 182 M04 public codegen matrix[2m > [22mcompiles and closes dependencies for 'vue'/'inline'/typescript=false [33m 8190[2mms[22m[39m
2026-09-14T02:35:45.0492636Z    [33m[2m✓[22m[39m Sprint 182 M04 public codegen matrix[2m > [22mcompiles and closes dependencies for 'vue'/'inline'/typescript=true [33m 8184[2mms[22m[39m
2026-09-14T02:35:45.0495730Z    [33m[2m✓[22m[39m Sprint 182 M04 public codegen matrix[2m > [22mcompiles and closes dependencies for 'vue'/'tokens'/typescript=false [33m 8061[2mms[22m[39m
2026-09-14T02:35:45.0498261Z    [33m[2m✓[22m[39m Sprint 182 M04 public codegen matrix[2m > [22mcompiles and closes dependencies for 'vue'/'tokens'/typescript=true [33m 8097[2mms[22m[39m
2026-09-14T02:35:45.0505610Z    [33m[2m✓[22m[39m Sprint 182 M04 public codegen matrix[2m > [22mcompiles and closes dependencies for 'vue'/'tailwind'/typescript=false [33m 8402[2mms[22m[39m
2026-09-14T02:35:45.0508598Z    [33m[2m✓[22m[39m Sprint 182 M04 public codegen matrix[2m > [22mcompiles and closes dependencies for 'vue'/'tailwind'/typescript=true [33m 8019[2mms[22m[39m
2026-09-14T02:35:45.0734579Z 
2026-09-14T02:35:45.0751853Z [2m Test Files [22m [1m[32m1 passed[39m[22m[90m (1)[39m
2026-09-14T02:35:45.0756918Z [2m      Tests [22m [1m[32m13 passed[39m[22m[90m (13)[39m
2026-09-14T02:35:45.0761823Z [2m   Start at [22m 02:34:47
2026-09-14T02:35:45.0773806Z [2m   Duration [22m 57.32s[2m (transform 1.20s, setup 36ms, collect 1.89s, tests 55.02s, environment 0ms, prepare 91ms)[22m
2026-09-14T02:35:45.0775400Z 
2026-09-14T02:35:46.0399877Z 
2026-09-14T02:35:46.0422324Z [1m[46m RUN [49m[22m [36mv3.2.4 [39m[90m/home/runner/work/OODS-Forge/OODS-Forge/packages/mcp-server[39m
2026-09-14T02:35:46.0423276Z 
2026-09-14T02:37:52.8012849Z  [32m✓[39m test/product-reality/packed-consumers.s182.spec.ts [2m([22m[2m2 tests[22m[2m)[22m[33m 124506[2mms[22m[39m
2026-09-14T02:37:52.8015065Z    [33m[2m✓[22m[39m Sprint 182 M04 packed generated consumers[2m > [22mB-12 installs and imports every required tarball and root export in isolation [33m 43966[2mms[22m[39m
2026-09-14T02:37:52.8017447Z    [33m[2m✓[22m[39m Sprint 182 M04 packed generated consumers[2m > [22mB-13 resolves declared dependencies and shared CSS in a clean production build [33m 80539[2mms[22m[39m
2026-09-14T02:37:52.8323572Z 
2026-09-14T02:37:52.8345900Z [2m Test Files [22m [1m[32m1 passed[39m[22m[90m (1)[39m
2026-09-14T02:37:52.8352837Z [2m      Tests [22m [1m[32m2 passed[39m[22m[90m (2)[39m
2026-09-14T02:37:52.8358665Z [2m   Start at [22m 02:35:46
2026-09-14T02:37:52.8385925Z [2m   Duration [22m 126.79s[2m (transform 1.15s, setup 35ms, collect 1.86s, tests 124.51s, environment 0ms, prepare 89ms)[22m
2026-09-14T02:37:52.8389500Z 
2026-09-14T02:37:53.7592790Z 
2026-09-14T02:37:53.7621349Z [1m[46m RUN [49m[22m [36mv3.2.4 [39m[90m/home/runner/work/OODS-Forge/OODS-Forge/packages/mcp-server[39m
2026-09-14T02:37:53.7636645Z 
2026-09-14T02:38:02.0016136Z  [32m✓[39m test/codegen/cross-framework-parity.spec.ts [2m([22m[2m50 tests[22m[2m)[22m[33m 6553[2mms[22m[39m
2026-09-14T02:38:02.0018629Z    [33m[2m✓[22m[39m Sprint 182 bounded framework normalization[2m > [22mlowers Tabs child panel subtrees onto each target panel surface [33m 1611[2mms[22m[39m
2026-09-14T02:38:02.0021084Z    [33m[2m✓[22m[39m Sprint 182 bounded framework normalization[2m > [22mpreserves normalized Card body and active state when deriving Tabs items [33m 975[2mms[22m[39m
2026-09-14T02:38:02.0023207Z    [33m[2m✓[22m[39m Sprint 182 bounded framework normalization[2m > [22mbinds Badge and Button fields through their supported content prop [33m 779[2mms[22m[39m
2026-09-14T02:38:02.0024986Z    [33m[2m✓[22m[39m Sprint 182 bounded framework normalization[2m > [22mescapes React scalar props, ids, styles, and comments as source data [33m 703[2mms[22m[39m
2026-09-14T02:38:02.0026259Z    [33m[2m✓[22m[39m Sprint 182 bounded framework normalization[2m > [22mpreserves Text and Input field bindings inside section wrappers [33m 793[2mms[22m[39m
2026-09-14T02:38:02.0027532Z    [33m[2m✓[22m[39m Sprint 182 bounded framework normalization[2m > [22mbinds DatePicker, Textarea, and Checkbox through target-supported values [33m 633[2mms[22m[39m
2026-09-14T02:38:02.0029184Z    [33m[2m✓[22m[39m Sprint 182 bounded framework normalization[2m > [22mserializes hostile Tailwind variant values without breaking either compiler [33m 415[2mms[22m[39m
2026-09-14T02:38:02.0030815Z    [33m[2m✓[22m[39m Sprint 182 bounded framework normalization[2m > [22mresolves the declared cva dependency for supported activated variants [33m 599[2mms[22m[39m
2026-09-14T02:38:05.9548328Z  [32m✓[39m test/product-reality/closeout.s184.spec.ts [2m([22m[2m10 tests[22m[2m)[22m[33m 3577[2mms[22m[39m
2026-09-14T02:38:05.9551950Z    [33m[2m✓[22m[39m Sprint 184 M07 closeout accounting[2m > [22maccounts for added and removed suite files and independently audits every claim [33m 425[2mms[22m[39m
2026-09-14T02:38:05.9554495Z    [33m[2m✓[22m[39m Sprint 184 M07 closeout accounting[2m > [22mrejects CMOS text drift and any frozen evidence path that is missing [33m 367[2mms[22m[39m
2026-09-14T02:38:05.9556317Z    [33m[2m✓[22m[39m Sprint 184 M07 closeout accounting[2m > [22mrejects malformed frozen reconnect evidence despite a passed criterion 7 manifest status [33m 425[2mms[22m[39m
2026-09-14T02:38:05.9558102Z    [33m[2m✓[22m[39m Sprint 184 M07 closeout accounting[2m > [22mcounts only proven claim rows in the headline [33m 314[2mms[22m[39m
2026-09-14T02:38:05.9559573Z    [33m[2m✓[22m[39m Sprint 184 M07 closeout accounting[2m > [22maccepts collection-only populations only when they reconcile to executed historical totals [33m 559[2mms[22m[39m
2026-09-14T02:38:05.9561562Z    [33m[2m✓[22m[39m Sprint 184 M07 closeout accounting[2m > [22mattributes historical added and removed rows to Sprint 183 missions [33m 341[2mms[22m[39m
2026-09-14T02:38:05.9566697Z    [33m[2m✓[22m[39m Sprint 184 M07 closeout accounting[2m > [22muses frozen commit bytes rather than mutable working-tree bytes [33m 573[2mms[22m[39m
2026-09-14T02:38:07.0940668Z  [32m✓[39m test/product-reality/reconnect.s184.spec.ts [2m([22m[2m13 tests[22m[2m)[22m[33m 904[2mms[22m[39m
2026-09-14T02:38:07.0943150Z    [33m[2m✓[22m[39m Sprint 184 M07 reconnect derivation and receipt validation[2m > [22mretains a machine-checked disposition for two sends and the explicitly retired archived consumer [33m 400[2mms[22m[39m
2026-09-14T02:38:15.7585026Z [90mstdout[2m | test/product-reality/typed-action-protocol.s183.spec.ts[2m > [22m[2mSprint 183 M02 typed action protocol[2m > [22m[2mcoerces numeric object fields before initializing string-semantic local state
2026-09-14T02:38:15.7587386Z [22m[39m[s183 vue-tsc action contract] {"typescript":true,"supplyActions":false,"omittedAction":null,"durationMs":5433.4,"status":0,"signal":null,"error":null}
2026-09-14T02:38:15.7587984Z 
2026-09-14T02:38:27.7956279Z [90mstdout[2m | test/product-reality/typed-action-protocol.s183.spec.ts[2m > [22m[2mSprint 183 M02 typed action protocol[2m > [22m[2mVue typescript=$typescript requires every injected action
2026-09-14T02:38:27.7959654Z [22m[39m[s183 vue-tsc action contract] {"typescript":false,"supplyActions":false,"omittedAction":null,"durationMs":5505.6,"status":2,"signal":null,"error":null}
2026-09-14T02:38:27.7960803Z 
2026-09-14T02:38:33.3898638Z [90mstdout[2m | test/product-reality/typed-action-protocol.s183.spec.ts[2m > [22m[2mSprint 183 M02 typed action protocol[2m > [22m[2mVue typescript=$typescript requires every injected action
2026-09-14T02:38:33.3901473Z [22m[39m[s183 vue-tsc action contract] {"typescript":false,"supplyActions":true,"omittedAction":null,"durationMs":5592,"status":0,"signal":null,"error":null}
2026-09-14T02:38:33.3902672Z 
2026-09-14T02:38:38.8713482Z [90mstdout[2m | test/product-reality/typed-action-protocol.s183.spec.ts[2m > [22m[2mSprint 183 M02 typed action protocol[2m > [22m[2mVue typescript=$typescript requires every injected action
2026-09-14T02:38:38.8716349Z [22m[39m[s183 vue-tsc action contract] {"typescript":true,"supplyActions":false,"omittedAction":null,"durationMs":5473.9,"status":2,"signal":null,"error":null}
2026-09-14T02:38:38.8717287Z 
2026-09-14T02:38:44.5917337Z [90mstdout[2m | test/product-reality/typed-action-protocol.s183.spec.ts[2m > [22m[2mSprint 183 M02 typed action protocol[2m > [22m[2mVue typescript=$typescript requires every injected action
2026-09-14T02:38:44.5930721Z [22m[39m[s183 vue-tsc action contract] {"typescript":true,"supplyActions":true,"omittedAction":null,"durationMs":5716,"status":0,"signal":null,"error":null}
2026-09-14T02:38:44.5932125Z 
2026-09-14T02:38:50.0725969Z [90mstdout[2m | test/product-reality/typed-action-protocol.s183.spec.ts[2m > [22m[2mSprint 183 M02 typed action protocol[2m > [22m[2mVue TypeScript rejects each individually omitted domain action: handleActivate
2026-09-14T02:38:50.0729046Z [22m[39m[s183 vue-tsc action contract] {"typescript":true,"supplyActions":true,"omittedAction":"handleActivate","durationMs":5476.1,"status":2,"signal":null,"error":null}
2026-09-14T02:38:50.0732228Z 
2026-09-14T02:38:55.7806761Z [90mstdout[2m | test/product-reality/typed-action-protocol.s183.spec.ts[2m > [22m[2mSprint 183 M02 typed action protocol[2m > [22m[2mVue TypeScript rejects each individually omitted domain action: handleRowActivate
2026-09-14T02:38:55.7808471Z [22m[39m[s183 vue-tsc action contract] {"typescript":true,"supplyActions":true,"omittedAction":"handleRowActivate","durationMs":5703,"status":2,"signal":null,"error":null}
2026-09-14T02:38:55.7809312Z 
2026-09-14T02:39:01.4597140Z [90mstdout[2m | test/product-reality/typed-action-protocol.s183.spec.ts[2m > [22m[2mSprint 183 M02 typed action protocol[2m > [22m[2mVue TypeScript rejects each individually omitted domain action: handleSecondaryActivate
2026-09-14T02:39:01.4616302Z [22m[39m[s183 vue-tsc action contract] {"typescript":true,"supplyActions":true,"omittedAction":"handleSecondaryActivate","durationMs":5673.5,"status":2,"signal":null,"error":null}
2026-09-14T02:39:01.4617931Z 
2026-09-14T02:39:05.4362054Z  [32m✓[39m test/product-reality/typed-action-protocol.s183.spec.ts [2m([22m[2m33 tests[22m[2m)[22m[33m 56731[2mms[22m[39m
2026-09-14T02:39:05.4365976Z    [33m[2m✓[22m[39m Sprint 183 M02 typed action protocol[2m > [22mcoerces numeric object fields before initializing string-semantic local state [33m 6953[2mms[22m[39m
2026-09-14T02:39:05.4368200Z    [33m[2m✓[22m[39m Sprint 183 M02 typed action protocol[2m > [22mReact typescript=$typescript requires every injected action [33m 1837[2mms[22m[39m
2026-09-14T02:39:05.4370485Z    [33m[2m✓[22m[39m Sprint 183 M02 typed action protocol[2m > [22mReact typescript=$typescript requires every injected action [33m 1734[2mms[22m[39m
2026-09-14T02:39:05.4372403Z    [33m[2m✓[22m[39m Sprint 183 M02 typed action protocol[2m > [22mReact TypeScript rejects each individually omitted domain action [33m 2959[2mms[22m[39m
2026-09-14T02:39:05.4378454Z    [33m[2m✓[22m[39m Sprint 183 M02 typed action protocol[2m > [22mVue typescript=$typescript requires every injected action [33m 11104[2mms[22m[39m
2026-09-14T02:39:05.4380550Z    [33m[2m✓[22m[39m Sprint 183 M02 typed action protocol[2m > [22mVue typescript=$typescript requires every injected action [33m 11201[2mms[22m[39m
2026-09-14T02:39:05.4382261Z    [33m[2m✓[22m[39m Sprint 183 M02 typed action protocol[2m > [22mVue TypeScript rejects each individually omitted domain action: handleActivate [33m 5482[2mms[22m[39m
2026-09-14T02:39:05.4383592Z    [33m[2m✓[22m[39m Sprint 183 M02 typed action protocol[2m > [22mVue TypeScript rejects each individually omitted domain action: handleRowActivate [33m 5708[2mms[22m[39m
2026-09-14T02:39:05.4385688Z    [33m[2m✓[22m[39m Sprint 183 M02 typed action protocol[2m > [22mVue TypeScript rejects each individually omitted domain action: handleSecondaryActivate [33m 5679[2mms[22m[39m
2026-09-14T02:39:05.4387433Z    [33m[2m✓[22m[39m Sprint 183 M02 typed action protocol[2m > [22mVue JavaScript rejects each omitted action at runtime [33m 3975[2mms[22m[39m
2026-09-14T02:39:11.1811761Z  [32m✓[39m test/product-reality/independent-review-approval.s183.spec.ts [2m([22m[2m36 tests[22m[2m)[22m[33m 5499[2mms[22m[39m
2026-09-14T02:39:18.2173472Z  [32m✓[39m test/contracts/portable-boundary.s181.spec.ts [2m([22m[2m13 tests[22m[2m)[22m[33m 6607[2mms[22m[39m
2026-09-14T02:39:18.2175960Z    [33m[2m✓[22m[39m s181 portable-runtime publish boundary[2m > [22mB-12 starts from dist plus package metadata only and answers degraded health without planning data [33m 794[2mms[22m[39m
2026-09-14T02:39:18.2178032Z    [33m[2m✓[22m[39m s181 portable-runtime publish boundary[2m > [22ms196 serves null runtime proof when its shipped canonical ledger is absent [33m 742[2mms[22m[39m
2026-09-14T02:39:18.2179390Z    [33m[2m✓[22m[39m s181 portable-runtime publish boundary[2m > [22ms196 serves null release proof when its shipped canonical ledger is absent [33m 768[2mms[22m[39m
2026-09-14T02:39:18.2180765Z    [33m[2m✓[22m[39m s181 portable-runtime publish boundary[2m > [22ms195 serves null viz with a warning when shipped viz-taxonomy.v1.json is absent [33m 782[2mms[22m[39m
2026-09-14T02:39:18.2182154Z    [33m[2m✓[22m[39m s181 portable-runtime publish boundary[2m > [22ms195 serves null viz with a warning when shipped viz-classification.v1.json is absent [33m 764[2mms[22m[39m
2026-09-14T02:39:18.2183467Z    [33m[2m✓[22m[39m s181 portable-runtime publish boundary[2m > [22ms195 serves null viz with a warning when shipped viz-patterns.v1.json is absent [33m 778[2mms[22m[39m
2026-09-14T02:39:18.2187150Z    [33m[2m✓[22m[39m s181 portable-runtime publish boundary[2m > [22ms195 serves the same generated viz summary through the staged MCP adapter [33m 993[2mms[22m[39m
2026-09-14T02:39:18.2188576Z    [33m[2m✓[22m[39m s181 portable-runtime publish boundary[2m > [22mB-12 proves the relocated schema is load-bearing by deleting it from the staged dist [33m 707[2mms[22m[39m
2026-09-14T02:39:30.0706952Z  [32m✓[39m test/product-reality/fresh-composition.s187.spec.ts [2m([22m[2m29 tests[22m[2m)[22m[33m 10275[2mms[22m[39m
2026-09-14T02:39:30.0710596Z    [33m[2m✓[22m[39m Sprint 187 fresh composition binding intent[2m > [22mSubscription/detail preserves lifecycle data and disclosed directives [33m 381[2mms[22m[39m
2026-09-14T02:39:30.0712125Z    [33m[2m✓[22m[39m Sprint 187 fresh composition binding intent[2m > [22mrenders typed values and explicit empty/nonempty collections in generated react [33m 4189[2mms[22m[39m
2026-09-14T02:39:30.0713568Z    [33m[2m✓[22m[39m Sprint 187 fresh composition binding intent[2m > [22mrenders typed values and explicit empty/nonempty collections in generated vue [33m 4635[2mms[22m[39m
2026-09-14T02:39:30.0715378Z    [33m[2m✓[22m[39m Sprint 187 fresh composition binding intent[2m > [22mretains authentic fresh schemas and artifact provenance without touching a saved store [33m 350[2mms[22m[39m
2026-09-14T02:39:37.3379707Z 
2026-09-14T02:39:37.3380448Z [s184-m05] state parity differences=0; allowlist=0
2026-09-14T02:39:37.3386639Z [s184-m05:parity] {"states":["loading","empty","error","success"],"react":{"loading":{"markersInDocumentOrder":["loading"],"visibleText":"Loading subscriptions."},"empty":{"markersInDocumentOrder":["empty"],"visibleText":"No subscriptions found."},"error":{"markersInDocumentOrder":["error"],"visibleText":"Subscriptions could not be loaded."},"success":{"markersInDocumentOrder":["success"],"visibleText":"Subscriptions loaded."}},"vue":{"loading":{"markersInDocumentOrder":["loading"],"visibleText":"Loading subscriptions."},"empty":{"markersInDocumentOrder":["empty"],"visibleText":"No subscriptions found."},"error":{"markersInDocumentOrder":["error"],"visibleText":"Subscriptions could not be loaded."},"success":{"markersInDocumentOrder":["success"],"visibleText":"Subscriptions loaded."}},"computedDifferences":[],"allowlist":[]}
2026-09-14T02:39:37.3389703Z [s184-m05:mutation] target=react removed=loading red=react/loading green=7
2026-09-14T02:39:37.3390307Z [s184-m05:mutation] target=react removed=empty red=react/empty green=7
2026-09-14T02:39:37.3401730Z [s184-m05:mutation] target=react removed=error red=react/error green=7
2026-09-14T02:39:37.3405935Z [s184-m05:mutation] target=react removed=success red=react/success green=7
2026-09-14T02:39:37.3407281Z [s184-m05:mutation] target=vue removed=loading red=vue/loading green=7
2026-09-14T02:39:37.3409362Z [s184-m05:mutation] target=vue removed=empty red=vue/empty green=7
2026-09-14T02:39:37.3410487Z [s184-m05:mutation] target=vue removed=error red=vue/error green=7
2026-09-14T02:39:37.3411564Z [s184-m05:mutation] target=vue removed=success red=vue/success green=7
2026-09-14T02:39:37.6915847Z [s184-m05:restore] target=react source=sha256:8b17d59119e49b4bb2c2a03be0b08c3d8771cef91df1addb6d45483983ff2879 green=4
2026-09-14T02:39:38.1391158Z [s184-m05:restore] target=vue source=sha256:d341604855e0542712bf34d9722596ab9d403b25793cbc55fa4cb31d5a457198 green=4
2026-09-14T02:39:38.1468422Z  [32m✓[39m test/product-reality/state-axis.s184.spec.ts [2m([22m[2m22 tests[22m[2m)[22m[33m 6944[2mms[22m[39m
2026-09-14T02:39:38.1471924Z    [33m[2m✓[22m[39m Sprint 184 m05 workflow state axis[2m > [22mrestores the exact emitted bytes and all eight runtime cells after the mutation matrix [33m 799[2mms[22m[39m
2026-09-14T02:39:53.1859808Z  [31m❯[39m test/product-reality/workflow.s188.spec.ts [2m([22m[2m11 tests[22m[2m | [22m[31m1 failed[39m[2m)[22m[33m 13835[2mms[22m[39m
2026-09-14T02:39:53.1865689Z    [32m✓[39m Subscription workflow composition[2m > [22mderives routes and six transition meanings from the public source screens[32m 111[2mms[22m[39m
2026-09-14T02:39:53.1895779Z    [32m✓[39m Subscription workflow composition[2m > [22mkeeps exactly four canonical branches on every react screen[32m 2[2mms[22m[39m
2026-09-14T02:39:53.1898356Z    [32m✓[39m Subscription workflow composition[2m > [22mkeeps exactly four canonical branches on every vue screen[32m 1[2mms[22m[39m
2026-09-14T02:39:53.1900678Z    [32m✓[39m Subscription workflow composition[2m > [22madds actions in the trait mapping, including no additions for Plan carrying neither trait[32m 160[2mms[22m[39m
2026-09-14T02:39:53.1903290Z    [33m[2m✓[22m[39m Generated applications close their own contracts[2m > [22maccepts workflow through pipeline and makes unsupported JavaScript-only emission explicit [33m 420[2mms[22m[39m
2026-09-14T02:39:53.1906592Z    [32m✓[39m Generated applications close their own contracts[2m > [22mrejects noncanonical object names before interpolating an application shell[32m 154[2mms[22m[39m
2026-09-14T02:39:53.1909085Z    [32m✓[39m Generated applications close their own contracts[2m > [22mreact ships every source file and rejects missing imports or disconnected actions[32m 25[2mms[22m[39m
2026-09-14T02:39:53.1911545Z    [32m✓[39m Generated applications close their own contracts[2m > [22mvue ships every source file and rejects missing imports or disconnected actions[32m 25[2mms[22m[39m
2026-09-14T02:39:53.1914034Z    [33m[2m✓[22m[39m Generated applications close their own contracts[2m > [22mreact application typechecks strict against the built component packages [33m 4175[2mms[22m[39m
2026-09-14T02:39:53.1916338Z    [33m[2m✓[22m[39m Generated applications close their own contracts[2m > [22mvue application typechecks strict against the built component packages [33m 7463[2mms[22m[39m
2026-09-14T02:39:53.1919186Z [31m   [31m×[31m Generated store drives the lifecycle without consumer wiring[2m > [22mcovers deterministic seeds, query boundaries, save, cancellation history, archive/restore and failure modes[39m[32m 214[2mms[22m[39m
2026-09-14T02:39:53.1921167Z [31m     → expected [ 9900, 9900, 4900 ] to deeply equal [ 11400, 9500, 7600 ][39m
2026-09-14T02:40:03.6692367Z  [32m✓[39m test/product-reality/emitter-directives.s184.spec.ts [2m([22m[2m26 tests[22m[2m)[22m[33m 9393[2mms[22m[39m
2026-09-14T02:40:03.6695152Z    [33m[2m✓[22m[39m Sprint 184 m03 target contract and emitter movement[2m > [22memits explicit React coercion and joining expressions that strict-check against the built package [33m 3877[2mms[22m[39m
2026-09-14T02:40:03.6696841Z    [33m[2m✓[22m[39m Sprint 184 m03 target contract and emitter movement[2m > [22memits readonly-safe Vue coercion and joining expressions that strict-check against the built package [33m 5463[2mms[22m[39m
2026-09-14T02:40:06.1976805Z  [32m✓[39m test/product-reality/patch-disposition.s184.spec.ts [2m([22m[2m5 tests[22m[2m)[22m[33m 2252[2mms[22m[39m
2026-09-14T02:40:06.1978741Z    [33m[2m✓[22m[39m Sprint 184 M07 tracked mutation patch disposition[2m > [22mclassifies the exact 38-patch frozen population and binds every row to immutable bytes and a source-derived baseline [33m 624[2mms[22m[39m
2026-09-14T02:40:06.1980976Z    [33m[2m✓[22m[39m Sprint 184 M07 tracked mutation patch disposition[2m > [22mexecutes the s183-m06-sc02 replacement over every tracked patch, with only the five invalid archives taking an explicit machine-readable non-apply path [33m 1038[2mms[22m[39m
2026-09-14T02:40:25.6966011Z  [32m✓[39m test/product-reality/ported-workflow.s184.spec.ts [2m([22m[2m5 tests[22m[2m)[22m[33m 18431[2mms[22m[39m
2026-09-14T02:40:25.7026152Z    [33m[2m✓[22m[39m Sprint 184 m04 ported Subscription workflow[2m > [22mstrict-checks every generated React and Vue artifact against the built packages [33m 18313[2mms[22m[39m
2026-09-14T02:40:27.6721149Z  [32m✓[39m test/contracts/brand.intake.s181.spec.ts [2m([22m[2m6 tests[22m[2m)[22m[33m 1630[2mms[22m[39m
2026-09-14T02:40:27.6723255Z    [33m[2m✓[22m[39m brand.intake s181 advertised dry-run contract[2m > [22mspawns dist/index.js, returns the full inline receipt, and leaves the review-kit tree byte-identical [33m 771[2mms[22m[39m
2026-09-14T02:40:27.6726965Z    [33m[2m✓[22m[39m brand.intake s181 advertised dry-run contract[2m > [22mB-09 rejects apply:true and consumer-local paths at index-level AJV before the handler [33m 744[2mms[22m[39m
2026-09-14T02:40:29.4026121Z  [32m✓[39m test/tools/dashboard-identity-lifts.s180.spec.ts [2m([22m[2m4 tests[22m[2m)[22m[33m 963[2mms[22m[39m
2026-09-14T02:40:29.4027832Z    [33m[2m✓[22m[39m dashboard.render Shape-B identity lifts (s180 m02)[2m > [22mR-C: lifted cartesian and ECharts IR certify with the required operand shape and preserve contentHash parity [33m 863[2mms[22m[39m
2026-09-14T02:42:03.8790071Z  [32m✓[39m test/product-reality/saved-schema-consumers.s183.spec.ts [2m([22m[2m4 tests[22m[2m)[22m[33m 94223[2mms[22m[39m
2026-09-14T02:42:06.2218020Z  [32m✓[39m test/product-reality/generated-heading-update.s185.spec.ts [2m([22m[2m2 tests[22m[2m)[22m[33m 1420[2mms[22m[39m
2026-09-14T02:42:06.2229109Z    [33m[2m✓[22m[39m Sprint 185 live generated plan heading updates[2m > [22mmounts real generated react and updates the read-only heading through its existing Textarea writer [33m 713[2mms[22m[39m
2026-09-14T02:42:06.2273150Z    [33m[2m✓[22m[39m Sprint 185 live generated plan heading updates[2m > [22mmounts real generated vue and updates the read-only heading through its existing Textarea writer [33m 705[2mms[22m[39m
2026-09-14T02:42:08.3126048Z  [32m✓[39m test/product-reality/public-head-equivalence.s185.spec.ts [2m([22m[2m21 tests[22m[2m)[22m[33m 1470[2mms[22m[39m
2026-09-14T02:44:01.0130988Z  [32m✓[39m test/product-reality/live-workflow-consumers.s184.spec.ts [2m([22m[2m4 tests[22m[2m)[22m[33m 111491[2mms[22m[39m
2026-09-14T02:44:02.2768705Z  [32m✓[39m test/product-reality/sprint-wide-movers.s185.spec.ts [2m([22m[2m7 tests[22m[2m)[22m[33m 1000[2mms[22m[39m
2026-09-14T02:44:45.6914074Z  [32m✓[39m test/product-reality/packed-ported-consumers.s184.spec.ts [2m([22m[2m1 test[22m[2m)[22m[33m 43107[2mms[22m[39m
2026-09-14T02:44:45.6916508Z    [33m[2m✓[22m[39m Sprint 184 m04 packed ported consumers[2m > [22minstalls built tarballs externally and preserves the historical cohort through aliases of the canonical roots [33m 43106[2mms[22m[39m
2026-09-14T02:44:58.6510098Z  [32m✓[39m test/product-reality/archive-workflow.s188.spec.ts [2m([22m[2m2 tests[22m[2m)[22m[33m 12077[2mms[22m[39m
2026-09-14T02:44:58.6536279Z    [33m[2m✓[22m[39m generated archive-view integration[2m > [22mreact carries the authored archive label into governed Tabs and row overlays, and typechecks [33m 4475[2mms[22m[39m
2026-09-14T02:44:58.6543395Z    [33m[2m✓[22m[39m generated archive-view integration[2m > [22mvue carries the authored archive label into governed Tabs and row overlays, and typechecks [33m 7600[2mms[22m[39m
2026-09-14T02:49:44.1407093Z  [32m✓[39m test/product-reality/m06-gate-bites.s184.spec.ts [2m([22m[2m1 test[22m[2m)[22m[33m 284252[2mms[22m[39m
2026-09-14T02:49:44.1409246Z    [33m[2m✓[22m[39m Sprint 184 m06 real consumer gate bites[2m > [22mexecutes one unique red mutation for every gate on both framework targets [33m 284239[2mms[22m[39m
2026-09-14T02:49:44.1724646Z 
2026-09-14T02:49:44.1757125Z [31m⎯⎯⎯⎯⎯⎯⎯[39m[1m[41m Failed Tests 1 [49m[22m[31m⎯⎯⎯⎯⎯⎯⎯[39m
2026-09-14T02:49:44.1759557Z 
2026-09-14T02:49:44.1766849Z [41m[1m FAIL [22m[49m test/product-reality/workflow.s188.spec.ts[2m > [22mGenerated store drives the lifecycle without consumer wiring[2m > [22mcovers deterministic seeds, query boundaries, save, cancellation history, archive/restore and failure modes
2026-09-14T02:49:44.1769147Z [31m[1mAssertionError[22m: expected [ 9900, 9900, 4900 ] to deeply equal [ 11400, 9500, 7600 ][39m
2026-09-14T02:49:44.1769564Z 
2026-09-14T02:49:44.1769729Z [32m- Expected[39m
2026-09-14T02:49:44.1770036Z [31m+ Received[39m
2026-09-14T02:49:44.1770488Z 
2026-09-14T02:49:44.1770616Z [2m  [[22m
2026-09-14T02:49:44.1770885Z [32m-   11400,[39m
2026-09-14T02:49:44.1771160Z [32m-   9500,[39m
2026-09-14T02:49:44.1771420Z [32m-   7600,[39m
2026-09-14T02:49:44.1771677Z [31m+   9900,[39m
2026-09-14T02:49:44.1771930Z [31m+   9900,[39m
2026-09-14T02:49:44.1772183Z [31m+   4900,[39m
2026-09-14T02:49:44.1772425Z [2m  ][22m
2026-09-14T02:49:44.1772563Z 
2026-09-14T02:49:44.1773003Z [36m [2m❯[22m test/product-reality/workflow.s188.spec.ts:[2m189:145[22m[39m
2026-09-14T02:49:44.1985523Z     [90m187| [39m      expect(store.list({ search: 'subscription-003' }).records).toHav…
2026-09-14T02:49:44.1986171Z 
2026-09-14T02:49:44.1987070Z     [90m188| [39m      expect(store.list({ status: 'active' }).records[0].subscription_…
2026-09-14T02:49:44.2005538Z     [90m189| [39m      expect(store.list({ sort: 'amount', descending: true, page: 2, p…
2026-09-14T02:49:44.2006874Z [2m Test Files [22m [1m[31m1 failed[39m[22m[2m | [22m[1m[32m21 passed[39m[22m[90m (22)[39m
2026-09-14T02:49:44.2025290Z     [90m   | [39m                                                                                                                                                [31m^[39m
2026-09-14T02:49:44.2029879Z     [90m190| [39m      [35mconst[39m edited [33m=[39m store[33m.[39m[35mget[39m([32m'subscription-003'[39m)[33m;[39m
2026-09-14T02:49:44.2031422Z [2m      Tests [22m [1m[31m1 failed[39m[22m[2m | [22m[1m[32m304 passed[39m[22m[90m (305)[39m
2026-09-14T02:49:44.2047573Z     [90m191| [39m      edited[33m.[39mplan_name [33m=[39m [32m'Team annual'[39m[33m;[39m
2026-09-14T02:49:44.2053814Z 
2026-09-14T02:49:44.2054758Z [31m[2m⎯⎯⎯⎯⎯⎯⎯⎯⎯⎯⎯⎯⎯⎯⎯⎯⎯⎯⎯⎯⎯⎯⎯⎯[1/1]⎯[22m[39m
2026-09-14T02:49:44.2055343Z 
2026-09-14T02:49:44.2064929Z [2m   Start at [22m 02:37:53
2026-09-14T02:49:44.2066547Z [2m   Duration [22m 710.41s[2m (transform 2.24s, setup 329ms, collect 12.56s, tests 692.64s, environment 3ms, prepare 1.29s)[22m
2026-09-14T02:49:44.2067548Z 
2026-09-14T02:49:44.2067787Z 
2026-09-14T02:49:44.2101640Z ##[error]AssertionError: expected [ 9900, 9900, 4900 ] to deeply equal [ 11400, 9500, 7600 ]

- Expected
+ Received

  [
-   11400,
-   9500,
-   7600,
+   9900,
+   9900,
+   4900,
  ]

 ❯ test/product-reality/workflow.s188.spec.ts:189:145


2026-09-14T02:49:44.3452624Z undefined
2026-09-14T02:49:44.3462422Z /home/runner/work/OODS-Forge/OODS-Forge/packages/mcp-server:
2026-09-14T02:49:44.3470125Z  ERR_PNPM_RECURSIVE_EXEC_FIRST_FAIL  Command failed with exit code 1: vitest run test/codegen/cross-framework-parity.spec.ts test/product-reality/typed-action-protocol.s183.spec.ts test/product-reality/saved-schema-consumers.s183.spec.ts test/product-reality/independent-review-approval.s183.spec.ts test/product-reality/live-workflow-consumers.s184.spec.ts test/product-reality/m06-gate-bites.s184.spec.ts test/product-reality/packed-ported-consumers.s184.spec.ts test/product-reality/emitter-directives.s184.spec.ts test/product-reality/ported-workflow.s184.spec.ts test/product-reality/state-axis.s184.spec.ts test/product-reality/closeout.s184.spec.ts test/product-reality/patch-disposition.s184.spec.ts test/contracts/brand.intake.s181.spec.ts test/contracts/portable-boundary.s181.spec.ts test/product-reality/generated-heading-update.s185.spec.ts test/product-reality/reconnect.s184.spec.ts test/tools/dashboard-identity-lifts.s180.spec.ts test/product-reality/sprint-wide-movers.s185.spec.ts test/product-reality/public-head-equivalence.s185.spec.ts test/product-reality/fresh-composition.s187.spec.ts test/product-reality/workflow.s188.spec.ts test/product-reality/archive-workflow.s188.spec.ts
2026-09-14T02:49:44.3788024Z  ELIFECYCLE  Command failed with exit code 1.
2026-09-14T02:49:44.4043099Z ##[error]Process completed with exit code 1.
2026-09-14T02:49:44.4148865Z Node 20 is being deprecated. This workflow is running with Node 24 by default. If you need to temporarily use Node 20, you can set the ACTIONS_ALLOW_USE_UNSECURE_NODE_VERSION=true environment variable. For more information see: https://github.blog/changelog/2025-09-19-deprecation-of-node-20-on-github-actions-runners/
2026-09-14T02:49:44.4150257Z Post job cleanup.
2026-09-14T02:49:44.6455470Z Pruning is unnecessary.
2026-09-14T02:49:44.6919897Z Node 20 is being deprecated. This workflow is running with Node 24 by default. If you need to temporarily use Node 20, you can set the ACTIONS_ALLOW_USE_UNSECURE_NODE_VERSION=true environment variable. For more information see: https://github.blog/changelog/2025-09-19-deprecation-of-node-20-on-github-actions-runners/
2026-09-14T02:49:44.6922458Z Post job cleanup.
2026-09-14T02:49:44.8214998Z [command]/usr/bin/git version
2026-09-14T02:49:44.8305061Z git version 2.55.0
2026-09-14T02:49:44.8362130Z Temporarily overriding HOME='/home/runner/work/_temp/83b19a4b-35d4-445a-8604-a83a67cb0682' before making global git config changes
2026-09-14T02:49:44.8363609Z Adding repository directory to the temporary git global config as a safe directory
2026-09-14T02:49:44.8365404Z [command]/usr/bin/git config --global --add safe.directory /home/runner/work/OODS-Forge/OODS-Forge
2026-09-14T02:49:44.8403424Z [command]/usr/bin/git config --local --name-only --get-regexp core\.sshCommand
2026-09-14T02:49:44.8487681Z [command]/usr/bin/git submodule foreach --recursive sh -c "git config --local --name-only --get-regexp 'core\.sshCommand' && git config --local --unset-all 'core.sshCommand' || :"
2026-09-14T02:49:44.9029433Z [command]/usr/bin/git config --local --name-only --get-regexp http\.https\:\/\/github\.com\/\.extraheader
2026-09-14T02:49:44.9090047Z http.https://github.com/.extraheader
2026-09-14T02:49:44.9102336Z [command]/usr/bin/git config --local --unset-all http.https://github.com/.extraheader
2026-09-14T02:49:44.9196357Z [command]/usr/bin/git submodule foreach --recursive sh -c "git config --local --name-only --get-regexp 'http\.https\:\/\/github\.com\/\.extraheader' && git config --local --unset-all 'http.https://github.com/.extraheader' || :"
2026-09-14T02:49:44.9781648Z [command]/usr/bin/git config --local --name-only --get-regexp ^includeIf\.gitdir:
2026-09-14T02:49:44.9873475Z [command]/usr/bin/git submodule foreach --recursive git config --local --show-origin --name-only --get-regexp remote.origin.url
2026-09-14T02:49:45.0392221Z Cleaning up orphan processes
2026-09-14T02:49:45.0762497Z ##[warning]Node.js 20 is deprecated. The following actions target Node.js 20 but are being forced to run on Node.js 24: actions/cache@v4, actions/checkout@v4, actions/setup-node@v4, pnpm/action-setup@v4. For more information see: https://github.blog/changelog/2025-09-19-deprecation-of-node-20-on-github-actions-runners/
