$ pnpm exec vitest run --project core --testTimeout=60000 --maxWorkers=1 --no-file-parallelism --reporter=default --reporter=json --outputFile=/var/folders/gd/rty3217130vdbr9_q713nvg80000gn/T/oods-s185-m01-baseline-rWr1ou/run-1-root-core.json
exitCode=0
startedAt=2026-09-15T23:42:12.647Z
endedAt=2026-09-15T23:58:13.851Z
durationMs=961193.816
[stdout]

 RUN  v3.2.4 /Users/systemsystems/.codex/worktrees/s202/OODS-Forge

 ✓ |core| packages/mcp-server/test/objects/research.spec.ts (23 tests) 58901ms
   ✓ TraceLab research objects > Project supports every declared single-screen context  1150ms
   ✓ TraceLab research objects > Document supports every declared single-screen context  1061ms
   ✓ TraceLab research objects > Collection supports every declared single-screen context  969ms
   ✓ TraceLab research objects > Mission supports every declared single-screen context  1144ms
   ✓ TraceLab research objects > Report supports every declared single-screen context  1041ms
   ✓ TraceLab research objects > Evidence supports every declared single-screen context  1142ms
   ✓ TraceLab research objects > Mission workflow preserves the API state set and never introduces billing cancellation  969ms
   ✓ TraceLab research objects > Project list navigation identifies the same record as the workflow store  810ms
   ✓ TraceLab research objects > Document list navigation identifies the same record as the workflow store  842ms
   ✓ TraceLab research objects > Collection list navigation identifies the same record as the workflow store  808ms
   ✓ TraceLab research objects > Mission list navigation identifies the same record as the workflow store  804ms
   ✓ TraceLab research objects > Report list navigation identifies the same record as the workflow store  807ms
   ✓ TraceLab research objects > Evidence list navigation identifies the same record as the workflow store  766ms
   ✓ generated Mission cancellation stays terminal and both frameworks typecheck  8026ms
   ✓ Project workflows produce strict React and Vue applications  7468ms
   ✓ Document workflows produce strict React and Vue applications  8209ms
   ✓ Collection workflows produce strict React and Vue applications  7320ms
   ✓ Report workflows produce strict React and Vue applications  6853ms
   ✓ Evidence workflows produce strict React and Vue applications  7476ms
   ✓ 'Evidence' filters the declared classification field without inventing lifecycle state  941ms
 ✓ |core| packages/mcp-server/test/codegen/form-seeds.s198.spec.ts (47 tests) 56587ms
   ✓ s198 form craft and one attributable seed policy > Article exposes one editor per simple form field so Save has an unambiguous value  1233ms
   ✓ s198 form craft and one attributable seed policy > Collection exposes one editor per simple form field so Save has an unambiguous value  1054ms
   ✓ s198 form craft and one attributable seed policy > Document exposes one editor per simple form field so Save has an unambiguous value  1153ms
   ✓ s198 form craft and one attributable seed policy > Evidence exposes one editor per simple form field so Save has an unambiguous value  1130ms
   ✓ s198 form craft and one attributable seed policy > Invoice exposes one editor per simple form field so Save has an unambiguous value  1343ms
   ✓ s198 form craft and one attributable seed policy > Media exposes one editor per simple form field so Save has an unambiguous value  1115ms
   ✓ s198 form craft and one attributable seed policy > Mission exposes one editor per simple form field so Save has an unambiguous value  1183ms
   ✓ s198 form craft and one attributable seed policy > Organization exposes one editor per simple form field so Save has an unambiguous value  995ms
   ✓ s198 form craft and one attributable seed policy > Plan exposes one editor per simple form field so Save has an unambiguous value  1465ms
   ✓ s198 form craft and one attributable seed policy > Product exposes one editor per simple form field so Save has an unambiguous value  1049ms
   ✓ s198 form craft and one attributable seed policy > Project exposes one editor per simple form field so Save has an unambiguous value  1164ms
   ✓ s198 form craft and one attributable seed policy > Relationship exposes one editor per simple form field so Save has an unambiguous value  1166ms
   ✓ s198 form craft and one attributable seed policy > Report exposes one editor per simple form field so Save has an unambiguous value  1075ms
   ✓ s198 form craft and one attributable seed policy > Subscription exposes one editor per simple form field so Save has an unambiguous value  1258ms
   ✓ s198 form craft and one attributable seed policy > Transaction exposes one editor per simple form field so Save has an unambiguous value  1495ms
   ✓ s198 form craft and one attributable seed policy > Usage exposes one editor per simple form field so Save has an unambiguous value  1817ms
   ✓ s198 form craft and one attributable seed policy > User exposes one editor per simple form field so Save has an unambiguous value  1400ms
   ✓ s198 form craft and one attributable seed policy > active samples never claim archive/restore events that did not happen  889ms
   ✓ s198 form craft and one attributable seed policy > keeps authored trait examples tied to canonical role and communication catalogs  364ms
   ✓ s198 form craft and one attributable seed policy > Article has deterministic, declared enum values and no placeholder strings  1176ms
   ✓ s198 form craft and one attributable seed policy > Collection has deterministic, declared enum values and no placeholder strings  817ms
   ✓ s198 form craft and one attributable seed policy > Document has deterministic, declared enum values and no placeholder strings  825ms
   ✓ s198 form craft and one attributable seed policy > Evidence has deterministic, declared enum values and no placeholder strings  819ms
   ✓ s198 form craft and one attributable seed policy > Invoice has deterministic, declared enum values and no placeholder strings  1079ms
   ✓ s198 form craft and one attributable seed policy > Media has deterministic, declared enum values and no placeholder strings  999ms
   ✓ s198 form craft and one attributable seed policy > Mission has deterministic, declared enum values and no placeholder strings  1015ms
   ✓ s198 form craft and one attributable seed policy > Organization has deterministic, declared enum values and no placeholder strings  810ms
   ✓ s198 form craft and one attributable seed policy > Plan has deterministic, declared enum values and no placeholder strings  1073ms
   ✓ s198 form craft and one attributable seed policy > Product has deterministic, declared enum values and no placeholder strings  823ms
   ✓ s198 form craft and one attributable seed policy > Project has deterministic, declared enum values and no placeholder strings  784ms
   ✓ s198 form craft and one attributable seed policy > Relationship has deterministic, declared enum values and no placeholder strings  975ms
   ✓ s198 form craft and one attributable seed policy > Report has deterministic, declared enum values and no placeholder strings  833ms
   ✓ s198 form craft and one attributable seed policy > Subscription has deterministic, declared enum values and no placeholder strings  838ms
   ✓ s198 form craft and one attributable seed policy > Transaction has deterministic, declared enum values and no placeholder strings  896ms
   ✓ s198 form craft and one attributable seed policy > Usage has deterministic, declared enum values and no placeholder strings  886ms
   ✓ s198 form craft and one attributable seed policy > User has deterministic, declared enum values and no placeholder strings  736ms
   ✓ s198 form craft and one attributable seed policy > Organization retains trait catalog examples and preference parameters in both frameworks  7463ms
   ✓ s198 form craft and one attributable seed policy > User retains trait catalog examples and preference parameters in both frameworks  7156ms
   ✓ s198 form craft and one attributable seed policy > Subscription uses controls for field titles, compact strings and valid date input types  421ms
   ✓ s198 form craft and one attributable seed policy > Invoice uses controls for field titles, compact strings and valid date input types  418ms
   ✓ s198 form craft and one attributable seed policy > Plan uses controls for field titles, compact strings and valid date input types  445ms
   ✓ s198 form craft and one attributable seed policy > keeps price-derived payments and active periods coherent at the fixed preview date  804ms
   ✓ s198 form craft and one attributable seed policy > Invoice exposes its timestamped creation in the timeline even without Stateful  917ms
   ✓ s198 form craft and one attributable seed policy > Plan exposes its timestamped creation in the timeline even without Stateful  989ms
 ✓ |core| packages/mcp-server/test/product-reality/chart-placement-codegen.s195.spec.ts (25 tests) 23372ms
   ✓ declared charts use actual records and public SVG (s195-m06) > Invoice detail html carries authored rows and unchanged public pixels  771ms
   ✓ declared charts use actual records and public SVG (s195-m06) > Invoice detail react carries authored rows and unchanged public pixels  1066ms
   ✓ declared charts use actual records and public SVG (s195-m06) > Invoice detail vue carries authored rows and unchanged public pixels  1347ms
   ✓ declared charts use actual records and public SVG (s195-m06) > Invoice workflow react keys static SVG to real seeded records  2950ms
   ✓ declared charts use actual records and public SVG (s195-m06) > Invoice workflow vue keys static SVG to real seeded records  5305ms
   ✓ declared charts use actual records and public SVG (s195-m06) > Usage detail html carries authored rows and unchanged public pixels  310ms
   ✓ declared charts use actual records and public SVG (s195-m06) > Usage detail react carries authored rows and unchanged public pixels  1114ms
   ✓ declared charts use actual records and public SVG (s195-m06) > Usage detail vue carries authored rows and unchanged public pixels  1408ms
   ✓ declared charts use actual records and public SVG (s195-m06) > Usage workflow react keys static SVG to real seeded records  2987ms
   ✓ declared charts use actual records and public SVG (s195-m06) > Usage workflow vue keys static SVG to real seeded records  5259ms
   ✓ declared charts use actual records and public SVG (s195-m06) > legacy Subscription react HC asset bytes follow the recorded UTC, palette and frame migrations  353ms
   ✓ declared charts use actual records and public SVG (s195-m06) > legacy Subscription vue HC asset bytes follow the recorded UTC, palette and frame migrations  306ms
 ✓ |core| packages/mcp-server/test/contracts/viz-recipes.s190.spec.ts (3 tests) 25464ms
   ✓ one executable visualization registry (s190 m05) > the exported registry equals every live census cell after canonicalization  25458ms
 ✓ |core| packages/mcp-server/test/product-reality/closeout.s197.spec.ts (57 tests) 16616ms
   ✓ s197 producer rejects evidence that could inflate the palette proof > verifies actual 240-cell receipts, package bytes and 24 chart theme screenshots  300ms
   ✓ independently inventories token, golden, spec and documentation changes from one Git range  558ms
   ✓ s197 accounting binds decision 2008 > accepts only the approved four-field correction with the two original failed capture trees  1059ms
   ✓ s197 accounting binds decision 2008 > rejects missing-failure drift without silently accepting unrelated work  737ms
   ✓ s197 accounting binds decision 2008 > rejects other-failure drift without silently accepting unrelated work  819ms
   ✓ s197 accounting binds decision 2008 > rejects missing-project drift without silently accepting unrelated work  780ms
   ✓ s197 accounting binds decision 2008 > rejects scoped-head drift without silently accepting unrelated work  859ms
   ✓ s197 accounting binds decision 2008 > rejects skip drift without silently accepting unrelated work  781ms
   ✓ s197 accounting binds decision 2008 > rejects missing-closeout drift without silently accepting unrelated work  761ms
   ✓ s197 accounting binds decision 2008 > rejects capture drift without silently accepting unrelated work  576ms
   ✓ s197 accounting binds decision 2008 > rejects docs-head drift without silently accepting unrelated work  750ms
   ✓ s197 independent auditor binds decision 2008 > accepts only the approved four-field correction with the two original failed capture trees  775ms
   ✓ s197 independent auditor binds decision 2008 > rejects missing-failure drift without silently accepting unrelated work  722ms
   ✓ s197 independent auditor binds decision 2008 > rejects other-failure drift without silently accepting unrelated work  809ms
   ✓ s197 independent auditor binds decision 2008 > rejects missing-project drift without silently accepting unrelated work  803ms
   ✓ s197 independent auditor binds decision 2008 > rejects scoped-head drift without silently accepting unrelated work  736ms
   ✓ s197 independent auditor binds decision 2008 > rejects skip drift without silently accepting unrelated work  736ms
   ✓ s197 independent auditor binds decision 2008 > rejects missing-closeout drift without silently accepting unrelated work  728ms
   ✓ s197 independent auditor binds decision 2008 > rejects capture drift without silently accepting unrelated work  511ms
   ✓ s197 independent auditor binds decision 2008 > rejects docs-head drift without silently accepting unrelated work  765ms
 ✓ |core| packages/mcp-server/test/codegen/carries.s199.spec.ts (19 tests) 16024ms
   ✓ s199 carry producers prevent misleading generated app state > Article seeds one coherent address role and no label/description placeholders  891ms
   ✓ s199 carry producers prevent misleading generated app state > Collection seeds one coherent address role and no label/description placeholders  883ms
   ✓ s199 carry producers prevent misleading generated app state > Document seeds one coherent address role and no label/description placeholders  849ms
   ✓ s199 carry producers prevent misleading generated app state > Evidence seeds one coherent address role and no label/description placeholders  723ms
   ✓ s199 carry producers prevent misleading generated app state > Invoice seeds one coherent address role and no label/description placeholders  926ms
   ✓ s199 carry producers prevent misleading generated app state > Media seeds one coherent address role and no label/description placeholders  764ms
   ✓ s199 carry producers prevent misleading generated app state > Mission seeds one coherent address role and no label/description placeholders  740ms
   ✓ s199 carry producers prevent misleading generated app state > Organization seeds one coherent address role and no label/description placeholders  714ms
   ✓ s199 carry producers prevent misleading generated app state > Plan seeds one coherent address role and no label/description placeholders  1084ms
   ✓ s199 carry producers prevent misleading generated app state > Product seeds one coherent address role and no label/description placeholders  788ms
   ✓ s199 carry producers prevent misleading generated app state > Project seeds one coherent address role and no label/description placeholders  769ms
   ✓ s199 carry producers prevent misleading generated app state > Relationship seeds one coherent address role and no label/description placeholders  940ms
   ✓ s199 carry producers prevent misleading generated app state > Report seeds one coherent address role and no label/description placeholders  843ms
   ✓ s199 carry producers prevent misleading generated app state > Subscription seeds one coherent address role and no label/description placeholders  939ms
   ✓ s199 carry producers prevent misleading generated app state > Transaction seeds one coherent address role and no label/description placeholders  944ms
   ✓ s199 carry producers prevent misleading generated app state > Usage seeds one coherent address role and no label/description placeholders  876ms
   ✓ s199 carry producers prevent misleading generated app state > User seeds one coherent address role and no label/description placeholders  675ms
   ✓ s199 carry producers prevent misleading generated app state > binds the Mission timeline identity to title instead of its generic label projection  1674ms
 ✓ |core| packages/mcp-server/test/product-reality/billing-placement.s188.spec.ts (8 tests) 16932ms
   ✓ Sprint 188 remaining trait placement obligations > never chooses any of the five recipes for generic slots on Product  1071ms
   ✓ Sprint 188 remaining trait placement obligations > preserves the historical placement diff and current declared recipes across 66 schemas, 132 artifacts and workflow  15027ms
   ✓ Sprint 188 remaining trait placement obligations > keeps every declared detail recipe as a real node through all composer post-processing  310ms
 ✓ |core| packages/mcp-server/test/codegen/collections.s189.spec.ts (12 tests) 19356ms
   ✓ collection screens own the data presentation > react standalone collection props compile without a workflow or invented records  3658ms
   ✓ collection screens own the data presentation > vue standalone collection props compile without a workflow or invented records  8140ms
   ✓ collection screens own the data presentation > react App binds the composed collection instead of shipping a competing presentation  1266ms
   ✓ collection screens own the data presentation > vue App binds the composed collection instead of shipping a competing presentation  967ms
   ✓ collection screens own the data presentation > react JavaScript collection output has real runtime props and no TypeScript-only imports  1803ms
   ✓ collection screens own the data presentation > vue JavaScript collection output has real runtime props and no TypeScript-only imports  2978ms
 ✓ |core| packages/mcp-server/test/product-reality/collections.s191.spec.ts (6 tests) 18734ms
   ✓ workflow collection domain ownership (s191) > Organization/react emits deterministic, strictly typed collection actions  2710ms
   ✓ workflow collection domain ownership (s191) > Organization/vue emits deterministic, strictly typed collection actions  5268ms
   ✓ workflow collection domain ownership (s191) > User/react emits deterministic, strictly typed collection actions  2789ms
   ✓ workflow collection domain ownership (s191) > User/vue emits deterministic, strictly typed collection actions  6030ms
   ✓ workflow collection domain ownership (s191) > keeps unknown scalar domain actions unsupported  974ms
   ✓ workflow collection domain ownership (s191) > replaces the displayed entry when the declared default role is missing, preserves metadata, and persists only on Save  960ms
 ✓ |core| packages/mcp-server/test/codegen/list-craft.s198.spec.ts (23 tests) 17314ms
   ✓ s198 standalone list craft stays at the producer boundary > react compiles the string-status lists with strict public props  4638ms
   ✓ s198 standalone list craft stays at the producer boundary > vue compiles the string-status lists with strict public props  10258ms
 ✓ |core| packages/mcp-server/test/codegen/detail-craft.s198.spec.ts (24 tests) 17766ms
   ✓ s198 detail craft preserves readable, labelled record values > Article generates real read-only fields and unique, populated tabs in both frameworks  355ms
   ✓ s198 detail craft preserves readable, labelled record values > Document generates real read-only fields and unique, populated tabs in both frameworks  328ms
   ✓ s198 detail craft preserves readable, labelled record values > Evidence generates real read-only fields and unique, populated tabs in both frameworks  326ms
   ✓ s198 detail craft preserves readable, labelled record values > Invoice generates real read-only fields and unique, populated tabs in both frameworks  714ms
   ✓ s198 detail craft preserves readable, labelled record values > Media generates real read-only fields and unique, populated tabs in both frameworks  305ms
   ✓ s198 detail craft preserves readable, labelled record values > Mission generates real read-only fields and unique, populated tabs in both frameworks  311ms
   ✓ s198 detail craft preserves readable, labelled record values > Plan generates real read-only fields and unique, populated tabs in both frameworks  333ms
   ✓ s198 detail craft preserves readable, labelled record values > Relationship generates real read-only fields and unique, populated tabs in both frameworks  737ms
   ✓ s198 detail craft preserves readable, labelled record values > Report generates real read-only fields and unique, populated tabs in both frameworks  302ms
   ✓ s198 detail craft preserves readable, labelled record values > Subscription generates real read-only fields and unique, populated tabs in both frameworks  356ms
   ✓ s198 detail craft preserves readable, labelled record values > Transaction generates real read-only fields and unique, populated tabs in both frameworks  363ms
   ✓ s198 detail craft preserves readable, labelled record values > exposes Invoice contact and price fields under its invoice identity, and Plan has more than a bare amount  803ms
   ✓ s198 detail craft preserves readable, labelled record values > preserves HTML tab panel content and layout while continuing to reject discarded application actions  680ms
   ✓ s198 detail craft preserves readable, labelled record values > react workflow compiles the readonly detail expressions  4035ms
   ✓ s198 detail craft preserves readable, labelled record values > vue workflow compiles the readonly detail expressions  6248ms
 ✓ |core| packages/mcp-server/test/product-reality/billing-composition.s188.spec.ts (3 tests) 17133ms
   ✓ Decision 1822 bounded recipe composition > never selects the recipes for generic detail slots or an amount-bearing object without Billable  1179ms
   ✓ Decision 1822 bounded recipe composition > preserves the historical exact diff and current declared recipes across 66 schemas and 132 artifacts  15913ms
 ✓ |core| packages/mcp-server/test/product-reality/workflow-runtime.s193.spec.ts (20 tests) 15772ms
   ✓ current workflow runtime accountability > Article persistence probe targets a declared editable field, never a read-only ID  910ms
   ✓ current workflow runtime accountability > Collection persistence probe targets a declared editable field, never a read-only ID  788ms
   ✓ current workflow runtime accountability > Document persistence probe targets a declared editable field, never a read-only ID  988ms
   ✓ current workflow runtime accountability > Evidence persistence probe targets a declared editable field, never a read-only ID  869ms
   ✓ current workflow runtime accountability > Invoice persistence probe targets a declared editable field, never a read-only ID  1036ms
   ✓ current workflow runtime accountability > Media persistence probe targets a declared editable field, never a read-only ID  864ms
   ✓ current workflow runtime accountability > Mission persistence probe targets a declared editable field, never a read-only ID  847ms
   ✓ current workflow runtime accountability > Organization persistence probe targets a declared editable field, never a read-only ID  908ms
   ✓ current workflow runtime accountability > Plan persistence probe targets a declared editable field, never a read-only ID  1108ms
   ✓ current workflow runtime accountability > Product persistence probe targets a declared editable field, never a read-only ID  890ms
   ✓ current workflow runtime accountability > Project persistence probe targets a declared editable field, never a read-only ID  844ms
   ✓ current workflow runtime accountability > Relationship persistence probe targets a declared editable field, never a read-only ID  895ms
   ✓ current workflow runtime accountability > Report persistence probe targets a declared editable field, never a read-only ID  816ms
   ✓ current workflow runtime accountability > Subscription persistence probe targets a declared editable field, never a read-only ID  935ms
   ✓ current workflow runtime accountability > Transaction persistence probe targets a declared editable field, never a read-only ID  919ms
   ✓ current workflow runtime accountability > Usage persistence probe targets a declared editable field, never a read-only ID  978ms
   ✓ current workflow runtime accountability > User persistence probe targets a declared editable field, never a read-only ID  830ms
 ✓ |core| packages/mcp-server/test/product-reality/palette-golden-migration.s197.spec.ts (7 tests) 16453ms
   ✓ s197 attributes the one palette migration without rewriting historical evidence > reproduces the report from its immutable plan, addenda and exact qualified source  1949ms
   ✓ s197 attributes the one palette migration without rewriting historical evidence > ties every changed file to a before-update identity and both actual Git blobs  909ms
   ✓ s197 attributes the one palette migration without rewriting historical evidence > binds every additional consumer pixel to its unchanged operand and previous palette/UTC evidence  13322ms
 ✓ |core| packages/mcp-server/test/product-reality/payment-chart.s190.spec.ts (10 tests) 14534ms
   ✓ Subscription payment chart is an actual public render > declares one read-only detail projection without mark fields or controls in other contexts  1226ms
   ✓ Subscription payment chart is an actual public render > emits repeatable, strictly typed react workflow assets keyed by seed identity  3399ms
   ✓ Subscription payment chart is an actual public render > emits repeatable, strictly typed vue workflow assets keyed by seed identity  6616ms
   ✓ Subscription payment chart is an actual public render > single detail html has a hashed seed asset and unchanged public SVG bytes  393ms
   ✓ Subscription payment chart is an actual public render > single detail react has a hashed seed asset and unchanged public SVG bytes  1014ms
   ✓ Subscription payment chart is an actual public render > single detail vue has a hashed seed asset and unchanged public SVG bytes  1572ms
   ✓ Subscription payment chart is an actual public render > fails loudly for missing fields or a public renderer failure, without a placeholder artifact  302ms
 ✓ |core| packages/mcp-server/test/product-reality/graph-placement-codegen.s199.spec.ts (16 tests) 13098ms
   ✓ Relationship graph at the public generated-app boundary > declares an optional neighborhood and labels its examples synthetic, only on Relationship  1054ms
   ✓ Relationship graph at the public generated-app boundary > detail/react renders exact record operands into named, stable public SVG assets  1582ms
   ✓ Relationship graph at the public generated-app boundary > detail/vue renders exact record operands into named, stable public SVG assets  1623ms
   ✓ Relationship graph at the public generated-app boundary > workflow/react renders exact record operands into named, stable public SVG assets  3465ms
   ✓ Relationship graph at the public generated-app boundary > workflow/vue renders exact record operands into named, stable public SVG assets  5371ms
 ✓ |core| packages/mcp-server/test/product-reality/field-labels.s188.spec.ts (3 tests) 11621ms
   ✓ Sprint 188 meaningful field labels > keeps all 66 public compositions free of anonymous Field N labels  11619ms
 ✓ |core| tests/verification/forge-claims.contract.test.ts (10 tests) 12024ms
   ✓ generated Forge claims remain tied to their measured sources (s196) > runs --check without rewriting any governed document  300ms
   ✓ generated Forge claims remain tied to their measured sources (s196) > --root imports the target copy: mutating its Product source changes its generated field count only  11303ms
 ✓ |core| packages/mcp-server/test/product-reality/theme.s191.spec.ts (3 tests) 10502ms
   ✓ generated applications own their token scope (s191) > react shell, mount, styles and embedded chart share dark/B  4562ms
   ✓ generated applications own their token scope (s191) > vue shell, mount, styles and embedded chart share dark/B  5924ms
 ✓ |core| packages/mcp-server/test/codegen/component-carries.s189.spec.ts (7 tests) 9453ms
   ✓ ten seeded records describe plausible subscription periods > enumerates every record against the declared clock, interval, lifecycle and event vocabulary  1115ms
   ✓ ten seeded records describe plausible subscription periods > react workflow accepts optional absent cancellation metadata  3231ms
   ✓ ten seeded records describe plausible subscription periods > vue workflow accepts optional absent cancellation metadata  5083ms
 ✓ |core| packages/mcp-server/test/product-reality/viz-placement.s193.spec.ts (14 tests) 8569ms
   ✓ Viz recipes are declared by real traits, without editing composed schemas > MarkArea places and generates its declared input/preview recipes  790ms
   ✓ Viz recipes are declared by real traits, without editing composed schemas > MarkBar places and generates its declared input/preview recipes  645ms
   ✓ Viz recipes are declared by real traits, without editing composed schemas > MarkLine places and generates its declared input/preview recipes  655ms
   ✓ Viz recipes are declared by real traits, without editing composed schemas > MarkPoint places and generates its declared input/preview recipes  671ms
   ✓ Viz recipes are declared by real traits, without editing composed schemas > MarkRect places and generates its declared input/preview recipes  612ms
   ✓ Viz recipes are declared by real traits, without editing composed schemas > ScatterPlot places and generates its declared input/preview recipes  627ms
   ✓ Viz recipes are declared by real traits, without editing composed schemas > EncodingPositionX places and generates its declared input/preview recipes  616ms
   ✓ Viz recipes are declared by real traits, without editing composed schemas > EncodingColor places and generates its declared input/preview recipes  624ms
   ✓ Viz recipes are declared by real traits, without editing composed schemas > EncodingSize places and generates its declared input/preview recipes  633ms
   ✓ Viz recipes are declared by real traits, without editing composed schemas > EncodingShape places and generates its declared input/preview recipes  683ms
   ✓ Viz recipes are declared by real traits, without editing composed schemas > EncodingOpacity places and generates its declared input/preview recipes  789ms
   ✓ Viz recipes are declared by real traits, without editing composed schemas > ScaleLinear places and generates its declared input/preview recipes  653ms
   ✓ Viz recipes are declared by real traits, without editing composed schemas > the bounded fixtures collectively place all 25 new identities; the bound public payment chart stays unchanged  567ms
 ✓ |core| packages/mcp-server/test/codegen/form-detail.s189.spec.ts (8 tests) 10622ms
   ✓ form and detail reconcile their declared semantics > uses names for identification and keeps descriptions below controls  445ms
   ✓ form and detail reconcile their declared semantics > leaves each recipe as the sole owner of its fields and keeps native Save  406ms
   ✓ form and detail reconcile their declared semantics > react workflow compiles its on-demand cancellation and native form  3511ms
   ✓ form and detail reconcile their declared semantics > vue workflow compiles its on-demand cancellation and native form  5660ms
 ✓ |core| packages/mcp-server/test/product-reality/brand-seam.s194.spec.ts (9 tests) 8503ms
   ✓ s194 brand seam crosses real tool and browser boundaries > accepted intake moves source, chart SVG, generated app CSS and a governed component in B/dark  6320ms
   ✓ s194 brand seam crosses real tool and browser boundaries > build failure is typed, contains captured output and explicitly leaves hashed source writes  2127ms
 ✓ |core| packages/mcp-server/test/compose/design-compose.spec.ts (48 tests) 7776ms
   ✓ design.compose — form intent > respects fieldGroups preference  327ms
   ✓ design.compose — validation > all 6 layouts produce valid schemas  911ms
 ✓ |core| packages/mcp-server/test/product-reality/closeout-producer.s195.spec.ts (32 tests) 5980ms
   ✓ Sprint195 closeout producer verifies retained reality rather than summary promotion > accepts measured public pixels, structural authoring limits, HC deferrals and bubble failures together  398ms
   ✓ Sprint195 producer manifest contract > derives28 literal claims with fresh-proof source shapes and preserves all recorded limits  1425ms
   ✓ Sprint195 producer manifest contract > rejects duplicate criterion bindings and unrecorded decision qualifications  2575ms
 ✓ |core| packages/mcp-server/test/product-reality/application-craft.s198.spec.ts (11 tests) 7816ms
   ✓ s198 application proof follows object declarations and real record titles > keeps implementation descriptions available in schema metadata but gives shared form fields useful help  1230ms
   ✓ s198 application proof follows object declarations and real record titles > filters preserve title ordering rather than accidentally assuming ID order  775ms
   ✓ s198 application proof follows object declarations and real record titles > Organization requires save, address persistence and populated timeline without inventing cancellation  886ms
   ✓ s198 application proof follows object declarations and real record titles > User requires save, address persistence and populated timeline without inventing cancellation  872ms
   ✓ s198 application proof follows object declarations and real record titles > Mission seeds an objective long enough to save its declared research form  897ms
   ✓ s198 application proof follows object declarations and real record titles > timestamp-backed Plan history remains a required populated timeline  1292ms
   ✓ s198 application proof follows object declarations and real record titles > Subscription retains cancellation, billing edit persistence and actual archive membership  918ms
 ✓ |core| packages/mcp-server/test/tools/design.preview.s201.spec.ts (8 tests) 5125ms
   ✓ design.preview serves a composition version through the preview host (s201-m01/m02) > composes a new composition, generates both frameworks onto version 1, and returns one running URL per framework with its lineage  363ms
   ✓ design.preview serves a composition version through the preview host (s201-m01/m02) > action compare reports exactly the swapped slot and the artifact files it moved, and zero differences for a version against itself (s201-m03)  1498ms
   ✓ design.preview serves a composition version through the preview host (s201-m01/m02) > stores the generation receipt and every placed chart certification exactly as the tools return them, and names axe as not run until the page runs it (s201-m04)  730ms
   ✓ design.preview serves a composition version through the preview host (s201-m01/m02) > action edit records one new version per operation with its parent and operation, never touching the parent file, and refuses what is not applicable (s201-m05)  2279ms
 ✓ |core| packages/mcp-server/test/product-reality/preview-app.s202.spec.ts (3 tests) 7075ms
   ✓ the preview app mounts the running generated app inside the conversation (s202-m03) > mounts the running React app, then the running Vue app, in the inner frame as the browser page shows them, no console error and no CSP violation  1077ms
   ✓ the preview app mounts the running generated app inside the conversation (s202-m03) > switches brand and theme in the same document: the placed chart is rendered for the scope through design_preview, the scope's tokens reach the whole app, and the panel shows lineage and the stored measurements with unrun scopes named  716ms
   ✓ the host shapes the first view (s202-m03) > the host's dark theme is the initial theme and the container's width the app's width; a width the container cannot show asks for fullscreen  2540ms
 ✓ |core| tests/design-loop/design-loop.test.ts (15 tests) 6992ms
   ✓ Design-loop observations remain evidence rather than repaired output > seeds standalone lists from the workflow policy with truthful counts and preserves explicit empty input  6979ms
 ✓ |core| packages/mcp-server/test/product-reality/runtime-bite-selector.s196.spec.ts (1 test) 5696ms
   ✓ the emitter bite executes its retained-report assertion > selects one real test that accepts current evidence and rejects a missing mount  5695ms
 ✓ |core| packages/mcp-server/test/product-reality/preview-app-acts.s202.spec.ts (3 tests) 5746ms
   ✓ acting from the conversation (s202-m04) > each of the four edits from the app records a new version with its parent and operation, and the app opens it in place  2741ms
   ✓ acting from the conversation (s202-m04) > accepts from the app: accepted.json with the measurements snapshot, shown on the app and the browser page, the summary in the model context; a second accept supersedes with lineage; request changes reaches the host as ui/message  316ms
 ✓ |core| packages/mcp-server/test/compose/design-compose-object.spec.ts (27 tests) 5459ms
   ✓ design.compose — object-aware path > accepts object param and returns objectUsed  334ms
   ✓ design.compose — context layout inference > context=form infers form layout  406ms
   ✓ design.compose — context layout inference > explicit layout overrides context inference  368ms
   ✓ design.compose — context bindings > form submit belongs to Save while fields own their edits  310ms
 ✓ |core| tests/verification/s178-viz-twin-retirement.contract.test.ts (3 tests) 5333ms
   ✓ Sprint 178 viz twin retirement rung 1 > rejects external import/export/require/vi.mock references to retired paths  5330ms
 ✓ |core| packages/mcp-server/test/product-reality/disputed.s192.spec.ts (10 tests) 5282ms
   ✓ retained declared trait recipes and Invoice writer ownership > places the declared detail recipe and emits both governed targets  348ms
   ✓ retained declared trait recipes and Invoice writer ownership > Invoice form never assigns an edit handler to a display header  393ms
   ✓ retained declared trait recipes and Invoice writer ownership > Invoice workflow never assigns an edit handler to a display header  1801ms
   ✓ retained declared trait recipes and Invoice writer ownership > requires every declared Article workflow behavior without a three-object row-count assumption  925ms
   ✓ retained declared trait recipes and Invoice writer ownership > requires every declared Organization workflow behavior without a three-object row-count assumption  734ms
   ✓ retained declared trait recipes and Invoice writer ownership > requires every declared Subscription workflow behavior without a three-object row-count assumption  862ms
 ✓ |core| tests/tokens/mobile-output.test.ts (27 tests) 3005ms
   ✓ mobile output — gamut mapping, not channel clipping (the m02 table assertion) > emits every historical divergent color through the real mobile build — clipping cannot pass when the live palette is in gamut  2975ms
 ✓ |core| packages/mcp-server/test/product-reality/suite-accounting.s196.spec.ts (13 tests) 5070ms
   ✓ Sprint 196 accounting keeps five-suite identities and historical evidence separate > uses Sprint 195 by default and validates all five final comparisons, skips, and final golden bytes  361ms
   ✓ Sprint 196 accounting keeps five-suite identities and historical evidence separate > retains one failed initial capture without substituting it into final comparisons  377ms
   ✓ Sprint 196 accounting keeps five-suite identities and historical evidence separate > uses the same Sprint 196 defaults through the CLI and rejects stale derived output  706ms
   ✓ Sprint 196 accounting keeps five-suite identities and historical evidence separate > does not call a final assertion failure successful accounting  370ms
   ✓ Sprint 196 accounting keeps five-suite identities and historical evidence separate > accepts only one retained isolated timeout retry without erasing the failed original execution  782ms
   ✓ Sprint 196 accounting keeps five-suite identities and historical evidence separate > requires one final run and no third attempt or borrowed historical exception  388ms
   ✓ Sprint 196 accounting keeps five-suite identities and historical evidence separate > rejects a relabeled final execution head or post-capture source edit  475ms
   ✓ NUL-safe accounting preserves real Git path identity > attributes a changed Unicode/tab-named test from actual Git under either quotePath setting  543ms
   ✓ NUL-safe accounting preserves real Git path identity > preserves added Unicode evidence but still rejects any post-capture executable change  526ms
 ✓ |core| packages/mcp-server/test/product-reality/adapter-mcp-apps.s202.spec.ts (3 tests) 3516ms
   ✓ the stdio adapter speaks MCP Apps (s202-m02) > keeps the Sprint 201 surface for a client that does not advertise the extension: 19 tools, no _meta.ui, the text result, and says so on stderr  1353ms
   ✓ the stdio adapter speaks MCP Apps (s202-m02) > offers the preview app to a client that advertised the extension: _meta.ui.resourceUri on design_preview, structuredContent with resource URIs, and readable ui:// resources  2028ms
 ✓ |core| tests/compose/compose-integration.contract.test.ts (44 tests) 3161ms
   ✓ contract: edge cases > all 4 explicit layouts work  557ms
 ✓ |core| packages/mcp-server/test/scale/map.apply.scale.spec.ts (5 tests) 3320ms
   ✓ map.apply at scale (dry-run) > tier=500: dry-run handler returns, diff totals match, registry unchanged  814ms
   ✓ map.apply at scale (dry-run) > tier=1000: dry-run handler returns, diff totals match, registry unchanged  1941ms
 ✓ |core| packages/mcp-server/test/contracts/portable-token-dependencies.s196.spec.ts (11 tests) 4417ms
   ✓ s196 portable token dependencies > applies shipped token outputs without source or build scripts and preserves the requested scope  4217ms
 ✓ |core| packages/mcp-server/test/compose/object-aware-compose.spec.ts (26 tests) 3996ms
   ✓ object-aware compose — trait-driven components > Subscription detail produces objectUsed with traits and fields  409ms
   ✓ object-aware compose — intent auto-detection > Subscription detail view auto-detects object  302ms
   ✓ object-aware compose — intent auto-detection > auto-detects context from intent keywords  326ms
   ✓ object-aware compose — backward compatibility > validation works on both paths  386ms
 ✓ |core| packages/mcp-server/test/product-reality/closeout-audit.s195.spec.ts (28 tests) 3198ms
   ✓ Sprint 195 independent closeout predicates reject false greens > independently reconciles13 type identities,78 outcomes,21 pattern identities,84 outcomes and34 taxonomy identities  623ms
   ✓ Sprint 195 independent closeout predicates reject false greens > keeps palette historical after hashes qualified at m05 rather than mutable current source  1978ms
 ✓ |core| packages/mcp-server/test/contracts/viz-pattern-registry.s195.spec.ts (19 tests) 4278ms
   ✓ the generated pattern registry retains exact source identity and public pixel evidence (s195 m03) > remeasures all supported scopes and every authoring-only rejection through the real handlers  3221ms
   ✓ the generated pattern registry retains exact source identity and public pixel evidence (s195 m03) > reproduces registry and documentation from frozen observations with --check  657ms
 ✓ |core| tests/tools/stage1-dtcg-cli-containment.test.ts (5 tests) 3111ms
   ✓ stage1-dtcg CLI --out containment (s169 m05) > the ORIGINAL escape is rejected with exit 2 and writes nothing outside --out  478ms
   ✓ stage1-dtcg CLI --out containment (s169 m05) > rejects every ESCAPING --name shape, not just the one that was reported  1310ms
   ✓ stage1-dtcg CLI --out containment (s169 m05) > a LEADING SLASH is not an escape, and the guard correctly allows it  452ms
   ✓ stage1-dtcg CLI --out containment (s169 m05) > a legitimate --name still writes all its files, in --out  427ms
   ✓ stage1-dtcg CLI --out containment (s169 m05) > a --name that traverses but RESOLVES back inside --out is allowed  441ms
 ✓ |core| packages/mcp-server/test/contracts/chart-gate.s199.spec.ts (13 tests) 4001ms
   ✓ s199 local chart gate and receipt boundaries > refuses an omitted observation path before it can overwrite a historical receipt  422ms
   ✓ s199 local chart gate and receipt boundaries > qualifies the matrix into Sprint 199 without writing into a sealed sprint  2574ms
   ✓ s199 local chart gate and receipt boundaries > turns the gate generator check red for a hand-edited SVG hash in a scratch copy, then green on restoration  1000ms
 ✓ |core| packages/mcp-server/test/product-reality/reference-host.s202.spec.ts (3 tests) 3202ms
   ✓ the reference host renders the preview app from the adapter under the default CSP (s202-m02) > renders design_preview for a Subscription detail: the app connects, shows the version and reads the iife module through resources/read, with zero console errors and zero CSP violations  2966ms
 ✓ |core| packages/mcp-server/test/contracts/doc-retirement-gate.spec.ts (11 tests) 3030ms
   ✓ Sprint 194 retired public surfaces (CMOS #1922) > does not reintroduce any retired tool outside retained evidence and planning  2943ms
 ✓ |core| packages/mcp-server/test/product-reality/shell-landmarks.s202.spec.ts (1 test) 3122ms
   ✓ the running page measures the generated shell (s202-m01) > a fresh Subscription detail stores zero landmark-one-main, page-has-heading-one and region findings in React and Vue, light and dark, and switches scope with the chart re-rendered  3121ms
 ✓ |core| packages/mcp-server/test/product-reality/list-states.s193.spec.ts (19 tests) 3329ms
   ✓ public single-screen list state contract > Organization detail displays tags without an inert editing field  607ms
   ✓ public single-screen list state contract > User detail displays tags without an inert editing field  653ms
 ✓ |core| packages/mcp-server/test/product-reality/suite-accounting.s195.spec.ts (9 tests) 3463ms
   ✓ Sprint 195 accounting keeps five-suite identities and historical evidence separate > uses Sprint 194 by default and validates all five final comparisons, skips, and final golden bytes  488ms
   ✓ Sprint 195 accounting keeps five-suite identities and historical evidence separate > retains one failed initial capture without substituting it into final comparisons  430ms
   ✓ Sprint 195 accounting keeps five-suite identities and historical evidence separate > uses the same Sprint 195 defaults through the CLI and rejects stale derived output  710ms
   ✓ Sprint 195 accounting keeps five-suite identities and historical evidence separate > rejects an incomplete or duplicated suite roster: {"duplicateSuite":true}  366ms
   ✓ Sprint 195 accounting keeps five-suite identities and historical evidence separate > does not call a final assertion failure successful accounting  404ms
   ✓ Sprint 195 accounting keeps five-suite identities and historical evidence separate > requires one final run and no third attempt or borrowed historical exception  336ms
   ✓ Sprint 195 accounting keeps five-suite identities and historical evidence separate > rejects a relabeled final execution head or post-capture source edit  446ms
 ✓ |core| packages/mcp-server/test/product-reality/b2-legacy-inputs.s184.spec.ts (7 tests) 3011ms
   ✓ Sprint 184 m07 B2 legacy-input compatibility disclosure > remeasures the unchanged Product/detail 'html' operand after the producer repair  380ms
   ✓ Sprint 184 m07 B2 legacy-input compatibility disclosure > remeasures the unchanged Product/detail 'react' operand after the producer repair  390ms
   ✓ Sprint 184 m07 B2 legacy-input compatibility disclosure > remeasures the unchanged Product/detail 'vue' operand after the producer repair  338ms
   ✓ Sprint 184 m07 B2 legacy-input compatibility disclosure > returns a typed OODS-V007 error on the no-context Product/HTML save path  355ms
   ✓ Sprint 184 m07 B2 legacy-input compatibility disclosure > binds historical B2 outcomes to their base replay and current remeasurement without changing operands  1255ms
 ✓ |core| packages/mcp-server/test/product-reality/closeout.s196.spec.ts (35 tests) 2464ms
   ✓ Sprint196 post-measurement changes cannot hide product changes > both independent Git scopes preserve Unicode/tab paths and include generated docs and Gate2  380ms
   ✓ Sprint196 retained readiness and exact review-pending roadmap > binds both109 readiness rows to actual historical source and shipped declaration hashes  1002ms
   ✓ Sprint196 advertises both endpoints of real Git renames while preserving Sprint195 behavior  401ms
 ✓ |core| packages/mcp-server/test/product-reality/trait-recipes.s193.spec.ts (11 tests) 2025ms
   ✓ nine declared non-visualization recipes > S193Colorized/form places ColorStatePicker and emits both governed targets without schema editing  359ms
   ✓ nine declared non-visualization recipes > S193Geocodable/form places GeoFieldMappingForm and emits both governed targets without schema editing  343ms
 ✓ |core| packages/mcp-server/test/product-reality/theme.s197.spec.ts (2 tests) 2738ms
   ✓ compose theme survives app generation (s197) > react shell and embedded chart inherit dark; explicit options override it  1515ms
   ✓ compose theme survives app generation (s197) > vue shell and embedded chart inherit dark; explicit options override it  1223ms
 ✓ |core| packages/mcp-server/test/compose/landing-template.spec.ts (10 tests) 2671ms
   ✓ landing layout — intent detection (the page->detail collision fix) > "landing page" now routes to landing, not detail/Tabs  321ms
   ✓ landing layout — intent detection (the page->detail collision fix) > content/marketing page phrasings route to landing  756ms
   ✓ landing layout — intent detection (the page->detail collision fix) > a generic "about page" routes to landing (page is now a content-page signal)  301ms
   ✓ landing layout — intent detection (the page->detail collision fix) > detail intents still win their ties: "detail page" stays detail  788ms
 ✓ |core| packages/mcp-server/test/contracts/tool-truth.s193.spec.ts (31 tests) 1815ms
   ✓ tool truth derives claims without upgrading source references to runtime proof > reproduces every byte from current source using the recorded census head  1657ms
 ✓ |core| packages/mcp-server/test/compose/intent-object-resolver.spec.ts (38 tests) 2562ms
   ✓ design.compose — hybrid mode (intent + object) > intent drives layout, object drives objectUsed  340ms
 ✓ |core| packages/mcp-server/test/product-reality/options.s194.spec.ts (9 tests) 2130ms
   ✓ remaining options do what their public wire says (s194-m05) > omits the Vega placeholder for every primary ECharts sample without moving SVG bytes  483ms
   ✓ remaining options do what their public wire says (s194-m05) > retains Sprint 193 operands and accounts for the palette and UTC pixel migrations  448ms
   ✓ remaining options do what their public wire says (s194-m05) > diagnoses every ignored document-only option in fragments and describes validate.apply parity  416ms
 ✓ |core| packages/mcp-server/test/product-reality/high-contrast.s195.spec.ts (22 tests) 2613ms
   ✓ HC scope at the public wire (s195-m05) > 'bar' measures the actual HC renderer and certification  335ms
   ✓ HC scope at the public wire (s195-m05) > 'treemap' measures the actual HC renderer and certification  366ms
   ✓ HC scope at the public wire (s195-m05) > public code.generate emits the real HC payment asset for react detail  485ms
   ✓ HC scope at the public wire (s195-m05) > public code.generate emits the real HC payment asset for vue detail  349ms
 ✓ |core| packages/mcp-server/test/sprint68-behavioral-traits.spec.ts (62 tests) 1687ms
 ✓ |core| tests/verification/component-docs.contract.test.ts (18 tests) 2332ms
   ✓ governed component documentation derives its claims from four agreeing sources (s196 m04) > loads all four sources through the pnpm separator and returns a failing CLI exit status for stale documentation  1800ms
 ✓ |core| packages/mcp-server/test/contracts/release.tag.s194.spec.ts (1 test) 1068ms
   ✓ release.tag actual dry-run wire (s194-m04) > performs its documented read/preview and confines receipts to the temporary artifact root  1068ms
 ✓ |core| tests/viz/mark-options-schema-validity-s167.test.ts (76 tests) 3857ms
   ✓ s168 m02 — allowlist + translation table (FF#22 corrective) > every committed mark-bearing fixture emits schema-valid mark defs  3734ms
 ✓ |core| packages/mcp-server/test/contracts/catalog.list.spec.ts (30 tests) 1313ms
 ✓ |core| tests/governance-gates/state-assessment-tokens-red-paths.test.ts (11 tests) 1830ms
   ✓ runTokenGovernanceCheck — the red paths (s175 m02, C3) > U1 fail-closed: a supplied base ref the diff cannot satisfy → failClosed=true, RED, no report  386ms
 ✓ |core| packages/mcp-server/test/product-reality/suite-accounting.s185.spec.ts (20 tests) 1104ms
   ✓ Sprint 185 four-suite accounting counts executions and explains population movement > derives valid accounting across primary baselines, an immutable failed initial attempt and one distinct final four-suite capture  486ms
   ✓ Sprint 185 four-suite accounting counts executions and explains population movement > cannot reuse an old baseline execution as the newly measured closeout run  515ms
 ✓ |core| tests/verification/license-shape.s200.test.ts (8 tests) 1373ms
   ✓ s200-m03 license shape: PolyForm Noncommercial from one holder source > keeps the holder string in exactly one authored source; every other occurrence is a rendered output  1224ms
 ✓ |core| packages/mcp-server/test/tools/design.compose.s202.spec.ts (2 tests) 1693ms
   ✓ the recorded slot candidates are the ones a swap can generate (s202-m01) > drops a tab candidate code.generate refuses and keeps every other composer candidate, so every offered swap generates in both frameworks  1142ms
   ✓ a version's own order overrides never abort recording it (s202-m04) > records a version whose field order some slot candidate cannot carry, and offers only the candidates a swap would compose  550ms
 ✓ |core| packages/mcp-server/test/tools/design.preview.s202.spec.ts (2 tests) 2065ms
   ✓ a brand or theme switch renders and certifies the placed chart for that scope (s202-m01) > generates and certifies a Subscription detail for B/dark on request, serves that module for the scope, and names the generated scope everywhere  1238ms
   ✓ a brand or theme switch renders and certifies the placed chart for that scope (s202-m01) > through a host with a native runner, scope.json generates the requested scope on first use; a version without a placed chart mounts the same artifact in every scope  826ms
 ✓ |core| tests/tokens/palette-generator.s197.test.ts (18 tests) 1895ms
   ✓ seed-generated palette boundary > fails --check at the process boundary for changed seeds and missing outputs  1363ms
 ✓ |core| packages/mcp-server/test/compose/confidence-scoring.spec.ts (12 tests) 2077ms
   ✓ design.compose — per-slot confidence > selections include per-slot confidence score  359ms
   ✓ design.compose — per-slot confidence > selections include confidence bands and human-readable explanations  376ms
   ✓ design.compose — per-slot confidence > overridden slots are explicit high-confidence selections  380ms
   ✓ design.compose — composition confidence metadata > includes compositionConfidence in intelligence metadata  408ms
   ✓ design.compose — composition confidence metadata > compositionConfidence is average of per-slot confidences  326ms
 ✓ |core| packages/mcp-server/test/product-reality/release-readiness.s196.spec.ts (23 tests) 1839ms
 ✓ |core| packages/mcp-server/test/product-reality/bundle-harness.s196.spec.ts (6 tests) 2378ms
   ✓ release bundle harness boundaries > packs the five source-free bundle packages once without running their retained prepack scripts  1708ms
 ✓ |core| packages/mcp-server/test/product-reality/validation-profiles.s183.spec.ts (77 tests) 858ms
 ✓ |core| packages/mcp-server/test/e2e/object-codegen-pipeline.spec.ts (5 tests) 1386ms
   ✓ E2E object codegen target readiness > builds the original Subscription detail now that ArchiveSummary is governed  633ms
 ✓ |core| packages/mcp-server/test/tools/artifact.certify.echarts-a11y-warnfirst.spec.ts (88 tests) 1896ms
   ✓ artifact.certify — a11y-equivalence declared operand profile (s195 m04) > treemap: WITH the operand, findings[] carries exactly the matrix-derived a11y set at native severity  450ms
   ✓ artifact.certify — the NOT-APPLICABLE channel, a11yNotApplicable[] (s175 m03) > when the engine THROWS the key is ABSENT (the partial list is discarded) and the note says so  515ms
 ✓ |core| tests/contracts/tokens-governance-entry-guard.spec.ts (2 tests) 1150ms
   ✓ tokens-governance entry guard (s176 m04 realpath fold, #1250) > direct invocation runs main(): the usage surface prints and the exit code is 1  542ms
   ✓ tokens-governance entry guard (s176 m04 realpath fold, #1250) > SYMLINKED invocation runs main() too — the pre-s176 guard silently no-opped here — and its usage surface is byte-identical to the direct one  606ms
 ✓ |core| packages/mcp-server/test/e2e/design-compose.e2e.spec.ts (3 tests) 1312ms
   ✓ design.compose bridge E2E > compose via bridge produces valid schema with selections  809ms
 ✓ |core| packages/mcp-server/test/product-reality/placement.s200.spec.ts (3 tests) 1220ms
   ✓ s200-m02 placed charts render at design size and never scale above it > renders every placed chart at 720x400 and binds that width to the preview  1208ms
 ✓ |core| packages/mcp-server/test/compose/form-field-differentiation.spec.ts (4 tests) 1361ms
   ✓ design.compose — form field differentiation > differentiates mixed Subscription fields into specialized form controls  394ms
   ✓ design.compose — form field differentiation > wires the subscription email field to an email-typed Input node  321ms
   ✓ design.compose — form field differentiation > generates User form on react without scalar controls consuming collection fields  329ms
   ✓ design.compose — form field differentiation > generates User form on vue without scalar controls consuming collection fields  316ms
 ✓ |core| packages/mcp-server/test/product-reality/viz-recipes.s193.spec.ts (26 tests) 824ms
   ✓ visualization recipes use the public renderer input and pixels > VizGraphPreview preserves the deterministic public SVG in both governed recipes  354ms
 ✓ |core| packages/mcp-server/test/codegen/craft.s191.spec.ts (6 tests) 1009ms
   ✓ s191 craft values agree across render targets > seeds human titles and four recorded payments without changing domain codes or adding form fields  973ms
 ✓ |core| packages/mcp-server/test/product-reality/viz-golden-migration.s195.spec.ts (4 tests) 1237ms
   ✓ the s195 palette migration preserves historical evidence and accounts for every changed golden > pins a pre-mutation baseline and attributes the complete current byte delta  1146ms
 ✓ |core| packages/mcp-server/test/product-reality/temporal-placement-migration.s196.spec.ts (10 tests) 948ms
 ✓ |core| packages/mcp-server/test/product-reality/closeout.s183.spec.ts (7 tests) 974ms
 ✓ |core| packages/mcp-server/test/product-reality/closeout-paths.s196.spec.ts (4 tests) 1338ms
   ✓ Closeout path inventories retain exact repository identities > agrees across mover, audit, CI and component evidence with core.quotepath=true  459ms
   ✓ Closeout path inventories retain exact repository identities > agrees across mover, audit, CI and component evidence with core.quotepath=false  488ms
 ✓ |core| packages/mcp-server/test/product-reality/adapter-preview-host.s201.spec.ts (1 test) 1365ms
   ✓ the stdio adapter hosts the running-app preview (s201-m01) > starts the host only when design_preview is called, reports its port, keeps stdout for JSON-RPC and stops it with the adapter  1364ms
 ✓ |core| packages/mcp-server/test/codegen/prop-enrichment.spec.ts (4 tests) 1137ms
   ✓ prop enrichment: compose → codegen integration > object-backed form > enriches Input with label, placeholder, and type from object field metadata  412ms
   ✓ prop enrichment: compose → codegen integration > object-backed form > codegen emits enriched props from object-backed compose  349ms
 ✓ |core| packages/mcp-server/test/product-reality/viz-golden-migration.s196.spec.ts (6 tests) 1376ms
   ✓ the s196 UTC migration preserves its recorded qualification and historical evidence > binds every attributed matrix row to its actual before/after operand and regenerates with the recorded head  1009ms
 ✓ |core| packages/mcp-server/test/contracts/fragment-anchor-contract.spec.ts (3 tests) 1401ms
   ✓ fragment-anchor contract: data-oods-label durable, data-oods-node-id best-effort > is deterministic — identical input yields identical label->node-id map  814ms
   ✓ fragment-anchor contract: data-oods-label durable, data-oods-node-id best-effort > a surviving slot keeps its data-oods-label while data-oods-node-id may shift  534ms
 ✓ |core| packages/mcp-server/test/product-reality/palette-sheets.s197.spec.ts (5 tests) 1126ms
   ✓ s197 palette sheets expose comparable pixels and an exact, unapplied consumer re-pin > applies the prepared sequence only to a test copy and invalidates exactly the two stale lock entries  858ms
 ✓ |core| packages/mcp-server/test/e2e/tier1-acceptance.e2e.spec.ts (4 tests) 1169ms
   ✓ Tier 1 acceptance — bounded framework compatibility > builds the unchanged Subscription detail react flow after its final family port  757ms
   ✓ Tier 1 acceptance — bounded framework compatibility > builds the unchanged Subscription detail vue flow after its final family port  335ms
 ✓ |core| packages/mcp-server/test/tools/echarts-render-worker.startup.spec.ts (1 test) 960ms
   ✓ MCP startup ECharts render boundary > registers the server without importing ECharts or evaluating the render worker  959ms
 ✓ |core| packages/mcp-server/test/product-reality/viz-patterns.s195.spec.ts (48 tests) 1026ms
 ✓ |core| tests/governance-gates/state-assessment-exit.test.ts (2 tests) 1171ms
   ✓ state-assessment.mjs main() carries deriveProcessExit into the process exit (s175 m02) > a base ref the diff cannot satisfy → exit 1 and the FAIL-CLOSED line on stderr  616ms
   ✓ state-assessment.mjs main() carries deriveProcessExit into the process exit (s175 m02) > a resolvable stub ref → exit 0, a GREEN overall status, both brand reports under the scratch root  553ms
 ✓ |core| tests/tokens/palette-role-a.s195.test.ts (2 tests) 1187ms
   ✓ s195 categorical hue revision is measured and reproducible > replays the exhaustive smaller-radius hue search from retained source palettes  1134ms
 ✓ |core| packages/mcp-server/test/compose/design-compose-actions.spec.ts (7 tests) 1018ms
   ✓ design.compose — actionMappings input integration > empty or absent actionMappings is a no-op  704ms
   ✓ design.compose — actionMappings input integration > populates objectUsed.resolvedActions when traits match composed object  312ms
 ✓ |core| packages/mcp-server/test/tools/artifact.certify.echarts-determinism.spec.ts (45 tests) 894ms
   ✓ artifact.certify — live cross-tool contentHash parity, same (spec, data) (s172 m02) > treemap: certify.determinism.contentHash === viz.render.contentHash  393ms
 ✓ |core| packages/mcp-server/test/tools/artifact.certify.spec.ts (72 tests) 688ms
 ✓ |core| packages/mcp-server/test/product-reality/evidence-accounting.s185.spec.ts (10 tests) 475ms
   ✓ Sprint 185 evidence accounting preserves the actual proof denominator > independently rederives retained evidence without running builds, consumers, or mutations  469ms
 ✓ |core| packages/mcp-server/test/bridge/fragment-parity.spec.ts (1 test) 825ms
   ✓ bridge fragment parity > supports fragment mode via bridge /run and matches direct MCP transport semantics  635ms
 ✓ |core| packages/mcp-server/test/contracts/error-observability.contract.spec.ts (19 tests) 958ms
 ✓ |core| packages/mcp-server/test/compose/object-slot-filler.spec.ts (35 tests) 594ms
 ✓ |core| packages/mcp-server/test/contracts/api-docs-generator.spec.ts (7 tests) 1017ms
   ✓ API reference generator > regeneration is idempotent  1008ms
 ✓ |core| packages/mcp-server/test/tools/artifact.certify.echarts-accuracy.spec.ts (28 tests) 894ms
   ✓ artifact.certify — the ECharts accuracy pillar is wired (s172 m03) > treemap: the representative operand reports measured accuracy under the declared rule set  470ms
 ✓ |core| packages/mcp-server/test/product-reality/release-runtime.s196.spec.ts (26 tests) 864ms
 ✓ |core| packages/mcp-server/test/product-reality/closeout-ledger.s185.spec.ts (60 tests) 915ms
 ✓ |core| packages/mcp-server/test/e2e/a11y-pipeline.e2e.spec.ts (3 tests) 708ms
   ✓ a11y pipeline e2e > validate with checkA11y=true returns a11y warnings through bridge  506ms
 ✓ |core| tests/compose/compose-semantic-guardrails.test.ts (5 tests) 810ms
 ✓ |core| packages/mcp-server/test/codegen/screen-shell.s202.spec.ts (5 tests) 708ms
   ✓ the generated shell is a page: one main landmark and one level-one heading (s202-m01) > wraps a standalone detail in main with the record title at level one, in both frameworks  317ms
   ✓ the generated shell is a page: one main landmark and one level-one heading (s202-m01) > leaves the workflow app as the only shell: no main from the embedded screens and their record title at level two  305ms
 ✓ |core| packages/mcp-server/test/e2e/mapping-versioning.e2e.spec.ts (3 tests) 746ms
   ✓ mapping + versioning bridge E2E > map.create → map.list → map.resolve round-trip via bridge (multi-system)  536ms
 ✓ |core| tests/governance-gates/build-stories-ratchet.test.ts (4 tests) 955ms
 ✓ |core| tests/viz/patterns/scaffold-generator.test.ts (1 test) 1141ms
   ✓ scaffold generator > produces JSON spec + component shell for chart suggestion  1138ms
 ✓ |core| packages/mcp-server/test/contracts/stage1-integration.spec.ts (32 tests) 837ms
   ✓ Stage1 integration contract > design.compose — Stage1 intent generation > composes with object-backed intent from ORCA evidence  361ms
 ✓ |core| packages/mcp-server/test/contracts/layout-single-source.spec.ts (5 tests) 773ms
   ✓ layout single-source (s107-m02) > pipeline(layout="landing") routes to the landing template, matching design.compose  769ms
 ✓ |core| packages/mcp-server/test/product-reality/ported-mutation-matrix.s184.spec.ts (5 tests) 1175ms
 ✓ |core| packages/mcp-server/test/e2e/registry-gaps.e2e.spec.ts (3 tests) 802ms
   ✓ registry gaps e2e verification > Workbench S44 fixture with Grid + known components renders all fragments via bridge  594ms
 ✓ |core| packages/mcp-server/test/compose/selection-tree-bridge.spec.ts (9 tests) 1009ms
   ✓ selection→tree bridge — detail view > Product detail: tree nodes are not all default placeholders  325ms
 ✓ |core| packages/mcp-server/test/codegen/craft-list.s201.spec.ts (9 tests) 1465ms
 ✓ |core| tests/verification/viz-coverage-table.s199.test.ts (2 tests) 1042ms
   ✓ the chart table distinguishes declared scopes, coverage and conformance > generates all thirteen identities with six scope states, a conformant denominator and reasons  558ms
   ✓ the chart table distinguishes declared scopes, coverage and conformance > fails before writing docs when a deferred scope lacks its typed reason code, then passes on restoration  483ms
 ✓ |core| tests/tokens/palette-baseline.s197.test.ts (4 tests) 925ms
   ✓ before-palette evidence is bound to the immutable base > recomputes every tracked identity, snapshot entry, hash pin and literal from Git blobs  845ms
 ✓ |core| tests/contracts/schema-types.contract.test.ts (3 tests) 700ms
   ✓ Schema-derived types > can be consumed from one barrel without ambiguous chart parameter type exports  696ms
 ✓ |core| packages/mcp-server/test/tools/artifact.certify.render-determinism.spec.ts (5 tests) 672ms
   ✓ artifact.certify — render-backed determinism (s176 m02) > ECharts {spec}-only has no determinism while a renderable operand carries the option and normalized-render hashes  393ms
 ✓ |core| packages/mcp-server/test/tools/pipeline.compact.spec.ts (6 tests) 761ms
 ✓ |core| packages/mcp-server/test/e2e/fragment-integration.e2e.spec.ts (9 tests) 814ms
   ✓ fragment integration e2e > { name: 'dashboard', file: 'dashboard-page.ui-schema.json', minFragments: 3, minComponentCount: 15 } bridge transport returns fragment output equivalent to direct handler  528ms
 ✓ |core| tests/integration/type-generation.test.ts (2 tests) 680ms
   ✓ Object type generation integration > generates TypeScript definitions that are directly importable  660ms
 ✓ |core| tests/governance-gates/tracked-report-hermeticity.test.ts (5 tests) 558ms
   ✓ diagnostics.json check-mode policy > runs pkg:compat twice without moving diagnostics; explicit recording still works  477ms
 ✓ |core| packages/mcp-server/test/product-reality/certify-operand-profile.s195.spec.ts (21 tests) 784ms
   ✓ artifact.certify declared ECharts operand profile (s195-m04) > treemap grades the actual operand and preserves native warnings and named N/A rules  543ms
 ✓ |core| packages/mcp-server/test/tools/artifact.certify.data-operand.spec.ts (33 tests) 403ms
   ✓ artifact.certify — the operand is validated by the RENDER path validators (s172 m01) > MarkTreemap: a VALID operand is accepted (status ok, schema-valid)  324ms
 ✓ |core| packages/mcp-server/test/tools/artifact.certify.echarts-render-grading.s179.spec.ts (13 tests) 510ms
   ✓ artifact.certify — operand-backed ECharts render grading (s179 m05) > 'treemap': keeps option identity and adds a stable first-render hash  348ms
 ✓ |core| packages/mcp-server/test/product-reality/s183-m06-replay-r02.spec.ts (4 tests) 644ms
   ✓ Sprint 183 M06 mutation replay and R-02 resolution > replays exactly four M05 patches plus the repaired M01b patch from committed baselines  557ms
 ✓ |core| packages/mcp-server/test/product-reality/health-viz.s195.spec.ts (28 tests) 735ms
 ✓ |core| packages/mcp-server/test/product-reality/viz-certification.s195.spec.ts (4 tests) 366ms
   ✓ the declared ECharts certification profile changes verdicts without repainting charts (s195 m04) > puts the real negative-size and negative-strength guards inside the executable census  358ms
 ✓ |core| packages/mcp-server/test/product-reality/consumer-rollup.s200.spec.ts (11 tests) 640ms
 ✓ |core| packages/mcp-server/test/contracts/contract-alignment.spec.ts (16 tests) 624ms
 ✓ |core| packages/mcp-server/test/compose/slot-content-distributor.spec.ts (7 tests) 727ms
   ✓ slot content distribution — compose integration > Product detail with many fields: expanded tabs have varied components  392ms
   ✓ slot content distribution — compose integration > Subscription detail: selections for tabs carry differentiated context  328ms
 ✓ |core| packages/mcp-server/test/product-reality/m06-evidence-controls.s184.spec.ts (7 tests) 879ms
   ✓ Sprint 184 m06 evidence controls > keeps log tracking checks effective when unrelated git paths exceed the process output limit  339ms
 ✓ |core| packages/mcp-server/test/tools/artifact.certify.echarts-s179-baseline.spec.ts (11 tests) 594ms
   ✓ artifact.certify — s179 operand-backed baseline at 1be93f8 > treemap: projected option hash, render hash, and the bounded full-response delta stay pinned  388ms
 ✓ |core| packages/mcp-server/test/contracts/schema-ref.workflow.spec.ts (4 tests) 581ms
 ✓ |core| packages/mcp-server/test/tools/design.preview.accept.s202.spec.ts (2 tests) 561ms
   ✓ design.preview action accept records the accepted version with its measurements (s202-m04) > writes each acceptance once with the measurements snapshot, supersedes with lineage, refuses the standing version, and names it in versions and on the page  530ms
 ✓ |core| packages/mcp-server/test/tools/artifact.certify.bubble-area.s199.spec.ts (3 tests) 606ms
   ✓ s199 bubble area contract at both JSON wire boundaries > area: actual adapter scale reaches the drawn-size rule  560ms
 ✓ |core| packages/mcp-server/test/product-reality/approved-timeout.s188.spec.ts (44 tests) 691ms
 ✓ |core| tests/verification/readme.s200.test.ts (6 tests) 454ms
 ✓ |core| packages/mcp-server/test/product-reality/closeout.s193.spec.ts (9 tests) 508ms
 ✓ |core| tests/verification/purity.contract.test.ts (4 tests) 548ms
   ✓ B3.3 — Purity Harness > enforces the oods/no-hooks-in-modifiers ESLint rule for modifier modules  538ms
 ✓ |core| packages/mcp-server/test/codegen/chart-assets.s202.spec.ts (3 tests) 548ms
   ✓ placed charts name themselves in the figure heading and carry a narrow render (s202-m01) > renders every placed chart without a painted title at the design size and at the narrow size  356ms
 ✓ |core| packages/mcp-server/test/tools/artifact.certify.echarts-option-stability.s179.spec.ts (2 tests) 441ms
   ✓ artifact.certify — option stability remains load-bearing (s179 m05) > fails the combined proof when emissions differ even though both renders agree  427ms
 ✓ |core| tests/compose/compose-intent-sections.test.ts (2 tests) 632ms
   ✓ design.compose long-intent sections > surfaces parsed section signals for long dashboard intents  491ms
 ✓ |core| packages/mcp-server/test/product-reality/contract-resolution.s184.spec.ts (9 tests) 558ms
   ✓ Sprint 184 m03 contract-resolution closeout > preserves the historical readiness manifests while every current nucleus ref resolves  500ms
 ✓ |core| packages/mcp-server/test/tools/certify-contrast.spec.ts (30 tests) 482ms
 ✓ |core| packages/mcp-server/test/contracts/viz-taxonomy.s195.spec.ts (24 tests) 487ms
   ✓ generated visualization taxonomy preserves the exact census and primary-cell proof (s195 m02) > reproduces canonical JSON and documentation byte for byte through --check  327ms
 ✓ |core| packages/mcp-server/test/product-reality/readiness-ref-enforcement.s184.spec.ts (21 tests) 504ms
 ✓ |core| packages/mcp-server/test/tools/certify-echarts-role-c.spec.ts (16 tests) 381ms
   ✓ ECharts Role-C structural paint extraction > 'treemap': extracts only visible chart carriers from the exact served option  310ms
 ✓ |core| packages/mcp-server/test/tools/certify-echarts-render-contrast.s179.spec.ts (13 tests) 401ms
   ✓ ECharts rendered categorical contrast (s179 m04) > 'treemap': composes actual carriers with the family semantic assignment  308ms
 ✓ |core| packages/mcp-server/test/product-reality/closeout.s198.spec.ts (31 tests) 417ms
   ✓ producer and auditor both include component tests, shared helpers and deleted seeds from one advertised Git range  341ms
 ✓ |core| packages/mcp-server/test/tools/artifact.certify.geo-id-parity.spec.ts (26 tests) 414ms
   ✓ geo identity parity — viz.render and artifact.certify emit the SAME option (s173 m01) > choropleth with id absent: the certify VERDICT agrees with the render hash (live, both handlers)  322ms
 ✓ |core| packages/mcp-server/test/product-reality/catalog.list.s194.spec.ts (1 test) 447ms
   ✓ paginates the live 110-component catalog and reports framework evidence independently of legacy status  446ms
 ✓ |core| packages/mcp-server/test/product-reality/review-carries.s185.spec.ts (14 tests) 463ms
 ✓ |core| tests/verification/release-publish-shape.s196.test.ts (11 tests) 656ms
   ✓ Gate-2 preparation changes no publish shape without a named decision (s196 m06) > pins every root/workspace baseline to clean Git bytes and permits only the approved root hygiene, s200 package safety and s200 license changes  613ms
 ✓ |core| packages/mcp-server/test/product-reality/history-pins.s185.spec.ts (13 tests) 516ms
 ✓ |core| packages/mcp-server/test/product-reality/schema.s194.spec.ts (1 test) 471ms
   ✓ schema round-trips actual composed schemas, versions, metadata and deletion through the grouped wire  470ms
 ✓ |core| packages/mcp-server/test/contracts/registry-snapshot.spec.ts (5 tests) 549ms
   ✓ registry.snapshot handler > benchmarks the snapshot p99 within a relative warmup budget at 100, 500, and 1000 mappings  498ms
 ✓ |core| packages/mcp-server/test/product-reality/certify-missing-palette.s195.spec.ts (4 tests) 371ms
   ✓ missing categorical palette has no measured contrast claim (s195-m06) > nominal missing bake fails without borrowing the determinism render as contrast evidence  316ms
 ✓ |core| packages/mcp-server/test/objects/object.show.spec.ts (14 tests) 378ms
 ✓ |core| tests/contracts/upstream-trait-sync.contract.test.ts (20 tests) 389ms
stdout | packages/mcp-server/test/contracts/tool-specs-generator.s196.spec.ts > Tool-Specs generated from dispatched contracts (s196 m04) > checks freshness without writes and detects description drift until regeneration
Tool-Specs is fresh (dispatcher schemas, descriptions, ledgers and notes).
Generated docs/mcp/Tool-Specs.md.
Tool-Specs is fresh (dispatcher schemas, descriptions, ledgers and notes).

stdout | packages/mcp-server/test/contracts/tool-specs-generator.s196.spec.ts > Tool-Specs generated from dispatched contracts (s196 m04) > is byte-for-byte fresh from current source without timestamps or current-HEAD substitutions
Tool-Specs is fresh (dispatcher schemas, descriptions, ledgers and notes).

 ✓ |core| packages/mcp-server/test/contracts/tool-specs-generator.s196.spec.ts (19 tests) 317ms
 ✓ |core| packages/mcp-server/test/contracts/mapping.spec.ts (65 tests) 284ms
 ✓ |core| packages/mcp-server/test/product-reality/reconnect.s185.spec.ts (11 tests) 377ms
   ✓ Combined reconnect requires real unique deliveries of the exact reviewed requests > prepares the 23 new families separately from the eight root promotions and names the alias horizon without sending  374ms
 ✓ |core| tests/governance-gates/storycap-lightdark-compare.test.ts (7 tests) 433ms
 ✓ |core| tests/tokens/collision-guard.test.ts (7 tests) 363ms
 ✓ |core| packages/mcp-server/test/tools/artifact.certify.spec-only-bytes.spec.ts (32 tests) 428ms
 ✓ |core| packages/mcp-server/test/product-reality/recipe-header-fields.s185.spec.ts (19 tests) 652ms
 ✓ |core| packages/mcp-server/test/product-reality/closeout.s190.spec.ts (10 tests) 409ms
   ✓ bounded Sprint 190 closeout rules > the sprint-wide scope catches token exports, scoped certification and placement  372ms
 ✓ |core| packages/mcp-server/test/product-reality/closeout.s191.spec.ts (3 tests) 553ms
   ✓ Sprint 191 bounded closeout > the advertised diff includes the maintenance executable boundary and component repairs  515ms
 ✓ |core| tests/lint/no-unsafe-tenancy-override.spec.ts (3 tests) 345ms
   ✓ no-unsafe-tenancy-override > flags TenancyContext.setCurrentTenant in application code  338ms
 ✓ |core| tests/verification/forge-claims-source-pins.s196.test.ts (11 tests) 187ms
 ✓ |core| packages/mcp-server/test/compose/slot-vocabulary-unification.spec.ts (2 tests) 320ms
 ✓ |core| packages/mcp-server/test/product-reality/artifact.certify.s194.spec.ts (1 test) 364ms
   ✓ certifies the actual data-bound SVG and rejects HTML at the advertised wire boundary  363ms
 ✓ |core| packages/mcp-server/test/contracts/object.show.spec.ts (12 tests) 366ms
 ✓ |core| packages/mcp-server/test/contracts/readiness-attestation.s196.spec.ts (22 tests) 197ms
 ✓ |core| tests/verification/portable-runbook.s200.test.ts (7 tests) 326ms
 ✓ |core| packages/mcp-server/test/contracts/s71-fixes.spec.ts (10 tests) 255ms
 ✓ |core| tests/tokens/bridged-slot-specificity-census.test.ts (5 tests) 413ms
 ✓ |core| packages/mcp-server/test/product-reality/closeout.s194.spec.ts (6 tests) 424ms
 ✓ |core| packages/mcp-server/test/product-reality/closeout.s192.spec.ts (5 tests) 235ms
 ✓ |core| packages/mcp-server/test/product-reality/nucleus-pins.s185.spec.ts (5 tests) 321ms
 ✓ |core| packages/mcp-server/test/tools/artifact.certify.unchecked-tristate.spec.ts (6 tests) 315ms
 ✓ |core| packages/mcp-server/test/product-reality/breadth-live-generation.s186.spec.ts (117 tests) 223ms
 ✓ |core| tests/lint/no-account-unsafe-metadata.spec.ts (4 tests) 257ms
 ✓ |core| packages/mcp-server/test/product-reality/billing.s188.spec.ts (4 tests) 256ms
 ✓ |core| packages/mcp-server/test/contracts/object.schema.contract.spec.ts (11 tests) 285ms
 ✓ |core| packages/mcp-server/test/tools/artifact.certify.contrast-fault.spec.ts (3 tests) 203ms
 ✓ |core| packages/mcp-server/test/contracts/portable-claims.s196.spec.ts (11 tests) 204ms
 ✓ |core| tests/governance-gates/import-side-effect-guard.test.ts (3 tests) 107ms
 ✓ |core| packages/mcp-server/test/contracts/portable-fixtures.s194.spec.ts (1 test) 246ms
 ✓ |core| packages/mcp-server/test/tools/artifact.certify.ten-series-collision.spec.ts (4 tests) 255ms
 ✓ |core| packages/mcp-server/test/tools/artifact.certify.accuracy-fault.spec.ts (3 tests) 224ms
 ✓ |core| packages/mcp-server/test/product-reality/doc-bites.s196.spec.ts (3 tests) 253ms
 ✓ |core| packages/mcp-server/test/tools/payload-mode.s201.spec.ts (5 tests) 231ms
 ✓ |core| packages/mcp-server/test/objects/trait-composer.spec.ts (21 tests) 271ms
 ✓ |core| packages/mcp-server/test/product-reality/read-only-field-binding.s185.spec.ts (13 tests) 238ms
 ✓ |core| tests/tokens/palette-dark.s197.test.ts (3 tests) 150ms
 ✓ |core| tests/tokens/palette-integration.s197.test.ts (2 tests) 208ms
 ✓ |core| packages/mcp-server/test/product-reality/runnable-artifact.s183.spec.ts (28 tests) 243ms
 ✓ |core| packages/mcp-server/test/product-reality/billing-views.s188.spec.ts (3 tests) 233ms
 ✓ |core| packages/mcp-server/test/product-reality/evidence-retention.s184.spec.ts (10 tests) 221ms
 ✓ |core| packages/mcp-server/test/compose/component-selector.spec.ts (56 tests) 133ms
 ✓ |core| packages/mcp-server/test/product-reality/m06-evidence.s184.spec.ts (4 tests) 148ms
 ✓ |core| tests/tokens/palette-viz.s197.test.ts (3 tests) 200ms
 ✓ |core| tests/tokens/palette-light.s197.test.ts (4 tests) 210ms
 ✓ |core| packages/mcp-server/test/objects/loaders.spec.ts (24 tests) 195ms
 ✓ |core| packages/mcp-server/test/product-reality/breadth-live-generation.s185.spec.ts (33 tests) 197ms
 ✓ |core| tests/governance-gates/triage-resolve-base-ref.test.ts (3 tests) 166ms
 ✓ |core| packages/mcp-server/test/product-reality/saved-schema-compiler.s183.spec.ts (4 tests) 110ms
 ✓ |core| tests/registry/registry.test.ts (3 tests) 181ms
 ✓ |core| packages/mcp-server/test/product-reality/temporal-bite.s196.spec.ts (6 tests) 250ms
 ✓ |core| packages/mcp-server/test/e2e/action-mappings.e2e.spec.ts (12 tests | 9 skipped) 143ms
 ✓ |core| packages/mcp-server/test/scale/dashboard-determinism.spec.ts (6 tests) 242ms
 ✓ |core| tests/integration/object-registry.test.ts (3 tests) 153ms
 ✓ |core| packages/mcp-server/test/product-reality/parity.s185.spec.ts (58 tests) 178ms
 ✓ |core| packages/mcp-server/test/product-reality/m04-controls.s185.spec.ts (13 tests) 189ms
 ✓ |core| tests/integration/universal-quintet-objects.integration.test.ts (6 tests) 137ms
 ✓ |core| packages/mcp-server/test/objects/trait-loader.spec.ts (17 tests) 208ms
 ✓ |core| tests/tokens/breakpoint-keep-in-step.test.ts (15 tests) 160ms
 ✓ |core| packages/mcp-server/test/compose/intent-synonyms.spec.ts (35 tests) 153ms
 ✓ |core| tests/traits/preferenceable/schema-registry.test.ts (5 tests) 152ms
 ✓ |core| packages/mcp-server/test/product-reality/runtime-cells.s193.spec.ts (8 tests) 132ms
 ✓ |core| packages/mcp-server/test/product-reality/map-compose.s194.spec.ts (1 test) 112ms
 ✓ |core| tests/registry/bound-charts.s195.test.ts (19 tests) 124ms
 ✓ |core| packages/mcp-server/test/scale/viz-determinism.spec.ts (42 tests) 140ms
 ✓ |core| packages/mcp-server/test/contracts/map-apply.spec.ts (18 tests) 66ms
 ✓ |core| tests/e2e/schema-ref-pipeline.test.ts (2 tests) 112ms
 ✓ |core| packages/mcp-server/test/contracts/upstream-trait-sync.contract.spec.ts (10 tests) 200ms
 ✓ |core| tests/viz/spatial/geo-fetch.test.ts (9 tests) 134ms
 ✓ |core| packages/mcp-server/test/product-reality/release-limit.s198.spec.ts (2 tests) 132ms
 ✓ |core| packages/mcp-server/test/compose/token-injection.spec.ts (11 tests) 107ms
 ✓ |core| packages/mcp-server/test/contracts/dtcg-intake.s180.spec.ts (21 tests) 95ms
 ✓ |core| packages/mcp-server/test/product-reality/local-behavior-guards.s185.spec.ts (16 tests) 81ms
 ✓ |core| packages/mcp-server/test/product-reality/breadth-export-cells.s187.spec.ts (28 tests) 99ms
 ✓ |core| packages/mcp-server/test/contracts/diag.snapshot.s194.spec.ts (1 test) 102ms
 ✓ |core| tests/registry/viz-recipe-parameters.s193.test.ts (14 tests) 136ms
 ✓ |core| tests/integration/universal-quintet.integration.test.ts (5 tests) 107ms
 ✓ |core| tests/tokens/canonical-guardrails.s198.test.ts (5 tests) 98ms
 ✓ |core| tests/tools/stage1-dtcg-adapter.test.ts (11 tests) 79ms
 ✓ |core| tests/components/dashboard-context.integration.test.tsx (5 tests) 70ms
 ✓ |core| packages/mcp-server/test/product-reality/breadth-export-cells.s186.spec.ts (46 tests) 102ms
 ✓ |core| packages/mcp-server/test/product-reality/object.s194.spec.ts (1 test) 86ms
 ✓ |core| tests/database/communication-seeds.test.ts (1 test) 90ms
 ✓ |core| packages/mcp-server/test/objects/object-loader.spec.ts (14 tests) 76ms
 ✓ |core| tests/governance-gates/enforce-preserves-build-inputs.test.ts (4 tests) 90ms
 ✓ |core| packages/mcp-server/test/contracts/versioning.spec.ts (22 tests) 92ms
 ✓ |core| packages/mcp-server/test/contracts/object.list.spec.ts (13 tests) 75ms
 ✓ |core| tests/integration/classifiable-composition.test.ts (3 tests) 78ms
 ✓ |core| packages/mcp-server/test/e2e/map-apply.test.ts (1 test) 78ms
 ✓ |core| tests/integration/communicable-composition.test.ts (3 tests) 79ms
 ✓ |core| packages/mcp-server/test/objects/object.list.spec.ts (10 tests) 105ms
 ✓ |core| tests/validation/error-code-coverage.test.ts (20 tests) 74ms
 ✓ |core| tests/integration/authable-composition.test.ts (4 tests) 57ms
 ✓ |core| tests/validation/parameter-validator.test.ts (6 tests) 74ms
 ✓ |core| tests/integration/addressable-composition.test.ts (2 tests) 74ms
 ✓ |core| packages/mcp-server/test/contracts/temporal-docs.s196.spec.ts (2 tests) 82ms
 ✓ |core| packages/mcp-server/test/contracts/diag.snapshot-counts.spec.ts (1 test) 91ms
 ✓ |core| tests/database/communication-migrations.test.ts (4 tests) 78ms
 ✓ |core| tests/traits/viz/mark-bar.test.ts (4 tests) 61ms
 ✓ |core| tests/registry/payment-chart.s190.test.ts (2 tests) 57ms
 ✓ |core| packages/mcp-server/test/contracts/registry-v14-roundtrip.spec.ts (13 tests) 72ms
 ✓ |core| tests/codegen/code-generate.contract.test.ts (26 tests) 61ms
 ✓ |core| packages/mcp-server/test/product-reality/consumer-contract.s185.spec.ts (22 tests) 63ms
 ✓ |core| tests/traits/viz/mark-area.test.ts (4 tests) 59ms
 ✓ |core| tests/viz/adapters/spatial/echarts-spatial-adapter.test.ts (3 tests) 59ms
 ✓ |core| tests/viz/adapters/spatial/echarts-visual-regression.test.ts (2 tests) 54ms
 ✓ |core| tests/traits/viz/mark-line.test.ts (4 tests) 61ms
 ✓ |core| tests/governance-gates/enforce-report-floor.test.ts (6 tests) 49ms
 ✓ |core| packages/mcp-server/test/product-reality/breadth-export-cells.s185.spec.ts (10 tests) 58ms
 ✓ |core| packages/mcp-server/test/product-reality/viz-recipes-proof.s193.spec.ts (3 tests) 58ms
 ✓ |core| packages/mcp-server/test/contracts/tokens.build.apply.spec.ts (1 test) 33ms
 ✓ |core| tests/traits/viz/mark-point.test.ts (4 tests) 55ms
 ✓ |core| tests/integration/preferenceable-composition.test.ts (2 tests) 111ms
 ✓ |core| tests/integration/failure-scenarios.integration.test.ts (4 tests) 50ms
 ✓ |core| packages/mcp-server/test/contracts/a11y.scan.s194.spec.ts (1 test) 53ms
 ✓ |core| packages/mcp-server/test/product-reality/billing-views-export-cells.s188.spec.ts (10 tests) 34ms
 ✓ |core| packages/mcp-server/test/e2e/a2ui-runtime-q3.e2e.spec.ts (98 tests) 55ms
 ✓ |core| packages/mcp-server/test/contracts/repl.tools.spec.ts (39 tests) 38ms
 ✓ |core| tests/traits/Statusable.test.ts (6 tests) 52ms
 ✓ |core| packages/mcp-server/test/contracts/pragmatic-role-ia.spec.ts (4 tests) 52ms
 ✓ |core| tests/tokens/categorical-overlays.s195.test.ts (11 tests) 73ms
 ✓ |core| tests/traits/Stateful.test.ts (4 tests) 53ms
 ✓ |core| tests/tokens/tailwind-screens.test.ts (7 tests) 76ms
 ✓ |core| tests/traits/Auditable.test.ts (5 tests) 50ms
 ✓ |core| tests/traits/addressable.test.ts (6 tests) 59ms
 ✓ |core| packages/mcp-server/test/contracts/billing.reviewKit.s194.spec.ts (1 test) 56ms
 ✓ |core| tests/services/classification/hybrid-term-adapter.spec.ts (2 tests) 58ms
 ✓ |core| packages/mcp-server/test/tools/certify-echarts-projected-render-s179.spec.ts (2 tests) 50ms
 ✓ |core| tests/components/subscription.render-object.test.tsx (5 tests) 42ms
 ✓ |core| tests/traits/Cancellable.test.ts (4 tests) 42ms
 ✓ |core| packages/mcp-server/test/e2e/apply-summary-q3.e2e.spec.ts (94 tests) 52ms
 ✓ |core| packages/mcp-server/test/a11y/a11y.contract.spec.ts (20 tests) 42ms
 ✓ |core| packages/mcp-server/test/compose/label-generator.spec.ts (13 tests) 44ms
 ✓ |core| packages/mcp-server/test/codegen/react-emitter.spec.ts (34 tests) 20ms
 ✓ |core| packages/mcp-server/test/contracts/billing.switchFixtures.s194.spec.ts (1 test) 46ms
 ✓ |core| tests/viz/adapters/spatial/vega-lite-visual-regression.test.ts (2 tests) 51ms
 ✓ |core| tests/services/classification/ltree-query-service.spec.ts (4 tests) 64ms
 ✓ |core| packages/mcp-server/test/compose/view-extension-collector.spec.ts (17 tests) 56ms
 ✓ |core| tests/registry/graph-placement.s199.test.ts (2 tests) 56ms
 ✓ |core| tests/traits/authable.test.ts (4 tests) 51ms
 ✓ |core| tests/traits/Archivable.test.ts (4 tests) 42ms
 ✓ |core| tests/verification/how-forge-works.contract.test.ts (16 tests) 46ms
 ✓ |core| tests/traits/Taggable.test.ts (4 tests) 40ms
 ✓ |core| tests/traits/viz/encoding-color.test.ts (4 tests) 37ms
 ✓ |core| packages/mcp-server/test/schema-store/schema-store.spec.ts (6 tests) 49ms
 ✓ |core| tests/traits/Colorized.test.ts (4 tests) 38ms
 ✓ |core| tests/traits/viz/scale-temporal.test.ts (6 tests) 42ms
 ✓ |core| tests/traits/viz/scale-linear.test.ts (4 tests) 36ms
 ✓ |core| tests/traits/Labelled.test.ts (4 tests) 36ms
 ✓ |core| tests/schemas/spatial-spec.test.ts (24 tests) 36ms
 ✓ |core| packages/mcp-server/test/product-reality/screen-action-surface.s184.spec.ts (6 tests) 32ms
 ✓ |core| packages/mcp-server/test/e2e/boxes-arrows-q3.e2e.spec.ts (44 tests) 38ms
 ✓ |core| tests/traits/viz/encoding-position-x.test.ts (4 tests) 38ms
stdout | tests/tokens/brand-root-and-containment.test.ts > s168 m06 — :root value audit + the two discriminating brand-axis oracles > (d) every non-base cell genuinely differs from :root — the blocks are not no-ops
A/base: 0/44 differ from :root
A/dark: 44/44 differ from :root
A/hc: 44/44 differ from :root
B/base: 0/44 differ from :root
B/dark: 44/44 differ from :root
B/hc: 44/44 differ from :root

 ✓ |core| tests/tokens/brand-root-and-containment.test.ts (9 tests) 26ms
 ✓ |core| tests/viz/adapters/spatial/vega-lite-spatial-adapter.test.ts (3 tests) 47ms
 ✓ |core| packages/mcp-server/test/product-reality/ported-freeze.s184.spec.ts (2 tests) 38ms
 ✓ |core| tests/traits/viz/encoding-size.test.ts (4 tests) 42ms
 ✓ |core| tests/billing/usage-aggregate.spec.ts (16 tests) 27ms
 ✓ |core| tests/validation/pipeline.test.ts (7 tests) 36ms
 ✓ |core| tests/traits/viz/encoding-position-y.test.ts (4 tests) 39ms
 ✓ |core| packages/mcp-server/test/e2e/a2ui-image-q3.e2e.spec.ts (24 tests) 32ms
 ✓ |core| packages/mcp-server/test/product-reality/html-tailwind-gap.s185.spec.ts (9 tests) 32ms
 ✓ |core| packages/mcp-server/test/contracts/schema.list-delete.spec.ts (2 tests) 31ms
 ✓ |core| packages/mcp-server/test/product-reality/trait-recipes-proof.s193.spec.ts (3 tests) 34ms
 ✓ |core| packages/mcp-server/test/e2e/review-q3.e2e.spec.ts (62 tests) 35ms
 ✓ |core| tests/validation/error-context-enrichment.test.ts (16 tests) 22ms
 ✓ |core| packages/mcp-server/test/codegen/responsive-tailwind.spec.ts (20 tests) 29ms
 ✓ |core| packages/mcp-server/test/contracts/stage1-v14-stubs.spec.ts (4 tests) 29ms
 ✓ |core| packages/mcp-server/test/e2e/review-queue-q3.e2e.spec.ts (66 tests) 32ms
 ✓ |core| packages/mcp-server/test/contracts/structuredData.fetch.spec.ts (11 tests) 33ms
 ✓ |core| tests/services/billing/usage-invoice-builder.spec.ts (2 tests) 23ms
 ✓ |core| packages/mcp-server/test/contracts/repl.e2e.integration.spec.ts (4 tests) 33ms
 ✓ |core| packages/mcp-server/test/e2e/conflict-detail-q3.e2e.spec.ts (83 tests) 31ms
 ✓ |core| tests/traits/preferenceable.test.ts (5 tests) 29ms
 ✓ |core| packages/mcp-server/test/product-reality/billing-export-cells.s188.spec.ts (6 tests) 26ms
 ✓ |core| tests/viz/spatial/geo-data-resolver.test.ts (15 tests) 21ms
 ✓ |core| packages/mcp-server/test/product-reality/browser-receipt-audit.s189.spec.ts (6 tests) 27ms
 ✓ |core| packages/mcp-server/test/compose/templates.spec.ts (68 tests) 26ms
 ✓ |core| packages/mcp-server/test/tools/echarts-role-a-assignment.s179.spec.ts (14 tests) 29ms
 ✓ |core| packages/mcp-server/test/product-reality/structured-data.s194.spec.ts (3 tests) 25ms
 ✓ |core| packages/mcp-server/test/e2e/review-resolve-q3.e2e.spec.ts (25 tests) 28ms
 ✓ |core| packages/mcp-server/test/e2e/branded-mockup-q3.e2e.spec.ts (66 tests) 27ms
 ✓ |core| tests/registry/composition-integration.test.ts (1 test) 23ms
 ✓ |core| tests/domain/billing/states.spec.ts (61 tests) 23ms
 ✓ |core| packages/mcp-server/test/tools/dashboard-a11y-equivalence-emission.spec.ts (9 tests) 26ms
 ✓ |core| packages/mcp-server/test/product-reality/advertised-movers.s184.spec.ts (1 test) 26ms
 ✓ |core| tests/traits/viz/layout-facet.test.ts (3 tests) 26ms
 ✓ |core| tests/traits/viz/authoring-recipes.s193.test.ts (14 tests) 23ms
 ✓ |core| packages/mcp-server/test/e2e/wireframe-q3.e2e.spec.ts (40 tests) 26ms
 ✓ |core| tests/traits/viz/layout-layer.test.ts (3 tests) 26ms
 ✓ |core| packages/mcp-server/test/product-reality/breadth-contracts.s185.spec.ts (45 tests) 24ms
 ✓ |core| tests/traits/viz/interaction-tooltip.test.ts (3 tests) 24ms
 ✓ |core| tests/contracts/public-api.contract.test.ts (3 tests) 15ms
 ✓ |core| tests/time/temporal-hygiene.spec.ts (34 tests) 28ms
 ✓ |core| tests/components/user.render-object.test.tsx (2 tests) 22ms
 ✓ |core| tests/traits/viz/layout-concat.test.ts (3 tests) 27ms
 ✓ |core| tests/traits/viz/interaction-highlight.test.ts (3 tests) 26ms
 ✓ |core| tests/validation/formatter.test.ts (5 tests) 23ms
 ✓ |core| tests/traits/preferenceable/cache.test.ts (4 tests) 21ms
 ✓ |core| tests/generators/object-type-generator.test.ts (2 tests) 23ms
 ✓ |core| tests/e2e/code-generate.test.ts (7 tests) 25ms
 ✓ |core| tests/integrations/billing/stripe.spec.ts (9 tests) 19ms
 ✓ |core| packages/mcp-server/test/scale/determinism.spec.ts (9 tests) 19ms
 ✓ |core| tests/registry/resolver.test.ts (6 tests) 24ms
 ✓ |core| tests/integration/communication-authable-integration.test.ts (1 test) 20ms
 ✓ |core| tests/traits/authz/role-graph.test.ts (3 tests) 13ms
 ✓ |core| packages/mcp-server/test/product-reality/static-server-teardown.s195.spec.ts (3 tests) 21ms
 ✓ |core| tests/validation/composition-validator.test.ts (6 tests) 22ms
 ✓ |core| packages/mcp-server/test/product-reality/bundle-bites.s196.spec.ts (6 tests) 29ms
 ✓ |core| tests/traits/addressable/international-formatting.test.ts (5 tests) 28ms
 ✓ |core| packages/mcp-server/test/contracts/code.generate-golden.spec.ts (6 tests) 25ms
 ✓ |core| tests/traits/authz/entitlement.test.ts (4 tests) 23ms
 ✓ |core| packages/mcp-server/test/codegen/prop-destructuring.spec.ts (9 tests) 19ms
 ✓ |core| tests/tokens/semantic-keys.s197.test.ts (5 tests) 12ms
 ✓ |core| tests/schemas/viz/transform-outputs.test.ts (4 tests) 22ms
 ✓ |core| tests/components/stepper.test.tsx (19 tests) 22ms
 ✓ |core| tests/integration/communication-preferenceable-integration.test.ts (1 test) 20ms
 ✓ |core| tests/codegen/vue-emitter.test.ts (31 tests) 16ms
 ✓ |core| tests/core/compositor.test.ts (21 tests) 20ms
 ✓ |core| tests/compliance/integration.spec.ts (7 tests) 19ms
 ✓ |core| packages/mcp-server/test/render/xss-security.spec.ts (51 tests) 17ms
 ✓ |core| packages/mcp-server/test/codegen/vue-emitter.spec.ts (29 tests) 20ms
 ✓ |core| tests/traits/preferenceable/performance.test.ts (4 tests) 19ms
 ✓ |core| tests/schemas/authz.test.ts (8 tests) 18ms
 ✓ |core| packages/mcp-server/test/render/fragment-edge-cases.spec.ts (48 tests) 34ms
 ✓ |core| packages/mcp-server/test/tools/viz-a11y-equivalence-emission.spec.ts (14 tests) 27ms
 ✓ |core| tests/traits/preferenceable/read-repair.test.ts (3 tests) 22ms
 ✓ |core| tests/validation/boundary-conditions.test.ts (17 tests) 26ms
 ✓ |core| tests/integration/entitlement-export.test.ts (4 tests) 23ms
 ✓ |core| tests/schemas/authz-registry.test.ts (5 tests) 22ms
 ✓ |core| tests/compliance/rbac.spec.ts (11 tests) 21ms
 ✓ |core| tests/utils/format.test.ts (2 tests) 24ms
 ✓ |core| tests/traits/addressable/validation-lifecycle.test.ts (4 tests) 21ms
 ✓ |core| packages/mcp-server/test/contracts/layout-align.spec.ts (8 tests) 21ms
 ✓ |core| packages/mcp-server/test/contracts/brand.apply.cross-brand-delta.spec.ts (7 tests) 19ms
 ✓ |core| tests/traits/classifiable/tag-governance.test.ts (3 tests) 23ms
 ✓ |core| packages/mcp-server/test/contracts/schema-pattern-anchoring.spec.ts (8 tests) 29ms
 ✓ |core| packages/mcp-server/test/product-reality/state-evidence.s184.spec.ts (2 tests) 7ms
 ✓ |core| tests/traits/addressable/multi-role.test.ts (2 tests) 19ms
 ✓ |core| tests/verification/forge-claims-behavior.s196.test.ts (1 test) 18ms
 ✓ |core| packages/mcp-server/test/contracts/security.model.spec.ts (17 tests) 18ms
 ✓ |core| tests/integrations/billing/chargebee.spec.ts (7 tests) 19ms
 ✓ |core| tests/integrations/billing/zuora.spec.ts (7 tests) 20ms
 ✓ |core| tests/integration/communication-audit.test.ts (2 tests) 18ms
 ✓ |core| packages/mcp-server/test/codegen/vue-reactivity.spec.ts (12 tests) 16ms
 ✓ |core| tests/integration/communication-export.test.ts (3 tests) 19ms
 ✓ |core| tests/traits/communication/throttling-enforcer.test.ts (3 tests) 18ms
 ✓ |core| packages/mcp-server/test/contracts/code.generate-parity.spec.ts (2 tests) 20ms
 ✓ |core| packages/mcp-server/test/contracts/dashboard.render.duplicate-panel-id.s181.spec.ts (3 tests) 18ms
 ✓ |core| tests/integration/communication-throttling-integration.test.ts (1 test) 18ms
 ✓ |core| tests/traits/addressable/default-management.test.ts (3 tests) 19ms
 ✓ |core| packages/mcp-server/test/contracts/brand.apply.rfc6902-wording.spec.ts (2 tests) 14ms
 ✓ |core| tests/traits/communication/delivery-service.test.ts (4 tests) 18ms
 ✓ |core| tests/compliance/audit-log.spec.ts (15 tests) 19ms
 ✓ |core| tests/traits/communication/sla-monitor.test.ts (2 tests) 17ms
 ✓ |core| tests/traits/viz/spatial/geocodable.test.ts (79 tests) 15ms
 ✓ |core| tests/tokens-governance/token-map-and-diff.test.ts (14 tests) 14ms
 ✓ |core| tests/viz/adapters/echarts/hierarchy-utils.test.ts (3 tests) 16ms
 ✓ |core| tests/traits/classifiable/spam-detection.test.ts (3 tests) 17ms
 ✓ |core| tests/tokens/transform.test.ts (3 tests) 16ms
 ✓ |core| tests/traits/communication/schema-validator.test.ts (4 tests) 14ms
 ✓ |core| tests/traits/communication/communication-trait.test.ts (3 tests) 16ms
 ✓ |core| packages/mcp-server/test/codegen/codegen-invalid-schema.spec.ts (2 tests) 12ms
 ✓ |core| packages/mcp-server/test/product-reality/input-validation-state.s184.spec.ts (4 tests) 16ms
 ✓ |core| tests/tokens/scoped-js-export.test.ts (18 tests) 14ms
 ✓ |core| tests/schemas/viz/network-input.test.ts (4 tests) 9ms
stdout | tests/governance-gates/a11y-guardrail-dataset.s198.test.ts > the accessibility reader honors the typed palette dataset > keeps all six relative-color obligations while palette rows retain their separate gate ownership
[a11y] 61 palette rows are owned by tokens-validate (scripts/tokens/color-guardrails.ts); evaluating 6 relative-color rows here.

 ✓ |core| tests/governance-gates/a11y-guardrail-dataset.s198.test.ts (12 tests) 15ms
 ✓ |core| tests/traits/communication/retry-scheduler.test.ts (3 tests) 16ms
 ✓ |core| packages/mcp-server/test/compose/field-patterns.spec.ts (31 tests) 13ms
 ✓ |core| tests/contexts/context-templates.test.tsx (16 tests) 14ms
 ✓ |core| tests/schemas/preferences.test.ts (4 tests) 17ms
 ✓ |core| packages/mcp-server/test/tools/repl.render.compact.spec.ts (8 tests) 13ms
 ✓ |core| tests/verification/contexts.contract.test.tsx (16 tests) 12ms
 ✓ |core| tests/codegen/react-emitter.test.ts (26 tests) 17ms
 ✓ |core| packages/mcp-server/test/render/renderer-edge-cases.spec.ts (25 tests) 13ms
 ✓ |core| tests/traits/authz/sod-policy.test.ts (5 tests) 13ms
 ✓ |core| packages/mcp-server/test/tools/repl.render.fragment.spec.ts (4 tests) 11ms
 ✓ |core| tests/tokens/viz-scales.test.ts (2 tests) 11ms
 ✓ |core| tests/integration/network-flow-full.test.ts (21 tests) 9ms
 ✓ |core| tests/traits/authz/sod-validator.test.ts (5 tests) 12ms
 ✓ |core| packages/mcp-server/test/render/fragment-errors.spec.ts (5 tests) 10ms
 ✓ |core| packages/mcp-server/test/compose/wire-field-props.spec.ts (10 tests) 12ms
 ✓ |core| tests/tokens/brand-semantic-bridge.test.ts (14 tests) 6ms
 ✓ |core| packages/mcp-server/test/lib/composition-store.s201.spec.ts (3 tests) 10ms
 ✓ |core| tests/components/RenderObject.edge-cases.test.tsx (4 tests) 10ms
 ✓ |core| tests/schemas/viz/hierarchy-input.test.ts (5 tests) 11ms
 ✓ |core| packages/mcp-server/test/contracts/preview.compaction.spec.ts (3 tests) 10ms
 ✓ |core| tests/components/progress.test.tsx (18 tests) 11ms
 ✓ |core| packages/mcp-server/test/contracts/emitter-data-attr-parity.spec.ts (6 tests) 10ms
 ✓ |core| packages/mcp-server/test/contracts/schema.load.spec.ts (3 tests) 10ms
 ✓ |core| packages/mcp-server/test/contracts/fragment-api.contract.spec.ts (5 tests) 10ms
 ✓ |core| packages/mcp-server/test/contracts/registry-gaps.contract.spec.ts (10 tests) 11ms
 ✓ |core| packages/mcp-server/test/product-reality/hc-scope.s197.spec.ts (5 tests) 11ms
 ✓ |core| packages/mcp-server/test/render/confidence-affordance.spec.ts (15 tests) 11ms
 ✓ |core| tests/verification/s177-prose-carriers.contract.test.ts (6 tests) 10ms
 ✓ |core| tests/dashboard/network-cross-filter.test.ts (36 tests) 8ms
 ✓ |core| tests/viz/normalized-viz-spec.test.ts (6 tests) 11ms
 ✓ |core| tests/parsers/object-parser.test.ts (13 tests) 10ms
 ✓ |core| packages/mcp-server/test/render/render-preview-messaging.spec.ts (3 tests) 8ms
 ✓ |core| tests/viz/a11y-equivalence.test.ts (12 tests) 54ms
 ✓ |core| tests/components/RenderObject.test.tsx (3 tests) 10ms
 ✓ |core| tests/schemas/viz/sankey-input.test.ts (3 tests) 10ms
 ✓ |core| packages/mcp-server/test/contracts/s90-registration-audit.spec.ts (32 tests) 9ms
 ✓ |core| tests/dashboard/network-widgets.test.ts (28 tests) 5ms
 ✓ |core| tests/tokens/palette-guardrails.s197.test.ts (13 tests) 9ms
 ✓ |core| tests/base/textarea.test.tsx (2 tests) 6ms
 ✓ |core| packages/mcp-server/test/contracts/repl.registry.contract.spec.ts (2 tests) 7ms
 ✓ |core| tests/domain/billing/state-set-convergence.spec.ts (7 tests) 9ms
 ✓ |core| tests/traits/addressable/validation.test.ts (3 tests) 12ms
 ✓ |core| packages/mcp-server/test/contracts/schema.save.spec.ts (3 tests) 9ms
 ✓ |core| packages/mcp-server/test/tools/viz.render.bubble-symbolsize-s172.spec.ts (6 tests) 9ms
 ✓ |core| tests/viz/adapters/echarts/graph-adapter.test.ts (35 tests) 7ms
 ✓ |core| tests/viz/adapters/echarts/sankey-adapter-edge-cases.test.ts (21 tests) 7ms
 ✓ |core| tests/verification/install-conversation.s202.test.ts (2 tests) 9ms
 ✓ |core| tests/base/text-field.test.tsx (2 tests) 7ms
 ✓ |core| tests/core/dependency-graph.test.ts (40 tests) 8ms
 ✓ |core| tests/cli/refresh-data.test.ts (4 tests) 7ms
 ✓ |core| tests/compositor/composeExtensions.test.ts (4 tests) 7ms
 ✓ |core| tests/viz/adapters/echarts/sankey-adapter.test.ts (43 tests) 7ms
 ✓ |core| tests/generators/composer.test.ts (24 tests) 6ms
 ✓ |core| tests/viz/vega-lite-adapter.test.ts (8 tests) 7ms
 ✓ |core| tests/base/table.test.tsx (2 tests) 6ms
 ✓ |core| tests/verification/compositor.contract.test.ts (4 tests) 8ms
 ✓ |core| tests/viz/spatial/geo-format-parser.test.ts (22 tests) 6ms
 ✓ |core| packages/mcp-server/test/tools/certify-contrast.echarts-caveat-pin.spec.ts (2 tests) 7ms
 ✓ |core| tests/viz/adapters/layout-parity.test.ts (2 tests) 8ms
 ✓ |core| tests/base/button.test.tsx (3 tests) 6ms
 ✓ |core| tests/viz/adapters/layout-adapter.test.ts (2 tests) 17ms
 ✓ |core| packages/mcp-server/test/contracts/brand.apply.patch.spec.ts (1 test) 8ms
 ✓ |core| tests/tokens/brand-theme-matrix.test.ts (10 tests) 5ms
 ✓ |core| tests/base/select.test.tsx (2 tests) 7ms
 ✓ |core| tests/components/page-header.test.tsx (1 test) 7ms
 ✓ |core| tests/viz/adapters/echarts/graph-adapter-interaction.test.ts (24 tests) 5ms
 ✓ |core| packages/mcp-server/test/codegen/prop-binding.spec.ts (33 tests) 7ms
 ✓ |core| tests/viz/integration/spatial-dashboard.test.tsx (2 tests) 6ms
 ✓ |core| tests/base/date-picker.test.tsx (2 tests) 7ms
 ✓ |core| tests/verification/gate2-decision-packet.s196.test.ts (5 tests) 7ms
 ✓ |core| tests/tokens/brand-css-no-tie.test.ts (6 tests) 6ms
 ✓ |core| tests/base/banner.test.tsx (2 tests) 6ms
 ✓ |core| tests/validation/cli.test.ts (4 tests) 9ms
 ✓ |core| packages/mcp-server/test/tools/dashboard-token-css-ref-honor.s179.spec.ts (3 tests) 5ms
 ✓ |core| tests/base/checkbox.test.tsx (2 tests) 6ms
 ✓ |core| tests/e2e/network-dashboard.test.ts (14 tests) 5ms
 ✓ |core| tests/verification/agent-docs-registry.contract.test.ts (5 tests) 6ms
 ✓ |core| tests/viz/echarts-adapter.test.ts (8 tests) 6ms
 ✓ |core| tests/base/badge.test.tsx (2 tests) 7ms
 ✓ |core| tests/parsers/yaml-parser.test.ts (12 tests) 6ms
 ✓ |core| packages/mcp-server/test/contracts/schema.contract.spec.ts (20 tests) 6ms
 ✓ |core| tests/generators/type-generator.test.ts (26 tests) 5ms
 ✓ |core| tests/accounts/metadata-policy.spec.ts (23 tests) 10ms
 ✓ |core| packages/mcp-server/test/presets/brand-presets.spec.ts (29 tests) 6ms
 ✓ |core| tests/tokens/viz-map.test.ts (20 tests) 8ms
 ✓ |core| tests/services/billing/event-ingestion.spec.ts (3 tests) 8ms
stdout | tests/tenancy/isolated.spec.ts > Schema-Per-Tenant Isolation > Schema Isolation > should route queries to tenant-specific schema
[SchemaPerTenant] Using schema: tenant_tenant_alice

stdout | tests/tenancy/isolated.spec.ts > Schema-Per-Tenant Isolation > Schema Isolation > should route queries to tenant-specific schema
[SchemaPerTenant] Query in tenant_tenant_alice: SELECT * FROM subscriptions

stdout | tests/tenancy/isolated.spec.ts > Schema-Per-Tenant Isolation > Schema Isolation > should route queries to tenant-specific schema
[SchemaPerTenant] Using schema: tenant_tenant_bob

stdout | tests/tenancy/isolated.spec.ts > Schema-Per-Tenant Isolation > Schema Isolation > should route queries to tenant-specific schema
[SchemaPerTenant] Query in tenant_tenant_bob: SELECT * FROM subscriptions

stdout | tests/tenancy/isolated.spec.ts > Schema-Per-Tenant Isolation > Schema Isolation > should prevent cross-schema data access
[SchemaPerTenant] Using schema: tenant_tenant_alice

stdout | tests/tenancy/isolated.spec.ts > Schema-Per-Tenant Isolation > Schema Isolation > should prevent cross-schema data access
[SchemaPerTenant] Query in tenant_tenant_alice: SELECT * FROM subscriptions

stdout | tests/tenancy/isolated.spec.ts > Schema-Per-Tenant Isolation > Transaction Isolation > should maintain schema context across transaction
[SchemaPerTenant] Using schema: tenant_tenant_alice

stdout | tests/tenancy/isolated.spec.ts > Schema-Per-Tenant Isolation > Transaction Isolation > should maintain schema context across transaction
[SchemaPerTenant] BEGIN in tenant_tenant_alice

stdout | tests/tenancy/isolated.spec.ts > Schema-Per-Tenant Isolation > Transaction Isolation > should maintain schema context across transaction
[SchemaPerTenant] Execute in tenant_tenant_alice: INSERT INTO subscriptions (id, status) VALUES (?, ?)

stdout | tests/tenancy/isolated.spec.ts > Schema-Per-Tenant Isolation > Transaction Isolation > should maintain schema context across transaction
[SchemaPerTenant] COMMIT in tenant_tenant_alice

stdout | tests/tenancy/isolated.spec.ts > Schema-Per-Tenant Isolation > Transaction Isolation > should not leak data across schema transactions
[SchemaPerTenant] Using schema: tenant_tenant_alice

stdout | tests/tenancy/isolated.spec.ts > Schema-Per-Tenant Isolation > Transaction Isolation > should not leak data across schema transactions
[SchemaPerTenant] BEGIN in tenant_tenant_alice

stdout | tests/tenancy/isolated.spec.ts > Schema-Per-Tenant Isolation > Transaction Isolation > should not leak data across schema transactions
[SchemaPerTenant] Execute in tenant_tenant_alice: INSERT INTO subscriptions (id, status) VALUES (?, ?)

stdout | tests/tenancy/isolated.spec.ts > Schema-Per-Tenant Isolation > Transaction Isolation > should not leak data across schema transactions
[SchemaPerTenant] Using schema: tenant_tenant_bob

stdout | tests/tenancy/isolated.spec.ts > Schema-Per-Tenant Isolation > Transaction Isolation > should not leak data across schema transactions
[SchemaPerTenant] Query in tenant_tenant_bob: SELECT * FROM subscriptions

stdout | tests/tenancy/isolated.spec.ts > Schema-Per-Tenant Isolation > Concurrent Access > should handle multiple tenants querying simultaneously
[SchemaPerTenant] Using schema: tenant_tenant_alice
[SchemaPerTenant] Using schema: tenant_tenant_bob
[SchemaPerTenant] Using schema: tenant_tenant_charlie
[SchemaPerTenant] Query in tenant_tenant_alice: SELECT * FROM subscriptions
[SchemaPerTenant] Query in tenant_tenant_bob: SELECT * FROM subscriptions
[SchemaPerTenant] Query in tenant_tenant_charlie: SELECT * FROM subscriptions

stdout | tests/tenancy/isolated.spec.ts > Schema-Per-Tenant Isolation > Per-Tenant Migrations > should support independent schema versions
[SchemaPerTenant] Using schema: tenant_tenant_alice

stdout | tests/tenancy/isolated.spec.ts > Schema-Per-Tenant Isolation > Per-Tenant Migrations > should support independent schema versions
[SchemaPerTenant] Query in tenant_tenant_alice: SELECT * FROM subscriptions

stdout | tests/tenancy/isolated.spec.ts > Schema-Per-Tenant Isolation > Per-Tenant Migrations > should support independent schema versions
[SchemaPerTenant] Using schema: tenant_tenant_bob

stdout | tests/tenancy/isolated.spec.ts > Schema-Per-Tenant Isolation > Per-Tenant Migrations > should support independent schema versions
[SchemaPerTenant] Query in tenant_tenant_bob: SELECT * FROM subscriptions

 ✓ |core| tests/tenancy/isolated.spec.ts (10 tests) 7ms
 ✓ |core| tests/verification/closeout-checklist.contract.test.ts (8 tests) 5ms
 ✓ |core| tests/cli/network-scaffold.test.ts (24 tests) 5ms
 ✓ |core| tests/traits/preferenceable/notification-routing.test.ts (4 tests) 4ms
 ✓ |core| tests/viz/a11y/facet-table-generator.test.ts (4 tests) 5ms
stdout | tests/tenancy/shared.spec.ts > Shared-Schema Tenancy > Tenant Isolation > should isolate queries to current tenant
[SharedSchema] Query for tenant tenant-alice: SELECT * FROM subscriptions WHERE tenant_id = 'tenant-alice'

stdout | tests/tenancy/shared.spec.ts > Shared-Schema Tenancy > Tenant Isolation > should isolate queries to current tenant
[SharedSchema] Query for tenant tenant-bob: SELECT * FROM subscriptions WHERE tenant_id = 'tenant-bob'

stdout | tests/tenancy/shared.spec.ts > Shared-Schema Tenancy > Tenant Isolation > should prevent cross-tenant data access
[SharedSchema] Query for tenant tenant-alice: SELECT * FROM subscriptions WHERE tenant_id = 'tenant-alice'

stdout | tests/tenancy/shared.spec.ts > Shared-Schema Tenancy > Transaction Isolation > should maintain tenant context across transaction
[SharedSchema] BEGIN for tenant tenant-alice

stdout | tests/tenancy/shared.spec.ts > Shared-Schema Tenancy > Transaction Isolation > should maintain tenant context across transaction
[SharedSchema] Execute for tenant tenant-alice: INSERT INTO subscriptions (id, status) VALUES (?, ?)

stdout | tests/tenancy/shared.spec.ts > Shared-Schema Tenancy > Transaction Isolation > should maintain tenant context across transaction
[SharedSchema] COMMIT for tenant tenant-alice

stdout | tests/tenancy/shared.spec.ts > Shared-Schema Tenancy > Transaction Isolation > should restore context after rollback
[SharedSchema] BEGIN for tenant tenant-bob

stdout | tests/tenancy/shared.spec.ts > Shared-Schema Tenancy > Transaction Isolation > should restore context after rollback
[SharedSchema] Execute for tenant tenant-bob: INSERT INTO subscriptions (id, status) VALUES (?, ?)

stdout | tests/tenancy/shared.spec.ts > Shared-Schema Tenancy > Transaction Isolation > should restore context after rollback
[SharedSchema] ROLLBACK for tenant tenant-bob

 ✓ |core| tests/tenancy/shared.spec.ts (11 tests) 6ms
stdout | tests/tenancy/external.spec.ts > External Adapter Tenancy > Isolation > should route queries to dedicated databases
[ExternalAdapter] Tenant Alice Corp (tenant-alice) → alice.db.internal:5432/oods_alice

stdout | tests/tenancy/external.spec.ts > External Adapter Tenancy > Isolation > should route queries to dedicated databases
[ExternalAdapter] Query in oods_alice: SELECT * FROM subscriptions

stdout | tests/tenancy/external.spec.ts > External Adapter Tenancy > Isolation > should route queries to dedicated databases
[ExternalAdapter] Tenant Bob Industries (tenant-bob) → bob.db.internal:5432/oods_bob

stdout | tests/tenancy/external.spec.ts > External Adapter Tenancy > Isolation > should route queries to dedicated databases
[ExternalAdapter] Query in oods_bob: SELECT * FROM subscriptions

 ✓ |core| tests/tenancy/external.spec.ts (3 tests) 5ms
 ✓ |core| tests/schemas/address.test.ts (4 tests) 5ms
 ✓ |core| tests/schemas/classification.test.ts (5 tests) 5ms
 ✓ |core| tests/accounts/account-archetypes.spec.ts (12 tests) 4ms
 ✓ |core| packages/mcp-server/test/contracts/dsl-version.spec.ts (8 tests) 4ms
 ✓ |core| tests/viz/integration/spatial-crossfilter.test.ts (5 tests) 3ms
 ✓ |core| packages/mcp-server/test/codegen/styling-mode-coverage.spec.ts (54 tests) 4ms
 ✓ |core| tests/parsers/ts-parser.test.ts (7 tests) 4ms
 ✓ |core| tests/traits/preferenceable/dual-write-migration.test.ts (2 tests) 4ms
 ✓ |core| packages/mcp-adapter/sanitize-schema.test.js (27 tests) 4ms
 ✓ |core| tests/system-protocols/semantic-protocol.test.ts (3 tests) 5ms
 ✓ |core| packages/mcp-server/test/a2ui-host-conformance/host-conformance-emitter.spec.ts (32 tests) 4ms
 ✓ |core| tests/traits/viz/spatial/layered-overlay.test.ts (25 tests) 5ms
 ✓ |core| tests/viz/echarts-interactions.test.ts (5 tests) 5ms
 ✓ |core| tests/traits/viz/spatial/has-projection.test.ts (19 tests) 5ms
 ✓ |core| tests/database/authz-migrations.test.ts (6 tests) 5ms
 ✓ |core| tests/view/compositor/composeExtensions.test.ts (6 tests) 5ms
 ✓ |core| tests/traits/communication/schema-registry.test.ts (3 tests) 4ms
 ✓ |core| packages/mcp-server/test/render/css-extractor.spec.ts (3 tests) 3ms
 ✓ |core| tests/styles/view-context-collapse.test.ts (13 tests) 4ms
 ✓ |core| tests/traits/viz/spatial/spatial-composition.test.ts (15 tests) 4ms
 ✓ |core| tests/mcp/bridge-policy-and-tool-names.test.ts (3 tests) 3ms
 ✓ |core| tests/traits/communication/policy-builder.test.ts (3 tests) 4ms
 ✓ |core| tests/mcp/agent-panel-tool-surface.test.ts (1 test) 3ms
 ✓ |core| tests/viz/layout/keyboard-nav.test.ts (3 tests) 4ms
 ✓ |core| tests/viz/spatial/geo-data-joiner.test.ts (13 tests) 3ms
 ✓ |core| tests/parsers/index.test.ts (5 tests) 3ms
 ✓ |core| tests/compositor/withStatusBadge.modifier.test.ts (6 tests) 3ms
 ✓ |core| tests/viz/adapters/echarts/treemap-adapter.test.ts (2 tests) 3ms
 ✓ |core| tests/verification/generated-docs-ci.s196.test.ts (2 tests) 2ms
 ✓ |core| packages/mcp-server/test/product-reality/soak-observation.s195.spec.ts (13 tests) 3ms
 ✓ |core| tests/viz/integration/renderer-selection-spatial.test.ts (5 tests) 3ms
 ✓ |core| packages/mcp-server/test/tools/dashboard-contrast-alpha-s170.spec.ts (7 tests) 3ms
 ✓ |core| tests/view/extensions.test.ts (6 tests) 3ms
 ✓ |core| tests/cli/spatial-detection.test.ts (4 tests) 2ms
 ✓ |core| tests/view/compositor/modifierPurity.test.ts (5 tests) 2ms
 ✓ |core| tests/verification/storybook-chrome.s201.test.ts (2 tests) 2ms
 ✓ |core| tests/viz/resolver/network-flow-resolver.test.ts (6 tests) 3ms
 ✓ |core| tests/database/authz-seeds.test.ts (3 tests) 3ms
 ✓ |core| tests/viz/patterns/pattern-library-v2.test.ts (6 tests) 3ms
 ✓ |core| tests/verification/standing-rules.contract.test.ts (4 tests) 4ms
 ✓ |core| tests/traits/communication/channel-resolver.test.ts (3 tests) 2ms
 ✓ |core| tests/viz/patterns/suggest-chart.test.ts (4 tests) 4ms
 ✓ |core| packages/mcp-server/test/render/viz-area-svg.spec.ts (1 test) 5ms
 ✓ |core| tests/viz/adapters/echarts/sunburst-adapter.test.ts (2 tests) 3ms
 ✓ |core| packages/mcp-server/test/compose/viz-auto-binding.spec.ts (5 tests) 3ms
 ✓ |core| tests/verification/regions.contract.test.ts (3 tests) 2ms
 ✓ |core| packages/mcp-server/test/tools/cvd-machado.spec.ts (8 tests) 3ms
 ✓ |core| tests/viz/renderer-selector.test.ts (7 tests) 2ms
 ✓ |core| tests/engine/contributions.registry.spec.ts (3 tests) 3ms
 ✓ |core| packages/mcp-server/test/contracts/tool.registry.spec.ts (3 tests) 2ms
 ✓ |core| tests/viz/stack-transform.test.ts (2 tests) 2ms
 ✓ |core| tests/verification/ci-token-governance-event.contract.test.ts (2 tests) 2ms
 ✓ |core| packages/mcp-server/test/contracts/artifact-certify-render-prose.s179.spec.ts (13 tests) 2ms
 ✓ |core| tests/validation/reporters.test.ts (3 tests) 2ms
 ✓ |core| tests/verification/runtime-placement-ci.s195.test.ts (3 tests) 3ms
 ✓ |core| tests/traits/addressable/format-templates.test.ts (4 tests) 2ms
 ✓ |core| tests/viz/patterns/suggest-chart-v2.test.ts (2 tests) 2ms
 ✓ |core| packages/mcp-server/test/compose/position-affinity.spec.ts (5 tests) 2ms
 ✓ |core| tests/verification/pkg-compat-workflow.contract.test.ts (2 tests) 2ms
 ✓ |core| tests/verification/docs.contract.test.ts (2 tests) 2ms
 ✓ |core| tests/traits/preferenceable/migration-logger.test.ts (1 test) 2ms
 ✓ |core| tests/cli/spatial-scaffold.test.ts (2 tests) 1ms
 ✓ |core| tests/verification/runtime-executable-boundary.s191.test.ts (7 tests) 1ms
 ✓ |core| tests/view/context.test.ts (2 tests) 1ms
 ↓ |core| packages/mcp-server/test/e2e/stage1-rollups.e2e.spec.ts (7 tests | 7 skipped)
 ✓ |core| tests/viz/spatial/performance.test.tsx (3 tests) 437ms
 ✓ |core| tests/components/preferences/PreferenceForm.test.tsx (4 tests) 533ms
 ✓ |core| tests/components/viz/ScatterChart.test.tsx (2 tests) 373ms
 ✓ |core| tests/components/preferences/PreferenceForm.a11y.test.tsx (1 test) 300ms
 ✓ |core| tests/components/toast.spec.tsx (17 tests) 387ms
   ✓ ToastPortal > removes toasts after dismissal  311ms
 ✓ |core| tests/components/breadcrumbs.spec.tsx (32 tests) 311ms
 ✓ |core| tests/components/viz/ScatterChart.a11y.test.tsx (1 test) 151ms
 ✓ |core| tests/components/viz/VizFacetGrid.test.tsx (3 tests) 289ms
 ✓ |core| tests/viz/hooks/useSpatialSpec.test.ts (5 tests) 290ms
 ✓ |core| tests/components/tabs.spec.tsx (24 tests) 261ms
 ✓ |core| tests/components/viz/Heatmap.test.tsx (3 tests) 235ms
 ✓ |core| tests/components/viz/VizFacetGrid.a11y.test.tsx (1 test) 189ms
 ✓ |core| tests/components/authz/MembershipManager.a11y.test.tsx (2 tests) 158ms
 ✓ |core| tests/traits/preferenceable/rjsf-integration.test.tsx (2 tests) 242ms
 ✓ |core| tests/components/viz/a11y/a11y-fallbacks.test.tsx (5 tests) 78ms
 ✓ |core| tests/apps/playground.app.test.tsx (2 tests) 200ms
 ✓ |core| tests/components/classification/CategoryPicker.test.tsx (4 tests) 217ms
 ✓ |core| tests/components/pagination.spec.tsx (33 tests) 205ms
 ✓ |core| tests/components/classification/TagInput.test.tsx (4 tests) 183ms
 ✓ |core| tests/components/viz/BarChart.test.tsx (2 tests) 181ms
 ✓ |core| tests/components/viz/Heatmap.a11y.test.tsx (1 test) 163ms
 ✓ |core| tests/components/preferences/NotificationMatrix.test.tsx (3 tests) 165ms
 ✓ |core| tests/components/viz/LineChart.test.tsx (3 tests) 187ms
 ✓ |core| tests/viz/spatial/a11y-integration.test.tsx (4 tests) 182ms
 ✓ |core| tests/components/viz/spatial/ChoroplethMap.test.tsx (15 tests) 163ms
 ✓ |core| tests/components/viz/VizLayeredView.a11y.test.tsx (1 test) 168ms
 ✓ |core| tests/components/addresses/address-form.a11y.test.tsx (1 test) 123ms
 ✓ |core| tests/components/viz/LineChart.a11y.test.tsx (1 test) 155ms
 ✓ |core| tests/components/addresses/address-form.test.tsx (4 tests) 192ms
 ✓ |core| tests/viz/spatial/e2e-spatial.test.tsx (3 tests) 194ms
 ✓ |core| tests/components/viz/AreaChart.test.tsx (3 tests) 151ms
 ✓ |core| tests/components/viz/VizLayeredView.test.tsx (2 tests) 146ms
 ✓ |core| tests/components/viz/BarChart.a11y.test.tsx (1 test) 138ms
 ✓ |core| tests/components/classification/CategoryTree.test.tsx (4 tests) 134ms
 ✓ |core| tests/components/viz/Heatmap.visualmap-dimension-s166.test.tsx (2 tests) 144ms
 ✓ |core| tests/components/viz/spatial/BubbleMap.a11y.test.tsx (3 tests) 76ms
 ✓ |core| tests/components/viz/AreaChart.a11y.test.tsx (1 test) 106ms
 ✓ |core| tests/components/viz/ForceGraph.test.tsx (10 tests) 76ms
 ✓ |core| tests/components/empty-state.spec.tsx (12 tests) 87ms
 ✓ |core| tests/panel/artifact-list.test.tsx (2 tests) 104ms
 ✓ |core| tests/components/viz/Sankey.test.tsx (12 tests) 109ms
 ✓ |core| tests/panel/diff-viewer.test.tsx (3 tests) 90ms
 ✓ |core| tests/components/viz/spatial/ChoroplethMap.a11y.test.tsx (11 tests) 111ms
 ✓ |core| tests/components/authz/RolePermissionMatrix.test.tsx (3 tests) 223ms
 ✓ |core| tests/components/communication/MessageTimeline.test.tsx (3 tests) 90ms
 ✓ |core| tests/components/classification/CategoryTree.a11y.test.tsx (1 test) 84ms
 ✓ |core| tests/components/viz/spatial/AccessibleMapFallback.test.tsx (3 tests) 79ms
 ✓ |core| tests/components/viz/spatial/SpatialContainer.a11y.test.tsx (6 tests) 78ms
 ✓ |core| tests/components/addresses/address-display.test.tsx (3 tests) 127ms
 ✓ |core| tests/components/viz/Sunburst.test.tsx (7 tests) 60ms
 ✓ |core| tests/components/context-panel-drawer.test.tsx (5 tests) 80ms
 ✓ |core| tests/components/viz/Treemap.test.tsx (9 tests) 67ms
 ✓ |core| tests/components/classification/TagInput.a11y.test.tsx (1 test) 69ms
 ✓ |core| tests/components/viz/spatial/BubbleMap.renderers.test.tsx (2 tests) 70ms
 ✓ |core| tests/components/communication/ConversationThread.test.tsx (2 tests) 64ms
 ✓ |core| tests/components/viz/spatial/MapLegend.test.tsx (3 tests) 143ms
 ✓ |core| tests/components/communication/DeliveryHealthWidget.test.tsx (1 test) 77ms
 ✓ |core| tests/components/viz/spatial/spatial-integration.test.tsx (2 tests) 78ms
 ✓ |core| tests/components/communication/ChannelPlanEditor.test.tsx (2 tests) 66ms
 ✓ |core| tests/components/viz/spatial/SpatialContainer.test.tsx (7 tests) 75ms
 ✓ |core| tests/viz/spatial/adapter-parity.test.ts (2 tests) 71ms
 ✓ |core| tests/base/toast.test.tsx (3 tests) 51ms
 ✓ |core| tests/components/viz/spatial/BubbleMap.test.tsx (6 tests) 47ms
 ✓ |core| tests/overlays/manager.edges.spec.tsx (4 tests) 46ms
 ✓ |core| tests/traits/SaaSBilling.payable.spec.tsx (4 tests) 36ms
 ✓ |core| tests/components/viz/spatial/MapControls.test.tsx (3 tests) 35ms
 ✓ |core| tests/traits/SaaSBilling.refundable.spec.tsx (2 tests) 34ms
 ✓ |core| tests/hooks/useMessages.test.tsx (1 test) 29ms
 ✓ |core| tests/components/viz/SharedLegend.test.tsx (2 tests) 21ms
 ✓ |core| tests/components/viz/spatial/keyboard-nav.test.tsx (3 tests) 18ms
 ✓ |core| tests/viz/hooks/useSpatialProjection.test.ts (6 tests) 14ms
 ✓ |core| tests/viz/hooks.test.tsx (5 tests) 13ms
 ✓ |core| tests/components/viz/spatial/BubbleMapClustering.test.tsx (3 tests) 13ms
 ✓ |core| tests/views/view-profiles.spec.tsx (2 tests) 13ms
 ✓ |core| tests/hooks/useConversations.test.tsx (1 test) 11ms
 ✓ |core| tests/hooks/useDeliveryStatus.test.tsx (1 test) 11ms
 ✓ |core| tests/components/viz/spatial/projection-utils.test.ts (9 tests) 4ms
 ✓ |core| tests/components/viz/spatial/layer-utils.test.ts (10 tests) 9ms
 ✓ |core| packages/mcp-server/test/a2ui-host-conformance/host-conformance-render.spec.ts (51 tests) 66ms

 Test Files  668 passed | 1 skipped (669)
      Tests  7565 passed | 16 skipped (7581)
   Start at  18:42:13
   Duration  960.04s (transform 9.08s, setup 0ms, collect 125.11s, tests 719.81s, environment 18.19s, prepare 27.06s)

JSON report written to /var/folders/gd/rty3217130vdbr9_q713nvg80000gn/T/oods-s185-m01-baseline-rWr1ou/run-1-root-core.json

[stderr]
stderr | tests/viz/mark-options-schema-validity-s167.test.ts
unknown format "color-hex" ignored in schema at path "#/definitions/HexColor"
unknown format "color-hex" ignored in schema at path "#/definitions/HexColor"
unknown format "color-hex" ignored in schema at path "#/definitions/HexColor"
unknown format "color-hex" ignored in schema at path "#/definitions/HexColor"

stderr | packages/mcp-server/test/product-reality/viz-recipes.s193.spec.ts > visualization recipes use the public renderer input and pixels > scatter opacity changes both renderer outputs and retains normalized intent
Boolean type for boundaryGap is only allowed for ordinal axis. Please use string in percentage instead, e.g., "20%". Currently, boundaryGap is set to be 0.
Boolean type for boundaryGap is only allowed for ordinal axis. Please use string in percentage instead, e.g., "20%". Currently, boundaryGap is set to be 0.

stderr | tests/viz/adapters/spatial/vega-lite-spatial-adapter.test.ts
unknown format "color-hex" ignored in schema at path "#/definitions/HexColor"
unknown format "color-hex" ignored in schema at path "#/definitions/HexColor"

stderr | tests/components/toast.spec.tsx > toast service > subscriptions and helpers > exposes useToastQueue hook to subscribers
An update to HookProbe inside a test was not wrapped in act(...).

When testing, code that causes React state updates should be wrapped into act(...):

act(() => {
  /* fire events that update state */
});
/* assert on the output */

This ensures that you're testing the behavior the user would see in the browser. Learn more at https://react.dev/link/wrap-tests-with-act

stderr | tests/components/toast.spec.tsx > ToastPortal > renders role=status toasts from the queue
An update to OODS.ToastPortal inside a test was not wrapped in act(...).

When testing, code that causes React state updates should be wrapped into act(...):

act(() => {
  /* fire events that update state */
});
/* assert on the output */

This ensures that you're testing the behavior the user would see in the browser. Learn more at https://react.dev/link/wrap-tests-with-act

stderr | tests/components/toast.spec.tsx > ToastPortal > stacks multiple toasts without exceeding maxVisible
An update to OODS.ToastPortal inside a test was not wrapped in act(...).

When testing, code that causes React state updates should be wrapped into act(...):

act(() => {
  /* fire events that update state */
});
/* assert on the output */

This ensures that you're testing the behavior the user would see in the browser. Learn more at https://react.dev/link/wrap-tests-with-act

stderr | tests/components/toast.spec.tsx > ToastPortal > applies position modifiers for placement
An update to OODS.ToastPortal inside a test was not wrapped in act(...).

When testing, code that causes React state updates should be wrapped into act(...):

act(() => {
  /* fire events that update state */
});
/* assert on the output */

This ensures that you're testing the behavior the user would see in the browser. Learn more at https://react.dev/link/wrap-tests-with-act

stderr | tests/components/toast.spec.tsx > ToastPortal > removes toasts after dismissal
An update to OODS.ToastPortal inside a test was not wrapped in act(...).

When testing, code that causes React state updates should be wrapped into act(...):

act(() => {
  /* fire events that update state */
});
/* assert on the output */

This ensures that you're testing the behavior the user would see in the browser. Learn more at https://react.dev/link/wrap-tests-with-act

stderr | tests/components/toast.spec.tsx > ToastPortal > renders action buttons when provided
An update to OODS.ToastPortal inside a test was not wrapped in act(...).

When testing, code that causes React state updates should be wrapped into act(...):

act(() => {
  /* fire events that update state */
});
/* assert on the output */

This ensures that you're testing the behavior the user would see in the browser. Learn more at https://react.dev/link/wrap-tests-with-act

stderr | tests/components/toast.spec.tsx > ToastPortal > supports focus shortcut to highlight latest toast
An update to OODS.ToastPortal inside a test was not wrapped in act(...).

When testing, code that causes React state updates should be wrapped into act(...):

act(() => {
  /* fire events that update state */
});
/* assert on the output */

This ensures that you're testing the behavior the user would see in the browser. Learn more at https://react.dev/link/wrap-tests-with-act

stderr | packages/mcp-server/test/a2ui-host-conformance/host-conformance-render.spec.ts
Lit is in dev mode. Not recommended for production! See https://lit.dev/msg/dev-mode for more information.

