viz-determinism	Run FULL @oods/mcp-server suite (previously-dark colocated files)	﻿2026-09-10T06:24:30.8710537Z ##[group]Run pnpm --filter @oods/mcp-server test
viz-determinism	Run FULL @oods/mcp-server suite (previously-dark colocated files)	2026-09-10T06:24:30.8711248Z ^[[36;1mpnpm --filter @oods/mcp-server test^[[0m
viz-determinism	Run FULL @oods/mcp-server suite (previously-dark colocated files)	2026-09-10T06:24:30.8765494Z shell: /usr/bin/bash -e {0}
viz-determinism	Run FULL @oods/mcp-server suite (previously-dark colocated files)	2026-09-10T06:24:30.8765846Z env:
viz-determinism	Run FULL @oods/mcp-server suite (previously-dark colocated files)	2026-09-10T06:24:30.8766317Z   NODE_VERSION: 24
viz-determinism	Run FULL @oods/mcp-server suite (previously-dark colocated files)	2026-09-10T06:24:30.8766648Z   PNPM_HOME: /home/runner/setup-pnpm/node_modules/.bin
viz-determinism	Run FULL @oods/mcp-server suite (previously-dark colocated files)	2026-09-10T06:24:30.8767018Z ##[endgroup]
viz-determinism	Run FULL @oods/mcp-server suite (previously-dark colocated files)	2026-09-10T06:24:31.3934015Z 
viz-determinism	Run FULL @oods/mcp-server suite (previously-dark colocated files)	2026-09-10T06:24:31.3935354Z > @oods/mcp-server@0.1.0 test /home/runner/work/OODS-Forge/OODS-Forge/packages/mcp-server
viz-determinism	Run FULL @oods/mcp-server suite (previously-dark colocated files)	2026-09-10T06:24:31.3936621Z > vitest run
viz-determinism	Run FULL @oods/mcp-server suite (previously-dark colocated files)	2026-09-10T06:24:31.3937177Z 
viz-determinism	Run FULL @oods/mcp-server suite (previously-dark colocated files)	2026-09-10T06:24:31.7931783Z 
viz-determinism	Run FULL @oods/mcp-server suite (previously-dark colocated files)	2026-09-10T06:24:31.7933763Z ^[[1m^[[46m RUN ^[[49m^[[22m ^[[36mv3.2.4 ^[[39m^[[90m/home/runner/work/OODS-Forge/OODS-Forge/packages/mcp-server^[[39m
viz-determinism	Run FULL @oods/mcp-server suite (previously-dark colocated files)	2026-09-10T06:24:31.8048778Z 
viz-determinism	Run FULL @oods/mcp-server suite (previously-dark colocated files)	2026-09-10T06:24:35.7332048Z  ^[[32m✓^[[39m test/tools/artifact.certify.spec.ts ^[[2m(^[[22m^[[2m72 tests^[[22m^[[2m)^[[22m^[[33m 1627^[[2mms^[[22m^[[39m
viz-determinism	Run FULL @oods/mcp-server suite (previously-dark colocated files)	2026-09-10T06:24:35.7334753Z    ^[[33m^[[2m✓^[[22m^[[39m artifact.certify — conformance verdict (cartesian)^[[2m > ^[[22ma conformant cartesian IR → certified, conformant:true, no findings, stable contentHash ^[[33m 336^[[2mms^[[22m^[[39m
viz-determinism	Run FULL @oods/mcp-server suite (previously-dark colocated files)	2026-09-10T06:24:37.9701851Z  ^[[32m✓^[[39m src/tools/dashboard.render.test.ts ^[[2m(^[[22m^[[2m58 tests^[[22m^[[2m)^[[22m^[[33m 1430^[[2mms^[[22m^[[39m
viz-determinism	Run FULL @oods/mcp-server suite (previously-dark colocated files)	2026-09-10T06:24:37.9703801Z    ^[[33m^[[2m✓^[[22m^[[39m dashboard.render — output.html export (sprint-115 m03)^[[2m > ^[[22mcomposes a self-contained, AJV-valid HTML document when output.html=true ^[[33m 872^[[2mms^[[22m^[[39m
viz-determinism	Run FULL @oods/mcp-server suite (previously-dark colocated files)	2026-09-10T06:24:38.5177133Z  ^[[32m✓^[[39m test/contracts/dtcg-intake.s180.spec.ts ^[[2m(^[[22m^[[2m21 tests^[[22m^[[2m)^[[22m^[[32m 190^[[2mms^[[22m^[[39m
viz-determinism	Run FULL @oods/mcp-server suite (previously-dark colocated files)	2026-09-10T06:24:39.2331293Z  ^[[32m✓^[[39m src/render/component-map.test.ts ^[[2m(^[[22m^[[2m108 tests^[[22m^[[2m)^[[22m^[[32m 66^[[2mms^[[22m^[[39m
viz-determinism	Run FULL @oods/mcp-server suite (previously-dark colocated files)	2026-09-10T06:24:39.7567060Z  ^[[32m✓^[[39m test/a11y/a11y.contract.spec.ts ^[[2m(^[[22m^[[2m20 tests^[[22m^[[2m)^[[22m^[[32m 59^[[2mms^[[22m^[[39m
viz-determinism	Run FULL @oods/mcp-server suite (previously-dark colocated files)	2026-09-10T06:24:40.0028022Z  ^[[32m✓^[[39m src/stage1/capability-normalizer.test.ts ^[[2m(^[[22m^[[2m14 tests^[[22m^[[2m)^[[22m^[[32m 9^[[2mms^[[22m^[[39m
viz-determinism	Run FULL @oods/mcp-server suite (previously-dark colocated files)	2026-09-10T06:24:41.9704665Z  ^[[32m✓^[[39m src/tools/dashboard.render.fidelity.test.ts ^[[2m(^[[22m^[[2m17 tests^[[22m^[[2m)^[[22m^[[33m 1350^[[2mms^[[22m^[[39m
viz-determinism	Run FULL @oods/mcp-server suite (previously-dark colocated files)	2026-09-10T06:24:41.9707458Z    ^[[33m^[[2m✓^[[22m^[[39m dashboard.render output.html export goldens (sprint-115 m05)^[[2m > ^[[22mthe output.html=true HTML export matches the committed golden (SVG panels + KPI + geo chart + inlined tokens + narrative) ^[[33m 870^[[2mms^[[22m^[[39m
viz-determinism	Run FULL @oods/mcp-server suite (previously-dark colocated files)	2026-09-10T06:24:43.7384964Z  ^[[32m✓^[[39m src/tools/dashboard.render.faostat-e2e.test.ts ^[[2m(^[[22m^[[2m11 tests^[[22m^[[2m)^[[22m^[[33m 944^[[2mms^[[22m^[[39m
viz-determinism	Run FULL @oods/mcp-server suite (previously-dark colocated files)	2026-09-10T06:24:43.7387608Z    ^[[33m^[[2m✓^[[22m^[[39m FAOSTAT agent pipeline — viz.render + dashboard.render run end-to-end on a real slice^[[2m > ^[[22mdashboard.render composes the KPI + geo source + HTML export pipeline on FAOSTAT rows ^[[33m 864^[[2mms^[[22m^[[39m
viz-determinism	Run FULL @oods/mcp-server suite (previously-dark colocated files)	2026-09-10T06:24:44.5907851Z  ^[[32m✓^[[39m src/tools/viz.render.test.ts ^[[2m(^[[22m^[[2m113 tests^[[22m^[[2m)^[[22m^[[32m 114^[[2mms^[[22m^[[39m
viz-determinism	Run FULL @oods/mcp-server suite (previously-dark colocated files)	2026-09-10T06:24:45.5274618Z  ^[[32m✓^[[39m test/product-reality/closeout-ledger.s185.spec.ts ^[[2m(^[[22m^[[2m60 tests^[[22m^[[2m)^[[22m^[[33m 520^[[2mms^[[22m^[[39m
viz-determinism	Run FULL @oods/mcp-server suite (previously-dark colocated files)	2026-09-10T06:24:46.3324479Z  ^[[32m✓^[[39m test/contracts/mapping.spec.ts ^[[2m(^[[22m^[[2m65 tests^[[22m^[[2m)^[[22m^[[33m 347^[[2mms^[[22m^[[39m
viz-determinism	Run FULL @oods/mcp-server suite (previously-dark colocated files)	2026-09-10T06:24:46.9597483Z  ^[[32m✓^[[39m test/contracts/repl.tools.spec.ts ^[[2m(^[[22m^[[2m39 tests^[[22m^[[2m)^[[22m^[[32m 55^[[2mms^[[22m^[[39m
viz-determinism	Run FULL @oods/mcp-server suite (previously-dark colocated files)	2026-09-10T06:24:47.4493958Z  ^[[32m✓^[[39m src/tools/__tests__/pipeline.test.ts ^[[2m(^[[22m^[[2m57 tests^[[22m^[[2m)^[[22m^[[32m 84^[[2mms^[[22m^[[39m
viz-determinism	Run FULL @oods/mcp-server suite (previously-dark colocated files)	2026-09-10T06:24:55.0703099Z  ^[[32m✓^[[39m test/codegen/cross-framework-parity.spec.ts ^[[2m(^[[22m^[[2m50 tests^[[22m^[[2m)^[[22m^[[33m 6686^[[2mms^[[22m^[[39m
viz-determinism	Run FULL @oods/mcp-server suite (previously-dark colocated files)	2026-09-10T06:24:55.0705254Z    ^[[33m^[[2m✓^[[22m^[[39m Sprint 182 bounded framework normalization^[[2m > ^[[22mlowers Tabs child panel subtrees onto each target panel surface ^[[33m 1593^[[2mms^[[22m^[[39m
viz-determinism	Run FULL @oods/mcp-server suite (previously-dark colocated files)	2026-09-10T06:24:55.0710291Z    ^[[33m^[[2m✓^[[22m^[[39m Sprint 182 bounded framework normalization^[[2m > ^[[22mpreserves normalized Card body and active state when deriving Tabs items ^[[33m 1014^[[2mms^[[22m^[[39m
viz-determinism	Run FULL @oods/mcp-server suite (previously-dark colocated files)	2026-09-10T06:24:55.0712885Z    ^[[33m^[[2m✓^[[22m^[[39m Sprint 182 bounded framework normalization^[[2m > ^[[22mbinds Badge and Button fields through their supported content prop ^[[33m 795^[[2mms^[[22m^[[39m
viz-determinism	Run FULL @oods/mcp-server suite (previously-dark colocated files)	2026-09-10T06:24:55.0714991Z    ^[[33m^[[2m✓^[[22m^[[39m Sprint 182 bounded framework normalization^[[2m > ^[[22mescapes React scalar props, ids, styles, and comments as source data ^[[33m 714^[[2mms^[[22m^[[39m
viz-determinism	Run FULL @oods/mcp-server suite (previously-dark colocated files)	2026-09-10T06:24:55.0716596Z    ^[[33m^[[2m✓^[[22m^[[39m Sprint 182 bounded framework normalization^[[2m > ^[[22mpreserves Text and Input field bindings inside section wrappers ^[[33m 710^[[2mms^[[22m^[[39m
viz-determinism	Run FULL @oods/mcp-server suite (previously-dark colocated files)	2026-09-10T06:24:55.0717974Z    ^[[33m^[[2m✓^[[22m^[[39m Sprint 182 bounded framework normalization^[[2m > ^[[22mbinds DatePicker, Textarea, and Checkbox through target-supported values ^[[33m 742^[[2mms^[[22m^[[39m
viz-determinism	Run FULL @oods/mcp-server suite (previously-dark colocated files)	2026-09-10T06:24:55.0719654Z    ^[[33m^[[2m✓^[[22m^[[39m Sprint 182 bounded framework normalization^[[2m > ^[[22mserializes hostile Tailwind variant values without breaking either compiler ^[[33m 432^[[2mms^[[22m^[[39m
viz-determinism	Run FULL @oods/mcp-server suite (previously-dark colocated files)	2026-09-10T06:24:55.0721932Z    ^[[33m^[[2m✓^[[22m^[[39m Sprint 182 bounded framework normalization^[[2m > ^[[22mresolves the declared cva dependency for supported activated variants ^[[33m 636^[[2mms^[[22m^[[39m
viz-determinism	Run FULL @oods/mcp-server suite (previously-dark colocated files)	2026-09-10T06:24:56.5702544Z  ^[[32m✓^[[39m test/product-reality/validation-profiles.s183.spec.ts ^[[2m(^[[22m^[[2m73 tests^[[22m^[[2m)^[[22m^[[33m 309^[[2mms^[[22m^[[39m
viz-determinism	Run FULL @oods/mcp-server suite (previously-dark colocated files)	2026-09-10T06:24:59.7619013Z  ^[[32m✓^[[39m test/product-reality/closeout.s184.spec.ts ^[[2m(^[[22m^[[2m10 tests^[[22m^[[2m)^[[22m^[[33m 2909^[[2mms^[[22m^[[39m
viz-determinism	Run FULL @oods/mcp-server suite (previously-dark colocated files)	2026-09-10T06:24:59.7620992Z    ^[[33m^[[2m✓^[[22m^[[39m Sprint 184 M07 closeout accounting^[[2m > ^[[22maccounts for added and removed suite files and independently audits every claim ^[[33m 342^[[2mms^[[22m^[[39m
viz-determinism	Run FULL @oods/mcp-server suite (previously-dark colocated files)	2026-09-10T06:24:59.7622578Z    ^[[33m^[[2m✓^[[22m^[[39m Sprint 184 M07 closeout accounting^[[2m > ^[[22mrejects CMOS text drift and any frozen evidence path that is missing ^[[33m 305^[[2mms^[[22m^[[39m
viz-determinism	Run FULL @oods/mcp-server suite (previously-dark colocated files)	2026-09-10T06:24:59.7624191Z    ^[[33m^[[2m✓^[[22m^[[39m Sprint 184 M07 closeout accounting^[[2m > ^[[22mrejects malformed frozen reconnect evidence despite a passed criterion 7 manifest status ^[[33m 350^[[2mms^[[22m^[[39m
viz-determinism	Run FULL @oods/mcp-server suite (previously-dark colocated files)	2026-09-10T06:24:59.7625871Z    ^[[33m^[[2m✓^[[22m^[[39m Sprint 184 M07 closeout accounting^[[2m > ^[[22maccepts collection-only populations only when they reconcile to executed historical totals ^[[33m 454^[[2mms^[[22m^[[39m
viz-determinism	Run FULL @oods/mcp-server suite (previously-dark colocated files)	2026-09-10T06:24:59.7628396Z    ^[[33m^[[2m✓^[[22m^[[39m Sprint 184 M07 closeout accounting^[[2m > ^[[22muses frozen commit bytes rather than mutable working-tree bytes ^[[33m 454^[[2mms^[[22m^[[39m
viz-determinism	Run FULL @oods/mcp-server suite (previously-dark colocated files)	2026-09-10T06:25:00.5592220Z  ^[[32m✓^[[39m src/tools/dashboard.render.measure-depth.test.ts ^[[2m(^[[22m^[[2m33 tests^[[22m^[[2m)^[[22m^[[32m 50^[[2mms^[[22m^[[39m
viz-determinism	Run FULL @oods/mcp-server suite (previously-dark colocated files)	2026-09-10T06:25:01.9934254Z  ^[[32m✓^[[39m test/product-reality/breadth-live-generation.s186.spec.ts ^[[2m(^[[22m^[[2m117 tests^[[22m^[[2m)^[[22m^[[33m 390^[[2mms^[[22m^[[39m
viz-determinism	Run FULL @oods/mcp-server suite (previously-dark colocated files)	2026-09-10T06:25:03.1498346Z  ^[[32m✓^[[39m src/codegen/artifact-envelope.test.ts ^[[2m(^[[22m^[[2m26 tests^[[22m^[[2m)^[[22m^[[32m 205^[[2mms^[[22m^[[39m
viz-determinism	Run FULL @oods/mcp-server suite (previously-dark colocated files)	2026-09-10T06:25:04.6123033Z  ^[[32m✓^[[39m test/product-reality/suite-accounting.s185.spec.ts ^[[2m(^[[22m^[[2m20 tests^[[22m^[[2m)^[[22m^[[33m 1203^[[2mms^[[22m^[[39m
viz-determinism	Run FULL @oods/mcp-server suite (previously-dark colocated files)	2026-09-10T06:25:04.6126251Z    ^[[33m^[[2m✓^[[22m^[[39m Sprint 185 four-suite accounting counts executions and explains population movement^[[2m > ^[[22mcannot reuse an old baseline execution as the newly measured closeout run ^[[33m 835^[[2mms^[[22m^[[39m
viz-determinism	Run FULL @oods/mcp-server suite (previously-dark colocated files)	2026-09-10T06:25:05.3295370Z  ^[[32m✓^[[39m test/product-reality/closeout.s183.spec.ts ^[[2m(^[[22m^[[2m7 tests^[[22m^[[2m)^[[22m^[[33m 397^[[2mms^[[22m^[[39m
viz-determinism	Run FULL @oods/mcp-server suite (previously-dark colocated files)	2026-09-10T06:25:06.0717575Z  ^[[32m✓^[[39m test/contracts/stage1-integration.spec.ts ^[[2m(^[[22m^[[2m32 tests^[[22m^[[2m)^[[22m^[[32m 226^[[2mms^[[22m^[[39m
viz-determinism	Run FULL @oods/mcp-server suite (previously-dark colocated files)	2026-09-10T06:25:07.3539965Z  ^[[32m✓^[[39m test/tools/certify-contrast.spec.ts ^[[2m(^[[22m^[[2m26 tests^[[22m^[[2m)^[[22m^[[33m 728^[[2mms^[[22m^[[39m
viz-determinism	Run FULL @oods/mcp-server suite (previously-dark colocated files)	2026-09-10T06:25:09.8184289Z  ^[[32m✓^[[39m test/contracts/catalog.list.spec.ts ^[[2m(^[[22m^[[2m30 tests^[[22m^[[2m)^[[22m^[[33m 1602^[[2mms^[[22m^[[39m
viz-determinism	Run FULL @oods/mcp-server suite (previously-dark colocated files)	2026-09-10T06:25:10.7178835Z  ^[[32m✓^[[39m test/product-reality/reconnect.s184.spec.ts ^[[2m(^[[22m^[[2m13 tests^[[22m^[[2m)^[[22m^[[33m 637^[[2mms^[[22m^[[39m
viz-determinism	Run FULL @oods/mcp-server suite (previously-dark colocated files)	2026-09-10T06:25:11.0112162Z  ^[[32m✓^[[39m test/render/fragment-edge-cases.spec.ts ^[[2m(^[[22m^[[2m48 tests^[[22m^[[2m)^[[22m^[[32m 26^[[2mms^[[22m^[[39m
viz-determinism	Run FULL @oods/mcp-server suite (previously-dark colocated files)	2026-09-10T06:25:11.3169892Z  ^[[32m✓^[[39m test/render/xss-security.spec.ts ^[[2m(^[[22m^[[2m51 tests^[[22m^[[2m)^[[22m^[[32m 24^[[2mms^[[22m^[[39m
viz-determinism	Run FULL @oods/mcp-server suite (previously-dark colocated files)	2026-09-10T06:25:11.5789488Z  ^[[32m✓^[[39m test/compose/field-patterns.spec.ts ^[[2m(^[[22m^[[2m31 tests^[[22m^[[2m)^[[22m^[[32m 29^[[2mms^[[22m^[[39m
viz-determinism	Run FULL @oods/mcp-server suite (previously-dark colocated files)	2026-09-10T06:25:19.8651864Z ^[[90mstdout^[[2m | test/product-reality/typed-action-protocol.s183.spec.ts^[[2m > ^[[22m^[[2mSprint 183 M02 typed action protocol^[[2m > ^[[22m^[[2mcoerces numeric object fields before initializing string-semantic local state
viz-determinism	Run FULL @oods/mcp-server suite (previously-dark colocated files)	2026-09-10T06:25:19.8703212Z ^[[22m^[[39m[s183 vue-tsc action contract] {"typescript":true,"supplyActions":false,"omittedAction":null,"durationMs":5574.6,"status":0,"signal":null,"error":null}
viz-determinism	Run FULL @oods/mcp-server suite (previously-dark colocated files)	2026-09-10T06:25:19.8704579Z 
viz-determinism	Run FULL @oods/mcp-server suite (previously-dark colocated files)	2026-09-10T06:25:32.5309210Z ^[[90mstdout^[[2m | test/product-reality/typed-action-protocol.s183.spec.ts^[[2m > ^[[22m^[[2mSprint 183 M02 typed action protocol^[[2m > ^[[22m^[[2mVue typescript=$typescript requires every injected action
viz-determinism	Run FULL @oods/mcp-server suite (previously-dark colocated files)	2026-09-10T06:25:32.5322106Z ^[[22m^[[39m[s183 vue-tsc action contract] {"typescript":false,"supplyActions":false,"omittedAction":null,"durationMs":5829.7,"status":2,"signal":null,"error":null}
viz-determinism	Run FULL @oods/mcp-server suite (previously-dark colocated files)	2026-09-10T06:25:32.5323613Z 
viz-determinism	Run FULL @oods/mcp-server suite (previously-dark colocated files)	2026-09-10T06:25:38.5823067Z ^[[90mstdout^[[2m | test/product-reality/typed-action-protocol.s183.spec.ts^[[2m > ^[[22m^[[2mSprint 183 M02 typed action protocol^[[2m > ^[[22m^[[2mVue typescript=$typescript requires every injected action
viz-determinism	Run FULL @oods/mcp-server suite (previously-dark colocated files)	2026-09-10T06:25:38.5828279Z ^[[22m^[[39m[s183 vue-tsc action contract] {"typescript":false,"supplyActions":true,"omittedAction":null,"durationMs":6051.7,"status":0,"signal":null,"error":null}
viz-determinism	Run FULL @oods/mcp-server suite (previously-dark colocated files)	2026-09-10T06:25:38.5829738Z 
viz-determinism	Run FULL @oods/mcp-server suite (previously-dark colocated files)	2026-09-10T06:25:44.2464384Z ^[[90mstdout^[[2m | test/product-reality/typed-action-protocol.s183.spec.ts^[[2m > ^[[22m^[[2mSprint 183 M02 typed action protocol^[[2m > ^[[22m^[[2mVue typescript=$typescript requires every injected action
viz-determinism	Run FULL @oods/mcp-server suite (previously-dark colocated files)	2026-09-10T06:25:44.2483796Z ^[[22m^[[39m[s183 vue-tsc action contract] {"typescript":true,"supplyActions":false,"omittedAction":null,"durationMs":5656.6,"status":2,"signal":null,"error":null}
viz-determinism	Run FULL @oods/mcp-server suite (previously-dark colocated files)	2026-09-10T06:25:44.2485151Z 
viz-determinism	Run FULL @oods/mcp-server suite (previously-dark colocated files)	2026-09-10T06:25:49.9583947Z ^[[90mstdout^[[2m | test/product-reality/typed-action-protocol.s183.spec.ts^[[2m > ^[[22m^[[2mSprint 183 M02 typed action protocol^[[2m > ^[[22m^[[2mVue typescript=$typescript requires every injected action
viz-determinism	Run FULL @oods/mcp-server suite (previously-dark colocated files)	2026-09-10T06:25:49.9592218Z ^[[22m^[[39m[s183 vue-tsc action contract] {"typescript":true,"supplyActions":true,"omittedAction":null,"durationMs":5707.5,"status":0,"signal":null,"error":null}
viz-determinism	Run FULL @oods/mcp-server suite (previously-dark colocated files)	2026-09-10T06:25:49.9593418Z 
viz-determinism	Run FULL @oods/mcp-server suite (previously-dark colocated files)	2026-09-10T06:25:55.7929637Z ^[[90mstdout^[[2m | test/product-reality/typed-action-protocol.s183.spec.ts^[[2m > ^[[22m^[[2mSprint 183 M02 typed action protocol^[[2m > ^[[22m^[[2mVue TypeScript rejects each individually omitted domain action: handleActivate
viz-determinism	Run FULL @oods/mcp-server suite (previously-dark colocated files)	2026-09-10T06:25:55.7932907Z ^[[22m^[[39m[s183 vue-tsc action contract] {"typescript":true,"supplyActions":true,"omittedAction":"handleActivate","durationMs":5829.4,"status":2,"signal":null,"error":null}
viz-determinism	Run FULL @oods/mcp-server suite (previously-dark colocated files)	2026-09-10T06:25:55.7934245Z 
viz-determinism	Run FULL @oods/mcp-server suite (previously-dark colocated files)	2026-09-10T06:26:01.6680820Z ^[[90mstdout^[[2m | test/product-reality/typed-action-protocol.s183.spec.ts^[[2m > ^[[22m^[[2mSprint 183 M02 typed action protocol^[[2m > ^[[22m^[[2mVue TypeScript rejects each individually omitted domain action: handleRowActivate
viz-determinism	Run FULL @oods/mcp-server suite (previously-dark colocated files)	2026-09-10T06:26:01.6684347Z ^[[22m^[[39m[s183 vue-tsc action contract] {"typescript":true,"supplyActions":true,"omittedAction":"handleRowActivate","durationMs":5870,"status":2,"signal":null,"error":null}
viz-determinism	Run FULL @oods/mcp-server suite (previously-dark colocated files)	2026-09-10T06:26:01.6685420Z 
viz-determinism	Run FULL @oods/mcp-server suite (previously-dark colocated files)	2026-09-10T06:26:07.7664874Z ^[[90mstdout^[[2m | test/product-reality/typed-action-protocol.s183.spec.ts^[[2m > ^[[22m^[[2mSprint 183 M02 typed action protocol^[[2m > ^[[22m^[[2mVue TypeScript rejects each individually omitted domain action: handleSecondaryActivate
viz-determinism	Run FULL @oods/mcp-server suite (previously-dark colocated files)	2026-09-10T06:26:07.7668550Z ^[[22m^[[39m[s183 vue-tsc action contract] {"typescript":true,"supplyActions":true,"omittedAction":"handleSecondaryActivate","durationMs":6090.2,"status":2,"signal":null,"error":null}
viz-determinism	Run FULL @oods/mcp-server suite (previously-dark colocated files)	2026-09-10T06:26:07.7670520Z 
viz-determinism	Run FULL @oods/mcp-server suite (previously-dark colocated files)	2026-09-10T06:26:11.6193475Z  ^[[32m✓^[[39m test/product-reality/typed-action-protocol.s183.spec.ts ^[[2m(^[[22m^[[2m33 tests^[[22m^[[2m)^[[22m^[[33m 58971^[[2mms^[[22m^[[39m
viz-determinism	Run FULL @oods/mcp-server suite (previously-dark colocated files)	2026-09-10T06:26:11.6195299Z    ^[[33m^[[2m✓^[[22m^[[39m Sprint 183 M02 typed action protocol^[[2m > ^[[22mcoerces numeric object fields before initializing string-semantic local state ^[[33m 7122^[[2mms^[[22m^[[39m
viz-determinism	Run FULL @oods/mcp-server suite (previously-dark colocated files)	2026-09-10T06:26:11.6197473Z    ^[[33m^[[2m✓^[[22m^[[39m Sprint 183 M02 typed action protocol^[[2m > ^[[22mReact typescript=$typescript requires every injected action ^[[33m 1882^[[2mms^[[22m^[[39m
viz-determinism	Run FULL @oods/mcp-server suite (previously-dark colocated files)	2026-09-10T06:26:11.6199818Z    ^[[33m^[[2m✓^[[22m^[[39m Sprint 183 M02 typed action protocol^[[2m > ^[[22mReact typescript=$typescript requires every injected action ^[[33m 1838^[[2mms^[[22m^[[39m
viz-determinism	Run FULL @oods/mcp-server suite (previously-dark colocated files)	2026-09-10T06:26:11.6202235Z    ^[[33m^[[2m✓^[[22m^[[39m Sprint 183 M02 typed action protocol^[[2m > ^[[22mReact TypeScript rejects each individually omitted domain action ^[[33m 3109^[[2mms^[[22m^[[39m
viz-determinism	Run FULL @oods/mcp-server suite (previously-dark colocated files)	2026-09-10T06:26:11.6203897Z    ^[[33m^[[2m✓^[[22m^[[39m Sprint 183 M02 typed action protocol^[[2m > ^[[22mVue typescript=$typescript requires every injected action ^[[33m 11888^[[2mms^[[22m^[[39m
viz-determinism	Run FULL @oods/mcp-server suite (previously-dark colocated files)	2026-09-10T06:26:11.6205175Z    ^[[33m^[[2m✓^[[22m^[[39m Sprint 183 M02 typed action protocol^[[2m > ^[[22mVue typescript=$typescript requires every injected action ^[[33m 11374^[[2mms^[[22m^[[39m
viz-determinism	Run FULL @oods/mcp-server suite (previously-dark colocated files)	2026-09-10T06:26:11.6206860Z    ^[[33m^[[2m✓^[[22m^[[39m Sprint 183 M02 typed action protocol^[[2m > ^[[22mVue TypeScript rejects each individually omitted domain action: handleActivate ^[[33m 5836^[[2mms^[[22m^[[39m
viz-determinism	Run FULL @oods/mcp-server suite (previously-dark colocated files)	2026-09-10T06:26:11.6208302Z    ^[[33m^[[2m✓^[[22m^[[39m Sprint 183 M02 typed action protocol^[[2m > ^[[22mVue TypeScript rejects each individually omitted domain action: handleRowActivate ^[[33m 5875^[[2mms^[[22m^[[39m
viz-determinism	Run FULL @oods/mcp-server suite (previously-dark colocated files)	2026-09-10T06:26:11.6209728Z    ^[[33m^[[2m✓^[[22m^[[39m Sprint 183 M02 typed action protocol^[[2m > ^[[22mVue TypeScript rejects each individually omitted domain action: handleSecondaryActivate ^[[33m 6097^[[2mms^[[22m^[[39m
viz-determinism	Run FULL @oods/mcp-server suite (previously-dark colocated files)	2026-09-10T06:26:11.6211038Z    ^[[33m^[[2m✓^[[22m^[[39m Sprint 183 M02 typed action protocol^[[2m > ^[[22mVue JavaScript rejects each omitted action at runtime ^[[33m 3852^[[2mms^[[22m^[[39m
viz-determinism	Run FULL @oods/mcp-server suite (previously-dark colocated files)	2026-09-10T06:26:12.1778832Z  ^[[32m✓^[[39m test/compose/object-slot-filler.spec.ts ^[[2m(^[[22m^[[2m27 tests^[[22m^[[2m)^[[22m^[[32m 292^[[2mms^[[22m^[[39m
viz-determinism	Run FULL @oods/mcp-server suite (previously-dark colocated files)	2026-09-10T06:26:13.1713359Z  ^[[32m✓^[[39m test/compose/design-compose.spec.ts ^[[2m(^[[22m^[[2m48 tests^[[22m^[[2m)^[[22m^[[33m 553^[[2mms^[[22m^[[39m
viz-determinism	Run FULL @oods/mcp-server suite (previously-dark colocated files)	2026-09-10T06:26:14.1420018Z  ^[[32m✓^[[39m src/tools/__tests__/code.generate.test.ts ^[[2m(^[[22m^[[2m15 tests^[[22m^[[2m)^[[22m^[[32m 87^[[2mms^[[22m^[[39m
viz-determinism	Run FULL @oods/mcp-server suite (previously-dark colocated files)	2026-09-10T06:26:14.6287374Z  ^[[32m✓^[[39m test/contracts/map-apply.spec.ts ^[[2m(^[[22m^[[2m18 tests^[[22m^[[2m)^[[22m^[[32m 90^[[2mms^[[22m^[[39m
viz-determinism	Run FULL @oods/mcp-server suite (previously-dark colocated files)	2026-09-10T06:26:15.0357716Z  ^[[32m✓^[[39m test/codegen/react-emitter.spec.ts ^[[2m(^[[22m^[[2m34 tests^[[22m^[[2m)^[[22m^[[32m 29^[[2mms^[[22m^[[39m
viz-determinism	Run FULL @oods/mcp-server suite (previously-dark colocated files)	2026-09-10T06:26:20.1333637Z  ^[[32m✓^[[39m test/product-reality/independent-review-approval.s183.spec.ts ^[[2m(^[[22m^[[2m36 tests^[[22m^[[2m)^[[22m^[[33m 4851^[[2mms^[[22m^[[39m
viz-determinism	Run FULL @oods/mcp-server suite (previously-dark colocated files)	2026-09-10T06:26:30.9644530Z  ^[[32m✓^[[39m test/product-reality/fresh-composition.s187.spec.ts ^[[2m(^[[22m^[[2m29 tests^[[22m^[[2m)^[[22m^[[33m 9414^[[2mms^[[22m^[[39m
viz-determinism	Run FULL @oods/mcp-server suite (previously-dark colocated files)	2026-09-10T06:26:30.9646873Z    ^[[33m^[[2m✓^[[22m^[[39m Sprint 187 fresh composition binding intent^[[2m > ^[[22mSubscription/detail preserves lifecycle data and disclosed directives ^[[33m 351^[[2mms^[[22m^[[39m
viz-determinism	Run FULL @oods/mcp-server suite (previously-dark colocated files)	2026-09-10T06:26:30.9649453Z    ^[[33m^[[2m✓^[[22m^[[39m Sprint 187 fresh composition binding intent^[[2m > ^[[22mrenders typed values and explicit empty/nonempty collections in generated react ^[[33m 3988^[[2mms^[[22m^[[39m
viz-determinism	Run FULL @oods/mcp-server suite (previously-dark colocated files)	2026-09-10T06:26:30.9651515Z    ^[[33m^[[2m✓^[[22m^[[39m Sprint 187 fresh composition binding intent^[[2m > ^[[22mrenders typed values and explicit empty/nonempty collections in generated vue ^[[33m 4459^[[2mms^[[22m^[[39m
viz-determinism	Run FULL @oods/mcp-server suite (previously-dark colocated files)	2026-09-10T06:26:31.4978843Z  ^[[32m✓^[[39m test/compose/templates.spec.ts ^[[2m(^[[22m^[[2m68 tests^[[22m^[[2m)^[[22m^[[32m 45^[[2mms^[[22m^[[39m
viz-determinism	Run FULL @oods/mcp-server suite (previously-dark colocated files)	2026-09-10T06:26:34.8681384Z  ^[[32m✓^[[39m test/tools/artifact.certify.echarts-a11y-warnfirst.spec.ts ^[[2m(^[[22m^[[2m88 tests^[[22m^[[2m)^[[22m^[[33m 2685^[[2mms^[[22m^[[39m
viz-determinism	Run FULL @oods/mcp-server suite (previously-dark colocated files)	2026-09-10T06:26:34.8684657Z    ^[[33m^[[2m✓^[[22m^[[39m artifact.certify — a11y-equivalence WARN-FIRST on the ECharts-primary path (s174 m01)^[[2m > ^[[22mtreemap: WITH the operand, findings[] carries exactly the matrix-derived a11y set at native severity ^[[33m 580^[[2mms^[[22m^[[39m
viz-determinism	Run FULL @oods/mcp-server suite (previously-dark colocated files)	2026-09-10T06:26:34.8688190Z    ^[[33m^[[2m✓^[[22m^[[39m artifact.certify — warn-first is a READER (s174 m01)^[[2m > ^[[22mthe CARTESIAN path is untouched: a11yEquivalence still carries a real pass/fail verdict there ^[[33m 356^[[2mms^[[22m^[[39m
viz-determinism	Run FULL @oods/mcp-server suite (previously-dark colocated files)	2026-09-10T06:26:34.8691486Z    ^[[33m^[[2m✓^[[22m^[[39m artifact.certify — the NOT-APPLICABLE channel, a11yNotApplicable[] (s175 m03)^[[2m > ^[[22mwhen the engine THROWS the key is ABSENT (the partial list is discarded) and the note says so ^[[33m 730^[[2mms^[[22m^[[39m
viz-determinism	Run FULL @oods/mcp-server suite (previously-dark colocated files)	2026-09-10T06:26:35.9272110Z  ^[[32m✓^[[39m test/e2e/action-mappings.e2e.spec.ts ^[[2m(^[[22m^[[2m12 tests^[[22m^[[2m | ^[[22m^[[33m9 skipped^[[39m^[[2m)^[[22m^[[32m 158^[[2mms^[[22m^[[39m
viz-determinism	Run FULL @oods/mcp-server suite (previously-dark colocated files)	2026-09-10T06:26:36.3399374Z  ^[[32m✓^[[39m test/codegen/vue-emitter.spec.ts ^[[2m(^[[22m^[[2m29 tests^[[22m^[[2m)^[[22m^[[32m 31^[[2mms^[[22m^[[39m
viz-determinism	Run FULL @oods/mcp-server suite (previously-dark colocated files)	2026-09-10T06:26:37.5940358Z  ^[[32m✓^[[39m test/tools/artifact.certify.spec-only-bytes.spec.ts ^[[2m(^[[22m^[[2m32 tests^[[22m^[[2m)^[[22m^[[33m 666^[[2mms^[[22m^[[39m
viz-determinism	Run FULL @oods/mcp-server suite (previously-dark colocated files)	2026-09-10T06:26:37.5942243Z    ^[[33m^[[2m✓^[[22m^[[39m artifact.certify — {spec}-only byte compatibility, cartesian half (baseline 85004fe)^[[2m > ^[[22mMarkBar: the {spec}-only response moves only by the declared set vs pristine HEAD 85004fe ^[[33m 361^[[2mms^[[22m^[[39m
viz-determinism	Run FULL @oods/mcp-server suite (previously-dark colocated files)	2026-09-10T06:26:39.9367028Z  ^[[32m✓^[[39m test/tools/artifact.certify.echarts-determinism.spec.ts ^[[2m(^[[22m^[[2m45 tests^[[22m^[[2m)^[[22m^[[33m 1670^[[2mms^[[22m^[[39m
viz-determinism	Run FULL @oods/mcp-server suite (previously-dark colocated files)	2026-09-10T06:26:39.9369980Z    ^[[33m^[[2m✓^[[22m^[[39m artifact.certify — live cross-tool contentHash parity, same (spec, data) (s172 m02)^[[2m > ^[[22mtreemap: certify.determinism.contentHash === viz.render.contentHash ^[[33m 574^[[2mms^[[22m^[[39m
viz-determinism	Run FULL @oods/mcp-server suite (previously-dark colocated files)	2026-09-10T06:26:39.9372163Z    ^[[33m^[[2m✓^[[22m^[[39m artifact.certify — the cartesian determinism path is untouched (s172 m02)^[[2m > ^[[22ma cartesian IR still proves determinism through the Vega-Lite compile, with no operand involved ^[[33m 322^[[2mms^[[22m^[[39m
viz-determinism	Run FULL @oods/mcp-server suite (previously-dark colocated files)	2026-09-10T06:26:41.5710480Z  ^[[32m✓^[[39m test/product-reality/b2-legacy-inputs.s184.spec.ts ^[[2m(^[[22m^[[2m7 tests^[[22m^[[2m)^[[22m^[[33m 445^[[2mms^[[22m^[[39m
viz-determinism	Run FULL @oods/mcp-server suite (previously-dark colocated files)	2026-09-10T06:26:48.8268738Z 
viz-determinism	Run FULL @oods/mcp-server suite (previously-dark colocated files)	2026-09-10T06:26:48.8270109Z [s184-m05] state parity differences=0; allowlist=0
viz-determinism	Run FULL @oods/mcp-server suite (previously-dark colocated files)	2026-09-10T06:26:48.8277360Z [s184-m05:parity] {"states":["loading","empty","error","success"],"react":{"loading":{"markersInDocumentOrder":["loading"],"visibleText":"Loading subscriptions."},"empty":{"markersInDocumentOrder":["empty"],"visibleText":"No subscriptions found."},"error":{"markersInDocumentOrder":["error"],"visibleText":"Subscriptions could not be loaded."},"success":{"markersInDocumentOrder":["success"],"visibleText":"Subscriptions loaded."}},"vue":{"loading":{"markersInDocumentOrder":["loading"],"visibleText":"Loading subscriptions."},"empty":{"markersInDocumentOrder":["empty"],"visibleText":"No subscriptions found."},"error":{"markersInDocumentOrder":["error"],"visibleText":"Subscriptions could not be loaded."},"success":{"markersInDocumentOrder":["success"],"visibleText":"Subscriptions loaded."}},"computedDifferences":[],"allowlist":[]}
viz-determinism	Run FULL @oods/mcp-server suite (previously-dark colocated files)	2026-09-10T06:26:48.8288565Z [s184-m05:mutation] target=react removed=loading red=react/loading green=7
viz-determinism	Run FULL @oods/mcp-server suite (previously-dark colocated files)	2026-09-10T06:26:48.8289828Z [s184-m05:mutation] target=react removed=empty red=react/empty green=7
viz-determinism	Run FULL @oods/mcp-server suite (previously-dark colocated files)	2026-09-10T06:26:48.8291826Z [s184-m05:mutation] target=react removed=error red=react/error green=7
viz-determinism	Run FULL @oods/mcp-server suite (previously-dark colocated files)	2026-09-10T06:26:48.8293011Z [s184-m05:mutation] target=react removed=success red=react/success green=7
viz-determinism	Run FULL @oods/mcp-server suite (previously-dark colocated files)	2026-09-10T06:26:48.8294166Z [s184-m05:mutation] target=vue removed=loading red=vue/loading green=7
viz-determinism	Run FULL @oods/mcp-server suite (previously-dark colocated files)	2026-09-10T06:26:48.8295270Z [s184-m05:mutation] target=vue removed=empty red=vue/empty green=7
viz-determinism	Run FULL @oods/mcp-server suite (previously-dark colocated files)	2026-09-10T06:26:48.8296844Z [s184-m05:mutation] target=vue removed=error red=vue/error green=7
viz-determinism	Run FULL @oods/mcp-server suite (previously-dark colocated files)	2026-09-10T06:26:48.8297937Z [s184-m05:mutation] target=vue removed=success red=vue/success green=7
viz-determinism	Run FULL @oods/mcp-server suite (previously-dark colocated files)	2026-09-10T06:26:49.1822810Z [s184-m05:restore] target=react source=sha256:8b17d59119e49b4bb2c2a03be0b08c3d8771cef91df1addb6d45483983ff2879 green=4
viz-determinism	Run FULL @oods/mcp-server suite (previously-dark colocated files)	2026-09-10T06:26:49.6358776Z [s184-m05:restore] target=vue source=sha256:d341604855e0542712bf34d9722596ab9d403b25793cbc55fa4cb31d5a457198 green=4
viz-determinism	Run FULL @oods/mcp-server suite (previously-dark colocated files)	2026-09-10T06:26:49.6433904Z  ^[[32m✓^[[39m test/product-reality/state-axis.s184.spec.ts ^[[2m(^[[22m^[[2m22 tests^[[22m^[[2m)^[[22m^[[33m 6932^[[2mms^[[22m^[[39m
viz-determinism	Run FULL @oods/mcp-server suite (previously-dark colocated files)	2026-09-10T06:26:49.6436618Z    ^[[33m^[[2m✓^[[22m^[[39m Sprint 184 m05 workflow state axis^[[2m > ^[[22mrestores the exact emitted bytes and all eight runtime cells after the mutation matrix ^[[33m 807^[[2mms^[[22m^[[39m
viz-determinism	Run FULL @oods/mcp-server suite (previously-dark colocated files)	2026-09-10T06:26:50.5795736Z  ^[[32m✓^[[39m test/product-reality/contract-resolution.s184.spec.ts ^[[2m(^[[22m^[[2m9 tests^[[22m^[[2m)^[[22m^[[33m 638^[[2mms^[[22m^[[39m
viz-determinism	Run FULL @oods/mcp-server suite (previously-dark colocated files)	2026-09-10T06:26:50.5798364Z    ^[[33m^[[2m✓^[[22m^[[39m Sprint 184 m03 contract-resolution closeout^[[2m > ^[[22mpreserves the historical readiness manifests while every current nucleus ref resolves ^[[33m 613^[[2mms^[[22m^[[39m
viz-determinism	Run FULL @oods/mcp-server suite (previously-dark colocated files)	2026-09-10T06:26:51.5531268Z  ^[[32m✓^[[39m test/compose/viz-compose.spec.ts ^[[2m(^[[22m^[[2m53 tests^[[22m^[[2m)^[[22m^[[32m 93^[[2mms^[[22m^[[39m
viz-determinism	Run FULL @oods/mcp-server suite (previously-dark colocated files)	2026-09-10T06:26:52.7737477Z  ^[[32m✓^[[39m test/sprint68-behavioral-traits.spec.ts ^[[2m(^[[22m^[[2m62 tests^[[22m^[[2m)^[[22m^[[33m 735^[[2mms^[[22m^[[39m
viz-determinism	Run FULL @oods/mcp-server suite (previously-dark colocated files)	2026-09-10T06:26:53.2408910Z  ^[[32m✓^[[39m test/compose/component-selector.spec.ts ^[[2m(^[[22m^[[2m56 tests^[[22m^[[2m)^[[22m^[[32m 185^[[2mms^[[22m^[[39m
viz-determinism	Run FULL @oods/mcp-server suite (previously-dark colocated files)	2026-09-10T06:26:53.6779000Z  ^[[32m✓^[[39m test/codegen/prop-binding.spec.ts ^[[2m(^[[22m^[[2m33 tests^[[22m^[[2m)^[[22m^[[32m 19^[[2mms^[[22m^[[39m
viz-determinism	Run FULL @oods/mcp-server suite (previously-dark colocated files)	2026-09-10T06:26:54.1299437Z  ^[[32m✓^[[39m test/e2e/a2ui-runtime-q3.e2e.spec.ts ^[[2m(^[[22m^[[2m98 tests^[[22m^[[2m)^[[22m^[[32m 129^[[2mms^[[22m^[[39m
viz-determinism	Run FULL @oods/mcp-server suite (previously-dark colocated files)	2026-09-10T06:26:54.5253666Z  ^[[2m^[[90m↓^[[39m^[[22m test/e2e/stage1-rollups.e2e.spec.ts ^[[2m(^[[22m^[[2m7 tests^[[22m^[[2m | ^[[22m^[[33m7 skipped^[[39m^[[2m)^[[22m
viz-determinism	Run FULL @oods/mcp-server suite (previously-dark colocated files)	2026-09-10T06:27:10.0077819Z  ^[[32m✓^[[39m test/product-reality/workflow.s188.spec.ts ^[[2m(^[[22m^[[2m11 tests^[[22m^[[2m)^[[22m^[[33m 14351^[[2mms^[[22m^[[39m
viz-determinism	Run FULL @oods/mcp-server suite (previously-dark colocated files)	2026-09-10T06:27:10.0080021Z    ^[[33m^[[2m✓^[[22m^[[39m Generated applications close their own contracts^[[2m > ^[[22maccepts workflow through pipeline and makes unsupported JavaScript-only emission explicit ^[[33m 382^[[2mms^[[22m^[[39m
viz-determinism	Run FULL @oods/mcp-server suite (previously-dark colocated files)	2026-09-10T06:27:10.0098318Z    ^[[33m^[[2m✓^[[22m^[[39m Generated applications close their own contracts^[[2m > ^[[22mreact application typechecks strict against the built component packages ^[[33m 4337^[[2mms^[[22m^[[39m
viz-determinism	Run FULL @oods/mcp-server suite (previously-dark colocated files)	2026-09-10T06:27:10.0100856Z    ^[[33m^[[2m✓^[[22m^[[39m Generated applications close their own contracts^[[2m > ^[[22mvue application typechecks strict against the built component packages ^[[33m 7976^[[2mms^[[22m^[[39m
viz-determinism	Run FULL @oods/mcp-server suite (previously-dark colocated files)	2026-09-10T06:27:11.7014823Z  ^[[32m✓^[[39m test/product-reality/readiness-ref-enforcement.s184.spec.ts ^[[2m(^[[22m^[[2m21 tests^[[22m^[[2m)^[[22m^[[33m 597^[[2mms^[[22m^[[39m
viz-determinism	Run FULL @oods/mcp-server suite (previously-dark colocated files)	2026-09-10T06:27:11.7061032Z    ^[[33m^[[2m✓^[[22m^[[39m s184-m02 readiness reference enforcement^[[2m > ^[[22mindependently verifies the derived nucleus readiness-ref inventory ^[[33m 352^[[2mms^[[22m^[[39m
viz-determinism	Run FULL @oods/mcp-server suite (previously-dark colocated files)	2026-09-10T06:27:12.4699155Z  ^[[32m✓^[[39m test/compose/object-aware-compose.spec.ts ^[[2m(^[[22m^[[2m26 tests^[[22m^[[2m)^[[22m^[[33m 311^[[2mms^[[22m^[[39m
viz-determinism	Run FULL @oods/mcp-server suite (previously-dark colocated files)	2026-09-10T06:27:12.7936742Z  ^[[32m✓^[[39m src/codegen/apply-summary-emitter.test.ts ^[[2m(^[[22m^[[2m22 tests^[[22m^[[2m)^[[22m^[[32m 11^[[2mms^[[22m^[[39m
viz-determinism	Run FULL @oods/mcp-server suite (previously-dark colocated files)	2026-09-10T06:27:13.0577124Z  ^[[32m✓^[[39m src/codegen/review-emitter.test.ts ^[[2m(^[[22m^[[2m43 tests^[[22m^[[2m)^[[22m^[[32m 12^[[2mms^[[22m^[[39m
viz-determinism	Run FULL @oods/mcp-server suite (previously-dark colocated files)	2026-09-10T06:27:14.1442854Z  ^[[32m✓^[[39m test/product-reality/parity.s185.spec.ts ^[[2m(^[[22m^[[2m58 tests^[[22m^[[2m)^[[22m^[[32m 295^[[2mms^[[22m^[[39m
viz-determinism	Run FULL @oods/mcp-server suite (previously-dark colocated files)	2026-09-10T06:27:14.5737276Z  ^[[32m✓^[[39m src/codegen/tailwind-codegen.test.ts ^[[2m(^[[22m^[[2m31 tests^[[22m^[[2m)^[[22m^[[32m 46^[[2mms^[[22m^[[39m
viz-determinism	Run FULL @oods/mcp-server suite (previously-dark colocated files)	2026-09-10T06:27:25.3323077Z  ^[[32m✓^[[39m test/product-reality/emitter-directives.s184.spec.ts ^[[2m(^[[22m^[[2m26 tests^[[22m^[[2m)^[[22m^[[33m 9694^[[2mms^[[22m^[[39m
viz-determinism	Run FULL @oods/mcp-server suite (previously-dark colocated files)	2026-09-10T06:27:25.3326191Z    ^[[33m^[[2m✓^[[22m^[[39m Sprint 184 m03 target contract and emitter movement^[[2m > ^[[22memits explicit React coercion and joining expressions that strict-check against the built package ^[[33m 4123^[[2mms^[[22m^[[39m
viz-determinism	Run FULL @oods/mcp-server suite (previously-dark colocated files)	2026-09-10T06:27:25.3328987Z    ^[[33m^[[2m✓^[[22m^[[39m Sprint 184 m03 target contract and emitter movement^[[2m > ^[[22memits readonly-safe Vue coercion and joining expressions that strict-check against the built package ^[[33m 5520^[[2mms^[[22m^[[39m
viz-determinism	Run FULL @oods/mcp-server suite (previously-dark colocated files)	2026-09-10T06:27:26.0904276Z  ^[[32m✓^[[39m test/compose/intent-object-resolver.spec.ts ^[[2m(^[[22m^[[2m38 tests^[[22m^[[2m)^[[22m^[[32m 270^[[2mms^[[22m^[[39m
viz-determinism	Run FULL @oods/mcp-server suite (previously-dark colocated files)	2026-09-10T06:27:26.6363140Z  ^[[32m✓^[[39m test/contracts/registry-v14-roundtrip.spec.ts ^[[2m(^[[22m^[[2m13 tests^[[22m^[[2m)^[[22m^[[32m 95^[[2mms^[[22m^[[39m
viz-determinism	Run FULL @oods/mcp-server suite (previously-dark colocated files)	2026-09-10T06:27:28.6497599Z  ^[[32m✓^[[39m test/product-reality/patch-disposition.s184.spec.ts ^[[2m(^[[22m^[[2m5 tests^[[22m^[[2m)^[[22m^[[33m 1772^[[2mms^[[22m^[[39m
viz-determinism	Run FULL @oods/mcp-server suite (previously-dark colocated files)	2026-09-10T06:27:28.6500131Z    ^[[33m^[[2m✓^[[22m^[[39m Sprint 184 M07 tracked mutation patch disposition^[[2m > ^[[22mclassifies the exact 38-patch frozen population and binds every row to immutable bytes and a source-derived baseline ^[[33m 508^[[2mms^[[22m^[[39m
viz-determinism	Run FULL @oods/mcp-server suite (previously-dark colocated files)	2026-09-10T06:27:28.6502391Z    ^[[33m^[[2m✓^[[22m^[[39m Sprint 184 M07 tracked mutation patch disposition^[[2m > ^[[22mexecutes the s183-m06-sc02 replacement over every tracked patch, with only the five invalid archives taking an explicit machine-readable non-apply path ^[[33m 804^[[2mms^[[22m^[[39m
viz-determinism	Run FULL @oods/mcp-server suite (previously-dark colocated files)	2026-09-10T06:27:29.4641913Z  ^[[32m✓^[[39m src/codegen/target-contracts.s183.test.ts ^[[2m(^[[22m^[[2m62 tests^[[22m^[[2m)^[[22m^[[32m 50^[[2mms^[[22m^[[39m
viz-determinism	Run FULL @oods/mcp-server suite (previously-dark colocated files)	2026-09-10T06:27:29.7409588Z  ^[[32m✓^[[39m src/codegen/review-queue-emitter.test.ts ^[[2m(^[[22m^[[2m32 tests^[[22m^[[2m)^[[22m^[[32m 18^[[2mms^[[22m^[[39m
viz-determinism	Run FULL @oods/mcp-server suite (previously-dark colocated files)	2026-09-10T06:27:30.0050814Z  ^[[32m✓^[[39m src/codegen/a2ui-runtime-emitter.test.ts ^[[2m(^[[22m^[[2m26 tests^[[22m^[[2m)^[[22m^[[32m 14^[[2mms^[[22m^[[39m
viz-determinism	Run FULL @oods/mcp-server suite (previously-dark colocated files)	2026-09-10T06:27:32.0580510Z  ^[[32m✓^[[39m test/contracts/portable-boundary.s181.spec.ts ^[[2m(^[[22m^[[2m7 tests^[[22m^[[2m)^[[22m^[[33m 1668^[[2mms^[[22m^[[39m
viz-determinism	Run FULL @oods/mcp-server suite (previously-dark colocated files)	2026-09-10T06:27:32.0582273Z    ^[[33m^[[2m✓^[[22m^[[39m s181 portable-runtime publish boundary^[[2m > ^[[22mB-12 starts from dist plus package metadata only and answers degraded health without planning data ^[[33m 735^[[2mms^[[22m^[[39m
viz-determinism	Run FULL @oods/mcp-server suite (previously-dark colocated files)	2026-09-10T06:27:32.0589993Z    ^[[33m^[[2m✓^[[22m^[[39m s181 portable-runtime publish boundary^[[2m > ^[[22mB-12 proves the relocated schema is load-bearing by deleting it from the staged dist ^[[33m 665^[[2mms^[[22m^[[39m
viz-determinism	Run FULL @oods/mcp-server suite (previously-dark colocated files)	2026-09-10T06:27:32.3087035Z  ^[[32m✓^[[39m src/codegen/binding-utils.s183.test.ts ^[[2m(^[[22m^[[2m11 tests^[[22m^[[2m)^[[22m^[[32m 10^[[2mms^[[22m^[[39m
viz-determinism	Run FULL @oods/mcp-server suite (previously-dark colocated files)	2026-09-10T06:27:32.8032178Z  ^[[32m✓^[[39m src/tools/review.group.test.ts ^[[2m(^[[22m^[[2m20 tests^[[22m^[[2m)^[[22m^[[32m 17^[[2mms^[[22m^[[39m
viz-determinism	Run FULL @oods/mcp-server suite (previously-dark colocated files)	2026-09-10T06:27:34.0807092Z  ^[[32m✓^[[39m test/product-reality/consumer-contract.s185.spec.ts ^[[2m(^[[22m^[[2m19 tests^[[22m^[[2m)^[[22m^[[32m 87^[[2mms^[[22m^[[39m
viz-determinism	Run FULL @oods/mcp-server suite (previously-dark colocated files)	2026-09-10T06:27:34.5063616Z  ^[[32m✓^[[39m test/contracts/schema.contract.spec.ts ^[[2m(^[[22m^[[2m24 tests^[[22m^[[2m)^[[22m^[[32m 12^[[2mms^[[22m^[[39m
viz-determinism	Run FULL @oods/mcp-server suite (previously-dark colocated files)	2026-09-10T06:27:35.3599281Z  ^[[32m✓^[[39m test/e2e/review-q3.e2e.spec.ts ^[[2m(^[[22m^[[2m62 tests^[[22m^[[2m)^[[22m^[[32m 90^[[2mms^[[22m^[[39m
viz-determinism	Run FULL @oods/mcp-server suite (previously-dark colocated files)	2026-09-10T06:27:35.6481298Z  ^[[32m✓^[[39m src/codegen/tailwind-mapper.test.ts ^[[2m(^[[22m^[[2m45 tests^[[22m^[[2m)^[[22m^[[32m 25^[[2mms^[[22m^[[39m
viz-determinism	Run FULL @oods/mcp-server suite (previously-dark colocated files)	2026-09-10T06:27:37.0475864Z  ^[[32m✓^[[39m test/tools/artifact.certify.data-operand.spec.ts ^[[2m(^[[22m^[[2m33 tests^[[22m^[[2m)^[[22m^[[33m 722^[[2mms^[[22m^[[39m
viz-determinism	Run FULL @oods/mcp-server suite (previously-dark colocated files)	2026-09-10T06:27:37.0479621Z    ^[[33m^[[2m✓^[[22m^[[39m artifact.certify — the operand is validated by the RENDER path validators (s172 m01)^[[2m > ^[[22mMarkTreemap: a VALID operand is accepted (status ok, schema-valid) ^[[33m 550^[[2mms^[[22m^[[39m
viz-determinism	Run FULL @oods/mcp-server suite (previously-dark colocated files)	2026-09-10T06:27:37.3133534Z  ^[[32m✓^[[39m src/a11y/token-color-resolver.test.ts ^[[2m(^[[22m^[[2m26 tests^[[22m^[[2m)^[[22m^[[32m 15^[[2mms^[[22m^[[39m
viz-determinism	Run FULL @oods/mcp-server suite (previously-dark colocated files)	2026-09-10T06:27:38.0535645Z  ^[[32m✓^[[39m src/tools/viz.render.intent.test.ts ^[[2m(^[[22m^[[2m16 tests^[[22m^[[2m)^[[22m^[[32m 42^[[2mms^[[22m^[[39m
viz-determinism	Run FULL @oods/mcp-server suite (previously-dark colocated files)	2026-09-10T06:27:38.5986873Z  ^[[32m✓^[[39m src/tools/repl.group.test.ts ^[[2m(^[[22m^[[2m42 tests^[[22m^[[2m)^[[22m^[[32m 32^[[2mms^[[22m^[[39m
viz-determinism	Run FULL @oods/mcp-server suite (previously-dark colocated files)	2026-09-10T06:27:38.8667413Z  ^[[32m✓^[[39m src/tools/review.resolve.test.ts ^[[2m(^[[22m^[[2m20 tests^[[22m^[[2m)^[[22m^[[32m 14^[[2mms^[[22m^[[39m
viz-determinism	Run FULL @oods/mcp-server suite (previously-dark colocated files)	2026-09-10T06:27:59.2862414Z  ^[[32m✓^[[39m test/product-reality/ported-workflow.s184.spec.ts ^[[2m(^[[22m^[[2m5 tests^[[22m^[[2m)^[[22m^[[33m 19429^[[2mms^[[22m^[[39m
viz-determinism	Run FULL @oods/mcp-server suite (previously-dark colocated files)	2026-09-10T06:27:59.2864562Z    ^[[33m^[[2m✓^[[22m^[[39m Sprint 184 m04 ported Subscription workflow^[[2m > ^[[22mstrict-checks every generated React and Vue artifact against the built packages ^[[33m 19295^[[2mms^[[22m^[[39m
viz-determinism	Run FULL @oods/mcp-server suite (previously-dark colocated files)	2026-09-10T06:28:00.1949184Z  ^[[32m✓^[[39m src/codegen/readonly-field-binding.s185.test.ts ^[[2m(^[[22m^[[2m51 tests^[[22m^[[2m)^[[22m^[[32m 50^[[2mms^[[22m^[[39m
viz-determinism	Run FULL @oods/mcp-server suite (previously-dark colocated files)	2026-09-10T06:28:00.6390751Z  ^[[32m✓^[[39m test/e2e/apply-summary-q3.e2e.spec.ts ^[[2m(^[[22m^[[2m94 tests^[[22m^[[2m)^[[22m^[[32m 102^[[2mms^[[22m^[[39m
viz-determinism	Run FULL @oods/mcp-server suite (previously-dark colocated files)	2026-09-10T06:28:02.4961958Z  ^[[32m✓^[[39m test/contracts/brand.intake.s181.spec.ts ^[[2m(^[[22m^[[2m6 tests^[[22m^[[2m)^[[22m^[[33m 1573^[[2mms^[[22m^[[39m
viz-determinism	Run FULL @oods/mcp-server suite (previously-dark colocated files)	2026-09-10T06:28:02.4965445Z    ^[[33m^[[2m✓^[[22m^[[39m brand.intake s181 advertised dry-run contract^[[2m > ^[[22mspawns dist/index.js, returns the full inline receipt, and leaves the review-kit tree byte-identical ^[[33m 731^[[2mms^[[22m^[[39m
viz-determinism	Run FULL @oods/mcp-server suite (previously-dark colocated files)	2026-09-10T06:28:02.4970631Z    ^[[33m^[[2m✓^[[22m^[[39m brand.intake s181 advertised dry-run contract^[[2m > ^[[22mB-09 rejects apply:true and consumer-local paths at index-level AJV before the handler ^[[33m 730^[[2mms^[[22m^[[39m
viz-determinism	Run FULL @oods/mcp-server suite (previously-dark colocated files)	2026-09-10T06:28:02.9678955Z  ^[[32m✓^[[39m test/render/renderer-edge-cases.spec.ts ^[[2m(^[[22m^[[2m25 tests^[[22m^[[2m)^[[22m^[[32m 36^[[2mms^[[22m^[[39m
viz-determinism	Run FULL @oods/mcp-server suite (previously-dark colocated files)	2026-09-10T06:28:03.6496210Z  ^[[32m✓^[[39m test/tools/viz-a11y-equivalence-emission.spec.ts ^[[2m(^[[22m^[[2m14 tests^[[22m^[[2m)^[[22m^[[32m 36^[[2mms^[[22m^[[39m
viz-determinism	Run FULL @oods/mcp-server suite (previously-dark colocated files)	2026-09-10T06:28:04.0396641Z  ^[[32m✓^[[39m src/tools/structuredData.fetch.rollup.test.ts ^[[2m(^[[22m^[[2m19 tests^[[22m^[[2m)^[[22m^[[32m 25^[[2mms^[[22m^[[39m
viz-determinism	Run FULL @oods/mcp-server suite (previously-dark colocated files)	2026-09-10T06:28:06.0247602Z  ^[[32m✓^[[39m test/tools/artifact.certify.echarts-accuracy.spec.ts ^[[2m(^[[22m^[[2m28 tests^[[22m^[[2m)^[[22m^[[33m 1311^[[2mms^[[22m^[[39m
viz-determinism	Run FULL @oods/mcp-server suite (previously-dark colocated files)	2026-09-10T06:28:06.0249910Z    ^[[33m^[[2m✓^[[22m^[[39m artifact.certify — the ECharts accuracy pillar is wired (s172 m03)^[[2m > ^[[22mtreemap: a clean operand yields no findings, and accuracy:pass EXACTLY when a rule actually ran ^[[33m 595^[[2mms^[[22m^[[39m
viz-determinism	Run FULL @oods/mcp-server suite (previously-dark colocated files)	2026-09-10T06:28:06.0251802Z    ^[[33m^[[2m✓^[[22m^[[39m artifact.certify — the cartesian accuracy path is untouched (s172 m03)^[[2m > ^[[22ma cartesian IR still reports the FOUR cartesian rules, with the s170 summary shape ^[[33m 349^[[2mms^[[22m^[[39m
viz-determinism	Run FULL @oods/mcp-server suite (previously-dark colocated files)	2026-09-10T06:28:06.4666851Z  ^[[32m✓^[[39m src/object-catalog/content-pack.test.ts ^[[2m(^[[22m^[[2m27 tests^[[22m^[[2m)^[[22m^[[32m 16^[[2mms^[[22m^[[39m
viz-determinism	Run FULL @oods/mcp-server suite (previously-dark colocated files)	2026-09-10T06:28:07.0312362Z  ^[[32m✓^[[39m src/tools/map.group.test.ts ^[[2m(^[[22m^[[2m45 tests^[[22m^[[2m)^[[22m^[[32m 83^[[2mms^[[22m^[[39m
viz-determinism	Run FULL @oods/mcp-server suite (previously-dark colocated files)	2026-09-10T06:28:07.4201648Z  ^[[32m✓^[[39m test/compose/intent-synonyms.spec.ts ^[[2m(^[[22m^[[2m35 tests^[[22m^[[2m)^[[22m^[[32m 154^[[2mms^[[22m^[[39m
viz-determinism	Run FULL @oods/mcp-server suite (previously-dark colocated files)	2026-09-10T06:28:08.2045498Z  ^[[32m✓^[[39m test/compose/design-compose-object.spec.ts ^[[2m(^[[22m^[[2m27 tests^[[22m^[[2m)^[[22m^[[33m 352^[[2mms^[[22m^[[39m
viz-determinism	Run FULL @oods/mcp-server suite (previously-dark colocated files)	2026-09-10T06:28:09.0646493Z  ^[[32m✓^[[39m test/e2e/boxes-arrows-q3.e2e.spec.ts ^[[2m(^[[22m^[[2m44 tests^[[22m^[[2m)^[[22m^[[32m 101^[[2mms^[[22m^[[39m
viz-determinism	Run FULL @oods/mcp-server suite (previously-dark colocated files)	2026-09-10T06:28:09.3594289Z  ^[[32m✓^[[39m src/tools/entity-resolver.test.ts ^[[2m(^[[22m^[[2m24 tests^[[22m^[[2m)^[[22m^[[32m 27^[[2mms^[[22m^[[39m
viz-determinism	Run FULL @oods/mcp-server suite (previously-dark colocated files)	2026-09-10T06:28:09.6119274Z  ^[[32m✓^[[39m src/codegen/conflict-detail-emitter.test.ts ^[[2m(^[[22m^[[2m28 tests^[[22m^[[2m)^[[22m^[[32m 10^[[2mms^[[22m^[[39m
viz-determinism	Run FULL @oods/mcp-server suite (previously-dark colocated files)	2026-09-10T06:28:09.8555820Z  ^[[32m✓^[[39m src/codegen/review-policy.test.ts ^[[2m(^[[22m^[[2m25 tests^[[22m^[[2m)^[[22m^[[32m 7^[[2mms^[[22m^[[39m
viz-determinism	Run FULL @oods/mcp-server suite (previously-dark colocated files)	2026-09-10T06:28:10.7302882Z  ^[[32m✓^[[39m test/e2e/branded-mockup-q3.e2e.spec.ts ^[[2m(^[[22m^[[2m66 tests^[[22m^[[2m)^[[22m^[[32m 80^[[2mms^[[22m^[[39m
viz-determinism	Run FULL @oods/mcp-server suite (previously-dark colocated files)	2026-09-10T06:28:15.3247243Z  ^[[32m✓^[[39m src/tools/viz.render.svg.test.ts ^[[2m(^[[22m^[[2m38 tests^[[22m^[[2m)^[[22m^[[33m 3782^[[2mms^[[22m^[[39m
viz-determinism	Run FULL @oods/mcp-server suite (previously-dark colocated files)	2026-09-10T06:28:15.3249300Z    ^[[33m^[[2m✓^[[22m^[[39m public SVG contract^[[2m > ^[[22m'bar' returns actual, repeatable SVG bytes and a resolvable byte-identity reference ^[[33m 390^[[2mms^[[22m^[[39m
viz-determinism	Run FULL @oods/mcp-server suite (previously-dark colocated files)	2026-09-10T06:28:15.3251806Z    ^[[33m^[[2m✓^[[22m^[[39m public SVG contract^[[2m > ^[[22m'treemap' returns actual, repeatable SVG bytes and a resolvable byte-identity reference ^[[33m 549^[[2mms^[[22m^[[39m
viz-determinism	Run FULL @oods/mcp-server suite (previously-dark colocated files)	2026-09-10T06:28:15.3253797Z    ^[[33m^[[2m✓^[[22m^[[39m public scoped SVG contract^[[2m > ^[[22mdashboard A draws 11 scoped charts with matching document attributes and stable hashes ^[[33m 422^[[2mms^[[22m^[[39m
viz-determinism	Run FULL @oods/mcp-server suite (previously-dark colocated files)	2026-09-10T06:28:15.3255885Z    ^[[33m^[[2m✓^[[22m^[[39m public scoped SVG contract^[[2m > ^[[22mdashboard B draws 11 scoped charts with matching document attributes and stable hashes ^[[33m 355^[[2mms^[[22m^[[39m
viz-determinism	Run FULL @oods/mcp-server suite (previously-dark colocated files)	2026-09-10T06:28:16.3218136Z  ^[[32m✓^[[39m test/product-reality/saved-schema-compiler.s183.spec.ts ^[[2m(^[[22m^[[2m4 tests^[[22m^[[2m)^[[22m^[[32m 141^[[2mms^[[22m^[[39m
viz-determinism	Run FULL @oods/mcp-server suite (previously-dark colocated files)	2026-09-10T06:28:17.7063306Z  ^[[32m✓^[[39m test/tools/artifact.certify.geo-id-parity.spec.ts ^[[2m(^[[22m^[[2m26 tests^[[22m^[[2m)^[[22m^[[33m 759^[[2mms^[[22m^[[39m
viz-determinism	Run FULL @oods/mcp-server suite (previously-dark colocated files)	2026-09-10T06:28:17.7065339Z    ^[[33m^[[2m✓^[[22m^[[39m geo identity parity — viz.render and artifact.certify emit the SAME option (s173 m01)^[[2m > ^[[22mchoropleth with id absent: the certify VERDICT agrees with the render hash (live, both handlers) ^[[33m 561^[[2mms^[[22m^[[39m
viz-determinism	Run FULL @oods/mcp-server suite (previously-dark colocated files)	2026-09-10T06:28:18.6339514Z  ^[[32m✓^[[39m test/product-reality/breadth-export-cells.s186.spec.ts ^[[2m(^[[22m^[[2m46 tests^[[22m^[[2m)^[[22m^[[32m 202^[[2mms^[[22m^[[39m
viz-determinism	Run FULL @oods/mcp-server suite (previously-dark colocated files)	2026-09-10T06:28:19.8230730Z  ^[[32m✓^[[39m test/product-reality/m06-evidence-controls.s184.spec.ts ^[[2m(^[[22m^[[2m7 tests^[[22m^[[2m)^[[22m^[[33m 334^[[2mms^[[22m^[[39m
viz-determinism	Run FULL @oods/mcp-server suite (previously-dark colocated files)	2026-09-10T06:28:21.5739575Z  ^[[32m✓^[[39m test/tools/dashboard-identity-lifts.s180.spec.ts ^[[2m(^[[22m^[[2m4 tests^[[22m^[[2m)^[[22m^[[33m 964^[[2mms^[[22m^[[39m
viz-determinism	Run FULL @oods/mcp-server suite (previously-dark colocated files)	2026-09-10T06:28:21.5742029Z    ^[[33m^[[2m✓^[[22m^[[39m dashboard.render Shape-B identity lifts (s180 m02)^[[2m > ^[[22mR-C: lifted cartesian and ECharts IR certify with the required operand shape and preserve contentHash parity ^[[33m 875^[[2mms^[[22m^[[39m
viz-determinism	Run FULL @oods/mcp-server suite (previously-dark colocated files)	2026-09-10T06:29:59.8259147Z  ^[[32m✓^[[39m test/product-reality/saved-schema-consumers.s183.spec.ts ^[[2m(^[[22m^[[2m4 tests^[[22m^[[2m)^[[22m^[[33m 97995^[[2mms^[[22m^[[39m
viz-determinism	Run FULL @oods/mcp-server suite (previously-dark colocated files)	2026-09-10T06:30:00.4859765Z  ^[[32m✓^[[39m test/product-reality/review-carries.s185.spec.ts ^[[2m(^[[22m^[[2m14 tests^[[22m^[[2m)^[[22m^[[32m 227^[[2mms^[[22m^[[39m
viz-determinism	Run FULL @oods/mcp-server suite (previously-dark colocated files)	2026-09-10T06:30:00.7414426Z  ^[[32m✓^[[39m src/codegen/wireframe-emitter.test.ts ^[[2m(^[[22m^[[2m26 tests^[[22m^[[2m)^[[22m^[[32m 8^[[2mms^[[22m^[[39m
viz-determinism	Run FULL @oods/mcp-server suite (previously-dark colocated files)	2026-09-10T06:30:01.8771256Z  ^[[32m✓^[[39m test/contracts/contract-alignment.spec.ts ^[[2m(^[[22m^[[2m20 tests^[[22m^[[2m)^[[22m^[[32m 214^[[2mms^[[22m^[[39m
viz-determinism	Run FULL @oods/mcp-server suite (previously-dark colocated files)	2026-09-10T06:30:02.1297675Z  ^[[32m✓^[[39m src/render/document.test.ts ^[[2m(^[[22m^[[2m16 tests^[[22m^[[2m)^[[22m^[[32m 12^[[2mms^[[22m^[[39m
viz-determinism	Run FULL @oods/mcp-server suite (previously-dark colocated files)	2026-09-10T06:30:04.9329647Z  ^[[32m✓^[[39m test/product-reality/billing-placement.s188.spec.ts ^[[2m(^[[22m^[[2m8 tests^[[22m^[[2m)^[[22m^[[33m 1918^[[2mms^[[22m^[[39m
viz-determinism	Run FULL @oods/mcp-server suite (previously-dark colocated files)	2026-09-10T06:30:04.9332056Z    ^[[33m^[[2m✓^[[22m^[[39m Sprint 188 remaining trait placement obligations^[[2m > ^[[22mpreserves the historical placement diff and current declared recipes across 66 schemas, 132 artifacts and workflow ^[[33m 1653^[[2mms^[[22m^[[39m
viz-determinism	Run FULL @oods/mcp-server suite (previously-dark colocated files)	2026-09-10T06:30:05.2540633Z  ^[[32m✓^[[39m src/tools/fidelity.preview.test.ts ^[[2m(^[[22m^[[2m60 tests^[[22m^[[2m)^[[22m^[[32m 33^[[2mms^[[22m^[[39m
viz-determinism	Run FULL @oods/mcp-server suite (previously-dark colocated files)	2026-09-10T06:30:06.0814471Z  ^[[32m✓^[[39m test/product-reality/breadth-contracts.s185.spec.ts ^[[2m(^[[22m^[[2m45 tests^[[22m^[[2m)^[[22m^[[32m 38^[[2mms^[[22m^[[39m
viz-determinism	Run FULL @oods/mcp-server suite (previously-dark colocated files)	2026-09-10T06:30:06.5462787Z  ^[[32m✓^[[39m test/contracts/stage1-v14-stubs.spec.ts ^[[2m(^[[22m^[[2m4 tests^[[22m^[[2m)^[[22m^[[32m 39^[[2mms^[[22m^[[39m
viz-determinism	Run FULL @oods/mcp-server suite (previously-dark colocated files)	2026-09-10T06:30:07.6120323Z  ^[[32m✓^[[39m test/contracts/error-observability.contract.spec.ts ^[[2m(^[[22m^[[2m19 tests^[[22m^[[2m)^[[22m^[[32m 190^[[2mms^[[22m^[[39m
viz-determinism	Run FULL @oods/mcp-server suite (previously-dark colocated files)	2026-09-10T06:30:08.0435055Z  ^[[32m✓^[[39m test/codegen/responsive-tailwind.spec.ts ^[[2m(^[[22m^[[2m20 tests^[[22m^[[2m)^[[22m^[[32m 42^[[2mms^[[22m^[[39m
viz-determinism	Run FULL @oods/mcp-server suite (previously-dark colocated files)	2026-09-10T06:30:08.4626270Z  ^[[32m✓^[[39m src/tools/schema.group.test.ts ^[[2m(^[[22m^[[2m26 tests^[[22m^[[2m)^[[22m^[[32m 18^[[2mms^[[22m^[[39m
viz-determinism	Run FULL @oods/mcp-server suite (previously-dark colocated files)	2026-09-10T06:30:08.7544792Z  ^[[32m✓^[[39m src/codegen/branded-mockup-emitter.test.ts ^[[2m(^[[22m^[[2m26 tests^[[22m^[[2m)^[[22m^[[32m 15^[[2mms^[[22m^[[39m
viz-determinism	Run FULL @oods/mcp-server suite (previously-dark colocated files)	2026-09-10T06:30:09.3753437Z  ^[[32m✓^[[39m test/compose/selection-tree-bridge.spec.ts ^[[2m(^[[22m^[[2m9 tests^[[22m^[[2m)^[[22m^[[32m 188^[[2mms^[[22m^[[39m
viz-determinism	Run FULL @oods/mcp-server suite (previously-dark colocated files)	2026-09-10T06:30:09.8065794Z  ^[[32m✓^[[39m test/codegen/styling-mode-coverage.spec.ts ^[[2m(^[[22m^[[2m54 tests^[[22m^[[2m)^[[22m^[[32m 9^[[2mms^[[22m^[[39m
viz-determinism	Run FULL @oods/mcp-server suite (previously-dark colocated files)	2026-09-10T06:30:11.3854672Z  ^[[32m✓^[[39m test/tools/artifact.certify.echarts-s179-baseline.spec.ts ^[[2m(^[[22m^[[2m10 tests^[[22m^[[2m)^[[22m^[[33m 962^[[2mms^[[22m^[[39m
viz-determinism	Run FULL @oods/mcp-server suite (previously-dark colocated files)	2026-09-10T06:30:11.3857250Z    ^[[33m^[[2m✓^[[22m^[[39m artifact.certify — s179 operand-backed baseline at 1be93f8^[[2m > ^[[22mtreemap: projected option hash, render hash, and the bounded full-response delta stay pinned ^[[33m 596^[[2mms^[[22m^[[39m
viz-determinism	Run FULL @oods/mcp-server suite (previously-dark colocated files)	2026-09-10T06:30:12.2083925Z  ^[[32m✓^[[39m test/e2e/wireframe-q3.e2e.spec.ts ^[[2m(^[[22m^[[2m40 tests^[[22m^[[2m)^[[22m^[[32m 63^[[2mms^[[22m^[[39m
viz-determinism	Run FULL @oods/mcp-server suite (previously-dark colocated files)	2026-09-10T06:30:12.5397572Z  ^[[32m✓^[[39m test/compose/view-extension-collector.spec.ts ^[[2m(^[[22m^[[2m16 tests^[[22m^[[2m)^[[22m^[[32m 76^[[2mms^[[22m^[[39m
viz-determinism	Run FULL @oods/mcp-server suite (previously-dark colocated files)	2026-09-10T06:30:12.9237817Z  ^[[32m✓^[[39m test/codegen/vue-reactivity.spec.ts ^[[2m(^[[22m^[[2m12 tests^[[22m^[[2m)^[[22m^[[32m 23^[[2mms^[[22m^[[39m
viz-determinism	Run FULL @oods/mcp-server suite (previously-dark colocated files)	2026-09-10T06:30:14.5268373Z  ^[[32m✓^[[39m test/tools/artifact.certify.echarts-render-grading.s179.spec.ts ^[[2m(^[[22m^[[2m13 tests^[[22m^[[2m)^[[22m^[[33m 914^[[2mms^[[22m^[[39m
viz-determinism	Run FULL @oods/mcp-server suite (previously-dark colocated files)	2026-09-10T06:30:14.5270803Z    ^[[33m^[[2m✓^[[22m^[[39m artifact.certify — operand-backed ECharts render grading (s179 m05)^[[2m > ^[[22m'treemap': keeps option identity and adds a stable first-render hash ^[[33m 576^[[2mms^[[22m^[[39m
viz-determinism	Run FULL @oods/mcp-server suite (previously-dark colocated files)	2026-09-10T06:30:16.0802557Z  ^[[32m✓^[[39m test/e2e/object-codegen-pipeline.spec.ts ^[[2m(^[[22m^[[2m5 tests^[[22m^[[2m)^[[22m^[[33m 586^[[2mms^[[22m^[[39m
viz-determinism	Run FULL @oods/mcp-server suite (previously-dark colocated files)	2026-09-10T06:30:16.0804874Z    ^[[33m^[[2m✓^[[22m^[[39m E2E object codegen target readiness^[[2m > ^[[22mbuilds the original Subscription detail now that ArchiveSummary is governed ^[[33m 479^[[2mms^[[22m^[[39m
viz-determinism	Run FULL @oods/mcp-server suite (previously-dark colocated files)	2026-09-10T06:30:16.4948140Z  ^[[32m✓^[[39m src/telemetry/otel.test.ts ^[[2m(^[[22m^[[2m16 tests^[[22m^[[2m)^[[22m^[[32m 86^[[2mms^[[22m^[[39m
viz-determinism	Run FULL @oods/mcp-server suite (previously-dark colocated files)	2026-09-10T06:30:18.5292788Z  ^[[31m❯^[[39m test/product-reality/billing-composition.s188.spec.ts ^[[2m(^[[22m^[[2m3 tests^[[22m^[[2m | ^[[22m^[[31m1 failed^[[39m^[[2m)^[[22m^[[33m 1182^[[2mms^[[22m^[[39m
viz-determinism	Run FULL @oods/mcp-server suite (previously-dark colocated files)	2026-09-10T06:30:18.5295411Z    ^[[32m✓^[[39m Decision 1822 bounded recipe composition^[[2m > ^[[22mresolves object overrides before trait defaults, preserves references and authored runtime props, and does not mutate inputs^[[32m 53^[[2mms^[[22m^[[39m
viz-determinism	Run FULL @oods/mcp-server suite (previously-dark colocated files)	2026-09-10T06:30:18.5298169Z    ^[[32m✓^[[39m Decision 1822 bounded recipe composition^[[2m > ^[[22mnever selects the recipes for generic detail slots or an amount-bearing object without Billable^[[32m 95^[[2mms^[[22m^[[39m
viz-determinism	Run FULL @oods/mcp-server suite (previously-dark colocated files)	2026-09-10T06:30:18.5300040Z ^[[31m   ^[[31m×^[[31m Decision 1822 bounded recipe composition^[[2m > ^[[22mpreserves the historical exact diff and current declared recipes across 66 schemas and 132 artifacts^[[39m^[[33m 1032^[[2mms^[[22m^[[39m
viz-determinism	Run FULL @oods/mcp-server suite (previously-dark colocated files)	2026-09-10T06:30:18.5301552Z ^[[31m     → expected 'Amount in USD' to be 'Recurring price expressed in minor un…' // Object.is equality^[[39m
viz-determinism	Run FULL @oods/mcp-server suite (previously-dark colocated files)	2026-09-10T06:30:19.0165824Z  ^[[32m✓^[[39m src/codegen/emitter-state-branches.s184.test.ts ^[[2m(^[[22m^[[2m23 tests^[[22m^[[2m)^[[22m^[[32m 31^[[2mms^[[22m^[[39m
viz-determinism	Run FULL @oods/mcp-server suite (previously-dark colocated files)	2026-09-10T06:30:19.5438819Z  ^[[32m✓^[[39m test/contracts/versioning.spec.ts ^[[2m(^[[22m^[[2m22 tests^[[22m^[[2m)^[[22m^[[32m 140^[[2mms^[[22m^[[39m
viz-determinism	Run FULL @oods/mcp-server suite (previously-dark colocated files)	2026-09-10T06:30:20.2050424Z  ^[[32m✓^[[39m test/tools/echarts-role-a-assignment.s179.spec.ts ^[[2m(^[[22m^[[2m14 tests^[[22m^[[2m)^[[22m^[[32m 70^[[2mms^[[22m^[[39m
viz-determinism	Run FULL @oods/mcp-server suite (previously-dark colocated files)	2026-09-10T06:30:20.5586613Z  ^[[32m✓^[[39m test/e2e/review-resolve-q3.e2e.spec.ts ^[[2m(^[[22m^[[2m25 tests^[[22m^[[2m)^[[22m^[[32m 66^[[2mms^[[22m^[[39m
viz-determinism	Run FULL @oods/mcp-server suite (previously-dark colocated files)	2026-09-10T06:30:20.9108531Z  ^[[32m✓^[[39m test/e2e/a2ui-image-q3.e2e.spec.ts ^[[2m(^[[22m^[[2m24 tests^[[22m^[[2m)^[[22m^[[32m 75^[[2mms^[[22m^[[39m
viz-determinism	Run FULL @oods/mcp-server suite (previously-dark colocated files)	2026-09-10T06:30:21.2765200Z  ^[[32m✓^[[39m test/e2e/conflict-detail-q3.e2e.spec.ts ^[[2m(^[[22m^[[2m83 tests^[[22m^[[2m)^[[22m^[[32m 72^[[2mms^[[22m^[[39m
viz-determinism	Run FULL @oods/mcp-server suite (previously-dark colocated files)	2026-09-10T06:30:21.7293207Z  ^[[32m✓^[[39m test/render/confidence-affordance.spec.ts ^[[2m(^[[22m^[[2m15 tests^[[22m^[[2m)^[[22m^[[32m 18^[[2mms^[[22m^[[39m
viz-determinism	Run FULL @oods/mcp-server suite (previously-dark colocated files)	2026-09-10T06:30:23.2912774Z  ^[[32m✓^[[39m test/product-reality/recipe-header-fields.s185.spec.ts ^[[2m(^[[22m^[[2m19 tests^[[22m^[[2m)^[[22m^[[33m 472^[[2mms^[[22m^[[39m
viz-determinism	Run FULL @oods/mcp-server suite (previously-dark colocated files)	2026-09-10T06:30:24.0788676Z  ^[[32m✓^[[39m test/tools/dashboard-a11y-equivalence-emission.spec.ts ^[[2m(^[[22m^[[2m9 tests^[[22m^[[2m)^[[22m^[[32m 48^[[2mms^[[22m^[[39m
viz-determinism	Run FULL @oods/mcp-server suite (previously-dark colocated files)	2026-09-10T06:30:24.5260841Z  ^[[32m✓^[[39m test/contracts/registry-gaps.contract.spec.ts ^[[2m(^[[22m^[[2m10 tests^[[22m^[[2m)^[[22m^[[32m 19^[[2mms^[[22m^[[39m
viz-determinism	Run FULL @oods/mcp-server suite (previously-dark colocated files)	2026-09-10T06:30:24.9571011Z  ^[[32m✓^[[39m test/product-reality/nucleus-pins.s185.spec.ts ^[[2m(^[[22m^[[2m5 tests^[[22m^[[2m)^[[22m^[[32m 178^[[2mms^[[22m^[[39m
viz-determinism	Run FULL @oods/mcp-server suite (previously-dark colocated files)	2026-09-10T06:30:25.5281444Z  ^[[32m✓^[[39m test/contracts/upstream-trait-sync.contract.spec.ts ^[[2m(^[[22m^[[2m10 tests^[[22m^[[2m)^[[22m^[[32m 169^[[2mms^[[22m^[[39m
viz-determinism	Run FULL @oods/mcp-server suite (previously-dark colocated files)	2026-09-10T06:30:25.7751938Z  ^[[32m✓^[[39m src/compose/slot-expander.test.ts ^[[2m(^[[22m^[[2m13 tests^[[22m^[[2m)^[[22m^[[32m 14^[[2mms^[[22m^[[39m
viz-determinism	Run FULL @oods/mcp-server suite (previously-dark colocated files)	2026-09-10T06:30:26.3904628Z  ^[[32m✓^[[39m src/tools/schema/__tests__/schema-tools.test.ts ^[[2m(^[[22m^[[2m7 tests^[[22m^[[2m)^[[22m^[[32m 169^[[2mms^[[22m^[[39m
viz-determinism	Run FULL @oods/mcp-server suite (previously-dark colocated files)	2026-09-10T06:30:59.8408104Z  ^[[32m✓^[[39m test/codegen/collections.s189.spec.ts ^[[2m(^[[22m^[[2m12 tests^[[22m^[[2m)^[[22m^[[33m 32608^[[2mms^[[22m^[[39m
viz-determinism	Run FULL @oods/mcp-server suite (previously-dark colocated files)	2026-09-10T06:30:59.8468216Z    ^[[33m^[[2m✓^[[22m^[[39m collection screens own the data presentation^[[2m > ^[[22mreact standalone collection props compile without a workflow or invented records ^[[33m 7862^[[2mms^[[22m^[[39m
viz-determinism	Run FULL @oods/mcp-server suite (previously-dark colocated files)	2026-09-10T06:30:59.8477703Z    ^[[33m^[[2m✓^[[22m^[[39m collection screens own the data presentation^[[2m > ^[[22mvue standalone collection props compile without a workflow or invented records ^[[33m 14563^[[2mms^[[22m^[[39m
viz-determinism	Run FULL @oods/mcp-server suite (previously-dark colocated files)	2026-09-10T06:30:59.8485212Z    ^[[33m^[[2m✓^[[22m^[[39m collection screens own the data presentation^[[2m > ^[[22mreact App binds the composed collection instead of shipping a competing presentation ^[[33m 614^[[2mms^[[22m^[[39m
viz-determinism	Run FULL @oods/mcp-server suite (previously-dark colocated files)	2026-09-10T06:30:59.8488172Z    ^[[33m^[[2m✓^[[22m^[[39m collection screens own the data presentation^[[2m > ^[[22mreact JavaScript collection output has real runtime props and no TypeScript-only imports ^[[33m 3682^[[2mms^[[22m^[[39m
viz-determinism	Run FULL @oods/mcp-server suite (previously-dark colocated files)	2026-09-10T06:30:59.8493333Z    ^[[33m^[[2m✓^[[22m^[[39m collection screens own the data presentation^[[2m > ^[[22mvue JavaScript collection output has real runtime props and no TypeScript-only imports ^[[33m 5545^[[2mms^[[22m^[[39m
viz-determinism	Run FULL @oods/mcp-server suite (previously-dark colocated files)	2026-09-10T06:31:00.2121125Z  ^[[32m✓^[[39m test/e2e/review-queue-q3.e2e.spec.ts ^[[2m(^[[22m^[[2m66 tests^[[22m^[[2m)^[[22m^[[32m 68^[[2mms^[[22m^[[39m
viz-determinism	Run FULL @oods/mcp-server suite (previously-dark colocated files)	2026-09-10T06:31:00.9520652Z  ^[[32m✓^[[39m src/tools/dashboard.render.strict-fields.test.ts ^[[2m(^[[22m^[[2m9 tests^[[22m^[[2m)^[[22m^[[32m 29^[[2mms^[[22m^[[39m
viz-determinism	Run FULL @oods/mcp-server suite (previously-dark colocated files)	2026-09-10T06:31:02.4596727Z  ^[[32m✓^[[39m test/e2e/mapping-versioning.e2e.spec.ts ^[[2m(^[[22m^[[2m3 tests^[[22m^[[2m)^[[22m^[[33m 1228^[[2mms^[[22m^[[39m
viz-determinism	Run FULL @oods/mcp-server suite (previously-dark colocated files)	2026-09-10T06:31:02.4598489Z    ^[[33m^[[2m✓^[[22m^[[39m mapping + versioning bridge E2E^[[2m > ^[[22mmap.create → map.list → map.resolve round-trip via bridge (multi-system) ^[[33m 890^[[2mms^[[22m^[[39m
viz-determinism	Run FULL @oods/mcp-server suite (previously-dark colocated files)	2026-09-10T06:31:02.8028940Z  ^[[32m✓^[[39m test/product-reality/reconnect.s185.spec.ts ^[[2m(^[[22m^[[2m11 tests^[[22m^[[2m)^[[22m^[[32m 86^[[2mms^[[22m^[[39m
viz-determinism	Run FULL @oods/mcp-server suite (previously-dark colocated files)	2026-09-10T06:31:03.9678175Z  ^[[31m❯^[[39m test/contracts/fragment-anchor-contract.spec.ts ^[[2m(^[[22m^[[2m3 tests^[[22m^[[2m | ^[[22m^[[31m1 failed^[[39m^[[2m)^[[22m^[[33m 357^[[2mms^[[22m^[[39m
viz-determinism	Run FULL @oods/mcp-server suite (previously-dark colocated files)	2026-09-10T06:31:03.9680540Z    ^[[32m✓^[[39m fragment-anchor contract: both anchors present on fragments output^[[2m > ^[[22memits data-oods-node-id AND data-oods-label on every labeled fragment node^[[32m 71^[[2mms^[[22m^[[39m
viz-determinism	Run FULL @oods/mcp-server suite (previously-dark colocated files)	2026-09-10T06:31:03.9683259Z    ^[[32m✓^[[39m fragment-anchor contract: data-oods-label durable, data-oods-node-id best-effort^[[2m > ^[[22mis deterministic — identical input yields identical label->node-id map^[[32m 223^[[2mms^[[22m^[[39m
viz-determinism	Run FULL @oods/mcp-server suite (previously-dark colocated files)	2026-09-10T06:31:03.9685449Z ^[[31m   ^[[31m×^[[31m fragment-anchor contract: data-oods-label durable, data-oods-node-id best-effort^[[2m > ^[[22ma surviving slot keeps its data-oods-label while data-oods-node-id may shift^[[39m^[[32m 62^[[2mms^[[22m^[[39m
viz-determinism	Run FULL @oods/mcp-server suite (previously-dark colocated files)	2026-09-10T06:31:03.9687640Z ^[[31m     → expected false to be true // Object.is equality^[[39m
viz-determinism	Run FULL @oods/mcp-server suite (previously-dark colocated files)	2026-09-10T06:31:04.2244492Z  ^[[32m✓^[[39m src/compose/viz-trait-resolver.test.ts ^[[2m(^[[22m^[[2m38 tests^[[22m^[[2m)^[[22m^[[32m 11^[[2mms^[[22m^[[39m
viz-determinism	Run FULL @oods/mcp-server suite (previously-dark colocated files)	2026-09-10T06:31:05.1395485Z  ^[[32m✓^[[39m test/product-reality/m06-evidence.s184.spec.ts ^[[2m(^[[22m^[[2m4 tests^[[22m^[[2m)^[[22m^[[32m 110^[[2mms^[[22m^[[39m
viz-determinism	Run FULL @oods/mcp-server suite (previously-dark colocated files)	2026-09-10T06:31:07.4470321Z  ^[[32m✓^[[39m test/product-reality/generated-heading-update.s185.spec.ts ^[[2m(^[[22m^[[2m2 tests^[[22m^[[2m)^[[22m^[[33m 1432^[[2mms^[[22m^[[39m
viz-determinism	Run FULL @oods/mcp-server suite (previously-dark colocated files)	2026-09-10T06:31:07.4472543Z    ^[[33m^[[2m✓^[[22m^[[39m Sprint 185 live generated plan heading updates^[[2m > ^[[22mmounts real generated react and updates the read-only heading through its existing Textarea writer ^[[33m 713^[[2mms^[[22m^[[39m
viz-determinism	Run FULL @oods/mcp-server suite (previously-dark colocated files)	2026-09-10T06:31:07.4474290Z    ^[[33m^[[2m✓^[[22m^[[39m Sprint 185 live generated plan heading updates^[[2m > ^[[22mmounts real generated vue and updates the read-only heading through its existing Textarea writer ^[[33m 717^[[2mms^[[22m^[[39m
viz-determinism	Run FULL @oods/mcp-server suite (previously-dark colocated files)	2026-09-10T06:31:08.0461846Z  ^[[32m✓^[[39m test/compose/slot-content-distributor.spec.ts ^[[2m(^[[22m^[[2m7 tests^[[22m^[[2m)^[[22m^[[32m 159^[[2mms^[[22m^[[39m
viz-determinism	Run FULL @oods/mcp-server suite (previously-dark colocated files)	2026-09-10T06:31:08.3157143Z  ^[[32m✓^[[39m src/codegen/binding-analysis-integration.s183.test.ts ^[[2m(^[[22m^[[2m4 tests^[[22m^[[2m)^[[22m^[[32m 8^[[2mms^[[22m^[[39m
viz-determinism	Run FULL @oods/mcp-server suite (previously-dark colocated files)	2026-09-10T06:31:09.3242000Z  ^[[32m✓^[[39m test/contracts/registry-snapshot.spec.ts ^[[2m(^[[22m^[[2m5 tests^[[22m^[[2m)^[[22m^[[33m 623^[[2mms^[[22m^[[39m
viz-determinism	Run FULL @oods/mcp-server suite (previously-dark colocated files)	2026-09-10T06:31:09.3260314Z    ^[[33m^[[2m✓^[[22m^[[39m registry.snapshot handler^[[2m > ^[[22mbenchmarks the snapshot p99 within a relative warmup budget at 100, 500, and 1000 mappings ^[[33m 564^[[2mms^[[22m^[[39m
viz-determinism	Run FULL @oods/mcp-server suite (previously-dark colocated files)	2026-09-10T06:31:09.5715926Z  ^[[32m✓^[[39m src/a2ui/host-conformance/data-model.test.ts ^[[2m(^[[22m^[[2m23 tests^[[22m^[[2m)^[[22m^[[32m 10^[[2mms^[[22m^[[39m
viz-determinism	Run FULL @oods/mcp-server suite (previously-dark colocated files)	2026-09-10T06:31:09.8125111Z  ^[[32m✓^[[39m test/contracts/s90-registration-audit.spec.ts ^[[2m(^[[22m^[[2m35 tests^[[22m^[[2m)^[[22m^[[32m 16^[[2mms^[[22m^[[39m
viz-determinism	Run FULL @oods/mcp-server suite (previously-dark colocated files)	2026-09-10T06:31:11.8452873Z  ^[[32m✓^[[39m test/product-reality/m04-controls.s185.spec.ts ^[[2m(^[[22m^[[2m13 tests^[[22m^[[2m)^[[22m^[[33m 435^[[2mms^[[22m^[[39m
viz-determinism	Run FULL @oods/mcp-server suite (previously-dark colocated files)	2026-09-10T06:31:13.3446577Z  ^[[32m✓^[[39m test/product-reality/public-head-equivalence.s185.spec.ts ^[[2m(^[[22m^[[2m21 tests^[[22m^[[2m)^[[22m^[[33m 1209^[[2mms^[[22m^[[39m
viz-determinism	Run FULL @oods/mcp-server suite (previously-dark colocated files)	2026-09-10T06:31:14.6857137Z  ^[[32m✓^[[39m test/tools/certify-echarts-role-c.spec.ts ^[[2m(^[[22m^[[2m16 tests^[[22m^[[2m)^[[22m^[[33m 714^[[2mms^[[22m^[[39m
viz-determinism	Run FULL @oods/mcp-server suite (previously-dark colocated files)	2026-09-10T06:31:14.6859735Z    ^[[33m^[[2m✓^[[22m^[[39m ECharts Role-C structural paint extraction^[[2m > ^[[22m'treemap': extracts only visible chart carriers from the exact served option ^[[33m 543^[[2mms^[[22m^[[39m
viz-determinism	Run FULL @oods/mcp-server suite (previously-dark colocated files)	2026-09-10T06:31:15.0900956Z  ^[[32m✓^[[39m test/product-reality/history-pins.s185.spec.ts ^[[2m(^[[22m^[[2m13 tests^[[22m^[[2m)^[[22m^[[32m 161^[[2mms^[[22m^[[39m
viz-determinism	Run FULL @oods/mcp-server suite (previously-dark colocated files)	2026-09-10T06:31:15.3870900Z  ^[[32m✓^[[39m src/codegen/pre-emit.test.ts ^[[2m(^[[22m^[[2m18 tests^[[22m^[[2m)^[[22m^[[32m 10^[[2mms^[[22m^[[39m
viz-determinism	Run FULL @oods/mcp-server suite (previously-dark colocated files)	2026-09-10T06:31:15.8914164Z  ^[[32m✓^[[39m test/objects/trait-composer.spec.ts ^[[2m(^[[22m^[[2m14 tests^[[22m^[[2m)^[[22m^[[32m 271^[[2mms^[[22m^[[39m
viz-determinism	Run FULL @oods/mcp-server suite (previously-dark colocated files)	2026-09-10T06:31:16.1389761Z  ^[[32m✓^[[39m test/presets/brand-presets.spec.ts ^[[2m(^[[22m^[[2m29 tests^[[22m^[[2m)^[[22m^[[32m 14^[[2mms^[[22m^[[39m
viz-determinism	Run FULL @oods/mcp-server suite (previously-dark colocated files)	2026-09-10T06:31:16.4113978Z  ^[[32m✓^[[39m src/tools/review.chain.test.ts ^[[2m(^[[22m^[[2m18 tests^[[22m^[[2m)^[[22m^[[32m 12^[[2mms^[[22m^[[39m
viz-determinism	Run FULL @oods/mcp-server suite (previously-dark colocated files)	2026-09-10T06:31:17.8250251Z  ^[[32m✓^[[39m test/tools/certify-echarts-render-contrast.s179.spec.ts ^[[2m(^[[22m^[[2m13 tests^[[22m^[[2m)^[[22m^[[33m 805^[[2mms^[[22m^[[39m
viz-determinism	Run FULL @oods/mcp-server suite (previously-dark colocated files)	2026-09-10T06:31:17.8252954Z    ^[[33m^[[2m✓^[[22m^[[39m ECharts rendered categorical contrast (s179 m04)^[[2m > ^[[22m'treemap': composes actual carriers with the family semantic assignment ^[[33m 573^[[2mms^[[22m^[[39m
viz-determinism	Run FULL @oods/mcp-server suite (previously-dark colocated files)	2026-09-10T06:31:18.3220919Z  ^[[32m✓^[[39m src/tools/object.group.test.ts ^[[2m(^[[22m^[[2m21 tests^[[22m^[[2m)^[[22m^[[32m 93^[[2mms^[[22m^[[39m
viz-determinism	Run FULL @oods/mcp-server suite (previously-dark colocated files)	2026-09-10T06:31:19.9328073Z  ^[[32m✓^[[39m test/product-reality/read-only-field-binding.s185.spec.ts ^[[2m(^[[22m^[[2m13 tests^[[22m^[[2m)^[[22m^[[33m 521^[[2mms^[[22m^[[39m
viz-determinism	Run FULL @oods/mcp-server suite (previously-dark colocated files)	2026-09-10T06:31:20.1954710Z  ^[[32m✓^[[39m src/codegen/boxes-arrows-emitter.test.ts ^[[2m(^[[22m^[[2m22 tests^[[22m^[[2m)^[[22m^[[32m 7^[[2mms^[[22m^[[39m
viz-determinism	Run FULL @oods/mcp-server suite (previously-dark colocated files)	2026-09-10T06:31:20.5026401Z  ^[[32m✓^[[39m test/compose/label-generator.spec.ts ^[[2m(^[[22m^[[2m13 tests^[[22m^[[2m)^[[22m^[[32m 72^[[2mms^[[22m^[[39m
viz-determinism	Run FULL @oods/mcp-server suite (previously-dark colocated files)	2026-09-10T06:31:34.6622704Z  ^[[32m✓^[[39m test/codegen/form-detail.s189.spec.ts ^[[2m(^[[22m^[[2m8 tests^[[22m^[[2m)^[[22m^[[33m 13045^[[2mms^[[22m^[[39m
viz-determinism	Run FULL @oods/mcp-server suite (previously-dark colocated files)	2026-09-10T06:31:34.6624758Z    ^[[33m^[[2m✓^[[22m^[[39m form and detail reconcile their declared semantics^[[2m > ^[[22mreact workflow compiles its on-demand cancellation and native form ^[[33m 4837^[[2mms^[[22m^[[39m
viz-determinism	Run FULL @oods/mcp-server suite (previously-dark colocated files)	2026-09-10T06:31:34.6626710Z    ^[[33m^[[2m✓^[[22m^[[39m form and detail reconcile their declared semantics^[[2m > ^[[22mvue workflow compiles its on-demand cancellation and native form ^[[33m 7990^[[2mms^[[22m^[[39m
viz-determinism	Run FULL @oods/mcp-server suite (previously-dark colocated files)	2026-09-10T06:31:35.5215183Z  ^[[32m✓^[[39m test/product-reality/approved-timeout.s188.spec.ts ^[[2m(^[[22m^[[2m44 tests^[[22m^[[2m)^[[22m^[[33m 587^[[2mms^[[22m^[[39m
viz-determinism	Run FULL @oods/mcp-server suite (previously-dark colocated files)	2026-09-10T06:31:35.8067213Z  ^[[32m✓^[[39m test/compose/wire-field-props.spec.ts ^[[2m(^[[22m^[[2m10 tests^[[22m^[[2m)^[[22m^[[32m 16^[[2mms^[[22m^[[39m
viz-determinism	Run FULL @oods/mcp-server suite (previously-dark colocated files)	2026-09-10T06:31:53.6680657Z  ^[[32m✓^[[39m test/product-reality/payment-chart.s190.spec.ts ^[[2m(^[[22m^[[2m10 tests^[[22m^[[2m)^[[22m^[[33m 16941^[[2mms^[[22m^[[39m
viz-determinism	Run FULL @oods/mcp-server suite (previously-dark colocated files)	2026-09-10T06:31:53.6699293Z    ^[[33m^[[2m✓^[[22m^[[39m Subscription payment chart is an actual public render^[[2m > ^[[22memits repeatable, strictly typed react workflow assets keyed by seed identity ^[[33m 5053^[[2mms^[[22m^[[39m
viz-determinism	Run FULL @oods/mcp-server suite (previously-dark colocated files)	2026-09-10T06:31:53.6702819Z    ^[[33m^[[2m✓^[[22m^[[39m Subscription payment chart is an actual public render^[[2m > ^[[22memits repeatable, strictly typed vue workflow assets keyed by seed identity ^[[33m 7852^[[2mms^[[22m^[[39m
viz-determinism	Run FULL @oods/mcp-server suite (previously-dark colocated files)	2026-09-10T06:31:53.6705403Z    ^[[33m^[[2m✓^[[22m^[[39m Subscription payment chart is an actual public render^[[2m > ^[[22msingle detail react has a hashed seed asset and unchanged public SVG bytes ^[[33m 1583^[[2mms^[[22m^[[39m
viz-determinism	Run FULL @oods/mcp-server suite (previously-dark colocated files)	2026-09-10T06:31:53.6708139Z    ^[[33m^[[2m✓^[[22m^[[39m Subscription payment chart is an actual public render^[[2m > ^[[22msingle detail vue has a hashed seed asset and unchanged public SVG bytes ^[[33m 2184^[[2mms^[[22m^[[39m
viz-determinism	Run FULL @oods/mcp-server suite (previously-dark colocated files)	2026-09-10T06:31:55.2039469Z  ^[[32m✓^[[39m test/e2e/registry-gaps.e2e.spec.ts ^[[2m(^[[22m^[[2m3 tests^[[22m^[[2m)^[[22m^[[33m 1103^[[2mms^[[22m^[[39m
viz-determinism	Run FULL @oods/mcp-server suite (previously-dark colocated files)	2026-09-10T06:31:55.2044737Z    ^[[33m^[[2m✓^[[22m^[[39m registry gaps e2e verification^[[2m > ^[[22mWorkbench S44 fixture with Grid + known components renders all fragments via bridge ^[[33m 829^[[2mms^[[22m^[[39m
viz-determinism	Run FULL @oods/mcp-server suite (previously-dark colocated files)	2026-09-10T06:33:58.2865914Z  ^[[32m✓^[[39m test/product-reality/live-workflow-consumers.s184.spec.ts ^[[2m(^[[22m^[[2m4 tests^[[22m^[[2m)^[[22m^[[33m 121923^[[2mms^[[22m^[[39m
viz-determinism	Run FULL @oods/mcp-server suite (previously-dark colocated files)	2026-09-10T06:33:58.7751282Z  ^[[32m✓^[[39m test/compose/token-injection.spec.ts ^[[2m(^[[22m^[[2m11 tests^[[22m^[[2m)^[[22m^[[32m 179^[[2mms^[[22m^[[39m
viz-determinism	Run FULL @oods/mcp-server suite (previously-dark colocated files)	2026-09-10T06:34:00.0917435Z  ^[[32m✓^[[39m test/product-reality/sprint-wide-movers.s185.spec.ts ^[[2m(^[[22m^[[2m7 tests^[[22m^[[2m)^[[22m^[[33m 1074^[[2mms^[[22m^[[39m
viz-determinism	Run FULL @oods/mcp-server suite (previously-dark colocated files)	2026-09-10T06:34:00.3770715Z  ^[[32m✓^[[39m src/render/tree-renderer.test.ts ^[[2m(^[[22m^[[2m8 tests^[[22m^[[2m)^[[22m^[[32m 16^[[2mms^[[22m^[[39m
viz-determinism	Run FULL @oods/mcp-server suite (previously-dark colocated files)	2026-09-10T06:34:00.6109868Z  ^[[32m✓^[[39m src/compose/field-affinity.test.ts ^[[2m(^[[22m^[[2m26 tests^[[22m^[[2m)^[[22m^[[32m 10^[[2mms^[[22m^[[39m
viz-determinism	Run FULL @oods/mcp-server suite (previously-dark colocated files)	2026-09-10T06:34:01.0477612Z  ^[[32m✓^[[39m src/tools/repl.render.skin-mapping.test.ts ^[[2m(^[[22m^[[2m8 tests^[[22m^[[2m)^[[22m^[[32m 21^[[2mms^[[22m^[[39m
viz-determinism	Run FULL @oods/mcp-server suite (previously-dark colocated files)	2026-09-10T06:34:01.2795577Z  ^[[32m✓^[[39m src/tools/orca-prop-compat.test.ts ^[[2m(^[[22m^[[2m15 tests^[[22m^[[2m)^[[22m^[[32m 9^[[2mms^[[22m^[[39m
viz-determinism	Run FULL @oods/mcp-server suite (previously-dark colocated files)	2026-09-10T06:34:02.3759520Z ^[[90mstderr^[[2m | src/tools/viz.render.fidelity.test.ts^[[2m > ^[[22m^[[2mviz.render render fidelity (renderable, not just AJV-valid)^[[2m > ^[[22m^[[2msuggest mode (no chartType): the data-aware pick is renderable and golden-locked at the render boundary
viz-determinism	Run FULL @oods/mcp-server suite (previously-dark colocated files)	2026-09-10T06:34:02.3762208Z ^[[22m^[[39mWARN Channel "color" does not work with "band" scale. We are using "ordinal" scale instead.
viz-determinism	Run FULL @oods/mcp-server suite (previously-dark colocated files)	2026-09-10T06:34:02.3778077Z 
viz-determinism	Run FULL @oods/mcp-server suite (previously-dark colocated files)	2026-09-10T06:34:02.3779124Z  ^[[32m✓^[[39m src/tools/viz.render.fidelity.test.ts ^[[2m(^[[22m^[[2m7 tests^[[22m^[[2m)^[[22m^[[32m 224^[[2mms^[[22m^[[39m
viz-determinism	Run FULL @oods/mcp-server suite (previously-dark colocated files)	2026-09-10T06:34:02.6458505Z  ^[[32m✓^[[39m test/a2ui-host-conformance/host-conformance-emitter.spec.ts ^[[2m(^[[22m^[[2m32 tests^[[22m^[[2m)^[[22m^[[32m 13^[[2mms^[[22m^[[39m
viz-determinism	Run FULL @oods/mcp-server suite (previously-dark colocated files)	2026-09-10T06:34:04.3888405Z  ^[[32m✓^[[39m test/bridge/fragment-parity.spec.ts ^[[2m(^[[22m^[[2m1 test^[[22m^[[2m)^[[22m^[[33m 1525^[[2mms^[[22m^[[39m
viz-determinism	Run FULL @oods/mcp-server suite (previously-dark colocated files)	2026-09-10T06:34:04.3889973Z    ^[[33m^[[2m✓^[[22m^[[39m bridge fragment parity^[[2m > ^[[22msupports fragment mode via bridge /run and matches direct MCP transport semantics ^[[33m 1283^[[2mms^[[22m^[[39m
viz-determinism	Run FULL @oods/mcp-server suite (previously-dark colocated files)	2026-09-10T06:34:04.9887840Z  ^[[32m✓^[[39m src/tools/viz.render.network-fidelity.test.ts ^[[2m(^[[22m^[[2m10 tests^[[22m^[[2m)^[[22m^[[32m 20^[[2mms^[[22m^[[39m
viz-determinism	Run FULL @oods/mcp-server suite (previously-dark colocated files)	2026-09-10T06:34:05.4317298Z  ^[[32m✓^[[39m src/tools/repl.render.brand.test.ts ^[[2m(^[[22m^[[2m6 tests^[[22m^[[2m)^[[22m^[[32m 19^[[2mms^[[22m^[[39m
viz-determinism	Run FULL @oods/mcp-server suite (previously-dark colocated files)	2026-09-10T06:34:06.0387568Z  ^[[32m✓^[[39m src/tools/viz.render.geo-fidelity.test.ts ^[[2m(^[[22m^[[2m6 tests^[[22m^[[2m)^[[22m^[[32m 17^[[2mms^[[22m^[[39m
viz-determinism	Run FULL @oods/mcp-server suite (previously-dark colocated files)	2026-09-10T06:34:06.2751592Z  ^[[32m✓^[[39m src/tools/ci-golden-list.guard.test.ts ^[[2m(^[[22m^[[2m2 tests^[[22m^[[2m)^[[22m^[[32m 14^[[2mms^[[22m^[[39m
viz-determinism	Run FULL @oods/mcp-server suite (previously-dark colocated files)	2026-09-10T06:34:06.9977878Z  ^[[32m✓^[[39m src/tools/dashboard.render.kpi-types.test.ts ^[[2m(^[[22m^[[2m7 tests^[[22m^[[2m)^[[22m^[[32m 16^[[2mms^[[22m^[[39m
viz-determinism	Run FULL @oods/mcp-server suite (previously-dark colocated files)	2026-09-10T06:34:08.1383123Z  ^[[32m✓^[[39m test/tools/artifact.certify.unchecked-tristate.spec.ts ^[[2m(^[[22m^[[2m6 tests^[[22m^[[2m)^[[22m^[[33m 518^[[2mms^[[22m^[[39m
viz-determinism	Run FULL @oods/mcp-server suite (previously-dark colocated files)	2026-09-10T06:34:08.1385519Z    ^[[33m^[[2m✓^[[22m^[[39m artifact.certify — contrast tri-state: 'ungradeable' (tried and failed) vs 'unchecked' (nothing to grade)^[[2m > ^[[22mpoisoned canvas — grading was attempted on a colour-bearing unit and could not resolve the canvas^[[2m > ^[[22mpillars.contrast is 'ungradeable' (not 'unchecked') on the certified path ^[[33m 332^[[2mms^[[22m^[[39m
viz-determinism	Run FULL @oods/mcp-server suite (previously-dark colocated files)	2026-09-10T06:34:08.3975945Z  ^[[32m✓^[[39m src/errors/registry.test.ts ^[[2m(^[[22m^[[2m19 tests^[[22m^[[2m)^[[22m^[[32m 26^[[2mms^[[22m^[[39m
viz-determinism	Run FULL @oods/mcp-server suite (previously-dark colocated files)	2026-09-10T06:34:34.0288780Z  ^[[32m✓^[[39m test/product-reality/collections.s191.spec.ts ^[[2m(^[[22m^[[2m6 tests^[[22m^[[2m)^[[22m^[[33m 24595^[[2mms^[[22m^[[39m
viz-determinism	Run FULL @oods/mcp-server suite (previously-dark colocated files)	2026-09-10T06:34:34.0290557Z    ^[[33m^[[2m✓^[[22m^[[39m workflow collection domain ownership (s191)^[[2m > ^[[22mOrganization/react emits deterministic, strictly typed collection actions ^[[33m 4466^[[2mms^[[22m^[[39m
viz-determinism	Run FULL @oods/mcp-server suite (previously-dark colocated files)	2026-09-10T06:34:34.0292260Z    ^[[33m^[[2m✓^[[22m^[[39m workflow collection domain ownership (s191)^[[2m > ^[[22mOrganization/vue emits deterministic, strictly typed collection actions ^[[33m 7750^[[2mms^[[22m^[[39m
viz-determinism	Run FULL @oods/mcp-server suite (previously-dark colocated files)	2026-09-10T06:34:34.0294022Z    ^[[33m^[[2m✓^[[22m^[[39m workflow collection domain ownership (s191)^[[2m > ^[[22mUser/react emits deterministic, strictly typed collection actions ^[[33m 4338^[[2mms^[[22m^[[39m
viz-determinism	Run FULL @oods/mcp-server suite (previously-dark colocated files)	2026-09-10T06:34:34.0300432Z    ^[[33m^[[2m✓^[[22m^[[39m workflow collection domain ownership (s191)^[[2m > ^[[22mUser/vue emits deterministic, strictly typed collection actions ^[[33m 7677^[[2mms^[[22m^[[39m
viz-determinism	Run FULL @oods/mcp-server suite (previously-dark colocated files)	2026-09-10T06:34:34.0302003Z    ^[[33m^[[2m✓^[[22m^[[39m workflow collection domain ownership (s191)^[[2m > ^[[22mupserts by the declared default-role field, preserves other entries and metadata, and persists only on Save ^[[33m 301^[[2mms^[[22m^[[39m
viz-determinism	Run FULL @oods/mcp-server suite (previously-dark colocated files)	2026-09-10T06:34:34.7655916Z  ^[[32m✓^[[39m test/product-reality/s183-m06-replay-r02.spec.ts ^[[2m(^[[22m^[[2m4 tests^[[22m^[[2m)^[[22m^[[32m 256^[[2mms^[[22m^[[39m
viz-determinism	Run FULL @oods/mcp-server suite (previously-dark colocated files)	2026-09-10T06:34:35.0106929Z  ^[[32m✓^[[39m src/lib/oodsrc.test.ts ^[[2m(^[[22m^[[2m18 tests^[[22m^[[2m)^[[22m^[[32m 13^[[2mms^[[22m^[[39m
viz-determinism	Run FULL @oods/mcp-server suite (previously-dark colocated files)	2026-09-10T06:34:35.4100656Z  ^[[32m✓^[[39m test/codegen/prop-destructuring.spec.ts ^[[2m(^[[22m^[[2m9 tests^[[22m^[[2m)^[[22m^[[32m 28^[[2mms^[[22m^[[39m
viz-determinism	Run FULL @oods/mcp-server suite (previously-dark colocated files)	2026-09-10T06:34:36.0477809Z  ^[[32m✓^[[39m test/compose/confidence-scoring.spec.ts ^[[2m(^[[22m^[[2m12 tests^[[22m^[[2m)^[[22m^[[32m 205^[[2mms^[[22m^[[39m
viz-determinism	Run FULL @oods/mcp-server suite (previously-dark colocated files)	2026-09-10T06:34:37.5732422Z  ^[[32m✓^[[39m test/e2e/fragment-integration.e2e.spec.ts ^[[2m(^[[22m^[[2m9 tests^[[22m^[[2m)^[[22m^[[33m 1094^[[2mms^[[22m^[[39m
viz-determinism	Run FULL @oods/mcp-server suite (previously-dark colocated files)	2026-09-10T06:34:37.5749024Z    ^[[33m^[[2m✓^[[22m^[[39m fragment integration e2e^[[2m > ^[[22m{ name: 'dashboard', file: 'dashboard-page.ui-schema.json', minFragments: 3, minComponentCount: 15 } bridge transport returns fragment output equivalent to direct handler ^[[33m 807^[[2mms^[[22m^[[39m
viz-determinism	Run FULL @oods/mcp-server suite (previously-dark colocated files)	2026-09-10T06:34:38.3751447Z  ^[[32m✓^[[39m src/codegen/validation-profile.test.ts ^[[2m(^[[22m^[[2m8 tests^[[22m^[[2m)^[[22m^[[32m 24^[[2mms^[[22m^[[39m
viz-determinism	Run FULL @oods/mcp-server suite (previously-dark colocated files)	2026-09-10T06:34:39.2002030Z  ^[[32m✓^[[39m test/contracts/code.generate-golden.spec.ts ^[[2m(^[[22m^[[2m6 tests^[[22m^[[2m)^[[22m^[[32m 37^[[2mms^[[22m^[[39m
viz-determinism	Run FULL @oods/mcp-server suite (previously-dark colocated files)	2026-09-10T06:34:39.4852091Z  ^[[32m✓^[[39m test/schema-store/schema-store.spec.ts ^[[2m(^[[22m^[[2m6 tests^[[22m^[[2m)^[[22m^[[32m 53^[[2mms^[[22m^[[39m
viz-determinism	Run FULL @oods/mcp-server suite (previously-dark colocated files)	2026-09-10T06:34:40.7622319Z  ^[[32m✓^[[39m test/product-reality/runnable-artifact.s183.spec.ts ^[[2m(^[[22m^[[2m28 tests^[[22m^[[2m)^[[22m^[[33m 406^[[2mms^[[22m^[[39m
viz-determinism	Run FULL @oods/mcp-server suite (previously-dark colocated files)	2026-09-10T06:34:41.1603516Z  ^[[32m✓^[[39m src/object-catalog/gates.test.ts ^[[2m(^[[22m^[[2m13 tests^[[22m^[[2m)^[[22m^[[32m 11^[[2mms^[[22m^[[39m
viz-determinism	Run FULL @oods/mcp-server suite (previously-dark colocated files)	2026-09-10T06:34:42.8415205Z  ^[[32m✓^[[39m test/product-reality/billing-views.s188.spec.ts ^[[2m(^[[22m^[[2m3 tests^[[22m^[[2m)^[[22m^[[33m 474^[[2mms^[[22m^[[39m
viz-determinism	Run FULL @oods/mcp-server suite (previously-dark colocated files)	2026-09-10T06:34:42.8422202Z    ^[[33m^[[2m✓^[[22m^[[39m Sprint 188 five remaining trait rows^[[2m > ^[[22mcomputes value and accessible-name parity across HTML, React and Vue with an empty difference allowlist ^[[33m 442^[[2mms^[[22m^[[39m
viz-determinism	Run FULL @oods/mcp-server suite (previously-dark colocated files)	2026-09-10T06:34:43.1353540Z  ^[[32m✓^[[39m src/codegen/ported-target-contracts.s184.test.ts ^[[2m(^[[22m^[[2m6 tests^[[22m^[[2m)^[[22m^[[32m 13^[[2mms^[[22m^[[39m
viz-determinism	Run FULL @oods/mcp-server suite (previously-dark colocated files)	2026-09-10T06:34:43.3846340Z  ^[[32m✓^[[39m src/compose/orca-role-mapper.test.ts ^[[2m(^[[22m^[[2m35 tests^[[22m^[[2m)^[[22m^[[32m 10^[[2mms^[[22m^[[39m
viz-determinism	Run FULL @oods/mcp-server suite (previously-dark colocated files)	2026-09-10T06:34:44.9880759Z  ^[[32m✓^[[39m test/product-reality/billing.s188.spec.ts ^[[2m(^[[22m^[[2m4 tests^[[22m^[[2m)^[[22m^[[33m 403^[[2mms^[[22m^[[39m
viz-determinism	Run FULL @oods/mcp-server suite (previously-dark colocated files)	2026-09-10T06:34:44.9882939Z    ^[[33m^[[2m✓^[[22m^[[39m Sprint 188 Billable list/form contracts^[[2m > ^[[22mcomputes HTML/React/Vue visible-text and accessible-name parity with no allowlisted differences ^[[33m 369^[[2mms^[[22m^[[39m
viz-determinism	Run FULL @oods/mcp-server suite (previously-dark colocated files)	2026-09-10T06:34:45.6044596Z  ^[[32m✓^[[39m test/tools/viz.render.bubble-symbolsize-s172.spec.ts ^[[2m(^[[22m^[[2m6 tests^[[22m^[[2m)^[[22m^[[32m 14^[[2mms^[[22m^[[39m
viz-determinism	Run FULL @oods/mcp-server suite (previously-dark colocated files)	2026-09-10T06:34:46.0886880Z  ^[[32m✓^[[39m test/contracts/security.model.spec.ts ^[[2m(^[[22m^[[2m17 tests^[[22m^[[2m)^[[22m^[[32m 24^[[2mms^[[22m^[[39m
viz-determinism	Run FULL @oods/mcp-server suite (previously-dark colocated files)	2026-09-10T06:34:46.4411397Z  ^[[32m✓^[[39m test/product-reality/evidence-retention.s184.spec.ts ^[[2m(^[[22m^[[2m10 tests^[[22m^[[2m)^[[22m^[[32m 111^[[2mms^[[22m^[[39m
viz-determinism	Run FULL @oods/mcp-server suite (previously-dark colocated files)	2026-09-10T06:34:46.7538266Z  ^[[32m✓^[[39m test/compose/viz-auto-binding.spec.ts ^[[2m(^[[22m^[[2m10 tests^[[22m^[[2m)^[[22m^[[32m 77^[[2mms^[[22m^[[39m
viz-determinism	Run FULL @oods/mcp-server suite (previously-dark colocated files)	2026-09-10T06:34:47.6709792Z  ^[[32m✓^[[39m test/product-reality/local-behavior-guards.s185.spec.ts ^[[2m(^[[22m^[[2m16 tests^[[22m^[[2m)^[[22m^[[32m 138^[[2mms^[[22m^[[39m
viz-determinism	Run FULL @oods/mcp-server suite (previously-dark colocated files)	2026-09-10T06:34:48.0363730Z  ^[[32m✓^[[39m test/contracts/schema-pattern-anchoring.spec.ts ^[[2m(^[[22m^[[2m8 tests^[[22m^[[2m)^[[22m^[[32m 26^[[2mms^[[22m^[[39m
viz-determinism	Run FULL @oods/mcp-server suite (previously-dark colocated files)	2026-09-10T06:34:48.2775134Z  ^[[32m✓^[[39m src/compose/slot-patterns.test.ts ^[[2m(^[[22m^[[2m18 tests^[[22m^[[2m)^[[22m^[[32m 9^[[2mms^[[22m^[[39m
viz-determinism	Run FULL @oods/mcp-server suite (previously-dark colocated files)	2026-09-10T06:34:49.0448014Z  ^[[32m✓^[[39m test/codegen/craft.s191.spec.ts ^[[2m(^[[22m^[[2m6 tests^[[22m^[[2m)^[[22m^[[32m 204^[[2mms^[[22m^[[39m
viz-determinism	Run FULL @oods/mcp-server suite (previously-dark colocated files)	2026-09-10T06:34:50.6930091Z  ^[[32m✓^[[39m test/tools/artifact.certify.render-determinism.spec.ts ^[[2m(^[[22m^[[2m5 tests^[[22m^[[2m)^[[22m^[[33m 1018^[[2mms^[[22m^[[39m
viz-determinism	Run FULL @oods/mcp-server suite (previously-dark colocated files)	2026-09-10T06:34:50.6932549Z    ^[[33m^[[2m✓^[[22m^[[39m artifact.certify — render-backed determinism (s176 m02)^[[2m > ^[[22ma rendered-graded cartesian chart carries renderHash (64-hex), stable, conformant, schema-valid ^[[33m 339^[[2mms^[[22m^[[39m
viz-determinism	Run FULL @oods/mcp-server suite (previously-dark colocated files)	2026-09-10T06:34:50.6935068Z    ^[[33m^[[2m✓^[[22m^[[39m artifact.certify — render-backed determinism (s176 m02)^[[2m > ^[[22mECharts {spec}-only has no determinism while a renderable operand carries the option and normalized-render hashes ^[[33m 546^[[2mms^[[22m^[[39m
viz-determinism	Run FULL @oods/mcp-server suite (previously-dark colocated files)	2026-09-10T06:34:51.9287149Z  ^[[32m✓^[[39m test/product-reality/breadth-live-generation.s185.spec.ts ^[[2m(^[[22m^[[2m33 tests^[[22m^[[2m)^[[22m^[[32m 215^[[2mms^[[22m^[[39m
viz-determinism	Run FULL @oods/mcp-server suite (previously-dark colocated files)	2026-09-10T06:34:53.6547041Z  ^[[32m✓^[[39m test/contracts/api-docs-generator.spec.ts ^[[2m(^[[22m^[[2m7 tests^[[22m^[[2m)^[[22m^[[33m 1489^[[2mms^[[22m^[[39m
viz-determinism	Run FULL @oods/mcp-server suite (previously-dark colocated files)	2026-09-10T06:34:53.6548771Z    ^[[33m^[[2m✓^[[22m^[[39m API reference generator^[[2m > ^[[22mregeneration is idempotent ^[[33m 1476^[[2mms^[[22m^[[39m
viz-determinism	Run FULL @oods/mcp-server suite (previously-dark colocated files)	2026-09-10T06:34:54.7689078Z  ^[[32m✓^[[39m test/tools/artifact.certify.ten-series-collision.spec.ts ^[[2m(^[[22m^[[2m4 tests^[[22m^[[2m)^[[22m^[[33m 492^[[2mms^[[22m^[[39m
viz-determinism	Run FULL @oods/mcp-server suite (previously-dark colocated files)	2026-09-10T06:34:54.7691579Z    ^[[33m^[[2m✓^[[22m^[[39m artifact.certify — the §0 ten-series palette-recycling collision (RED-first, s176 m01)^[[2m > ^[[22ma 10-series chart with four recycled series pairs must NOT certify conformant (RED at 4f64bcf) ^[[33m 377^[[2mms^[[22m^[[39m
viz-determinism	Run FULL @oods/mcp-server suite (previously-dark colocated files)	2026-09-10T06:34:55.6333086Z  ^[[32m✓^[[39m test/contracts/emitter-data-attr-parity.spec.ts ^[[2m(^[[22m^[[2m6 tests^[[22m^[[2m)^[[22m^[[32m 27^[[2mms^[[22m^[[39m
viz-determinism	Run FULL @oods/mcp-server suite (previously-dark colocated files)	2026-09-10T06:34:56.4109220Z  ^[[32m✓^[[39m test/contracts/s71-fixes.spec.ts ^[[2m(^[[22m^[[2m10 tests^[[22m^[[2m)^[[22m^[[33m 309^[[2mms^[[22m^[[39m
viz-determinism	Run FULL @oods/mcp-server suite (previously-dark colocated files)	2026-09-10T06:34:56.7992543Z  ^[[32m✓^[[39m test/product-reality/closeout.s190.spec.ts ^[[2m(^[[22m^[[2m10 tests^[[22m^[[2m)^[[22m^[[32m 138^[[2mms^[[22m^[[39m
viz-determinism	Run FULL @oods/mcp-server suite (previously-dark colocated files)	2026-09-10T06:34:57.3095620Z  ^[[32m✓^[[39m test/objects/loaders.spec.ts ^[[2m(^[[22m^[[2m24 tests^[[22m^[[2m)^[[22m^[[32m 287^[[2mms^[[22m^[[39m
viz-determinism	Run FULL @oods/mcp-server suite (previously-dark colocated files)	2026-09-10T06:34:58.1293010Z  ^[[32m✓^[[39m src/codegen/state-contract.s184.test.ts ^[[2m(^[[22m^[[2m151 tests^[[22m^[[2m)^[[22m^[[32m 38^[[2mms^[[22m^[[39m
viz-determinism	Run FULL @oods/mcp-server suite (previously-dark colocated files)	2026-09-10T06:34:58.8570560Z  ^[[32m✓^[[39m test/objects/object.show.spec.ts ^[[2m(^[[22m^[[2m14 tests^[[22m^[[2m)^[[22m^[[33m 374^[[2mms^[[22m^[[39m
viz-determinism	Run FULL @oods/mcp-server suite (previously-dark colocated files)	2026-09-10T06:34:59.8995487Z  ^[[32m✓^[[39m test/tools/artifact.certify.accuracy-fault.spec.ts ^[[2m(^[[22m^[[2m3 tests^[[22m^[[2m)^[[22m^[[33m 418^[[2mms^[[22m^[[39m
viz-determinism	Run FULL @oods/mcp-server suite (previously-dark colocated files)	2026-09-10T06:34:59.8999485Z    ^[[33m^[[2m✓^[[22m^[[39m artifact.certify — certified-path accuracy engine fault (s170 review LOW carry)^[[2m > ^[[22man accuracy-engine throw degrades the pillar to 'ungradeable' with the offered-rules note; the verdict stays ok/certified and 'ungradeable' pulls conformant false (s175 m04, #781) ^[[33m 330^[[2mms^[[22m^[[39m
viz-determinism	Run FULL @oods/mcp-server suite (previously-dark colocated files)	2026-09-10T06:35:00.9238883Z  ^[[32m✓^[[39m test/compose/form-field-differentiation.spec.ts ^[[2m(^[[22m^[[2m4 tests^[[22m^[[2m)^[[22m^[[32m 185^[[2mms^[[22m^[[39m
viz-determinism	Run FULL @oods/mcp-server suite (previously-dark colocated files)	2026-09-10T06:35:01.3730068Z  ^[[32m✓^[[39m test/contracts/fragment-api.contract.spec.ts ^[[2m(^[[22m^[[2m5 tests^[[22m^[[2m)^[[22m^[[32m 18^[[2mms^[[22m^[[39m
viz-determinism	Run FULL @oods/mcp-server suite (previously-dark colocated files)	2026-09-10T06:35:02.7722684Z  ^[[32m✓^[[39m test/product-reality/ported-mutation-matrix.s184.spec.ts ^[[2m(^[[22m^[[2m5 tests^[[22m^[[2m)^[[22m^[[33m 602^[[2mms^[[22m^[[39m
viz-determinism	Run FULL @oods/mcp-server suite (previously-dark colocated files)	2026-09-10T06:35:03.2854830Z  ^[[32m✓^[[39m test/objects/trait-loader.spec.ts ^[[2m(^[[22m^[[2m17 tests^[[22m^[[2m)^[[22m^[[32m 275^[[2mms^[[22m^[[39m
viz-determinism	Run FULL @oods/mcp-server suite (previously-dark colocated files)	2026-09-10T06:35:03.5254393Z  ^[[32m✓^[[39m src/render/brand-overlay.test.ts ^[[2m(^[[22m^[[2m14 tests^[[22m^[[2m)^[[22m^[[32m 9^[[2mms^[[22m^[[39m
viz-determinism	Run FULL @oods/mcp-server suite (previously-dark colocated files)	2026-09-10T06:35:04.5234412Z  ^[[32m✓^[[39m test/tools/artifact.certify.contrast-fault.spec.ts ^[[2m(^[[22m^[[2m3 tests^[[22m^[[2m)^[[22m^[[33m 373^[[2mms^[[22m^[[39m
viz-determinism	Run FULL @oods/mcp-server suite (previously-dark colocated files)	2026-09-10T06:35:04.5237883Z    ^[[33m^[[2m✓^[[22m^[[39m artifact.certify — contrast engine fault degrades, never errors^[[2m > ^[[22mcartesian certified path: the catch degrades contrast to 'ungradeable' WITH a note naming the fault, and 'ungradeable' pulls conformant false; verdict stays ok/certified and AJV-valid ^[[33m 328^[[2mms^[[22m^[[39m
viz-determinism	Run FULL @oods/mcp-server suite (previously-dark colocated files)	2026-09-10T06:35:04.9687517Z  ^[[32m✓^[[39m test/tools/repl.render.compact.spec.ts ^[[2m(^[[22m^[[2m8 tests^[[22m^[[2m)^[[22m^[[32m 22^[[2mms^[[22m^[[39m
viz-determinism	Run FULL @oods/mcp-server suite (previously-dark colocated files)	2026-09-10T06:35:48.0559935Z  ^[[32m✓^[[39m test/product-reality/packed-ported-consumers.s184.spec.ts ^[[2m(^[[22m^[[2m1 test^[[22m^[[2m)^[[22m^[[33m 42811^[[2mms^[[22m^[[39m
viz-determinism	Run FULL @oods/mcp-server suite (previously-dark colocated files)	2026-09-10T06:35:48.0562882Z    ^[[33m^[[2m✓^[[22m^[[39m Sprint 184 m04 packed ported consumers^[[2m > ^[[22minstalls built tarballs externally and preserves the historical cohort through aliases of the canonical roots ^[[33m 42810^[[2mms^[[22m^[[39m
viz-determinism	Run FULL @oods/mcp-server suite (previously-dark colocated files)	2026-09-10T06:36:02.0008556Z  ^[[31m❯^[[39m test/codegen/component-carries.s189.spec.ts ^[[2m(^[[22m^[[2m7 tests^[[22m^[[2m | ^[[22m^[[31m2 failed^[[39m^[[2m)^[[22m^[[33m 13014^[[2mms^[[22m^[[39m
viz-determinism	Run FULL @oods/mcp-server suite (previously-dark colocated files)	2026-09-10T06:36:02.0011134Z ^[[31m   ^[[31m×^[[31m component carries preserve the same meaning in every target^[[2m > ^[[22mStatusTimeline has identical two-entry labels, dates, actors and reasons in all three targets^[[39m^[[32m 30^[[2mms^[[22m^[[39m
viz-determinism	Run FULL @oods/mcp-server suite (previously-dark colocated files)	2026-09-10T06:36:02.0015638Z ^[[31m     → expected 'Status Timeline Current status: Pendi…' to contain 'active → pending_cancellation'^[[39m
viz-determinism	Run FULL @oods/mcp-server suite (previously-dark colocated files)	2026-09-10T06:36:02.0027317Z ^[[31m   ^[[31m×^[[31m component carries preserve the same meaning in every target^[[2m > ^[[22mAuditTimeline has identical two-entry labels, dates, actors and reasons in all three targets^[[39m^[[32m 4^[[2mms^[[22m^[[39m
viz-determinism	Run FULL @oods/mcp-server suite (previously-dark colocated files)	2026-09-10T06:36:02.0029887Z ^[[31m     → expected 'Audit Timeline Active Sep 1, 2026, 12…' to contain 'active → pending_cancellation'^[[39m
viz-determinism	Run FULL @oods/mcp-server suite (previously-dark colocated files)	2026-09-10T06:36:02.0031740Z    ^[[32m✓^[[39m component carries preserve the same meaning in every target^[[2m > ^[[22muses the correct noun for 1 records in both generated targets^[[32m 4^[[2mms^[[22m^[[39m
viz-determinism	Run FULL @oods/mcp-server suite (previously-dark colocated files)	2026-09-10T06:36:02.0033935Z    ^[[32m✓^[[39m component carries preserve the same meaning in every target^[[2m > ^[[22muses the correct noun for 9 records in both generated targets^[[32m 1^[[2mms^[[22m^[[39m
viz-determinism	Run FULL @oods/mcp-server suite (previously-dark colocated files)	2026-09-10T06:36:02.0041036Z    ^[[32m✓^[[39m ten seeded records describe plausible subscription periods^[[2m > ^[[22menumerates every record against the declared clock, interval, lifecycle and event vocabulary^[[32m 156^[[2mms^[[22m^[[39m
viz-determinism	Run FULL @oods/mcp-server suite (previously-dark colocated files)	2026-09-10T06:36:02.0044540Z    ^[[33m^[[2m✓^[[22m^[[39m ten seeded records describe plausible subscription periods^[[2m > ^[[22mreact workflow accepts optional absent cancellation metadata ^[[33m 4789^[[2mms^[[22m^[[39m
viz-determinism	Run FULL @oods/mcp-server suite (previously-dark colocated files)	2026-09-10T06:36:02.0047061Z    ^[[33m^[[2m✓^[[22m^[[39m ten seeded records describe plausible subscription periods^[[2m > ^[[22mvue workflow accepts optional absent cancellation metadata ^[[33m 8029^[[2mms^[[22m^[[39m
viz-determinism	Run FULL @oods/mcp-server suite (previously-dark colocated files)	2026-09-10T06:36:02.5165113Z  ^[[32m✓^[[39m test/product-reality/evidence-accounting.s185.spec.ts ^[[2m(^[[22m^[[2m10 tests^[[22m^[[2m)^[[22m^[[32m 211^[[2mms^[[22m^[[39m
viz-determinism	Run FULL @oods/mcp-server suite (previously-dark colocated files)	2026-09-10T06:36:03.1290149Z  ^[[32m✓^[[39m test/compose/design-compose-actions.spec.ts ^[[2m(^[[22m^[[2m7 tests^[[22m^[[2m)^[[22m^[[32m 157^[[2mms^[[22m^[[39m
viz-determinism	Run FULL @oods/mcp-server suite (previously-dark colocated files)	2026-09-10T06:36:03.5363756Z  ^[[32m✓^[[39m test/contracts/brand.apply.cross-brand-delta.spec.ts ^[[2m(^[[22m^[[2m7 tests^[[22m^[[2m)^[[22m^[[32m 22^[[2mms^[[22m^[[39m
viz-determinism	Run FULL @oods/mcp-server suite (previously-dark colocated files)	2026-09-10T06:36:03.9510893Z  ^[[32m✓^[[39m test/contracts/structuredData.fetch.spec.ts ^[[2m(^[[22m^[[2m11 tests^[[22m^[[2m)^[[22m^[[32m 45^[[2mms^[[22m^[[39m
viz-determinism	Run FULL @oods/mcp-server suite (previously-dark colocated files)	2026-09-10T06:36:04.1738996Z  ^[[32m✓^[[39m test/product-reality/state-evidence.s184.spec.ts ^[[2m(^[[22m^[[2m2 tests^[[22m^[[2m)^[[22m^[[32m 12^[[2mms^[[22m^[[39m
viz-determinism	Run FULL @oods/mcp-server suite (previously-dark colocated files)	2026-09-10T06:36:04.4037827Z  ^[[32m✓^[[39m src/codegen/content-strategy.test.ts ^[[2m(^[[22m^[[2m15 tests^[[22m^[[2m)^[[22m^[[32m 9^[[2mms^[[22m^[[39m
viz-determinism	Run FULL @oods/mcp-server suite (previously-dark colocated files)	2026-09-10T06:36:05.2958936Z  ^[[32m✓^[[39m test/product-reality/breadth-export-cells.s187.spec.ts ^[[2m(^[[22m^[[2m28 tests^[[22m^[[2m)^[[22m^[[32m 157^[[2mms^[[22m^[[39m
viz-determinism	Run FULL @oods/mcp-server suite (previously-dark colocated files)	2026-09-10T06:36:05.7825551Z  ^[[32m✓^[[39m test/contracts/repl.e2e.integration.spec.ts ^[[2m(^[[22m^[[2m4 tests^[[22m^[[2m)^[[22m^[[32m 45^[[2mms^[[22m^[[39m
viz-determinism	Run FULL @oods/mcp-server suite (previously-dark colocated files)	2026-09-10T06:36:06.4636890Z  ^[[32m✓^[[39m test/contracts/object.show.spec.ts ^[[2m(^[[22m^[[2m12 tests^[[22m^[[2m)^[[22m^[[33m 333^[[2mms^[[22m^[[39m
viz-determinism	Run FULL @oods/mcp-server suite (previously-dark colocated files)	2026-09-10T06:36:07.2292686Z  ^[[32m✓^[[39m test/contracts/pragmatic-role-ia.spec.ts ^[[2m(^[[22m^[[2m4 tests^[[22m^[[2m)^[[22m^[[32m 91^[[2mms^[[22m^[[39m
viz-determinism	Run FULL @oods/mcp-server suite (previously-dark colocated files)	2026-09-10T06:36:07.9164863Z  ^[[32m✓^[[39m test/compose/landing-template.spec.ts ^[[2m(^[[22m^[[2m10 tests^[[22m^[[2m)^[[22m^[[32m 211^[[2mms^[[22m^[[39m
viz-determinism	Run FULL @oods/mcp-server suite (previously-dark colocated files)	2026-09-10T06:36:08.3509663Z  ^[[32m✓^[[39m src/objects/trait-loader.test.ts ^[[2m(^[[22m^[[2m14 tests^[[22m^[[2m)^[[22m^[[32m 203^[[2mms^[[22m^[[39m
viz-determinism	Run FULL @oods/mcp-server suite (previously-dark colocated files)	2026-09-10T06:36:08.5952460Z  ^[[32m✓^[[39m test/contracts/brand.apply.rfc6902-wording.spec.ts ^[[2m(^[[22m^[[2m2 tests^[[22m^[[2m)^[[22m^[[32m 23^[[2mms^[[22m^[[39m
viz-determinism	Run FULL @oods/mcp-server suite (previously-dark colocated files)	2026-09-10T06:36:09.6028270Z  ^[[32m✓^[[39m test/contracts/schema-ref.workflow.spec.ts ^[[2m(^[[22m^[[2m4 tests^[[22m^[[2m)^[[22m^[[32m 142^[[2mms^[[22m^[[39m
viz-determinism	Run FULL @oods/mcp-server suite (previously-dark colocated files)	2026-09-10T06:36:10.2514872Z  ^[[32m✓^[[39m test/contracts/object.schema.contract.spec.ts ^[[2m(^[[22m^[[2m11 tests^[[22m^[[2m)^[[22m^[[32m 286^[[2mms^[[22m^[[39m
viz-determinism	Run FULL @oods/mcp-server suite (previously-dark colocated files)	2026-09-10T06:36:11.0397036Z  ^[[32m✓^[[39m src/codegen/ported-target-readiness.s184.test.ts ^[[2m(^[[22m^[[2m9 tests^[[22m^[[2m)^[[22m^[[33m 492^[[2mms^[[22m^[[39m
viz-determinism	Run FULL @oods/mcp-server suite (previously-dark colocated files)	2026-09-10T06:36:11.3784171Z  ^[[32m✓^[[39m test/objects/object-loader.spec.ts ^[[2m(^[[22m^[[2m14 tests^[[22m^[[2m)^[[22m^[[32m 110^[[2mms^[[22m^[[39m
viz-determinism	Run FULL @oods/mcp-server suite (previously-dark colocated files)	2026-09-10T06:36:11.6049181Z  ^[[32m✓^[[39m src/compose/position-affinity.test.ts ^[[2m(^[[22m^[[2m21 tests^[[22m^[[2m)^[[22m^[[32m 7^[[2mms^[[22m^[[39m
viz-determinism	Run FULL @oods/mcp-server suite (previously-dark colocated files)	2026-09-10T06:36:12.0562031Z  ^[[32m✓^[[39m test/contracts/object.list.spec.ts ^[[2m(^[[22m^[[2m13 tests^[[22m^[[2m)^[[22m^[[32m 108^[[2mms^[[22m^[[39m
viz-determinism	Run FULL @oods/mcp-server suite (previously-dark colocated files)	2026-09-10T06:36:12.8760259Z  ^[[32m✓^[[39m test/contracts/code.generate-parity.spec.ts ^[[2m(^[[22m^[[2m2 tests^[[22m^[[2m)^[[22m^[[32m 28^[[2mms^[[22m^[[39m
viz-determinism	Run FULL @oods/mcp-server suite (previously-dark colocated files)	2026-09-10T06:36:13.1137046Z  ^[[32m✓^[[39m src/compose/intent-sections.test.ts ^[[2m(^[[22m^[[2m5 tests^[[22m^[[2m)^[[22m^[[32m 9^[[2mms^[[22m^[[39m
viz-determinism	Run FULL @oods/mcp-server suite (previously-dark colocated files)	2026-09-10T06:36:13.5398247Z  ^[[32m✓^[[39m test/render/fragment-errors.spec.ts ^[[2m(^[[22m^[[2m5 tests^[[22m^[[2m)^[[22m^[[32m 17^[[2mms^[[22m^[[39m
viz-determinism	Run FULL @oods/mcp-server suite (previously-dark colocated files)	2026-09-10T06:36:14.6426817Z  ^[[32m✓^[[39m test/tools/certify-echarts-projected-render-s179.spec.ts ^[[2m(^[[22m^[[2m2 tests^[[22m^[[2m)^[[22m^[[32m 110^[[2mms^[[22m^[[39m
viz-determinism	Run FULL @oods/mcp-server suite (previously-dark colocated files)	2026-09-10T06:36:15.0383625Z  ^[[32m✓^[[39m test/contracts/schema.list-delete.spec.ts ^[[2m(^[[22m^[[2m2 tests^[[22m^[[2m)^[[22m^[[32m 37^[[2mms^[[22m^[[39m
viz-determinism	Run FULL @oods/mcp-server suite (previously-dark colocated files)	2026-09-10T06:36:15.5971411Z  ^[[32m✓^[[39m test/tools/dashboard-contrast-alpha-s170.spec.ts ^[[2m(^[[22m^[[2m7 tests^[[22m^[[2m)^[[22m^[[32m 6^[[2mms^[[22m^[[39m
viz-determinism	Run FULL @oods/mcp-server suite (previously-dark colocated files)	2026-09-10T06:38:21.5960056Z  ^[[32m✓^[[39m test/product-reality/packed-consumers.s182.spec.ts ^[[2m(^[[22m^[[2m2 tests^[[22m^[[2m)^[[22m^[[33m 125212^[[2mms^[[22m^[[39m
viz-determinism	Run FULL @oods/mcp-server suite (previously-dark colocated files)	2026-09-10T06:38:21.5962239Z    ^[[33m^[[2m✓^[[22m^[[39m Sprint 182 M04 packed generated consumers^[[2m > ^[[22mB-12 installs and imports every required tarball and root export in isolation ^[[33m 41518^[[2mms^[[22m^[[39m
viz-determinism	Run FULL @oods/mcp-server suite (previously-dark colocated files)	2026-09-10T06:38:21.5964517Z    ^[[33m^[[2m✓^[[22m^[[39m Sprint 182 M04 packed generated consumers^[[2m > ^[[22mB-13 resolves declared dependencies and shared CSS in a clean production build ^[[33m 83693^[[2mms^[[22m^[[39m
viz-determinism	Run FULL @oods/mcp-server suite (previously-dark colocated files)	2026-09-10T06:38:22.9305817Z  ^[[32m✓^[[39m test/e2e/a11y-pipeline.e2e.spec.ts ^[[2m(^[[22m^[[2m3 tests^[[22m^[[2m)^[[22m^[[33m 1101^[[2mms^[[22m^[[39m
viz-determinism	Run FULL @oods/mcp-server suite (previously-dark colocated files)	2026-09-10T06:38:22.9315303Z    ^[[33m^[[2m✓^[[22m^[[39m a11y pipeline e2e^[[2m > ^[[22mvalidate with checkA11y=true returns a11y warnings through bridge ^[[33m 801^[[2mms^[[22m^[[39m
viz-determinism	Run FULL @oods/mcp-server suite (previously-dark colocated files)	2026-09-10T06:38:23.4041931Z  ^[[32m✓^[[39m test/objects/object.list.spec.ts ^[[2m(^[[22m^[[2m10 tests^[[22m^[[2m)^[[22m^[[32m 109^[[2mms^[[22m^[[39m
viz-determinism	Run FULL @oods/mcp-server suite (previously-dark colocated files)	2026-09-10T06:38:23.8389519Z  ^[[32m✓^[[39m test/tools/repl.render.fragment.spec.ts ^[[2m(^[[22m^[[2m4 tests^[[22m^[[2m)^[[22m^[[32m 17^[[2mms^[[22m^[[39m
viz-determinism	Run FULL @oods/mcp-server suite (previously-dark colocated files)	2026-09-10T06:38:24.5635513Z  ^[[32m✓^[[39m test/contracts/dashboard.render.duplicate-panel-id.s181.spec.ts ^[[2m(^[[22m^[[2m3 tests^[[22m^[[2m)^[[22m^[[32m 26^[[2mms^[[22m^[[39m
viz-determinism	Run FULL @oods/mcp-server suite (previously-dark colocated files)	2026-09-10T06:38:25.3819620Z  ^[[32m✓^[[39m test/product-reality/screen-action-surface.s184.spec.ts ^[[2m(^[[22m^[[2m6 tests^[[22m^[[2m)^[[22m^[[32m 52^[[2mms^[[22m^[[39m
viz-determinism	Run FULL @oods/mcp-server suite (previously-dark colocated files)	2026-09-10T06:38:26.7895629Z  ^[[32m✓^[[39m test/e2e/tier1-acceptance.e2e.spec.ts ^[[2m(^[[22m^[[2m4 tests^[[22m^[[2m)^[[22m^[[33m 539^[[2mms^[[22m^[[39m
viz-determinism	Run FULL @oods/mcp-server suite (previously-dark colocated files)	2026-09-10T06:38:26.7897941Z    ^[[33m^[[2m✓^[[22m^[[39m Tier 1 acceptance — bounded framework compatibility^[[2m > ^[[22mbuilds the unchanged Subscription detail react flow after its final family port ^[[33m 439^[[2mms^[[22m^[[39m
viz-determinism	Run FULL @oods/mcp-server suite (previously-dark colocated files)	2026-09-10T06:38:27.3586667Z  ^[[32m✓^[[39m test/tools/certify-contrast.echarts-caveat-pin.spec.ts ^[[2m(^[[22m^[[2m2 tests^[[22m^[[2m)^[[22m^[[32m 13^[[2mms^[[22m^[[39m
viz-determinism	Run FULL @oods/mcp-server suite (previously-dark colocated files)	2026-09-10T06:38:27.6060785Z  ^[[32m✓^[[39m src/compose/object-slot-filler.test.ts ^[[2m(^[[22m^[[2m2 tests^[[22m^[[2m)^[[22m^[[32m 11^[[2mms^[[22m^[[39m
viz-determinism	Run FULL @oods/mcp-server suite (previously-dark colocated files)	2026-09-10T06:38:28.4309431Z  ^[[32m✓^[[39m test/product-reality/html-tailwind-gap.s185.spec.ts ^[[2m(^[[22m^[[2m9 tests^[[22m^[[2m)^[[22m^[[32m 43^[[2mms^[[22m^[[39m
viz-determinism	Run FULL @oods/mcp-server suite (previously-dark colocated files)	2026-09-10T06:38:28.9933687Z  ^[[32m✓^[[39m test/compose/slot-vocabulary-unification.spec.ts ^[[2m(^[[22m^[[2m2 tests^[[22m^[[2m)^[[22m^[[32m 133^[[2mms^[[22m^[[39m
viz-determinism	Run FULL @oods/mcp-server suite (previously-dark colocated files)	2026-09-10T06:38:30.8224334Z  ^[[32m✓^[[39m src/tools/artifact.certify.scope.test.ts ^[[2m(^[[22m^[[2m5 tests^[[22m^[[2m)^[[22m^[[33m 1150^[[2mms^[[22m^[[39m
viz-determinism	Run FULL @oods/mcp-server suite (previously-dark colocated files)	2026-09-10T06:38:30.8226772Z    ^[[33m^[[2m✓^[[22m^[[39m certification describes the pixels at the requested scope^[[2m > ^[[22mdefault certification bytes equal explicit light/A, including after dark/B calls ^[[33m 597^[[2mms^[[22m^[[39m
viz-determinism	Run FULL @oods/mcp-server suite (previously-dark colocated files)	2026-09-10T06:38:30.8228631Z    ^[[33m^[[2m✓^[[22m^[[39m certification describes the pixels at the requested scope^[[2m > ^[[22man ECharts canvas override is graded against the rendered background, while spec-only evidence stays reconstructed ^[[33m 545^[[2mms^[[22m^[[39m
viz-determinism	Run FULL @oods/mcp-server suite (previously-dark colocated files)	2026-09-10T06:38:31.4826439Z  ^[[32m✓^[[39m test/codegen/prop-enrichment.spec.ts ^[[2m(^[[22m^[[2m4 tests^[[22m^[[2m)^[[22m^[[32m 170^[[2mms^[[22m^[[39m
viz-determinism	Run FULL @oods/mcp-server suite (previously-dark colocated files)	2026-09-10T06:38:31.7100848Z  ^[[32m✓^[[39m src/tools/coercion.test.ts ^[[2m(^[[22m^[[2m14 tests^[[22m^[[2m)^[[22m^[[32m 8^[[2mms^[[22m^[[39m
viz-determinism	Run FULL @oods/mcp-server suite (previously-dark colocated files)	2026-09-10T06:38:31.9396931Z  ^[[32m✓^[[39m test/contracts/viz-compose.contract.spec.ts ^[[2m(^[[22m^[[2m10 tests^[[22m^[[2m)^[[22m^[[32m 7^[[2mms^[[22m^[[39m
viz-determinism	Run FULL @oods/mcp-server suite (previously-dark colocated files)	2026-09-10T06:38:32.1664401Z  ^[[32m✓^[[39m src/tools/schema-ref.test.ts ^[[2m(^[[22m^[[2m9 tests^[[22m^[[2m)^[[22m^[[32m 6^[[2mms^[[22m^[[39m
viz-determinism	Run FULL @oods/mcp-server suite (previously-dark colocated files)	2026-09-10T06:38:32.5357555Z  ^[[32m✓^[[39m test/product-reality/closeout.s191.spec.ts ^[[2m(^[[22m^[[2m3 tests^[[22m^[[2m)^[[22m^[[32m 127^[[2mms^[[22m^[[39m
viz-determinism	Run FULL @oods/mcp-server suite (previously-dark colocated files)	2026-09-10T06:38:33.9605299Z  ^[[32m✓^[[39m test/e2e/design-compose.e2e.spec.ts ^[[2m(^[[22m^[[2m3 tests^[[22m^[[2m)^[[22m^[[33m 1204^[[2mms^[[22m^[[39m
viz-determinism	Run FULL @oods/mcp-server suite (previously-dark colocated files)	2026-09-10T06:38:33.9607986Z    ^[[33m^[[2m✓^[[22m^[[39m design.compose bridge E2E^[[2m > ^[[22mcompose via bridge produces valid schema with selections ^[[33m 863^[[2mms^[[22m^[[39m
viz-determinism	Run FULL @oods/mcp-server suite (previously-dark colocated files)	2026-09-10T06:38:34.3090890Z  ^[[32m✓^[[39m test/contracts/schema.load.spec.ts ^[[2m(^[[22m^[[2m3 tests^[[22m^[[2m)^[[22m^[[32m 15^[[2mms^[[22m^[[39m
viz-determinism	Run FULL @oods/mcp-server suite (previously-dark colocated files)	2026-09-10T06:38:35.1100019Z  ^[[32m✓^[[39m test/product-reality/breadth-export-cells.s185.spec.ts ^[[2m(^[[22m^[[2m10 tests^[[22m^[[2m)^[[22m^[[32m 94^[[2mms^[[22m^[[39m
viz-determinism	Run FULL @oods/mcp-server suite (previously-dark colocated files)	2026-09-10T06:38:35.3429871Z  ^[[32m✓^[[39m test/contracts/artifact-certify-render-prose.s179.spec.ts ^[[2m(^[[22m^[[2m13 tests^[[22m^[[2m)^[[22m^[[32m 9^[[2mms^[[22m^[[39m
viz-determinism	Run FULL @oods/mcp-server suite (previously-dark colocated files)	2026-09-10T06:38:35.7559421Z  ^[[32m✓^[[39m src/tools/__tests__/health.test.ts ^[[2m(^[[22m^[[2m4 tests^[[22m^[[2m)^[[22m^[[32m 59^[[2mms^[[22m^[[39m
viz-determinism	Run FULL @oods/mcp-server suite (previously-dark colocated files)	2026-09-10T06:39:31.9443635Z  ^[[32m✓^[[39m test/product-reality/codegen-matrix.s182.spec.ts ^[[2m(^[[22m^[[2m13 tests^[[22m^[[2m)^[[22m^[[33m 55414^[[2mms^[[22m^[[39m
viz-determinism	Run FULL @oods/mcp-server suite (previously-dark colocated files)	2026-09-10T06:39:31.9445795Z    ^[[33m^[[2m✓^[[22m^[[39m Sprint 182 M04 public codegen matrix^[[2m > ^[[22mcompiles and closes dependencies for 'react'/'inline'/typescript=false ^[[33m 1803^[[2mms^[[22m^[[39m
viz-determinism	Run FULL @oods/mcp-server suite (previously-dark colocated files)	2026-09-10T06:39:31.9448546Z    ^[[33m^[[2m✓^[[22m^[[39m Sprint 182 M04 public codegen matrix^[[2m > ^[[22mcompiles and closes dependencies for 'react'/'inline'/typescript=true ^[[33m 1169^[[2mms^[[22m^[[39m
viz-determinism	Run FULL @oods/mcp-server suite (previously-dark colocated files)	2026-09-10T06:39:31.9450998Z    ^[[33m^[[2m✓^[[22m^[[39m Sprint 182 M04 public codegen matrix^[[2m > ^[[22mcompiles and closes dependencies for 'react'/'tokens'/typescript=false ^[[33m 749^[[2mms^[[22m^[[39m
viz-determinism	Run FULL @oods/mcp-server suite (previously-dark colocated files)	2026-09-10T06:39:31.9453078Z    ^[[33m^[[2m✓^[[22m^[[39m Sprint 182 M04 public codegen matrix^[[2m > ^[[22mcompiles and closes dependencies for 'react'/'tokens'/typescript=true ^[[33m 762^[[2mms^[[22m^[[39m
viz-determinism	Run FULL @oods/mcp-server suite (previously-dark colocated files)	2026-09-10T06:39:31.9455013Z    ^[[33m^[[2m✓^[[22m^[[39m Sprint 182 M04 public codegen matrix^[[2m > ^[[22mcompiles and closes dependencies for 'react'/'tailwind'/typescript=false ^[[33m 762^[[2mms^[[22m^[[39m
viz-determinism	Run FULL @oods/mcp-server suite (previously-dark colocated files)	2026-09-10T06:39:31.9456599Z    ^[[33m^[[2m✓^[[22m^[[39m Sprint 182 M04 public codegen matrix^[[2m > ^[[22mcompiles and closes dependencies for 'react'/'tailwind'/typescript=true ^[[33m 746^[[2mms^[[22m^[[39m
viz-determinism	Run FULL @oods/mcp-server suite (previously-dark colocated files)	2026-09-10T06:39:31.9457882Z    ^[[33m^[[2m✓^[[22m^[[39m Sprint 182 M04 public codegen matrix^[[2m > ^[[22mcompiles and closes dependencies for 'vue'/'inline'/typescript=false ^[[33m 8226^[[2mms^[[22m^[[39m
viz-determinism	Run FULL @oods/mcp-server suite (previously-dark colocated files)	2026-09-10T06:39:31.9459121Z    ^[[33m^[[2m✓^[[22m^[[39m Sprint 182 M04 public codegen matrix^[[2m > ^[[22mcompiles and closes dependencies for 'vue'/'inline'/typescript=true ^[[33m 8288^[[2mms^[[22m^[[39m
viz-determinism	Run FULL @oods/mcp-server suite (previously-dark colocated files)	2026-09-10T06:39:31.9461074Z    ^[[33m^[[2m✓^[[22m^[[39m Sprint 182 M04 public codegen matrix^[[2m > ^[[22mcompiles and closes dependencies for 'vue'/'tokens'/typescript=false ^[[33m 8301^[[2mms^[[22m^[[39m
viz-determinism	Run FULL @oods/mcp-server suite (previously-dark colocated files)	2026-09-10T06:39:31.9463166Z    ^[[33m^[[2m✓^[[22m^[[39m Sprint 182 M04 public codegen matrix^[[2m > ^[[22mcompiles and closes dependencies for 'vue'/'tokens'/typescript=true ^[[33m 8084^[[2mms^[[22m^[[39m
viz-determinism	Run FULL @oods/mcp-server suite (previously-dark colocated files)	2026-09-10T06:39:31.9465209Z    ^[[33m^[[2m✓^[[22m^[[39m Sprint 182 M04 public codegen matrix^[[2m > ^[[22mcompiles and closes dependencies for 'vue'/'tailwind'/typescript=false ^[[33m 8374^[[2mms^[[22m^[[39m
viz-determinism	Run FULL @oods/mcp-server suite (previously-dark colocated files)	2026-09-10T06:39:31.9467619Z    ^[[33m^[[2m✓^[[22m^[[39m Sprint 182 M04 public codegen matrix^[[2m > ^[[22mcompiles and closes dependencies for 'vue'/'tailwind'/typescript=true ^[[33m 8143^[[2mms^[[22m^[[39m
viz-determinism	Run FULL @oods/mcp-server suite (previously-dark colocated files)	2026-09-10T06:39:46.3512770Z  ^[[32m✓^[[39m test/product-reality/theme.s191.spec.ts ^[[2m(^[[22m^[[2m3 tests^[[22m^[[2m)^[[22m^[[33m 13551^[[2mms^[[22m^[[39m
viz-determinism	Run FULL @oods/mcp-server suite (previously-dark colocated files)	2026-09-10T06:39:46.3514986Z    ^[[33m^[[2m✓^[[22m^[[39m generated applications own their token scope (s191)^[[2m > ^[[22mreact shell, mount, styles and embedded chart share dark/B ^[[33m 5260^[[2mms^[[22m^[[39m
viz-determinism	Run FULL @oods/mcp-server suite (previously-dark colocated files)	2026-09-10T06:39:46.3516923Z    ^[[33m^[[2m✓^[[22m^[[39m generated applications own their token scope (s191)^[[2m > ^[[22mvue shell, mount, styles and embedded chart share dark/B ^[[33m 8281^[[2mms^[[22m^[[39m
viz-determinism	Run FULL @oods/mcp-server suite (previously-dark colocated files)	2026-09-10T06:39:46.7129515Z  ^[[32m✓^[[39m test/contracts/schema.save.spec.ts ^[[2m(^[[22m^[[2m3 tests^[[22m^[[2m)^[[22m^[[32m 13^[[2mms^[[22m^[[39m
viz-determinism	Run FULL @oods/mcp-server suite (previously-dark colocated files)	2026-09-10T06:39:47.8159048Z  ^[[32m✓^[[39m test/tools/pipeline.compact.spec.ts ^[[2m(^[[22m^[[2m6 tests^[[22m^[[2m)^[[22m^[[32m 217^[[2mms^[[22m^[[39m
viz-determinism	Run FULL @oods/mcp-server suite (previously-dark colocated files)	2026-09-10T06:39:48.8849937Z  ^[[32m✓^[[39m test/contracts/layout-single-source.spec.ts ^[[2m(^[[22m^[[2m5 tests^[[22m^[[2m)^[[22m^[[32m 165^[[2mms^[[22m^[[39m
viz-determinism	Run FULL @oods/mcp-server suite (previously-dark colocated files)	2026-09-10T06:39:49.1298764Z  ^[[32m✓^[[39m test/tools/cvd-machado.spec.ts ^[[2m(^[[22m^[[2m8 tests^[[22m^[[2m)^[[22m^[[32m 6^[[2mms^[[22m^[[39m
viz-determinism	Run FULL @oods/mcp-server suite (previously-dark colocated files)	2026-09-10T06:39:49.4710983Z  ^[[32m✓^[[39m test/contracts/preview.compaction.spec.ts ^[[2m(^[[22m^[[2m3 tests^[[22m^[[2m)^[[22m^[[32m 13^[[2mms^[[22m^[[39m
viz-determinism	Run FULL @oods/mcp-server suite (previously-dark colocated files)	2026-09-10T06:39:54.2694311Z  ^[[32m✓^[[39m test/contracts/viz-recipes.s190.spec.ts ^[[2m(^[[22m^[[2m2 tests^[[22m^[[2m)^[[22m^[[33m 3948^[[2mms^[[22m^[[39m
viz-determinism	Run FULL @oods/mcp-server suite (previously-dark colocated files)	2026-09-10T06:39:54.2695937Z    ^[[33m^[[2m✓^[[22m^[[39m one executable visualization registry (s190 m05)^[[2m > ^[[22mthe exported registry equals every live census cell after canonicalization ^[[33m 3945^[[2mms^[[22m^[[39m
viz-determinism	Run FULL @oods/mcp-server suite (previously-dark colocated files)	2026-09-10T06:39:56.4361757Z  ^[[32m✓^[[39m test/tools/echarts-render-worker.startup.spec.ts ^[[2m(^[[22m^[[2m1 test^[[22m^[[2m)^[[22m^[[33m 1902^[[2mms^[[22m^[[39m
viz-determinism	Run FULL @oods/mcp-server suite (previously-dark colocated files)	2026-09-10T06:39:56.4363888Z    ^[[33m^[[2m✓^[[22m^[[39m MCP startup ECharts render boundary^[[2m > ^[[22mregisters the server without importing ECharts or evaluating the render worker ^[[33m 1901^[[2mms^[[22m^[[39m
viz-determinism	Run FULL @oods/mcp-server suite (previously-dark colocated files)	2026-09-10T06:39:56.8347303Z  ^[[32m✓^[[39m test/contracts/layout-align.spec.ts ^[[2m(^[[22m^[[2m8 tests^[[22m^[[2m)^[[22m^[[32m 26^[[2mms^[[22m^[[39m
viz-determinism	Run FULL @oods/mcp-server suite (previously-dark colocated files)	2026-09-10T06:39:57.0681431Z  ^[[32m✓^[[39m test/product-reality/ported-freeze.s184.spec.ts ^[[2m(^[[22m^[[2m2 tests^[[22m^[[2m)^[[22m^[[32m 15^[[2mms^[[22m^[[39m
viz-determinism	Run FULL @oods/mcp-server suite (previously-dark colocated files)	2026-09-10T06:39:58.2401434Z  ^[[32m✓^[[39m test/tools/artifact.certify.echarts-option-stability.s179.spec.ts ^[[2m(^[[22m^[[2m2 tests^[[22m^[[2m)^[[22m^[[33m 587^[[2mms^[[22m^[[39m
viz-determinism	Run FULL @oods/mcp-server suite (previously-dark colocated files)	2026-09-10T06:39:58.2404466Z    ^[[33m^[[2m✓^[[22m^[[39m artifact.certify — option stability remains load-bearing (s179 m05)^[[2m > ^[[22mfails the combined proof when emissions differ even though both renders agree ^[[33m 566^[[2mms^[[22m^[[39m
viz-determinism	Run FULL @oods/mcp-server suite (previously-dark colocated files)	2026-09-10T06:39:58.5879202Z  ^[[32m✓^[[39m test/tools/design.preview.spec.ts ^[[2m(^[[22m^[[2m5 tests^[[22m^[[2m)^[[22m^[[32m 62^[[2mms^[[22m^[[39m
viz-determinism	Run FULL @oods/mcp-server suite (previously-dark colocated files)	2026-09-10T06:40:12.0138339Z  ^[[32m✓^[[39m test/product-reality/archive-workflow.s188.spec.ts ^[[2m(^[[22m^[[2m2 tests^[[22m^[[2m)^[[22m^[[33m 12568^[[2mms^[[22m^[[39m
viz-determinism	Run FULL @oods/mcp-server suite (previously-dark colocated files)	2026-09-10T06:40:12.0179759Z    ^[[33m^[[2m✓^[[22m^[[39m generated archive-view integration^[[2m > ^[[22mreact carries the authored archive label into governed Tabs and row overlays, and typechecks ^[[33m 4492^[[2mms^[[22m^[[39m
viz-determinism	Run FULL @oods/mcp-server suite (previously-dark colocated files)	2026-09-10T06:40:12.0188165Z    ^[[33m^[[2m✓^[[22m^[[39m generated archive-view integration^[[2m > ^[[22mvue carries the authored archive label into governed Tabs and row overlays, and typechecks ^[[33m 8075^[[2mms^[[22m^[[39m
viz-determinism	Run FULL @oods/mcp-server suite (previously-dark colocated files)	2026-09-10T06:40:12.2549910Z  ^[[32m✓^[[39m src/versioning/versions.test.ts ^[[2m(^[[22m^[[2m13 tests^[[22m^[[2m)^[[22m^[[32m 6^[[2mms^[[22m^[[39m
viz-determinism	Run FULL @oods/mcp-server suite (previously-dark colocated files)	2026-09-10T06:40:13.3745598Z  ^[[32m✓^[[39m test/product-reality/field-labels.s188.spec.ts ^[[2m(^[[22m^[[2m3 tests^[[22m^[[2m)^[[22m^[[33m 679^[[2mms^[[22m^[[39m
viz-determinism	Run FULL @oods/mcp-server suite (previously-dark colocated files)	2026-09-10T06:40:13.3769935Z    ^[[33m^[[2m✓^[[22m^[[39m Sprint 188 meaningful field labels^[[2m > ^[[22mkeeps all 66 public compositions free of anonymous Field N labels ^[[33m 676^[[2mms^[[22m^[[39m
viz-determinism	Run FULL @oods/mcp-server suite (previously-dark colocated files)	2026-09-10T06:40:13.6172447Z  ^[[32m✓^[[39m test/contracts/doc-retirement-gate.spec.ts ^[[2m(^[[22m^[[2m1 test^[[22m^[[2m)^[[22m^[[32m 20^[[2mms^[[22m^[[39m
viz-determinism	Run FULL @oods/mcp-server suite (previously-dark colocated files)	2026-09-10T06:40:13.8428794Z  ^[[32m✓^[[39m src/codegen/html-utils.test.ts ^[[2m(^[[22m^[[2m12 tests^[[22m^[[2m)^[[22m^[[32m 7^[[2mms^[[22m^[[39m
viz-determinism	Run FULL @oods/mcp-server suite (previously-dark colocated files)	2026-09-10T06:40:14.0924768Z  ^[[32m✓^[[39m src/schema-store/__tests__/schema-store.test.ts ^[[2m(^[[22m^[[2m4 tests^[[22m^[[2m)^[[22m^[[32m 20^[[2mms^[[22m^[[39m
viz-determinism	Run FULL @oods/mcp-server suite (previously-dark colocated files)	2026-09-10T06:40:14.3206287Z  ^[[32m✓^[[39m src/compose/templates/timeline.test.ts ^[[2m(^[[22m^[[2m8 tests^[[22m^[[2m)^[[22m^[[32m 6^[[2mms^[[22m^[[39m
viz-determinism	Run FULL @oods/mcp-server suite (previously-dark colocated files)	2026-09-10T06:45:36.2291811Z  ^[[32m✓^[[39m test/product-reality/m06-gate-bites.s184.spec.ts ^[[2m(^[[22m^[[2m1 test^[[22m^[[2m)^[[22m^[[33m 320759^[[2mms^[[22m^[[39m
viz-determinism	Run FULL @oods/mcp-server suite (previously-dark colocated files)	2026-09-10T06:45:36.2293904Z    ^[[33m^[[2m✓^[[22m^[[39m Sprint 184 m06 real consumer gate bites^[[2m > ^[[22mexecutes one unique red mutation for every gate on both framework targets ^[[33m 320745^[[2mms^[[22m^[[39m
viz-determinism	Run FULL @oods/mcp-server suite (previously-dark colocated files)	2026-09-10T06:45:36.4696916Z  ^[[32m✓^[[39m src/compose/templates/card.test.ts ^[[2m(^[[22m^[[2m7 tests^[[22m^[[2m)^[[22m^[[32m 6^[[2mms^[[22m^[[39m
viz-determinism	Run FULL @oods/mcp-server suite (previously-dark colocated files)	2026-09-10T06:45:36.7374458Z  ^[[32m✓^[[39m test/product-reality/browser-receipt-audit.s189.spec.ts ^[[2m(^[[22m^[[2m6 tests^[[22m^[[2m)^[[22m^[[32m 31^[[2mms^[[22m^[[39m
viz-determinism	Run FULL @oods/mcp-server suite (previously-dark colocated files)	2026-09-10T06:45:37.6678194Z  ^[[32m✓^[[39m test/product-reality/billing-views-export-cells.s188.spec.ts ^[[2m(^[[22m^[[2m10 tests^[[22m^[[2m)^[[22m^[[32m 53^[[2mms^[[22m^[[39m
viz-determinism	Run FULL @oods/mcp-server suite (previously-dark colocated files)	2026-09-10T06:45:37.9013172Z  ^[[32m✓^[[39m test/product-reality/advertised-movers.s184.spec.ts ^[[2m(^[[22m^[[2m1 test^[[22m^[[2m)^[[22m^[[32m 14^[[2mms^[[22m^[[39m
viz-determinism	Run FULL @oods/mcp-server suite (previously-dark colocated files)	2026-09-10T06:45:38.8254929Z  ^[[32m✓^[[39m test/product-reality/billing-export-cells.s188.spec.ts ^[[2m(^[[22m^[[2m6 tests^[[22m^[[2m)^[[22m^[[32m 43^[[2mms^[[22m^[[39m
viz-determinism	Run FULL @oods/mcp-server suite (previously-dark colocated files)	2026-09-10T06:45:39.0564767Z  ^[[32m✓^[[39m test/contracts/dsl-version.spec.ts ^[[2m(^[[22m^[[2m9 tests^[[22m^[[2m)^[[22m^[[32m 8^[[2mms^[[22m^[[39m
viz-determinism	Run FULL @oods/mcp-server suite (previously-dark colocated files)	2026-09-10T06:45:39.2784980Z  ^[[32m✓^[[39m test/render/css-extractor.spec.ts ^[[2m(^[[22m^[[2m3 tests^[[22m^[[2m)^[[22m^[[32m 6^[[2mms^[[22m^[[39m
viz-determinism	Run FULL @oods/mcp-server suite (previously-dark colocated files)	2026-09-10T06:45:39.6375835Z  ^[[32m✓^[[39m test/contracts/tokens.build.apply.spec.ts ^[[2m(^[[22m^[[2m1 test^[[22m^[[2m)^[[22m^[[32m 54^[[2mms^[[22m^[[39m
viz-determinism	Run FULL @oods/mcp-server suite (previously-dark colocated files)	2026-09-10T06:45:39.8612418Z  ^[[32m✓^[[39m src/compose/templates/form.test.ts ^[[2m(^[[22m^[[2m4 tests^[[22m^[[2m)^[[22m^[[32m 5^[[2mms^[[22m^[[39m
viz-determinism	Run FULL @oods/mcp-server suite (previously-dark colocated files)	2026-09-10T06:45:40.4492321Z  ^[[32m✓^[[39m test/tools/dashboard-token-css-ref-honor.s179.spec.ts ^[[2m(^[[22m^[[2m3 tests^[[22m^[[2m)^[[22m^[[32m 7^[[2mms^[[22m^[[39m
viz-determinism	Run FULL @oods/mcp-server suite (previously-dark colocated files)	2026-09-10T06:45:41.2325722Z  ^[[32m✓^[[39m test/product-reality/input-validation-state.s184.spec.ts ^[[2m(^[[22m^[[2m4 tests^[[22m^[[2m)^[[22m^[[32m 25^[[2mms^[[22m^[[39m
viz-determinism	Run FULL @oods/mcp-server suite (previously-dark colocated files)	2026-09-10T06:45:42.0145059Z  ^[[32m✓^[[39m test/codegen/codegen-invalid-schema.spec.ts ^[[2m(^[[22m^[[2m2 tests^[[22m^[[2m)^[[22m^[[32m 18^[[2mms^[[22m^[[39m
viz-determinism	Run FULL @oods/mcp-server suite (previously-dark colocated files)	2026-09-10T06:45:42.3769355Z  ^[[32m✓^[[39m test/contracts/brand.apply.patch.spec.ts ^[[2m(^[[22m^[[2m1 test^[[22m^[[2m)^[[22m^[[32m 8^[[2mms^[[22m^[[39m
viz-determinism	Run FULL @oods/mcp-server suite (previously-dark colocated files)	2026-09-10T06:45:42.8027284Z  ^[[32m✓^[[39m test/render/render-preview-messaging.spec.ts ^[[2m(^[[22m^[[2m2 tests^[[22m^[[2m)^[[22m^[[32m 10^[[2mms^[[22m^[[39m
viz-determinism	Run FULL @oods/mcp-server suite (previously-dark colocated files)	2026-09-10T06:45:43.0596290Z  ^[[32m✓^[[39m test/render/viz-area-svg.spec.ts ^[[2m(^[[22m^[[2m1 test^[[22m^[[2m)^[[22m^[[32m 4^[[2mms^[[22m^[[39m
viz-determinism	Run FULL @oods/mcp-server suite (previously-dark colocated files)	2026-09-10T06:45:43.2802710Z  ^[[32m✓^[[39m test/compose/position-affinity.spec.ts ^[[2m(^[[22m^[[2m5 tests^[[22m^[[2m)^[[22m^[[32m 4^[[2mms^[[22m^[[39m
viz-determinism	Run FULL @oods/mcp-server suite (previously-dark colocated files)	2026-09-10T06:45:43.6646282Z  ^[[32m✓^[[39m test/contracts/repl.registry.contract.spec.ts ^[[2m(^[[22m^[[2m2 tests^[[22m^[[2m)^[[22m^[[32m 10^[[2mms^[[22m^[[39m
viz-determinism	Run FULL @oods/mcp-server suite (previously-dark colocated files)	2026-09-10T06:45:43.8852385Z  ^[[32m✓^[[39m test/contracts/tool.registry.spec.ts ^[[2m(^[[22m^[[2m3 tests^[[22m^[[2m)^[[22m^[[32m 5^[[2mms^[[22m^[[39m
viz-determinism	Run FULL @oods/mcp-server suite (previously-dark colocated files)	2026-09-10T06:45:44.3613484Z  ^[[32m✓^[[39m test/contracts/diag.snapshot-counts.spec.ts ^[[2m(^[[22m^[[2m1 test^[[22m^[[2m)^[[22m^[[32m 105^[[2mms^[[22m^[[39m
viz-determinism	Run FULL @oods/mcp-server suite (previously-dark colocated files)	2026-09-10T06:45:44.8122716Z ^[[90mstderr^[[2m | src/a2ui/host-conformance/adapter.test.ts
viz-determinism	Run FULL @oods/mcp-server suite (previously-dark colocated files)	2026-09-10T06:45:44.8124064Z ^[[22m^[[39mLit is in dev mode. Not recommended for production! See https://lit.dev/msg/dev-mode for more information.
viz-determinism	Run FULL @oods/mcp-server suite (previously-dark colocated files)	2026-09-10T06:45:44.8124648Z 
viz-determinism	Run FULL @oods/mcp-server suite (previously-dark colocated files)	2026-09-10T06:45:44.9556726Z  ^[[32m✓^[[39m src/a2ui/host-conformance/adapter.test.ts ^[[2m(^[[22m^[[2m13 tests^[[22m^[[2m)^[[22m^[[32m 22^[[2mms^[[22m^[[39m
viz-determinism	Run FULL @oods/mcp-server suite (previously-dark colocated files)	2026-09-10T06:45:45.4322302Z ^[[90mstderr^[[2m | test/a2ui-host-conformance/host-conformance-render.spec.ts
viz-determinism	Run FULL @oods/mcp-server suite (previously-dark colocated files)	2026-09-10T06:45:45.4324561Z ^[[22m^[[39mLit is in dev mode. Not recommended for production! See https://lit.dev/msg/dev-mode for more information.
viz-determinism	Run FULL @oods/mcp-server suite (previously-dark colocated files)	2026-09-10T06:45:45.4328082Z 
viz-determinism	Run FULL @oods/mcp-server suite (previously-dark colocated files)	2026-09-10T06:45:45.5542248Z  ^[[32m✓^[[39m test/a2ui-host-conformance/host-conformance-render.spec.ts ^[[2m(^[[22m^[[2m51 tests^[[22m^[[2m)^[[22m^[[32m 108^[[2mms^[[22m^[[39m
viz-determinism	Run FULL @oods/mcp-server suite (previously-dark colocated files)	2026-09-10T06:45:45.6256593Z 
viz-determinism	Run FULL @oods/mcp-server suite (previously-dark colocated files)	2026-09-10T06:45:45.6256707Z 
viz-determinism	Run FULL @oods/mcp-server suite (previously-dark colocated files)	2026-09-10T06:45:45.6281776Z ^[[31m⎯⎯⎯⎯⎯⎯⎯^[[39m^[[1m^[[41m Failed Tests 4 ^[[49m^[[22m^[[31m⎯⎯⎯⎯⎯⎯⎯^[[39m
viz-determinism	Run FULL @oods/mcp-server suite (previously-dark colocated files)	2026-09-10T06:45:45.6514605Z 
viz-determinism	Run FULL @oods/mcp-server suite (previously-dark colocated files)	2026-09-10T06:45:45.6516467Z ^[[2m Test Files ^[[22m ^[[1m^[[31m3 failed^[[39m^[[22m^[[2m | ^[[22m^[[1m^[[32m314 passed^[[39m^[[22m^[[2m | ^[[22m^[[33m1 skipped^[[39m^[[90m (318)^[[39m
viz-determinism	Run FULL @oods/mcp-server suite (previously-dark colocated files)	2026-09-10T06:45:45.6537814Z ^[[41m^[[1m FAIL ^[[22m^[[49m test/codegen/component-carries.s189.spec.ts^[[2m > ^[[22mcomponent carries preserve the same meaning in every target^[[2m > ^[[22mStatusTimeline has identical two-entry labels, dates, actors and reasons in all three targets
viz-determinism	Run FULL @oods/mcp-server suite (previously-dark colocated files)	2026-09-10T06:45:45.6540407Z ^[[2m      Tests ^[[22m ^[[1m^[[31m4 failed^[[39m^[[22m^[[2m | ^[[22m^[[1m^[[32m6106 passed^[[39m^[[22m^[[2m | ^[[22m^[[33m16 skipped^[[39m^[[90m (6126)^[[39m
viz-determinism	Run FULL @oods/mcp-server suite (previously-dark colocated files)	2026-09-10T06:45:45.6679366Z ^[[31m^[[1mAssertionError^[[22m: expected 'Status Timeline Current status: Pendi…' to contain 'active → pending_cancellation'^[[39m
viz-determinism	Run FULL @oods/mcp-server suite (previously-dark colocated files)	2026-09-10T06:45:45.6680677Z ^[[2m   Start at ^[[22m 06:24:31
viz-determinism	Run FULL @oods/mcp-server suite (previously-dark colocated files)	2026-09-10T06:45:45.6681499Z 
viz-determinism	Run FULL @oods/mcp-server suite (previously-dark colocated files)	2026-09-10T06:45:45.6682678Z ^[[2m   Duration ^[[22m 1273.82s^[[2m (transform 6.12s, setup 1.52s, collect 97.42s, tests 1109.39s, environment 493ms, prepare 19.40s)^[[22m
viz-determinism	Run FULL @oods/mcp-server suite (previously-dark colocated files)	2026-09-10T06:45:45.6685777Z Expected: ^[[32m"^[[7ma^[[27mctive → ^[[7mp^[[27mending^[[7m_c^[[27mancellation"^[[39m
viz-determinism	Run FULL @oods/mcp-server suite (previously-dark colocated files)	2026-09-10T06:45:45.6686627Z 
viz-determinism	Run FULL @oods/mcp-server suite (previously-dark colocated files)	2026-09-10T06:45:45.6689760Z Received: ^[[31m"^[[7mStatus Timeline Current status: Pending Cancellation Allowed transitions: active, terminated Active Sep 1, 2026, 12:00 PM active Actor: operator-1 Reason: Created A^[[27mctive → ^[[7mP^[[27mending^[[7m C^[[27mancellation^[[7m Sep 8, 2026, 12:00 PM active Actor: operator-2 Reason: Budget^[[27m"^[[39m
viz-determinism	Run FULL @oods/mcp-server suite (previously-dark colocated files)	2026-09-10T06:45:45.6691687Z 
viz-determinism	Run FULL @oods/mcp-server suite (previously-dark colocated files)	2026-09-10T06:45:45.6692946Z 
viz-determinism	Run FULL @oods/mcp-server suite (previously-dark colocated files)	2026-09-10T06:45:45.6788470Z ##[error]AssertionError: expected 'Status Timeline Current status: Pendi…' to contain 'active → pending_cancellation'
viz-determinism	Run FULL @oods/mcp-server suite (previously-dark colocated files)	
viz-determinism	Run FULL @oods/mcp-server suite (previously-dark colocated files)	Expected: "active → pending_cancellation"
viz-determinism	Run FULL @oods/mcp-server suite (previously-dark colocated files)	Received: "Status Timeline Current status: Pending Cancellation Allowed transitions: active, terminated Active Sep 1, 2026, 12:00 PM active Actor: operator-1 Reason: Created Active → Pending Cancellation Sep 8, 2026, 12:00 PM active Actor: operator-2 Reason: Budget"
viz-determinism	Run FULL @oods/mcp-server suite (previously-dark colocated files)	
viz-determinism	Run FULL @oods/mcp-server suite (previously-dark colocated files)	 ❯ test/codegen/component-carries.s189.spec.ts:29:56
viz-determinism	Run FULL @oods/mcp-server suite (previously-dark colocated files)	
viz-determinism	Run FULL @oods/mcp-server suite (previously-dark colocated files)	
viz-determinism	Run FULL @oods/mcp-server suite (previously-dark colocated files)	2026-09-10T06:45:45.6822148Z ^[[36m ^[[2m❯^[[22m test/codegen/component-carries.s189.spec.ts:^[[2m29:56^[[22m^[[39m
viz-determinism	Run FULL @oods/mcp-server suite (previously-dark colocated files)	2026-09-10T06:45:45.6822777Z 
viz-determinism	Run FULL @oods/mcp-server suite (previously-dark colocated files)	2026-09-10T06:45:45.6824016Z     ^[[90m 27| ^[[39m      expect(text(renderToStaticMarkup(createElement(ReactComponents[c…
viz-determinism	Run FULL @oods/mcp-server suite (previously-dark colocated files)	2026-09-10T06:45:45.6830979Z ##[error]AssertionError: expected 'Audit Timeline Active Sep 1, 2026, 12…' to contain 'active → pending_cancellation'
viz-determinism	Run FULL @oods/mcp-server suite (previously-dark colocated files)	
viz-determinism	Run FULL @oods/mcp-server suite (previously-dark colocated files)	Expected: "active → pending_cancellation"
viz-determinism	Run FULL @oods/mcp-server suite (previously-dark colocated files)	Received: "Audit Timeline Active Sep 1, 2026, 12:00 PM active Actor: operator-1 Reason: Created Active → Pending Cancellation Sep 8, 2026, 12:00 PM active Actor: operator-2 Reason: Budget"
viz-determinism	Run FULL @oods/mcp-server suite (previously-dark colocated files)	
viz-determinism	Run FULL @oods/mcp-server suite (previously-dark colocated files)	 ❯ test/codegen/component-carries.s189.spec.ts:29:56
viz-determinism	Run FULL @oods/mcp-server suite (previously-dark colocated files)	
viz-determinism	Run FULL @oods/mcp-server suite (previously-dark colocated files)	
viz-determinism	Run FULL @oods/mcp-server suite (previously-dark colocated files)	2026-09-10T06:45:45.6835371Z     ^[[90m 28| ^[[39m      expect(text(await renderToString(h(VueComponents[component], val…
viz-determinism	Run FULL @oods/mcp-server suite (previously-dark colocated files)	2026-09-10T06:45:45.6837403Z 
viz-determinism	Run FULL @oods/mcp-server suite (previously-dark colocated files)	2026-09-10T06:45:45.6838267Z     ^[[90m 29| ^[[39m      if (!Object.keys(options).length) { expect(html).toContain('acti…
viz-determinism	Run FULL @oods/mcp-server suite (previously-dark colocated files)	2026-09-10T06:45:45.6841700Z ##[error]AssertionError: expected false to be true // Object.is equality
viz-determinism	Run FULL @oods/mcp-server suite (previously-dark colocated files)	
viz-determinism	Run FULL @oods/mcp-server suite (previously-dark colocated files)	- Expected
viz-determinism	Run FULL @oods/mcp-server suite (previously-dark colocated files)	+ Received
viz-determinism	Run FULL @oods/mcp-server suite (previously-dark colocated files)	
viz-determinism	Run FULL @oods/mcp-server suite (previously-dark colocated files)	- true
viz-determinism	Run FULL @oods/mcp-server suite (previously-dark colocated files)	+ false
viz-determinism	Run FULL @oods/mcp-server suite (previously-dark colocated files)	
viz-determinism	Run FULL @oods/mcp-server suite (previously-dark colocated files)	 ❯ test/contracts/fragment-anchor-contract.spec.ts:159:59
viz-determinism	Run FULL @oods/mcp-server suite (previously-dark colocated files)	
viz-determinism	Run FULL @oods/mcp-server suite (previously-dark colocated files)	
viz-determinism	Run FULL @oods/mcp-server suite (previously-dark colocated files)	2026-09-10T06:45:45.6844255Z     ^[[90m   | ^[[39m                                                       ^[[31m^^[[39m
viz-determinism	Run FULL @oods/mcp-server suite (previously-dark colocated files)	2026-09-10T06:45:45.6844716Z 
viz-determinism	Run FULL @oods/mcp-server suite (previously-dark colocated files)	2026-09-10T06:45:45.6845125Z     ^[[90m 30| ^[[39m    }
viz-determinism	Run FULL @oods/mcp-server suite (previously-dark colocated files)	2026-09-10T06:45:45.6849592Z ##[error]AssertionError: expected 'Amount in USD' to be 'Recurring price expressed in minor un…' // Object.is equality
viz-determinism	Run FULL @oods/mcp-server suite (previously-dark colocated files)	
viz-determinism	Run FULL @oods/mcp-server suite (previously-dark colocated files)	Expected: "Recurring price expressed in minor units (e.g., cents)."
viz-determinism	Run FULL @oods/mcp-server suite (previously-dark colocated files)	Received: "Amount in USD"
viz-determinism	Run FULL @oods/mcp-server suite (previously-dark colocated files)	
viz-determinism	Run FULL @oods/mcp-server suite (previously-dark colocated files)	 ❯ test/product-reality/billing-composition.s188.spec.ts:102:62
viz-determinism	Run FULL @oods/mcp-server suite (previously-dark colocated files)	
viz-determinism	Run FULL @oods/mcp-server suite (previously-dark colocated files)	
viz-determinism	Run FULL @oods/mcp-server suite (previously-dark colocated files)	2026-09-10T06:45:45.6852748Z     ^[[90m 31| ^[[39m  })^[[33m;^[[39m
viz-determinism	Run FULL @oods/mcp-server suite (previously-dark colocated files)	2026-09-10T06:45:45.6853214Z 
viz-determinism	Run FULL @oods/mcp-server suite (previously-dark colocated files)	2026-09-10T06:45:45.6853793Z ^[[31m^[[2m⎯⎯⎯⎯⎯⎯⎯⎯⎯⎯⎯⎯⎯⎯⎯⎯⎯⎯⎯⎯⎯⎯⎯⎯[1/4]⎯^[[22m^[[39m
viz-determinism	Run FULL @oods/mcp-server suite (previously-dark colocated files)	2026-09-10T06:45:45.6854318Z 
viz-determinism	Run FULL @oods/mcp-server suite (previously-dark colocated files)	2026-09-10T06:45:45.6857178Z ^[[41m^[[1m FAIL ^[[22m^[[49m test/codegen/component-carries.s189.spec.ts^[[2m > ^[[22mcomponent carries preserve the same meaning in every target^[[2m > ^[[22mAuditTimeline has identical two-entry labels, dates, actors and reasons in all three targets
viz-determinism	Run FULL @oods/mcp-server suite (previously-dark colocated files)	2026-09-10T06:45:45.6860069Z ^[[31m^[[1mAssertionError^[[22m: expected 'Audit Timeline Active Sep 1, 2026, 12…' to contain 'active → pending_cancellation'^[[39m
viz-determinism	Run FULL @oods/mcp-server suite (previously-dark colocated files)	2026-09-10T06:45:45.6861001Z 
viz-determinism	Run FULL @oods/mcp-server suite (previously-dark colocated files)	2026-09-10T06:45:45.6861747Z Expected: ^[[32m"^[[7ma^[[27mctive → ^[[7mp^[[27mending^[[7m_c^[[27mancellation"^[[39m
viz-determinism	Run FULL @oods/mcp-server suite (previously-dark colocated files)	2026-09-10T06:45:45.6864265Z Received: ^[[31m"^[[7mAudit Timeline Active Sep 1, 2026, 12:00 PM active Actor: operator-1 Reason: Created A^[[27mctive → ^[[7mP^[[27mending^[[7m C^[[27mancellation^[[7m Sep 8, 2026, 12:00 PM active Actor: operator-2 Reason: Budget^[[27m"^[[39m
viz-determinism	Run FULL @oods/mcp-server suite (previously-dark colocated files)	2026-09-10T06:45:45.6865786Z 
viz-determinism	Run FULL @oods/mcp-server suite (previously-dark colocated files)	2026-09-10T06:45:45.6866742Z ^[[36m ^[[2m❯^[[22m test/codegen/component-carries.s189.spec.ts:^[[2m29:56^[[22m^[[39m
viz-determinism	Run FULL @oods/mcp-server suite (previously-dark colocated files)	2026-09-10T06:45:45.6867927Z     ^[[90m 27| ^[[39m      expect(text(renderToStaticMarkup(createElement(ReactComponents[c…
viz-determinism	Run FULL @oods/mcp-server suite (previously-dark colocated files)	2026-09-10T06:45:45.6869069Z     ^[[90m 28| ^[[39m      expect(text(await renderToString(h(VueComponents[component], val…
viz-determinism	Run FULL @oods/mcp-server suite (previously-dark colocated files)	2026-09-10T06:45:45.6870196Z     ^[[90m 29| ^[[39m      if (!Object.keys(options).length) { expect(html).toContain('acti…
viz-determinism	Run FULL @oods/mcp-server suite (previously-dark colocated files)	2026-09-10T06:45:45.6871202Z     ^[[90m   | ^[[39m                                                       ^[[31m^^[[39m
viz-determinism	Run FULL @oods/mcp-server suite (previously-dark colocated files)	2026-09-10T06:45:45.6871902Z     ^[[90m 30| ^[[39m    }
viz-determinism	Run FULL @oods/mcp-server suite (previously-dark colocated files)	2026-09-10T06:45:45.6872462Z     ^[[90m 31| ^[[39m  })^[[33m;^[[39m
viz-determinism	Run FULL @oods/mcp-server suite (previously-dark colocated files)	2026-09-10T06:45:45.6872836Z 
viz-determinism	Run FULL @oods/mcp-server suite (previously-dark colocated files)	2026-09-10T06:45:45.6873300Z ^[[31m^[[2m⎯⎯⎯⎯⎯⎯⎯⎯⎯⎯⎯⎯⎯⎯⎯⎯⎯⎯⎯⎯⎯⎯⎯⎯[2/4]⎯^[[22m^[[39m
viz-determinism	Run FULL @oods/mcp-server suite (previously-dark colocated files)	2026-09-10T06:45:45.6873736Z 
viz-determinism	Run FULL @oods/mcp-server suite (previously-dark colocated files)	2026-09-10T06:45:45.6876577Z ^[[41m^[[1m FAIL ^[[22m^[[49m test/contracts/fragment-anchor-contract.spec.ts^[[2m > ^[[22mfragment-anchor contract: data-oods-label durable, data-oods-node-id best-effort^[[2m > ^[[22ma surviving slot keeps its data-oods-label while data-oods-node-id may shift
viz-determinism	Run FULL @oods/mcp-server suite (previously-dark colocated files)	2026-09-10T06:45:45.6879093Z ^[[31m^[[1mAssertionError^[[22m: expected false to be true // Object.is equality^[[39m
viz-determinism	Run FULL @oods/mcp-server suite (previously-dark colocated files)	2026-09-10T06:45:45.6879849Z 
viz-determinism	Run FULL @oods/mcp-server suite (previously-dark colocated files)	2026-09-10T06:45:45.6880580Z ^[[32m- Expected^[[39m
viz-determinism	Run FULL @oods/mcp-server suite (previously-dark colocated files)	2026-09-10T06:45:45.6881204Z ^[[31m+ Received^[[39m
viz-determinism	Run FULL @oods/mcp-server suite (previously-dark colocated files)	2026-09-10T06:45:45.6881556Z 
viz-determinism	Run FULL @oods/mcp-server suite (previously-dark colocated files)	2026-09-10T06:45:45.6881844Z ^[[32m- true^[[39m
viz-determinism	Run FULL @oods/mcp-server suite (previously-dark colocated files)	2026-09-10T06:45:45.6882383Z ^[[31m+ false^[[39m
viz-determinism	Run FULL @oods/mcp-server suite (previously-dark colocated files)	2026-09-10T06:45:45.6882735Z 
viz-determinism	Run FULL @oods/mcp-server suite (previously-dark colocated files)	2026-09-10T06:45:45.6883591Z ^[[36m ^[[2m❯^[[22m test/contracts/fragment-anchor-contract.spec.ts:^[[2m159:59^[[22m^[[39m
viz-determinism	Run FULL @oods/mcp-server suite (previously-dark colocated files)	2026-09-10T06:45:45.6887338Z     ^[[90m157| ^[[39m    ^[[34mexpect^[[39m(more^[[33m.^[[39m^[[35mget^[[39m(^[[32m'header'^[[39m))^[[33m.^[[39m^[[34mtoBe^[[39m(fewer^[[33m.^[[39m^[[35mget^[[39m(^[[32m'header'^[[39m))^[[33m;^[[39m
viz-determinism	Run FULL @oods/mcp-server suite (previously-dark colocated files)	2026-09-10T06:45:45.6888751Z     ^[[90m158| ^[[39m
viz-determinism	Run FULL @oods/mcp-server suite (previously-dark colocated files)	2026-09-10T06:45:45.6890730Z     ^[[90m159| ^[[39m    ^[[34mexpect^[[39m(fewer^[[33m.^[[39m^[[34mhas^[[39m(^[[32m'metadata'^[[39m) ^[[33m&&^[[39m more^[[33m.^[[39m^[[34mhas^[[39m(^[[32m'metadata'^[[39m))^[[33m.^[[39m^[[34mtoBe^[[39m(^[[35mtrue^[[39m)^[[33m;^[[39m
viz-determinism	Run FULL @oods/mcp-server suite (previously-dark colocated files)	2026-09-10T06:45:45.6892349Z     ^[[90m   | ^[[39m                                                          ^[[31m^^[[39m
viz-determinism	Run FULL @oods/mcp-server suite (previously-dark colocated files)	2026-09-10T06:45:45.6894114Z     ^[[90m160| ^[[39m    ^[[34mexpect^[[39m(more^[[33m.^[[39m^[[35mget^[[39m(^[[32m'metadata'^[[39m))^[[33m.^[[39mnot^[[33m.^[[39m^[[34mtoBe^[[39m(fewer^[[33m.^[[39m^[[35mget^[[39m(^[[32m'metadata'^[[39m))^[[33m;^[[39m
viz-determinism	Run FULL @oods/mcp-server suite (previously-dark colocated files)	2026-09-10T06:45:45.6895521Z     ^[[90m161| ^[[39m  })^[[33m;^[[39m
viz-determinism	Run FULL @oods/mcp-server suite (previously-dark colocated files)	2026-09-10T06:45:45.6895939Z 
viz-determinism	Run FULL @oods/mcp-server suite (previously-dark colocated files)	2026-09-10T06:45:45.6896648Z ^[[31m^[[2m⎯⎯⎯⎯⎯⎯⎯⎯⎯⎯⎯⎯⎯⎯⎯⎯⎯⎯⎯⎯⎯⎯⎯⎯[3/4]⎯^[[22m^[[39m
viz-determinism	Run FULL @oods/mcp-server suite (previously-dark colocated files)	2026-09-10T06:45:45.6897163Z 
viz-determinism	Run FULL @oods/mcp-server suite (previously-dark colocated files)	2026-09-10T06:45:45.6899434Z ^[[41m^[[1m FAIL ^[[22m^[[49m test/product-reality/billing-composition.s188.spec.ts^[[2m > ^[[22mDecision 1822 bounded recipe composition^[[2m > ^[[22mpreserves the historical exact diff and current declared recipes across 66 schemas and 132 artifacts
viz-determinism	Run FULL @oods/mcp-server suite (previously-dark colocated files)	2026-09-10T06:45:45.6902286Z ^[[31m^[[1mAssertionError^[[22m: expected 'Amount in USD' to be 'Recurring price expressed in minor un…' // Object.is equality^[[39m
viz-determinism	Run FULL @oods/mcp-server suite (previously-dark colocated files)	2026-09-10T06:45:45.6903332Z 
viz-determinism	Run FULL @oods/mcp-server suite (previously-dark colocated files)	2026-09-10T06:45:45.6904139Z Expected: ^[[32m"Recurring price expressed in minor units (e.g., cents)."^[[39m
viz-determinism	Run FULL @oods/mcp-server suite (previously-dark colocated files)	2026-09-10T06:45:45.6905184Z Received: ^[[31m"Amount in USD"^[[39m
viz-determinism	Run FULL @oods/mcp-server suite (previously-dark colocated files)	2026-09-10T06:45:45.6905669Z 
viz-determinism	Run FULL @oods/mcp-server suite (previously-dark colocated files)	2026-09-10T06:45:45.6907699Z ^[[36m ^[[2m❯^[[22m test/product-reality/billing-composition.s188.spec.ts:^[[2m102:62^[[22m^[[39m
viz-determinism	Run FULL @oods/mcp-server suite (previously-dark colocated files)	2026-09-10T06:45:45.6908505Z 
viz-determinism	Run FULL @oods/mcp-server suite (previously-dark colocated files)	2026-09-10T06:45:45.6908622Z 
viz-determinism	Run FULL @oods/mcp-server suite (previously-dark colocated files)	2026-09-10T06:45:45.6909184Z ^[[31m^[[2m⎯⎯⎯⎯⎯⎯⎯⎯⎯⎯⎯⎯⎯⎯⎯⎯⎯⎯⎯⎯⎯⎯⎯⎯[4/4]⎯^[[22m^[[39m
viz-determinism	Run FULL @oods/mcp-server suite (previously-dark colocated files)	2026-09-10T06:45:45.6909670Z 
viz-determinism	Run FULL @oods/mcp-server suite (previously-dark colocated files)	2026-09-10T06:45:45.7772115Z /home/runner/work/OODS-Forge/OODS-Forge/packages/mcp-server:
viz-determinism	Run FULL @oods/mcp-server suite (previously-dark colocated files)	2026-09-10T06:45:45.7773184Z  ERR_PNPM_RECURSIVE_RUN_FIRST_FAIL  @oods/mcp-server@0.1.0 test: `vitest run`
viz-determinism	Run FULL @oods/mcp-server suite (previously-dark colocated files)	2026-09-10T06:45:45.7773694Z Exit status 1
viz-determinism	Run FULL @oods/mcp-server suite (previously-dark colocated files)	2026-09-10T06:45:45.7997249Z ##[error]Process completed with exit code 1.
coverage	Run coverage suite	﻿2026-09-10T06:21:47.9602776Z ##[group]Run pnpm run test:coverage
coverage	Run coverage suite	2026-09-10T06:21:47.9603194Z ^[[36;1mpnpm run test:coverage^[[0m
coverage	Run coverage suite	2026-09-10T06:21:47.9642229Z shell: /usr/bin/bash -e {0}
coverage	Run coverage suite	2026-09-10T06:21:47.9642537Z env:
coverage	Run coverage suite	2026-09-10T06:21:47.9642762Z   NODE_VERSION: 24
coverage	Run coverage suite	2026-09-10T06:21:47.9643062Z   PNPM_HOME: /home/runner/setup-pnpm/node_modules/.bin
coverage	Run coverage suite	2026-09-10T06:21:47.9643413Z ##[endgroup]
coverage	Run coverage suite	2026-09-10T06:21:48.4013824Z 
coverage	Run coverage suite	2026-09-10T06:21:48.4015061Z > @oods/foundry-mcp@0.1.0 pretest:coverage /home/runner/work/OODS-Forge/OODS-Forge
coverage	Run coverage suite	2026-09-10T06:21:48.4016627Z > pnpm run build && pnpm run build:packages && pnpm run pkg:build
coverage	Run coverage suite	2026-09-10T06:21:48.4017446Z 
coverage	Run coverage suite	2026-09-10T06:21:48.8614882Z 
coverage	Run coverage suite	2026-09-10T06:21:48.8616167Z > @oods/foundry-mcp@0.1.0 build /home/runner/work/OODS-Forge/OODS-Forge
coverage	Run coverage suite	2026-09-10T06:21:48.8617423Z > pnpm run clean && tsc
coverage	Run coverage suite	2026-09-10T06:21:48.8617975Z 
coverage	Run coverage suite	2026-09-10T06:21:49.2944970Z 
coverage	Run coverage suite	2026-09-10T06:21:49.2946173Z > @oods/foundry-mcp@0.1.0 clean /home/runner/work/OODS-Forge/OODS-Forge
coverage	Run coverage suite	2026-09-10T06:21:49.2948549Z > rimraf dist/.storybook dist/apps dist/configs dist/data dist/examples dist/generated dist/packages dist/schemas dist/scripts dist/src dist/tokens dist/tools dist/traits
coverage	Run coverage suite	2026-09-10T06:21:49.2950434Z 
coverage	Run coverage suite	2026-09-10T06:22:11.9594334Z 
coverage	Run coverage suite	2026-09-10T06:22:11.9595621Z > @oods/foundry-mcp@0.1.0 build:packages /home/runner/work/OODS-Forge/OODS-Forge
coverage	Run coverage suite	2026-09-10T06:22:11.9596799Z > pnpm --filter @oods/* run build
coverage	Run coverage suite	2026-09-10T06:22:11.9597320Z 
coverage	Run coverage suite	2026-09-10T06:22:12.4360599Z Scope: 21 of 22 workspace projects
coverage	Run coverage suite	2026-09-10T06:22:12.4393239Z apps/playground build$ tsc -b && vite build
coverage	Run coverage suite	2026-09-10T06:22:12.4400221Z packages/a11y-tools build$ rimraf dist && tsup --config tsup.config.ts
coverage	Run coverage suite	2026-09-10T06:22:12.4406610Z packages/artifacts build$ rimraf dist && tsc -p tsconfig.json && mkdir -p dist/schemas && cp -f src/schemas/*.json dist/schemas/ 2>/dev/null || true
coverage	Run coverage suite	2026-09-10T06:22:12.4409822Z packages/component-contracts build$ rimraf dist && tsup --config tsup.config.ts
coverage	Run coverage suite	2026-09-10T06:22:14.3811032Z packages/component-contracts build: ^[[34mCLI^[[39m Building entry: src/index.ts
coverage	Run coverage suite	2026-09-10T06:22:14.3906395Z packages/component-contracts build: ^[[34mCLI^[[39m Using tsconfig: tsconfig.json
coverage	Run coverage suite	2026-09-10T06:22:14.3976218Z packages/component-contracts build: ^[[34mCLI^[[39m tsup v8.5.0
coverage	Run coverage suite	2026-09-10T06:22:14.4064823Z packages/component-contracts build: ^[[34mCLI^[[39m Using tsup config: /home/runner/work/OODS-Forge/OODS-Forge/packages/component-contracts/tsup.config.ts
coverage	Run coverage suite	2026-09-10T06:22:14.4164568Z packages/component-contracts build: ^[[34mCLI^[[39m Target: es2022
coverage	Run coverage suite	2026-09-10T06:22:14.4266301Z packages/a11y-tools build: ^[[34mCLI^[[39m Building entry: src/index.ts
coverage	Run coverage suite	2026-09-10T06:22:14.4339267Z packages/component-contracts build: ^[[34mCLI^[[39m Cleaning output folder
coverage	Run coverage suite	2026-09-10T06:22:14.4422891Z packages/a11y-tools build: ^[[34mCLI^[[39m Using tsconfig: tsconfig.json
coverage	Run coverage suite	2026-09-10T06:22:14.4462835Z packages/a11y-tools build: ^[[34mCLI^[[39m tsup v8.5.0
coverage	Run coverage suite	2026-09-10T06:22:14.4510864Z packages/a11y-tools build: ^[[34mCLI^[[39m Using tsup config: /home/runner/work/OODS-Forge/OODS-Forge/packages/a11y-tools/tsup.config.ts
coverage	Run coverage suite	2026-09-10T06:22:14.4573615Z packages/component-contracts build: ^[[34mESM^[[39m Build start
coverage	Run coverage suite	2026-09-10T06:22:14.4618101Z packages/component-contracts build: ^[[34mCJS^[[39m Build start
coverage	Run coverage suite	2026-09-10T06:22:14.4692892Z packages/a11y-tools build: ^[[34mCLI^[[39m Target: node20
coverage	Run coverage suite	2026-09-10T06:22:14.4773849Z packages/a11y-tools build: ^[[34mCLI^[[39m Cleaning output folder
coverage	Run coverage suite	2026-09-10T06:22:14.4953508Z packages/a11y-tools build: ^[[34mESM^[[39m Build start
coverage	Run coverage suite	2026-09-10T06:22:14.4992797Z packages/a11y-tools build: ^[[34mCJS^[[39m Build start
coverage	Run coverage suite	2026-09-10T06:22:15.5152612Z packages/a11y-tools build: ^[[32mESM^[[39m ^[[1mdist/index.js     ^[[22m^[[32m14.75 KB^[[39m
coverage	Run coverage suite	2026-09-10T06:22:15.5204635Z packages/a11y-tools build: ^[[32mESM^[[39m ^[[1mdist/index.js.map ^[[22m^[[32m35.22 KB^[[39m
coverage	Run coverage suite	2026-09-10T06:22:15.5272814Z packages/a11y-tools build: ^[[32mESM^[[39m ⚡️ Build success in 1038ms
coverage	Run coverage suite	2026-09-10T06:22:15.5332838Z packages/a11y-tools build: ^[[32mCJS^[[39m ^[[1mdist/index.cjs     ^[[22m^[[32m15.34 KB^[[39m
coverage	Run coverage suite	2026-09-10T06:22:15.5352726Z packages/a11y-tools build: ^[[32mCJS^[[39m ^[[1mdist/index.cjs.map ^[[22m^[[32m35.23 KB^[[39m
coverage	Run coverage suite	2026-09-10T06:22:15.5392659Z packages/a11y-tools build: ^[[32mCJS^[[39m ⚡️ Build success in 1041ms
coverage	Run coverage suite	2026-09-10T06:22:16.7478885Z packages/a11y-tools build: ^[[34mDTS^[[39m Build start
coverage	Run coverage suite	2026-09-10T06:22:16.7865585Z packages/component-contracts build: ^[[34mDTS^[[39m Build start
coverage	Run coverage suite	2026-09-10T06:22:16.7943242Z packages/component-contracts build: ^[[32mESM^[[39m ^[[1mdist/index.js ^[[22m^[[32m382.56 KB^[[39m
coverage	Run coverage suite	2026-09-10T06:22:16.8014912Z packages/component-contracts build: ^[[32mESM^[[39m ⚡️ Build success in 2358ms
coverage	Run coverage suite	2026-09-10T06:22:16.8083039Z packages/component-contracts build: ^[[32mCJS^[[39m ^[[1mdist/index.cjs ^[[22m^[[32m383.85 KB^[[39m
coverage	Run coverage suite	2026-09-10T06:22:16.8146356Z packages/component-contracts build: ^[[32mCJS^[[39m ⚡️ Build success in 2364ms
coverage	Run coverage suite	2026-09-10T06:22:18.7094120Z packages/artifacts build: Done
coverage	Run coverage suite	2026-09-10T06:22:18.7215939Z packages/mcp-bridge build$ rimraf dist && tsc -p tsconfig.json && node ../../scripts/build-revision.mjs dist/build-revision.json
coverage	Run coverage suite	2026-09-10T06:22:24.8263504Z apps/playground build: ^[[36mvite v6.4.1 ^[[32mbuilding for production...^[[36m^[[39m
coverage	Run coverage suite	2026-09-10T06:22:25.4872721Z packages/a11y-tools build: ^[[32mDTS^[[39m ⚡️ Build success in 8737ms
coverage	Run coverage suite	2026-09-10T06:22:25.4934439Z packages/a11y-tools build: ^[[32mDTS^[[39m ^[[1mdist/index.d.ts  ^[[22m^[[32m9.01 KB^[[39m
coverage	Run coverage suite	2026-09-10T06:22:25.4961267Z packages/a11y-tools build: ^[[32mDTS^[[39m ^[[1mdist/index.d.cts ^[[22m^[[32m9.01 KB^[[39m
coverage	Run coverage suite	2026-09-10T06:22:25.6861476Z packages/a11y-tools build: Done
coverage	Run coverage suite	2026-09-10T06:22:25.6912808Z packages/release-utils build$ rimraf dist && tsc -p tsconfig.json
coverage	Run coverage suite	2026-09-10T06:22:25.9577868Z packages/component-contracts build: ^[[32mDTS^[[39m ⚡️ Build success in 9361ms
coverage	Run coverage suite	2026-09-10T06:22:25.9683250Z packages/component-contracts build: ^[[32mDTS^[[39m ^[[1mdist/index.d.ts  ^[[22m^[[32m13.89 KB^[[39m
coverage	Run coverage suite	2026-09-10T06:22:25.9722232Z packages/component-contracts build: ^[[32mDTS^[[39m ^[[1mdist/index.d.cts ^[[22m^[[32m13.89 KB^[[39m
coverage	Run coverage suite	2026-09-10T06:22:26.3247071Z packages/component-contracts build: Done
coverage	Run coverage suite	2026-09-10T06:22:26.3254030Z packages/tokens build$ rimraf dist && node ./scripts/build.mjs && node ./scripts/build-entry.mjs
coverage	Run coverage suite	2026-09-10T06:22:26.4087380Z apps/playground build: transforming...
coverage	Run coverage suite	2026-09-10T06:22:26.5272742Z apps/playground build: Browserslist: browsers data (caniuse-lite) is 6 months old. Please run:
coverage	Run coverage suite	2026-09-10T06:22:26.5332644Z apps/playground build:   npx update-browserslist-db@latest
coverage	Run coverage suite	2026-09-10T06:22:26.5372926Z apps/playground build:   Why you should do it regularly: https://github.com/browserslist/update-db#readme
coverage	Run coverage suite	2026-09-10T06:22:27.9077156Z packages/tokens build: ✔︎ collision guard: no non-exempt collisions across 6 scopes
coverage	Run coverage suite	2026-09-10T06:22:27.9103078Z packages/tokens build: Building design tokens with Style Dictionary…
coverage	Run coverage suite	2026-09-10T06:22:28.1722789Z packages/mcp-bridge build: Done
coverage	Run coverage suite	2026-09-10T06:22:28.1774998Z packages/tw-variants build$ rimraf dist && tsup --config tsup.config.ts
coverage	Run coverage suite	2026-09-10T06:22:28.2419731Z packages/tokens build: Token collisions detected (2):
coverage	Run coverage suite	2026-09-10T06:22:28.2512931Z packages/tokens build: Use log.verbosity "verbose" or use CLI option --verbose for more details.
coverage	Run coverage suite	2026-09-10T06:22:28.2622774Z packages/tokens build: Refer to: https://styledictionary.com/reference/logging/
coverage	Run coverage suite	2026-09-10T06:22:29.9234616Z packages/tw-variants build: ^[[34mCLI^[[39m Building entry: src/context-matrix.ts, src/index.ts
coverage	Run coverage suite	2026-09-10T06:22:29.9236651Z packages/tw-variants build: ^[[34mCLI^[[39m Using tsconfig: ../../tsconfig.json
coverage	Run coverage suite	2026-09-10T06:22:29.9745682Z packages/tw-variants build: ^[[34mCLI^[[39m tsup v8.5.0
coverage	Run coverage suite	2026-09-10T06:22:29.9749908Z packages/tw-variants build: ^[[34mCLI^[[39m Using tsup config: /home/runner/work/OODS-Forge/OODS-Forge/packages/tw-variants/tsup.config.ts
coverage	Run coverage suite	2026-09-10T06:22:30.0483594Z packages/tw-variants build: ^[[34mCLI^[[39m Target: node20
coverage	Run coverage suite	2026-09-10T06:22:30.0592195Z packages/tw-variants build: ^[[34mCLI^[[39m Cleaning output folder
coverage	Run coverage suite	2026-09-10T06:22:30.1404065Z packages/tw-variants build: ^[[34mESM^[[39m Build start
coverage	Run coverage suite	2026-09-10T06:22:30.1464004Z packages/tw-variants build: ^[[34mCJS^[[39m Build start
coverage	Run coverage suite	2026-09-10T06:22:30.4969082Z packages/tokens build: ios-swift
coverage	Run coverage suite	2026-09-10T06:22:30.5001281Z packages/tokens build: ! dist/ios-swift/OodsTokens.swift, does not exist
coverage	Run coverage suite	2026-09-10T06:22:30.5502259Z packages/tokens build: compose
coverage	Run coverage suite	2026-09-10T06:22:30.5542650Z packages/tokens build: ! dist/compose/OodsTokens.kt, does not exist
coverage	Run coverage suite	2026-09-10T06:22:31.0287253Z packages/tw-variants build: ^[[32mCJS^[[39m ^[[1mdist/context-matrix.cjs     ^[[22m^[[32m6.42 KB^[[39m
coverage	Run coverage suite	2026-09-10T06:22:31.0289785Z packages/tw-variants build: ^[[32mCJS^[[39m ^[[1mdist/index.cjs              ^[[22m^[[32m14.54 KB^[[39m
coverage	Run coverage suite	2026-09-10T06:22:31.0603929Z packages/tw-variants build: ^[[32mCJS^[[39m ^[[1mdist/index.cjs.map          ^[[22m^[[32m32.63 KB^[[39m
coverage	Run coverage suite	2026-09-10T06:22:31.0623072Z packages/tw-variants build: ^[[32mCJS^[[39m ^[[1mdist/context-matrix.cjs.map ^[[22m^[[32m13.51 KB^[[39m
coverage	Run coverage suite	2026-09-10T06:22:31.0627351Z packages/tw-variants build: ^[[32mCJS^[[39m ⚡️ Build success in 1091ms
coverage	Run coverage suite	2026-09-10T06:22:31.0653192Z packages/tw-variants build: ^[[32mESM^[[39m ^[[1mdist/context-matrix.js     ^[[22m^[[32m139.00 B^[[39m
coverage	Run coverage suite	2026-09-10T06:22:31.0672869Z packages/tw-variants build: ^[[32mESM^[[39m ^[[1mdist/chunk-IHQKAR2X.js     ^[[22m^[[32m6.39 KB^[[39m
coverage	Run coverage suite	2026-09-10T06:22:31.0675176Z packages/tw-variants build: ^[[32mESM^[[39m ^[[1mdist/index.js              ^[[22m^[[32m8.03 KB^[[39m
coverage	Run coverage suite	2026-09-10T06:22:31.0693200Z packages/tw-variants build: ^[[32mESM^[[39m ^[[1mdist/context-matrix.js.map ^[[22m^[[32m78.00 B^[[39m
coverage	Run coverage suite	2026-09-10T06:22:31.0732879Z packages/tw-variants build: ^[[32mESM^[[39m ^[[1mdist/chunk-IHQKAR2X.js.map ^[[22m^[[32m13.51 KB^[[39m
coverage	Run coverage suite	2026-09-10T06:22:31.0762738Z packages/tw-variants build: ^[[32mESM^[[39m ^[[1mdist/index.js.map          ^[[22m^[[32m19.16 KB^[[39m
coverage	Run coverage suite	2026-09-10T06:22:31.0768012Z packages/tw-variants build: ^[[32mESM^[[39m ⚡️ Build success in 1092ms
coverage	Run coverage suite	2026-09-10T06:22:31.0792459Z packages/tokens build: ts
coverage	Run coverage suite	2026-09-10T06:22:31.0812592Z packages/tokens build: ! dist/ts/tokens.ts, does not exist
coverage	Run coverage suite	2026-09-10T06:22:31.0813680Z packages/tokens build: tailwind
coverage	Run coverage suite	2026-09-10T06:22:31.0855428Z packages/tokens build: ! dist/tailwind/tokens.json, does not exist
coverage	Run coverage suite	2026-09-10T06:22:31.3932976Z packages/release-utils build: Done
coverage	Run coverage suite	2026-09-10T06:22:31.3934596Z packages/viz-render build$ rimraf dist && tsup --config tsup.config.ts
coverage	Run coverage suite	2026-09-10T06:22:31.5352700Z packages/tw-variants build: ^[[34mDTS^[[39m Build start
coverage	Run coverage suite	2026-09-10T06:22:32.3173184Z apps/playground build: ^[[32m✓^[[39m 48 modules transformed.
coverage	Run coverage suite	2026-09-10T06:22:33.0192996Z apps/playground build: rendering chunks...
coverage	Run coverage suite	2026-09-10T06:22:33.0647288Z apps/playground build: computing gzip size...
coverage	Run coverage suite	2026-09-10T06:22:33.0934025Z packages/viz-render build: ^[[34mCLI^[[39m Building entry: {"index":"src/index.ts","emitter":"src/emitter.ts","echarts-render.worker":"src/echarts-render.worker.ts"}
coverage	Run coverage suite	2026-09-10T06:22:33.0975558Z packages/viz-render build: ^[[34mCLI^[[39m Using tsconfig: tsconfig.json
coverage	Run coverage suite	2026-09-10T06:22:33.1061438Z packages/viz-render build: ^[[34mCLI^[[39m tsup v8.5.0
coverage	Run coverage suite	2026-09-10T06:22:33.1114698Z packages/viz-render build: ^[[34mCLI^[[39m Using tsup config: /home/runner/work/OODS-Forge/OODS-Forge/packages/viz-render/tsup.config.ts
coverage	Run coverage suite	2026-09-10T06:22:33.1247117Z packages/viz-render build: ^[[34mCLI^[[39m Target: node20
coverage	Run coverage suite	2026-09-10T06:22:33.1293451Z apps/playground build: ^[[2mdist/^[[22m^[[32mindex.html                 ^[[39m^[[1m^[[2m  0.69 kB^[[22m^[[1m^[[22m^[[2m │ gzip:  0.39 kB^[[22m
coverage	Run coverage suite	2026-09-10T06:22:33.1363057Z apps/playground build: ^[[2mdist/^[[22m^[[2massets/^[[22m^[[35mindex-DBhKWpVX.css  ^[[39m^[[1m^[[2m 25.90 kB^[[22m^[[1m^[[22m^[[2m │ gzip:  5.53 kB^[[22m
coverage	Run coverage suite	2026-09-10T06:22:33.1463470Z apps/playground build: ^[[2mdist/^[[22m^[[2massets/^[[22m^[[36mindex-CjtZwImZ.js   ^[[39m^[[1m^[[2m394.49 kB^[[22m^[[1m^[[22m^[[2m │ gzip: 88.73 kB^[[22m
coverage	Run coverage suite	2026-09-10T06:22:33.1582586Z apps/playground build: ^[[32m✓ built in 8.12s^[[39m
coverage	Run coverage suite	2026-09-10T06:22:33.1660206Z packages/viz-render build: ^[[34mCLI^[[39m Cleaning output folder
coverage	Run coverage suite	2026-09-10T06:22:33.1742565Z packages/viz-render build: ^[[34mESM^[[39m Build start
coverage	Run coverage suite	2026-09-10T06:22:33.1809057Z packages/viz-render build: ^[[34mCJS^[[39m Build start
coverage	Run coverage suite	2026-09-10T06:22:33.3853279Z apps/playground build: Done
coverage	Run coverage suite	2026-09-10T06:22:34.5882813Z packages/viz-render build: ^[[34mDTS^[[39m Build start
coverage	Run coverage suite	2026-09-10T06:22:34.6043347Z packages/viz-render build: ^[[32mESM^[[39m ^[[1mdist/index.js                     ^[[22m^[[32m7.61 KB^[[39m
coverage	Run coverage suite	2026-09-10T06:22:34.6045158Z packages/viz-render build: ^[[32mESM^[[39m ^[[1mdist/emitter.js                   ^[[22m^[[32m3.59 KB^[[39m
coverage	Run coverage suite	2026-09-10T06:22:34.6103248Z packages/viz-render build: ^[[32mESM^[[39m ^[[1mdist/echarts-render.worker.js     ^[[22m^[[32m11.64 KB^[[39m
coverage	Run coverage suite	2026-09-10T06:22:34.6143028Z packages/viz-render build: ^[[32mESM^[[39m ^[[1mdist/chunk-TEIMVO34.js            ^[[22m^[[32m13.57 KB^[[39m
coverage	Run coverage suite	2026-09-10T06:22:34.6163000Z packages/viz-render build: ^[[32mESM^[[39m ^[[1mdist/chunk-J3M4JW2D.js            ^[[22m^[[32m456.00 B^[[39m
coverage	Run coverage suite	2026-09-10T06:22:34.6164689Z packages/viz-render build: ^[[32mESM^[[39m ^[[1mdist/index.js.map                 ^[[22m^[[32m18.69 KB^[[39m
coverage	Run coverage suite	2026-09-10T06:22:34.6166334Z packages/viz-render build: ^[[32mESM^[[39m ^[[1mdist/emitter.js.map               ^[[22m^[[32m11.73 KB^[[39m
coverage	Run coverage suite	2026-09-10T06:22:34.6168017Z packages/viz-render build: ^[[32mESM^[[39m ^[[1mdist/echarts-render.worker.js.map ^[[22m^[[32m25.74 KB^[[39m
coverage	Run coverage suite	2026-09-10T06:22:34.6169625Z packages/viz-render build: ^[[32mESM^[[39m ^[[1mdist/chunk-TEIMVO34.js.map        ^[[22m^[[32m33.43 KB^[[39m
coverage	Run coverage suite	2026-09-10T06:22:34.6171171Z packages/viz-render build: ^[[32mESM^[[39m ^[[1mdist/chunk-J3M4JW2D.js.map        ^[[22m^[[32m1.11 KB^[[39m
coverage	Run coverage suite	2026-09-10T06:22:34.6172796Z packages/viz-render build: ^[[32mESM^[[39m ⚡️ Build success in 1433ms
coverage	Run coverage suite	2026-09-10T06:22:34.6174165Z packages/viz-render build: ^[[32mCJS^[[39m ^[[1mdist/index.cjs                     ^[[22m^[[32m21.51 KB^[[39m
coverage	Run coverage suite	2026-09-10T06:22:34.6175673Z packages/viz-render build: ^[[32mCJS^[[39m ^[[1mdist/emitter.cjs                   ^[[22m^[[32m3.92 KB^[[39m
coverage	Run coverage suite	2026-09-10T06:22:34.6177232Z packages/viz-render build: ^[[32mCJS^[[39m ^[[1mdist/echarts-render.worker.cjs     ^[[22m^[[32m24.51 KB^[[39m
coverage	Run coverage suite	2026-09-10T06:22:34.6178775Z packages/viz-render build: ^[[32mCJS^[[39m ^[[1mdist/index.cjs.map                 ^[[22m^[[32m52.80 KB^[[39m
coverage	Run coverage suite	2026-09-10T06:22:34.6180320Z packages/viz-render build: ^[[32mCJS^[[39m ^[[1mdist/emitter.cjs.map               ^[[22m^[[32m12.80 KB^[[39m
coverage	Run coverage suite	2026-09-10T06:22:34.6200514Z packages/viz-render build: ^[[32mCJS^[[39m ^[[1mdist/echarts-render.worker.cjs.map ^[[22m^[[32m59.80 KB^[[39m
coverage	Run coverage suite	2026-09-10T06:22:34.6202255Z packages/viz-render build: ^[[32mCJS^[[39m ⚡️ Build success in 1433ms
coverage	Run coverage suite	2026-09-10T06:22:35.1312984Z packages/tokens build: ios-swift
coverage	Run coverage suite	2026-09-10T06:22:35.1352882Z packages/tokens build: ✔︎ dist/ios-swift/OodsTokens.swift
coverage	Run coverage suite	2026-09-10T06:22:35.1392239Z packages/tokens build: compose
coverage	Run coverage suite	2026-09-10T06:22:35.1432738Z packages/tokens build: ✔︎ dist/compose/OodsTokens.kt
coverage	Run coverage suite	2026-09-10T06:22:35.3502801Z packages/tokens build: ts
coverage	Run coverage suite	2026-09-10T06:22:35.3532957Z packages/tokens build: ✔︎ dist/ts/tokens.ts
coverage	Run coverage suite	2026-09-10T06:22:35.3582434Z packages/tokens build: tailwind
coverage	Run coverage suite	2026-09-10T06:22:35.3652988Z packages/tokens build: ✔︎ dist/tailwind/tokens.json
coverage	Run coverage suite	2026-09-10T06:22:35.4961284Z packages/tokens build: Token collisions detected (2):
coverage	Run coverage suite	2026-09-10T06:22:35.5000465Z packages/tokens build: Use log.verbosity "verbose" or use CLI option --verbose for more details.
coverage	Run coverage suite	2026-09-10T06:22:35.5022772Z packages/tokens build: Refer to: https://styledictionary.com/reference/logging/
coverage	Run coverage suite	2026-09-10T06:22:36.2070824Z packages/tokens build: css
coverage	Run coverage suite	2026-09-10T06:22:36.2113284Z packages/tokens build: ✔︎ dist/css/tokens.css
coverage	Run coverage suite	2026-09-10T06:22:36.3893002Z packages/tokens build: Token collisions detected (2):
coverage	Run coverage suite	2026-09-10T06:22:36.3894748Z packages/tokens build: Use log.verbosity "verbose" or use CLI option --verbose for more details.
coverage	Run coverage suite	2026-09-10T06:22:36.3912739Z packages/tokens build: Refer to: https://styledictionary.com/reference/logging/
coverage	Run coverage suite	2026-09-10T06:22:36.8572887Z packages/tokens build: css
coverage	Run coverage suite	2026-09-10T06:22:36.8576164Z packages/tokens build: ✔︎ dist/css/tokens.css
coverage	Run coverage suite	2026-09-10T06:22:37.1771947Z packages/tokens build: Token collisions detected (252):
coverage	Run coverage suite	2026-09-10T06:22:37.1782760Z packages/tokens build: Use log.verbosity "verbose" or use CLI option --verbose for more details.
coverage	Run coverage suite	2026-09-10T06:22:37.1802802Z packages/tokens build: Refer to: https://styledictionary.com/reference/logging/
coverage	Run coverage suite	2026-09-10T06:22:37.5462771Z packages/tokens build: css
coverage	Run coverage suite	2026-09-10T06:22:37.5464415Z packages/tokens build: ✔︎ dist/css/tokens.css
coverage	Run coverage suite	2026-09-10T06:22:37.8190915Z packages/tokens build: Token collisions detected (227):
coverage	Run coverage suite	2026-09-10T06:22:37.8213228Z packages/tokens build: Use log.verbosity "verbose" or use CLI option --verbose for more details.
coverage	Run coverage suite	2026-09-10T06:22:37.8232716Z packages/tokens build: Refer to: https://styledictionary.com/reference/logging/
coverage	Run coverage suite	2026-09-10T06:22:38.3945037Z packages/tokens build: css
coverage	Run coverage suite	2026-09-10T06:22:38.3964541Z packages/tokens build: ✔︎ dist/css/tokens.css
coverage	Run coverage suite	2026-09-10T06:22:38.7960448Z packages/tokens build: Token collisions detected (2):
coverage	Run coverage suite	2026-09-10T06:22:38.7982682Z packages/tokens build: Use log.verbosity "verbose" or use CLI option --verbose for more details.
coverage	Run coverage suite	2026-09-10T06:22:38.8003010Z packages/tokens build: Refer to: https://styledictionary.com/reference/logging/
coverage	Run coverage suite	2026-09-10T06:22:39.3849217Z packages/tokens build: css
coverage	Run coverage suite	2026-09-10T06:22:39.4145675Z packages/tokens build: ✔︎ dist/css/tokens.css
coverage	Run coverage suite	2026-09-10T06:22:39.7733723Z packages/tokens build: Token collisions detected (252):
coverage	Run coverage suite	2026-09-10T06:22:39.7794018Z packages/tokens build: Use log.verbosity "verbose" or use CLI option --verbose for more details.
coverage	Run coverage suite	2026-09-10T06:22:39.8283852Z packages/tokens build: Refer to: https://styledictionary.com/reference/logging/
coverage	Run coverage suite	2026-09-10T06:22:40.3326422Z packages/tokens build: css
coverage	Run coverage suite	2026-09-10T06:22:40.3362831Z packages/tokens build: ✔︎ dist/css/tokens.css
coverage	Run coverage suite	2026-09-10T06:22:40.5004062Z packages/tw-variants build: ^[[32mDTS^[[39m ⚡️ Build success in 8947ms
coverage	Run coverage suite	2026-09-10T06:22:40.5022959Z packages/tw-variants build: ^[[32mDTS^[[39m ^[[1mdist/index.d.ts           ^[[22m^[[32m685.00 B^[[39m
coverage	Run coverage suite	2026-09-10T06:22:40.5235224Z packages/tw-variants build: ^[[32mDTS^[[39m ^[[1mdist/context-matrix.d.ts  ^[[22m^[[32m573.00 B^[[39m
coverage	Run coverage suite	2026-09-10T06:22:40.5237473Z packages/tw-variants build: ^[[32mDTS^[[39m ^[[1mdist/index.d.cts          ^[[22m^[[32m685.00 B^[[39m
coverage	Run coverage suite	2026-09-10T06:22:40.5518681Z packages/tw-variants build: ^[[32mDTS^[[39m ^[[1mdist/context-matrix.d.cts ^[[22m^[[32m573.00 B^[[39m
coverage	Run coverage suite	2026-09-10T06:22:40.6663048Z packages/tw-variants build: Done
coverage	Run coverage suite	2026-09-10T06:22:40.6983617Z packages/tokens build: Token collisions detected (227):
coverage	Run coverage suite	2026-09-10T06:22:40.7012106Z packages/tokens build: Use log.verbosity "verbose" or use CLI option --verbose for more details.
coverage	Run coverage suite	2026-09-10T06:22:40.7243679Z packages/tokens build: Refer to: https://styledictionary.com/reference/logging/
coverage	Run coverage suite	2026-09-10T06:22:40.9703624Z packages/tokens build: css
coverage	Run coverage suite	2026-09-10T06:22:40.9907399Z packages/tokens build: ✔︎ dist/css/tokens.css
coverage	Run coverage suite	2026-09-10T06:22:41.1778986Z packages/tokens build: Token collisions detected (2):
coverage	Run coverage suite	2026-09-10T06:22:41.1780212Z packages/tokens build: Use log.verbosity "verbose" or use CLI option --verbose for more details.
coverage	Run coverage suite	2026-09-10T06:22:41.1781374Z packages/tokens build: Refer to: https://styledictionary.com/reference/logging/
coverage	Run coverage suite	2026-09-10T06:22:41.4764184Z packages/tokens build: ✔︎ tokens built successfully in 13.55s
coverage	Run coverage suite	2026-09-10T06:22:41.5030511Z packages/tokens build:    css:      dist/css/tokens.css (6 brand × theme scopes)
coverage	Run coverage suite	2026-09-10T06:22:41.5042489Z packages/tokens build:    types:    dist/ts/tokens.ts
coverage	Run coverage suite	2026-09-10T06:22:41.5381767Z packages/tokens build:    tailwind: dist/tailwind/tokens.json
coverage	Run coverage suite	2026-09-10T06:22:41.5383285Z packages/tokens build:    ios:      dist/ios-swift/OodsTokens.swift
coverage	Run coverage suite	2026-09-10T06:22:41.5384902Z packages/tokens build:    compose:  dist/compose/OodsTokens.kt
coverage	Run coverage suite	2026-09-10T06:22:41.6493119Z packages/tokens build: Done
coverage	Run coverage suite	2026-09-10T06:22:42.9929037Z packages/viz-render build: ^[[32mDTS^[[39m ⚡️ Build success in 8461ms
coverage	Run coverage suite	2026-09-10T06:22:42.9935764Z packages/viz-render build: ^[[32mDTS^[[39m ^[[1mdist/echarts-render.worker.d.ts  ^[[22m^[[32m13.00 B^[[39m
coverage	Run coverage suite	2026-09-10T06:22:42.9937802Z packages/viz-render build: ^[[32mDTS^[[39m ^[[1mdist/emitter.d.ts                ^[[22m^[[32m1.45 KB^[[39m
coverage	Run coverage suite	2026-09-10T06:22:42.9939863Z packages/viz-render build: ^[[32mDTS^[[39m ^[[1mdist/index.d.ts                  ^[[22m^[[32m5.51 KB^[[39m
coverage	Run coverage suite	2026-09-10T06:22:42.9942521Z packages/viz-render build: ^[[32mDTS^[[39m ^[[1mdist/echarts-render.worker.d.cts ^[[22m^[[32m13.00 B^[[39m
coverage	Run coverage suite	2026-09-10T06:22:42.9944309Z packages/viz-render build: ^[[32mDTS^[[39m ^[[1mdist/emitter.d.cts               ^[[22m^[[32m1.45 KB^[[39m
coverage	Run coverage suite	2026-09-10T06:22:42.9949480Z packages/viz-render build: ^[[32mDTS^[[39m ^[[1mdist/index.d.cts                 ^[[22m^[[32m5.51 KB^[[39m
coverage	Run coverage suite	2026-09-10T06:22:43.0694962Z packages/viz-render build: Done
coverage	Run coverage suite	2026-09-10T06:22:43.0708940Z packages/component-styles build$ rimraf dist && tsup --config tsup.config.ts && node scripts/copy-css.mjs
coverage	Run coverage suite	2026-09-10T06:22:43.0710234Z packages/viz-core build$ rimraf dist && tsup --config tsup.config.ts
coverage	Run coverage suite	2026-09-10T06:22:43.6443756Z packages/viz-core build: ^[[34mCLI^[[39m Building entry: src/index.ts
coverage	Run coverage suite	2026-09-10T06:22:43.6471339Z packages/viz-core build: ^[[34mCLI^[[39m Using tsconfig: tsconfig.json
coverage	Run coverage suite	2026-09-10T06:22:43.6508456Z packages/viz-core build: ^[[34mCLI^[[39m tsup v8.5.0
coverage	Run coverage suite	2026-09-10T06:22:43.6543391Z packages/viz-core build: ^[[34mCLI^[[39m Using tsup config: /home/runner/work/OODS-Forge/OODS-Forge/packages/viz-core/tsup.config.ts
coverage	Run coverage suite	2026-09-10T06:22:43.6612563Z packages/viz-core build: ^[[34mCLI^[[39m Target: node20
coverage	Run coverage suite	2026-09-10T06:22:43.6632474Z packages/viz-core build: ^[[34mCLI^[[39m Cleaning output folder
coverage	Run coverage suite	2026-09-10T06:22:43.6672500Z packages/viz-core build: ^[[34mESM^[[39m Build start
coverage	Run coverage suite	2026-09-10T06:22:43.6711522Z packages/viz-core build: ^[[34mCJS^[[39m Build start
coverage	Run coverage suite	2026-09-10T06:22:43.6817706Z packages/component-styles build: ^[[34mCLI^[[39m Building entry: src/index.ts, src/ported.ts
coverage	Run coverage suite	2026-09-10T06:22:43.6842516Z packages/component-styles build: ^[[34mCLI^[[39m Using tsconfig: tsconfig.json
coverage	Run coverage suite	2026-09-10T06:22:43.6852580Z packages/component-styles build: ^[[34mCLI^[[39m tsup v8.5.0
coverage	Run coverage suite	2026-09-10T06:22:43.6872787Z packages/component-styles build: ^[[34mCLI^[[39m Using tsup config: /home/runner/work/OODS-Forge/OODS-Forge/packages/component-styles/tsup.config.ts
coverage	Run coverage suite	2026-09-10T06:22:43.6990654Z packages/component-styles build: ^[[34mCLI^[[39m Target: es2022
coverage	Run coverage suite	2026-09-10T06:22:43.7039742Z packages/component-styles build: ^[[34mESM^[[39m Build start
coverage	Run coverage suite	2026-09-10T06:22:43.7063079Z packages/component-styles build: ^[[34mCJS^[[39m Build start
coverage	Run coverage suite	2026-09-10T06:22:43.9933495Z packages/component-styles build: ^[[32mESM^[[39m ^[[1mdist/index.js          ^[[22m^[[32m143.00 B^[[39m
coverage	Run coverage suite	2026-09-10T06:22:43.9983356Z packages/component-styles build: ^[[32mESM^[[39m ^[[1mdist/ported.js         ^[[22m^[[32m513.00 B^[[39m
coverage	Run coverage suite	2026-09-10T06:22:44.0073127Z packages/component-styles build: ^[[32mESM^[[39m ^[[1mdist/chunk-FPEPL7UR.js ^[[22m^[[32m1.83 KB^[[39m
coverage	Run coverage suite	2026-09-10T06:22:44.0132815Z packages/component-styles build: ^[[32mESM^[[39m ⚡️ Build success in 289ms
coverage	Run coverage suite	2026-09-10T06:22:44.0188176Z packages/component-styles build: ^[[32mCJS^[[39m ^[[1mdist/index.cjs  ^[[22m^[[32m1.97 KB^[[39m
coverage	Run coverage suite	2026-09-10T06:22:44.0232832Z packages/component-styles build: ^[[32mCJS^[[39m ^[[1mdist/ported.cjs ^[[22m^[[32m1.93 KB^[[39m
coverage	Run coverage suite	2026-09-10T06:22:44.0295125Z packages/component-styles build: ^[[32mCJS^[[39m ⚡️ Build success in 290ms
coverage	Run coverage suite	2026-09-10T06:22:44.7363771Z packages/component-styles build: ^[[34mDTS^[[39m Build start
coverage	Run coverage suite	2026-09-10T06:22:49.8302387Z packages/viz-core build: ^[[34mDTS^[[39m Build start
coverage	Run coverage suite	2026-09-10T06:22:53.5369281Z packages/component-styles build: ^[[32mDTS^[[39m ⚡️ Build success in 8802ms
coverage	Run coverage suite	2026-09-10T06:22:53.5392757Z packages/component-styles build: ^[[32mDTS^[[39m ^[[1mdist/index.d.ts   ^[[22m^[[32m1.87 KB^[[39m
coverage	Run coverage suite	2026-09-10T06:22:53.5394265Z packages/component-styles build: ^[[32mDTS^[[39m ^[[1mdist/ported.d.ts  ^[[22m^[[32m500.00 B^[[39m
coverage	Run coverage suite	2026-09-10T06:22:53.5412903Z packages/component-styles build: ^[[32mDTS^[[39m ^[[1mdist/index.d.cts  ^[[22m^[[32m1.87 KB^[[39m
coverage	Run coverage suite	2026-09-10T06:22:53.5432928Z packages/component-styles build: ^[[32mDTS^[[39m ^[[1mdist/ported.d.cts ^[[22m^[[32m500.00 B^[[39m
coverage	Run coverage suite	2026-09-10T06:22:53.8144710Z packages/component-styles build: Done
coverage	Run coverage suite	2026-09-10T06:22:53.9757360Z packages/viz-core build: ^[[32mESM^[[39m ^[[1mdist/index.js     ^[[22m^[[32m1.84 MB^[[39m
coverage	Run coverage suite	2026-09-10T06:22:53.9802060Z packages/viz-core build: ^[[32mESM^[[39m ^[[1mdist/index.js.map ^[[22m^[[32m3.39 MB^[[39m
coverage	Run coverage suite	2026-09-10T06:22:53.9803955Z packages/viz-core build: ^[[32mESM^[[39m ⚡️ Build success in 10320ms
coverage	Run coverage suite	2026-09-10T06:22:53.9822953Z packages/viz-core build: ^[[32mCJS^[[39m ^[[1mdist/index.cjs     ^[[22m^[[32m1.85 MB^[[39m
coverage	Run coverage suite	2026-09-10T06:22:53.9828998Z packages/viz-core build: ^[[32mCJS^[[39m ^[[1mdist/index.cjs.map ^[[22m^[[32m3.39 MB^[[39m
coverage	Run coverage suite	2026-09-10T06:22:53.9830639Z packages/viz-core build: ^[[32mCJS^[[39m ⚡️ Build success in 10321ms
coverage	Run coverage suite	2026-09-10T06:22:55.5645217Z packages/viz-core build: ^[[32mDTS^[[39m ⚡️ Build success in 10675ms
coverage	Run coverage suite	2026-09-10T06:22:55.5651356Z packages/viz-core build: ^[[32mDTS^[[39m ^[[1mdist/index.d.ts  ^[[22m^[[32m301.30 KB^[[39m
coverage	Run coverage suite	2026-09-10T06:22:55.5653043Z packages/viz-core build: ^[[32mDTS^[[39m ^[[1mdist/index.d.cts ^[[22m^[[32m301.30 KB^[[39m
coverage	Run coverage suite	2026-09-10T06:22:55.6732853Z packages/viz-core build: Done
coverage	Run coverage suite	2026-09-10T06:22:55.6738213Z packages/components-react build$ rimraf dist && tsup --config tsup.config.ts
coverage	Run coverage suite	2026-09-10T06:22:55.6748218Z packages/components-vue build$ rimraf dist && tsup --config tsup.config.ts && tsup --config tsup.ported.config.ts
coverage	Run coverage suite	2026-09-10T06:22:56.2553481Z packages/components-vue build: ^[[34mCLI^[[39m Building entry: src/index.ts
coverage	Run coverage suite	2026-09-10T06:22:56.2562147Z packages/components-vue build: ^[[34mCLI^[[39m Using tsconfig: tsconfig.json
coverage	Run coverage suite	2026-09-10T06:22:56.2607830Z packages/components-vue build: ^[[34mCLI^[[39m tsup v8.5.0
coverage	Run coverage suite	2026-09-10T06:22:56.2611997Z packages/components-vue build: ^[[34mCLI^[[39m Using tsup config: /home/runner/work/OODS-Forge/OODS-Forge/packages/components-vue/tsup.config.ts
coverage	Run coverage suite	2026-09-10T06:22:56.2641275Z packages/components-react build: ^[[34mCLI^[[39m Building entry: src/index.ts, src/ported.tsx, src/status.ts, src/table.tsx, src/types.ts
coverage	Run coverage suite	2026-09-10T06:22:56.2664857Z packages/components-react build: ^[[34mCLI^[[39m Using tsconfig: tsconfig.json
coverage	Run coverage suite	2026-09-10T06:22:56.2727566Z packages/components-react build: ^[[34mCLI^[[39m tsup v8.5.0
coverage	Run coverage suite	2026-09-10T06:22:56.2757841Z packages/components-react build: ^[[34mCLI^[[39m Using tsup config: /home/runner/work/OODS-Forge/OODS-Forge/packages/components-react/tsup.config.ts
coverage	Run coverage suite	2026-09-10T06:22:56.2782697Z packages/components-vue build: ^[[34mCLI^[[39m Target: es2022
coverage	Run coverage suite	2026-09-10T06:22:56.2811437Z packages/components-react build: ^[[34mCLI^[[39m Target: es2022
coverage	Run coverage suite	2026-09-10T06:22:56.2851157Z packages/components-vue build: ^[[34mCLI^[[39m Cleaning output folder
coverage	Run coverage suite	2026-09-10T06:22:56.2913775Z packages/components-react build: ^[[34mCLI^[[39m Cleaning output folder
coverage	Run coverage suite	2026-09-10T06:22:56.2939992Z packages/components-vue build: ^[[34mESM^[[39m Build start
coverage	Run coverage suite	2026-09-10T06:22:56.3025273Z packages/components-vue build: ^[[34mCJS^[[39m Build start
coverage	Run coverage suite	2026-09-10T06:22:56.3069110Z packages/components-react build: ^[[34mESM^[[39m Build start
coverage	Run coverage suite	2026-09-10T06:22:56.3145749Z packages/components-react build: ^[[34mCJS^[[39m Build start
coverage	Run coverage suite	2026-09-10T06:22:57.5188501Z packages/components-react build: Generated an empty chunk: "types".
coverage	Run coverage suite	2026-09-10T06:22:57.6728237Z packages/components-react build: Generated an empty chunk: "types".
coverage	Run coverage suite	2026-09-10T06:22:57.9237970Z packages/components-react build: ^[[34mDTS^[[39m Build start
coverage	Run coverage suite	2026-09-10T06:22:58.5232613Z packages/components-vue build: ^[[34mDTS^[[39m Build start
coverage	Run coverage suite	2026-09-10T06:22:58.5315091Z packages/components-vue build: ^[[32mCJS^[[39m ^[[1mdist/index.cjs ^[[22m^[[32m116.53 KB^[[39m
coverage	Run coverage suite	2026-09-10T06:22:58.5373117Z packages/components-vue build: ^[[32mCJS^[[39m ⚡️ Build success in 2249ms
coverage	Run coverage suite	2026-09-10T06:22:58.5488498Z packages/components-vue build: ^[[32mESM^[[39m ^[[1mdist/index.js ^[[22m^[[32m112.98 KB^[[39m
coverage	Run coverage suite	2026-09-10T06:22:58.5532970Z packages/components-vue build: ^[[32mESM^[[39m ⚡️ Build success in 2252ms
coverage	Run coverage suite	2026-09-10T06:22:58.6523656Z packages/components-react build: ^[[32mESM^[[39m ^[[1mdist/ported.js         ^[[22m^[[32m192.00 B^[[39m
coverage	Run coverage suite	2026-09-10T06:22:58.6552757Z packages/components-react build: ^[[32mESM^[[39m ^[[1mdist/status.js         ^[[22m^[[32m171.00 B^[[39m
coverage	Run coverage suite	2026-09-10T06:22:58.6603814Z packages/components-react build: ^[[32mESM^[[39m ^[[1mdist/chunk-XMIP5ZGO.js ^[[22m^[[32m40.39 KB^[[39m
coverage	Run coverage suite	2026-09-10T06:22:58.6642275Z packages/components-react build: ^[[32mESM^[[39m ^[[1mdist/table.js          ^[[22m^[[32m149.00 B^[[39m
coverage	Run coverage suite	2026-09-10T06:22:58.6669664Z packages/components-react build: ^[[32mESM^[[39m ^[[1mdist/chunk-YCI5AEWL.js ^[[22m^[[32m6.37 KB^[[39m
coverage	Run coverage suite	2026-09-10T06:22:58.6702736Z packages/components-react build: ^[[32mESM^[[39m ^[[1mdist/index.js          ^[[22m^[[32m71.77 KB^[[39m
coverage	Run coverage suite	2026-09-10T06:22:58.6731276Z packages/components-react build: ^[[32mESM^[[39m ^[[1mdist/types.js          ^[[22m^[[32m1.00 B^[[39m
coverage	Run coverage suite	2026-09-10T06:22:58.6742576Z packages/components-react build: ^[[32mESM^[[39m ^[[1mdist/chunk-G74PKSW3.js ^[[22m^[[32m10.89 KB^[[39m
coverage	Run coverage suite	2026-09-10T06:22:58.6744309Z packages/components-react build: ^[[32mESM^[[39m ⚡️ Build success in 2368ms
coverage	Run coverage suite	2026-09-10T06:22:58.6746031Z packages/components-react build: ^[[32mCJS^[[39m ^[[1mdist/status.cjs ^[[22m^[[32m11.08 KB^[[39m
coverage	Run coverage suite	2026-09-10T06:22:58.6747733Z packages/components-react build: ^[[32mCJS^[[39m ^[[1mdist/table.cjs  ^[[22m^[[32m17.07 KB^[[39m
coverage	Run coverage suite	2026-09-10T06:22:58.6749712Z packages/components-react build: ^[[32mCJS^[[39m ^[[1mdist/types.cjs  ^[[22m^[[32m15.00 B^[[39m
coverage	Run coverage suite	2026-09-10T06:22:58.6751366Z packages/components-react build: ^[[32mCJS^[[39m ^[[1mdist/ported.cjs ^[[22m^[[32m52.76 KB^[[39m
coverage	Run coverage suite	2026-09-10T06:22:58.6753306Z packages/components-react build: ^[[32mCJS^[[39m ^[[1mdist/index.cjs  ^[[22m^[[32m135.60 KB^[[39m
coverage	Run coverage suite	2026-09-10T06:22:58.6754842Z packages/components-react build: ^[[32mCJS^[[39m ⚡️ Build success in 2374ms
coverage	Run coverage suite	2026-09-10T06:23:08.5567788Z packages/components-vue build: ^[[32mDTS^[[39m ⚡️ Build success in 10860ms
coverage	Run coverage suite	2026-09-10T06:23:08.5581700Z packages/components-vue build: ^[[32mDTS^[[39m ^[[1mdist/index.d.ts  ^[[22m^[[32m105.15 KB^[[39m
coverage	Run coverage suite	2026-09-10T06:23:08.5605479Z packages/components-vue build: ^[[32mDTS^[[39m ^[[1mdist/index.d.cts ^[[22m^[[32m105.15 KB^[[39m
coverage	Run coverage suite	2026-09-10T06:23:08.5615804Z packages/components-react build: ^[[32mDTS^[[39m ⚡️ Build success in 10887ms
coverage	Run coverage suite	2026-09-10T06:23:08.5633040Z packages/components-react build: ^[[32mDTS^[[39m ^[[1mdist/index.d.ts   ^[[22m^[[32m13.05 KB^[[39m
coverage	Run coverage suite	2026-09-10T06:23:08.5663297Z packages/components-react build: ^[[32mDTS^[[39m ^[[1mdist/ported.d.ts  ^[[22m^[[32m7.12 KB^[[39m
coverage	Run coverage suite	2026-09-10T06:23:08.5682716Z packages/components-react build: ^[[32mDTS^[[39m ^[[1mdist/status.d.ts  ^[[22m^[[32m1.39 KB^[[39m
coverage	Run coverage suite	2026-09-10T06:23:08.5702665Z packages/components-react build: ^[[32mDTS^[[39m ^[[1mdist/table.d.ts   ^[[22m^[[32m1.06 KB^[[39m
coverage	Run coverage suite	2026-09-10T06:23:08.5704469Z packages/components-react build: ^[[32mDTS^[[39m ^[[1mdist/types.d.ts   ^[[22m^[[32m23.79 KB^[[39m
coverage	Run coverage suite	2026-09-10T06:23:08.5717843Z packages/components-react build: ^[[32mDTS^[[39m ^[[1mdist/index.d.cts  ^[[22m^[[32m13.05 KB^[[39m
coverage	Run coverage suite	2026-09-10T06:23:08.5719711Z packages/components-react build: ^[[32mDTS^[[39m ^[[1mdist/ported.d.cts ^[[22m^[[32m7.12 KB^[[39m
coverage	Run coverage suite	2026-09-10T06:23:08.5739784Z packages/components-react build: ^[[32mDTS^[[39m ^[[1mdist/status.d.cts ^[[22m^[[32m1.39 KB^[[39m
coverage	Run coverage suite	2026-09-10T06:23:08.5762937Z packages/components-react build: ^[[32mDTS^[[39m ^[[1mdist/table.d.cts  ^[[22m^[[32m1.07 KB^[[39m
coverage	Run coverage suite	2026-09-10T06:23:08.5773752Z packages/components-react build: ^[[32mDTS^[[39m ^[[1mdist/types.d.cts  ^[[22m^[[32m23.79 KB^[[39m
coverage	Run coverage suite	2026-09-10T06:23:08.6759768Z packages/components-react build: Done
coverage	Run coverage suite	2026-09-10T06:23:08.9997031Z packages/components-vue build: ^[[34mCLI^[[39m Building entry: src/ported.ts
coverage	Run coverage suite	2026-09-10T06:23:09.0002968Z packages/components-vue build: ^[[34mCLI^[[39m Using tsconfig: tsconfig.json
coverage	Run coverage suite	2026-09-10T06:23:09.0009147Z packages/components-vue build: ^[[34mCLI^[[39m tsup v8.5.0
coverage	Run coverage suite	2026-09-10T06:23:09.0011387Z packages/components-vue build: ^[[34mCLI^[[39m Using tsup config: /home/runner/work/OODS-Forge/OODS-Forge/packages/components-vue/tsup.ported.config.ts
coverage	Run coverage suite	2026-09-10T06:23:09.0052993Z packages/components-vue build: ^[[34mCLI^[[39m Target: es2022
coverage	Run coverage suite	2026-09-10T06:23:09.0079338Z packages/components-vue build: ^[[34mESM^[[39m Build start
coverage	Run coverage suite	2026-09-10T06:23:09.0081167Z packages/components-vue build: ^[[34mCJS^[[39m Build start
coverage	Run coverage suite	2026-09-10T06:23:09.5781066Z packages/components-vue build: ^[[32mCJS^[[39m ^[[1mdist/ported.cjs ^[[22m^[[32m46.73 KB^[[39m
coverage	Run coverage suite	2026-09-10T06:23:09.5793163Z packages/components-vue build: ^[[32mCJS^[[39m ⚡️ Build success in 571ms
coverage	Run coverage suite	2026-09-10T06:23:09.5796429Z packages/components-vue build: ^[[32mESM^[[39m ^[[1mdist/ported.js ^[[22m^[[32m46.06 KB^[[39m
coverage	Run coverage suite	2026-09-10T06:23:09.5798454Z packages/components-vue build: ^[[32mESM^[[39m ⚡️ Build success in 571ms
coverage	Run coverage suite	2026-09-10T06:23:09.5820758Z packages/components-vue build: ^[[34mDTS^[[39m Build start
coverage	Run coverage suite	2026-09-10T06:23:13.4355429Z packages/components-vue build: ^[[32mDTS^[[39m ⚡️ Build success in 3853ms
coverage	Run coverage suite	2026-09-10T06:23:13.4357069Z packages/components-vue build: ^[[32mDTS^[[39m ^[[1mdist/ported.d.ts  ^[[22m^[[32m20.67 KB^[[39m
coverage	Run coverage suite	2026-09-10T06:23:13.4376225Z packages/components-vue build: ^[[32mDTS^[[39m ^[[1mdist/ported.d.cts ^[[22m^[[32m20.67 KB^[[39m
coverage	Run coverage suite	2026-09-10T06:23:13.5074008Z packages/components-vue build: Done
coverage	Run coverage suite	2026-09-10T06:23:13.5080181Z packages/mcp-server build$ rimraf dist && tsc -p tsconfig.json && mkdir -p dist/schemas dist/security dist/tools && (cp -f src/schemas/*.json dist/schemas/ 2>/dev/null || true) && (cp -f src/security/*.json dist/security/ 2>/dev/null || true) && (cp -f src/tools/registry.json dist/tools/ 2>/dev/null || true) && node ../../scripts/build-revision.mjs dist/build-revision.json
coverage	Run coverage suite	2026-09-10T06:23:20.5400056Z packages/mcp-server build: Done
coverage	Run coverage suite	2026-09-10T06:23:20.5405801Z packages/sdk build$ rimraf dist && tsc -p tsconfig.json
coverage	Run coverage suite	2026-09-10T06:23:22.1010361Z packages/sdk build: Done
coverage	Run coverage suite	2026-09-10T06:23:22.5576242Z 
coverage	Run coverage suite	2026-09-10T06:23:22.5582301Z > @oods/foundry-mcp@0.1.0 pkg:build /home/runner/work/OODS-Forge/OODS-Forge
coverage	Run coverage suite	2026-09-10T06:23:22.5583425Z > tsx scripts/pkg/build.ts
coverage	Run coverage suite	2026-09-10T06:23:22.5583960Z 
coverage	Run coverage suite	2026-09-10T06:23:23.4960525Z ^[[34mCLI^[[39m Building entry: src/index.ts
coverage	Run coverage suite	2026-09-10T06:23:23.4963479Z ^[[34mCLI^[[39m Using tsconfig: tsconfig.json
coverage	Run coverage suite	2026-09-10T06:23:23.4964825Z ^[[34mCLI^[[39m tsup v8.5.0
coverage	Run coverage suite	2026-09-10T06:23:23.4968052Z ^[[34mCLI^[[39m Using tsup config: /home/runner/work/OODS-Forge/OODS-Forge/tsup.config.mjs
coverage	Run coverage suite	2026-09-10T06:23:23.5032581Z ^[[34mCLI^[[39m Target: es2022
coverage	Run coverage suite	2026-09-10T06:23:23.5052558Z ^[[34mESM^[[39m Build start
coverage	Run coverage suite	2026-09-10T06:23:23.5069893Z ^[[34mCJS^[[39m Build start
coverage	Run coverage suite	2026-09-10T06:23:28.6261879Z ^[[34mDTS^[[39m Build start
coverage	Run coverage suite	2026-09-10T06:23:31.0540524Z ^[[32mCJS^[[39m ^[[1mdist/pkg/index.css     ^[[22m^[[32m33.29 KB^[[39m
coverage	Run coverage suite	2026-09-10T06:23:31.0556507Z ^[[32mCJS^[[39m ^[[1mdist/pkg/index.css.map ^[[22m^[[32m55.55 KB^[[39m
coverage	Run coverage suite	2026-09-10T06:23:31.0575022Z ^[[32mCJS^[[39m ^[[1mdist/pkg/index.cjs     ^[[22m^[[32m892.65 KB^[[39m
coverage	Run coverage suite	2026-09-10T06:23:31.0577987Z ^[[32mCJS^[[39m ^[[1mdist/pkg/index.cjs.map ^[[22m^[[32m2.13 MB^[[39m
coverage	Run coverage suite	2026-09-10T06:23:31.0579177Z ^[[32mCJS^[[39m ⚡️ Build success in 7551ms
coverage	Run coverage suite	2026-09-10T06:23:31.0580310Z ^[[32mESM^[[39m ^[[1mdist/pkg/index.css     ^[[22m^[[32m33.29 KB^[[39m
coverage	Run coverage suite	2026-09-10T06:23:31.0581803Z ^[[32mESM^[[39m ^[[1mdist/pkg/index.css.map ^[[22m^[[32m55.55 KB^[[39m
coverage	Run coverage suite	2026-09-10T06:23:31.0583072Z ^[[32mESM^[[39m ^[[1mdist/pkg/index.js      ^[[22m^[[32m874.50 KB^[[39m
coverage	Run coverage suite	2026-09-10T06:23:31.0584333Z ^[[32mESM^[[39m ^[[1mdist/pkg/index.js.map  ^[[22m^[[32m2.13 MB^[[39m
coverage	Run coverage suite	2026-09-10T06:23:31.0585372Z ^[[32mESM^[[39m ⚡️ Build success in 7551ms
coverage	Run coverage suite	2026-09-10T06:23:39.6732655Z ^[[32mDTS^[[39m ⚡️ Build success in 14240ms
coverage	Run coverage suite	2026-09-10T06:23:39.6740194Z ^[[32mDTS^[[39m ^[[1mdist/pkg/index.d.ts  ^[[22m^[[32m250.53 KB^[[39m
coverage	Run coverage suite	2026-09-10T06:23:39.6741207Z ^[[32mDTS^[[39m ^[[1mdist/pkg/index.d.cts ^[[22m^[[32m250.53 KB^[[39m
coverage	Run coverage suite	2026-09-10T06:23:39.6788564Z 
coverage	Run coverage suite	2026-09-10T06:23:39.6789262Z ✨ Built @oods/trait-engine into dist/pkg
coverage	Run coverage suite	2026-09-10T06:23:39.6790064Z    Storybook hash: unavailable
coverage	Run coverage suite	2026-09-10T06:23:39.6791005Z    VR baseline id: unavailable
coverage	Run coverage suite	2026-09-10T06:23:39.6791496Z 
coverage	Run coverage suite	2026-09-10T06:23:39.8365775Z 
coverage	Run coverage suite	2026-09-10T06:23:39.8367108Z > @oods/foundry-mcp@0.1.0 test:coverage /home/runner/work/OODS-Forge/OODS-Forge
coverage	Run coverage suite	2026-09-10T06:23:39.8380310Z > vitest --coverage && pnpm --filter @oods/mcp-server exec vitest run test/product-reality/codegen-matrix.s182.spec.ts && pnpm --filter @oods/mcp-server exec vitest run test/product-reality/packed-consumers.s182.spec.ts && pnpm --filter @oods/mcp-server exec vitest run test/codegen/cross-framework-parity.spec.ts test/product-reality/typed-action-protocol.s183.spec.ts test/product-reality/saved-schema-consumers.s183.spec.ts test/product-reality/independent-review-approval.s183.spec.ts test/product-reality/live-workflow-consumers.s184.spec.ts test/product-reality/m06-gate-bites.s184.spec.ts test/product-reality/packed-ported-consumers.s184.spec.ts test/product-reality/emitter-directives.s184.spec.ts test/product-reality/ported-workflow.s184.spec.ts test/product-reality/state-axis.s184.spec.ts test/product-reality/closeout.s184.spec.ts test/product-reality/patch-disposition.s184.spec.ts test/contracts/brand.intake.s181.spec.ts test/contracts/portable-boundary.s181.spec.ts test/product-reality/generated-heading-update.s185.spec.ts test/product-reality/reconnect.s184.spec.ts test/tools/dashboard-identity-lifts.s180.spec.ts test/product-reality/sprint-wide-movers.s185.spec.ts test/product-reality/public-head-equivalence.s185.spec.ts test/product-reality/fresh-composition.s187.spec.ts test/product-reality/workflow.s188.spec.ts test/product-reality/archive-workflow.s188.spec.ts
coverage	Run coverage suite	2026-09-10T06:23:39.8390408Z 
coverage	Run coverage suite	2026-09-10T06:23:40.4872577Z 
coverage	Run coverage suite	2026-09-10T06:23:40.4874232Z ^[[1m^[[46m RUN ^[[49m^[[22m ^[[36mv3.2.4 ^[[39m^[[90m/home/runner/work/OODS-Forge/OODS-Forge^[[39m
coverage	Run coverage suite	2026-09-10T06:23:40.4875722Z       ^[[2mCoverage enabled with ^[[22m^[[33mv8^[[39m
coverage	Run coverage suite	2026-09-10T06:23:40.4876480Z 
coverage	Run coverage suite	2026-09-10T06:23:44.5698629Z  ^[[32m✓^[[39m ^[[30m^[[45m core ^[[49m^[[39m packages/mcp-server/test/tools/artifact.certify.spec.ts ^[[2m(^[[22m^[[2m72 tests^[[22m^[[2m)^[[22m^[[33m 2161^[[2mms^[[22m^[[39m
coverage	Run coverage suite	2026-09-10T06:23:44.5701474Z    ^[[33m^[[2m✓^[[22m^[[39m artifact.certify — conformance verdict (cartesian)^[[2m > ^[[22ma conformant cartesian IR → certified, conformant:true, no findings, stable contentHash ^[[33m 411^[[2mms^[[22m^[[39m
coverage	Run coverage suite	2026-09-10T06:23:45.6677677Z  ^[[32m✓^[[39m ^[[30m^[[45m core ^[[49m^[[39m packages/mcp-server/test/product-reality/closeout-ledger.s185.spec.ts ^[[2m(^[[22m^[[2m60 tests^[[22m^[[2m)^[[22m^[[33m 632^[[2mms^[[22m^[[39m
coverage	Run coverage suite	2026-09-10T06:23:46.2726199Z  ^[[32m✓^[[39m ^[[30m^[[45m core ^[[49m^[[39m packages/mcp-server/test/contracts/dtcg-intake.s180.spec.ts ^[[2m(^[[22m^[[2m21 tests^[[22m^[[2m)^[[22m^[[32m 233^[[2mms^[[22m^[[39m
coverage	Run coverage suite	2026-09-10T06:23:47.1453612Z  ^[[32m✓^[[39m ^[[30m^[[45m core ^[[49m^[[39m packages/mcp-server/test/contracts/mapping.spec.ts ^[[2m(^[[22m^[[2m65 tests^[[22m^[[2m)^[[22m^[[33m 364^[[2mms^[[22m^[[39m
coverage	Run coverage suite	2026-09-10T06:23:49.2924211Z ^[[90mstderr^[[2m | tests/viz/mark-options-schema-validity-s167.test.ts
coverage	Run coverage suite	2026-09-10T06:23:49.2934867Z ^[[22m^[[39munknown format "color-hex" ignored in schema at path "#/definitions/HexColor"
coverage	Run coverage suite	2026-09-10T06:23:49.2943255Z unknown format "color-hex" ignored in schema at path "#/definitions/HexColor"
coverage	Run coverage suite	2026-09-10T06:23:49.2944690Z unknown format "color-hex" ignored in schema at path "#/definitions/HexColor"
coverage	Run coverage suite	2026-09-10T06:23:49.2946142Z unknown format "color-hex" ignored in schema at path "#/definitions/HexColor"
coverage	Run coverage suite	2026-09-10T06:23:49.2947050Z 
coverage	Run coverage suite	2026-09-10T06:23:52.1711200Z  ^[[32m✓^[[39m ^[[30m^[[45m core ^[[49m^[[39m tests/viz/mark-options-schema-validity-s167.test.ts ^[[2m(^[[22m^[[2m50 tests^[[22m^[[2m)^[[22m^[[33m 2822^[[2mms^[[22m^[[39m
coverage	Run coverage suite	2026-09-10T06:23:52.1714992Z    ^[[33m^[[2m✓^[[22m^[[39m s168 m02 — allowlist + translation table (FF#22 corrective)^[[2m > ^[[22mevery committed mark-bearing fixture emits schema-valid mark defs ^[[33m 2513^[[2mms^[[22m^[[39m
coverage	Run coverage suite	2026-09-10T06:23:53.1140506Z  ^[[32m✓^[[39m ^[[30m^[[45m core ^[[49m^[[39m packages/mcp-server/test/contracts/repl.tools.spec.ts ^[[2m(^[[22m^[[2m39 tests^[[22m^[[2m)^[[22m^[[32m 67^[[2mms^[[22m^[[39m
coverage	Run coverage suite	2026-09-10T06:23:55.0134207Z  ^[[32m✓^[[39m ^[[30m^[[45m core ^[[49m^[[39m packages/mcp-server/test/product-reality/validation-profiles.s183.spec.ts ^[[2m(^[[22m^[[2m73 tests^[[22m^[[2m)^[[22m^[[33m 432^[[2mms^[[22m^[[39m
coverage	Run coverage suite	2026-09-10T06:23:56.8058112Z  ^[[32m✓^[[39m ^[[30m^[[45m core ^[[49m^[[39m packages/mcp-server/test/product-reality/breadth-live-generation.s186.spec.ts ^[[2m(^[[22m^[[2m117 tests^[[22m^[[2m)^[[22m^[[33m 461^[[2mms^[[22m^[[39m
coverage	Run coverage suite	2026-09-10T06:23:58.3352508Z  ^[[32m✓^[[39m ^[[30m^[[45m core ^[[49m^[[39m packages/mcp-server/test/product-reality/suite-accounting.s185.spec.ts ^[[2m(^[[22m^[[2m20 tests^[[22m^[[2m)^[[22m^[[33m 1225^[[2mms^[[22m^[[39m
coverage	Run coverage suite	2026-09-10T06:23:58.3374070Z    ^[[33m^[[2m✓^[[22m^[[39m Sprint 185 four-suite accounting counts executions and explains population movement^[[2m > ^[[22mcannot reuse an old baseline execution as the newly measured closeout run ^[[33m 828^[[2mms^[[22m^[[39m
coverage	Run coverage suite	2026-09-10T06:23:59.1076770Z  ^[[32m✓^[[39m ^[[30m^[[45m core ^[[49m^[[39m packages/mcp-server/test/product-reality/closeout.s183.spec.ts ^[[2m(^[[22m^[[2m7 tests^[[22m^[[2m)^[[22m^[[33m 421^[[2mms^[[22m^[[39m
coverage	Run coverage suite	2026-09-10T06:24:00.0808871Z  ^[[32m✓^[[39m ^[[30m^[[45m core ^[[49m^[[39m packages/mcp-server/test/contracts/stage1-integration.spec.ts ^[[2m(^[[22m^[[2m32 tests^[[22m^[[2m)^[[22m^[[33m 367^[[2mms^[[22m^[[39m
coverage	Run coverage suite	2026-09-10T06:24:01.7039051Z  ^[[32m✓^[[39m ^[[30m^[[45m core ^[[49m^[[39m packages/mcp-server/test/tools/certify-contrast.spec.ts ^[[2m(^[[22m^[[2m26 tests^[[22m^[[2m)^[[22m^[[33m 950^[[2mms^[[22m^[[39m
coverage	Run coverage suite	2026-09-10T06:24:01.7042416Z    ^[[33m^[[2m✓^[[22m^[[39m certify-contrast — role-C (WCAG mark-vs-canvas) + default palette^[[2m > ^[[22ma single-series chart (no color encoding) -> pass on categorical-01 (baked mark.color, rendered) vs the canvas ^[[33m 383^[[2mms^[[22m^[[39m
coverage	Run coverage suite	2026-09-10T06:24:06.9218414Z  ^[[32m✓^[[39m ^[[30m^[[45m core ^[[49m^[[39m packages/mcp-server/test/contracts/catalog.list.spec.ts ^[[2m(^[[22m^[[2m30 tests^[[22m^[[2m)^[[22m^[[33m 4184^[[2mms^[[22m^[[39m
coverage	Run coverage suite	2026-09-10T06:24:06.9222932Z    ^[[33m^[[2m✓^[[22m^[[39m catalog.list^[[2m > ^[[22mshould allow explicit full detail without default pagination ^[[33m 487^[[2mms^[[22m^[[39m
coverage	Run coverage suite	2026-09-10T06:24:06.9227801Z    ^[[33m^[[2m✓^[[22m^[[39m catalog.list^[[2m > ^[[22mshould filter by category ^[[33m 346^[[2mms^[[22m^[[39m
coverage	Run coverage suite	2026-09-10T06:24:06.9229724Z    ^[[33m^[[2m✓^[[22m^[[39m catalog.list^[[2m > ^[[22mincludes filteredCount in stats when filters are active ^[[33m 331^[[2mms^[[22m^[[39m
coverage	Run coverage suite	2026-09-10T06:24:06.9231485Z    ^[[33m^[[2m✓^[[22m^[[39m catalog.list^[[2m > ^[[22mshould filter by trait ^[[33m 335^[[2mms^[[22m^[[39m
coverage	Run coverage suite	2026-09-10T06:24:06.9233490Z    ^[[33m^[[2m✓^[[22m^[[39m catalog.list^[[2m > ^[[22msuggests traits when a trait filter returns zero results ^[[33m 333^[[2mms^[[22m^[[39m
coverage	Run coverage suite	2026-09-10T06:24:06.9235145Z    ^[[33m^[[2m✓^[[22m^[[39m catalog.list^[[2m > ^[[22mshould filter by context ^[[33m 344^[[2mms^[[22m^[[39m
coverage	Run coverage suite	2026-09-10T06:24:06.9236798Z    ^[[33m^[[2m✓^[[22m^[[39m catalog.list^[[2m > ^[[22mshould return totalCount matching filtered results ^[[33m 323^[[2mms^[[22m^[[39m
coverage	Run coverage suite	2026-09-10T06:24:06.9238524Z    ^[[33m^[[2m✓^[[22m^[[39m catalog.list^[[2m > ^[[22mdeduplicates trait names per component ^[[33m 337^[[2mms^[[22m^[[39m
coverage	Run coverage suite	2026-09-10T06:24:06.9240045Z    ^[[33m^[[2m✓^[[22m^[[39m catalog.list^[[2m > ^[[22mfilters by status=stable ^[[33m 371^[[2mms^[[22m^[[39m
coverage	Run coverage suite	2026-09-10T06:24:06.9242403Z    ^[[33m^[[2m✓^[[22m^[[39m catalog.list^[[2m > ^[[22mkeeps the legacy status census scoped to the 106 mapped / 3 fallback HTML surface after eight declared recipe implementations ^[[33m 659^[[2mms^[[22m^[[39m
coverage	Run coverage suite	2026-09-10T06:24:07.2887769Z  ^[[32m✓^[[39m ^[[30m^[[45m core ^[[49m^[[39m packages/mcp-server/test/render/fragment-edge-cases.spec.ts ^[[2m(^[[22m^[[2m48 tests^[[22m^[[2m)^[[22m^[[32m 30^[[2mms^[[22m^[[39m
coverage	Run coverage suite	2026-09-10T06:24:07.8496571Z  ^[[32m✓^[[39m ^[[30m^[[45m core ^[[49m^[[39m packages/mcp-server/test/a11y/a11y.contract.spec.ts ^[[2m(^[[22m^[[2m20 tests^[[22m^[[2m)^[[22m^[[32m 73^[[2mms^[[22m^[[39m
coverage	Run coverage suite	2026-09-10T06:24:08.1988791Z  ^[[32m✓^[[39m ^[[30m^[[45m core ^[[49m^[[39m packages/mcp-server/test/render/xss-security.spec.ts ^[[2m(^[[22m^[[2m51 tests^[[22m^[[2m)^[[22m^[[32m 30^[[2mms^[[22m^[[39m
coverage	Run coverage suite	2026-09-10T06:24:08.5717504Z  ^[[32m✓^[[39m ^[[30m^[[45m core ^[[49m^[[39m tests/domain/billing/states.spec.ts ^[[2m(^[[22m^[[2m61 tests^[[22m^[[2m)^[[22m^[[32m 39^[[2mms^[[22m^[[39m
coverage	Run coverage suite	2026-09-10T06:24:08.8508318Z  ^[[32m✓^[[39m ^[[30m^[[45m core ^[[49m^[[39m packages/mcp-server/test/compose/field-patterns.spec.ts ^[[2m(^[[22m^[[2m31 tests^[[22m^[[2m)^[[22m^[[32m 23^[[2mms^[[22m^[[39m
coverage	Run coverage suite	2026-09-10T06:24:09.5575565Z  ^[[32m✓^[[39m ^[[30m^[[45m core ^[[49m^[[39m packages/mcp-server/test/compose/object-slot-filler.spec.ts ^[[2m(^[[22m^[[2m27 tests^[[22m^[[2m)^[[22m^[[33m 426^[[2mms^[[22m^[[39m
coverage	Run coverage suite	2026-09-10T06:24:10.7908470Z  ^[[32m✓^[[39m ^[[30m^[[45m core ^[[49m^[[39m packages/mcp-server/test/compose/design-compose.spec.ts ^[[2m(^[[22m^[[2m48 tests^[[22m^[[2m)^[[22m^[[33m 688^[[2mms^[[22m^[[39m
coverage	Run coverage suite	2026-09-10T06:24:11.3050162Z  ^[[32m✓^[[39m ^[[30m^[[45m guardrails ^[[49m^[[39m testing/a11y/brand-contrast.spec.ts ^[[2m(^[[22m^[[2m10 tests^[[22m^[[2m)^[[22m^[[32m 231^[[2mms^[[22m^[[39m
coverage	Run coverage suite	2026-09-10T06:24:11.6758686Z  ^[[32m✓^[[39m ^[[30m^[[45m core ^[[49m^[[39m tests/traits/viz/spatial/geocodable.test.ts ^[[2m(^[[22m^[[2m79 tests^[[22m^[[2m)^[[22m^[[32m 42^[[2mms^[[22m^[[39m
coverage	Run coverage suite	2026-09-10T06:24:12.2301461Z  ^[[32m✓^[[39m ^[[30m^[[45m core ^[[49m^[[39m packages/mcp-server/test/contracts/map-apply.spec.ts ^[[2m(^[[22m^[[2m18 tests^[[22m^[[2m)^[[22m^[[32m 100^[[2mms^[[22m^[[39m
coverage	Run coverage suite	2026-09-10T06:24:12.7285149Z  ^[[32m✓^[[39m ^[[30m^[[45m core ^[[49m^[[39m tests/validation/error-context-enrichment.test.ts ^[[2m(^[[22m^[[2m16 tests^[[22m^[[2m)^[[22m^[[32m 34^[[2mms^[[22m^[[39m
coverage	Run coverage suite	2026-09-10T06:24:13.4394373Z  ^[[32m✓^[[39m ^[[30m^[[45m core ^[[49m^[[39m tests/integration/network-flow-full.test.ts ^[[2m(^[[22m^[[2m21 tests^[[22m^[[2m)^[[22m^[[32m 21^[[2mms^[[22m^[[39m
coverage	Run coverage suite	2026-09-10T06:24:13.8995210Z  ^[[32m✓^[[39m ^[[30m^[[45m core ^[[49m^[[39m packages/mcp-server/test/codegen/react-emitter.spec.ts ^[[2m(^[[22m^[[2m34 tests^[[22m^[[2m)^[[22m^[[32m 37^[[2mms^[[22m^[[39m
coverage	Run coverage suite	2026-09-10T06:24:14.5444469Z  ^[[32m✓^[[39m ^[[30m^[[45m core ^[[49m^[[39m tests/viz/adapters/echarts/sankey-adapter.test.ts ^[[2m(^[[22m^[[2m43 tests^[[22m^[[2m)^[[22m^[[32m 18^[[2mms^[[22m^[[39m
coverage	Run coverage suite	2026-09-10T06:24:14.9350628Z  ^[[32m✓^[[39m ^[[30m^[[45m core ^[[49m^[[39m tests/schemas/spatial-spec.test.ts ^[[2m(^[[22m^[[2m24 tests^[[22m^[[2m)^[[22m^[[32m 103^[[2mms^[[22m^[[39m
coverage	Run coverage suite	2026-09-10T06:24:15.5053065Z  ^[[32m✓^[[39m ^[[30m^[[45m core ^[[49m^[[39m packages/mcp-server/test/compose/templates.spec.ts ^[[2m(^[[22m^[[2m68 tests^[[22m^[[2m)^[[22m^[[32m 52^[[2mms^[[22m^[[39m
coverage	Run coverage suite	2026-09-10T06:24:19.2681097Z  ^[[32m✓^[[39m ^[[30m^[[45m core ^[[49m^[[39m packages/mcp-server/test/tools/artifact.certify.echarts-a11y-warnfirst.spec.ts ^[[2m(^[[22m^[[2m88 tests^[[22m^[[2m)^[[22m^[[33m 2865^[[2mms^[[22m^[[39m
coverage	Run coverage suite	2026-09-10T06:24:19.2687951Z    ^[[33m^[[2m✓^[[22m^[[39m artifact.certify — a11y-equivalence WARN-FIRST on the ECharts-primary path (s174 m01)^[[2m > ^[[22mtreemap: WITH the operand, findings[] carries exactly the matrix-derived a11y set at native severity ^[[33m 604^[[2mms^[[22m^[[39m
coverage	Run coverage suite	2026-09-10T06:24:19.2694037Z    ^[[33m^[[2m✓^[[22m^[[39m artifact.certify — warn-first is a READER (s174 m01)^[[2m > ^[[22mthe CARTESIAN path is untouched: a11yEquivalence still carries a real pass/fail verdict there ^[[33m 375^[[2mms^[[22m^[[39m
coverage	Run coverage suite	2026-09-10T06:24:19.2697331Z    ^[[33m^[[2m✓^[[22m^[[39m artifact.certify — the NOT-APPLICABLE channel, a11yNotApplicable[] (s175 m03)^[[2m > ^[[22mwhen the engine THROWS the key is ABSENT (the partial list is discarded) and the note says so ^[[33m 794^[[2mms^[[22m^[[39m
coverage	Run coverage suite	2026-09-10T06:24:20.6222559Z  ^[[32m✓^[[39m ^[[30m^[[45m core ^[[49m^[[39m packages/mcp-server/test/e2e/action-mappings.e2e.spec.ts ^[[2m(^[[22m^[[2m12 tests^[[22m^[[2m | ^[[22m^[[33m9 skipped^[[39m^[[2m)^[[22m^[[32m 264^[[2mms^[[22m^[[39m
coverage	Run coverage suite	2026-09-10T06:24:20.9689103Z  ^[[32m✓^[[39m ^[[30m^[[45m core ^[[49m^[[39m tests/core/dependency-graph.test.ts ^[[2m(^[[22m^[[2m40 tests^[[22m^[[2m)^[[22m^[[32m 22^[[2mms^[[22m^[[39m
coverage	Run coverage suite	2026-09-10T06:24:21.4272800Z  ^[[32m✓^[[39m ^[[30m^[[45m core ^[[49m^[[39m packages/mcp-server/test/codegen/vue-emitter.spec.ts ^[[2m(^[[22m^[[2m29 tests^[[22m^[[2m)^[[22m^[[32m 34^[[2mms^[[22m^[[39m
coverage	Run coverage suite	2026-09-10T06:24:22.6013706Z  ^[[31m❯^[[39m ^[[30m^[[45m core ^[[49m^[[39m tests/codegen/code-generate.contract.test.ts ^[[2m(^[[22m^[[2m24 tests^[[22m^[[2m | ^[[22m^[[31m3 failed^[[39m^[[2m)^[[22m^[[32m 130^[[2mms^[[22m^[[39m
coverage	Run coverage suite	2026-09-10T06:24:22.6015419Z    ^[[32m✓^[[39m code.generate contracts — React^[[2m > ^[[22mgenerates structurally valid TSX from simple schema^[[32m 21^[[2mms^[[22m^[[39m
coverage	Run coverage suite	2026-09-10T06:24:22.6017237Z    ^[[32m✓^[[39m code.generate contracts — React^[[2m > ^[[22mrenders nested component trees with correct hierarchy^[[32m 2^[[2mms^[[22m^[[39m
coverage	Run coverage suite	2026-09-10T06:24:22.6033361Z    ^[[32m✓^[[39m code.generate contracts — React^[[2m > ^[[22mtranslates all layout types correctly^[[32m 3^[[2mms^[[22m^[[39m
coverage	Run coverage suite	2026-09-10T06:24:22.6035226Z    ^[[32m✓^[[39m code.generate contracts — React^[[2m > ^[[22mmaps all prop types correctly^[[32m 1^[[2mms^[[22m^[[39m
coverage	Run coverage suite	2026-09-10T06:24:22.6036730Z    ^[[32m✓^[[39m code.generate contracts — React^[[2m > ^[[22mincludes meta information^[[32m 1^[[2mms^[[22m^[[39m
coverage	Run coverage suite	2026-09-10T06:24:22.6038411Z    ^[[32m✓^[[39m code.generate contracts — Vue^[[2m > ^[[22mgenerates structurally valid SFC from simple schema^[[32m 3^[[2mms^[[22m^[[39m
coverage	Run coverage suite	2026-09-10T06:24:22.6040195Z    ^[[32m✓^[[39m code.generate contracts — Vue^[[2m > ^[[22mrenders nested component trees with correct hierarchy^[[32m 1^[[2mms^[[22m^[[39m
coverage	Run coverage suite	2026-09-10T06:24:22.6062730Z    ^[[32m✓^[[39m code.generate contracts — Vue^[[2m > ^[[22mtranslates all layout types correctly^[[32m 2^[[2mms^[[22m^[[39m
coverage	Run coverage suite	2026-09-10T06:24:22.6065014Z    ^[[32m✓^[[39m code.generate contracts — Vue^[[2m > ^[[22mmaps all prop types correctly with Vue syntax^[[32m 1^[[2mms^[[22m^[[39m
coverage	Run coverage suite	2026-09-10T06:24:22.6066930Z    ^[[32m✓^[[39m code.generate contracts — Vue^[[2m > ^[[22mincludes scoped style block when token refs are present^[[32m 1^[[2mms^[[22m^[[39m
coverage	Run coverage suite	2026-09-10T06:24:22.6068803Z    ^[[32m✓^[[39m code.generate contracts — Vue^[[2m > ^[[22mgenerates typed defineProps in TypeScript mode^[[32m 0^[[2mms^[[22m^[[39m
coverage	Run coverage suite	2026-09-10T06:24:22.6070603Z    ^[[32m✓^[[39m code.generate contracts — HTML^[[2m > ^[[22mproduces HTML document from simple schema^[[32m 6^[[2mms^[[22m^[[39m
coverage	Run coverage suite	2026-09-10T06:24:22.6072740Z ^[[31m   ^[[31m×^[[31m code.generate contracts — HTML^[[2m > ^[[22mmatches repl.render document mode output^[[39m^[[32m 21^[[2mms^[[22m^[[39m
coverage	Run coverage suite	2026-09-10T06:24:22.6074708Z ^[[31m     → expected '<!DOCTYPE html>\n<html lang="en" data…' to be '<!DOCTYPE html>\n<html lang="en" data…' // Object.is equality^[[39m
coverage	Run coverage suite	2026-09-10T06:24:22.6076778Z ^[[31m   ^[[31m×^[[31m code.generate contracts — HTML^[[2m > ^[[22mHTML output matches repl.render for layout schema^[[39m^[[32m 10^[[2mms^[[22m^[[39m
coverage	Run coverage suite	2026-09-10T06:24:22.6078817Z ^[[31m     → expected '<!DOCTYPE html>\n<html lang="en" data…' to be '<!DOCTYPE html>\n<html lang="en" data…' // Object.is equality^[[39m
coverage	Run coverage suite	2026-09-10T06:24:22.6080923Z ^[[31m   ^[[31m×^[[31m code.generate contracts — HTML^[[2m > ^[[22mHTML output matches repl.render for all-props schema^[[39m^[[32m 8^[[2mms^[[22m^[[39m
coverage	Run coverage suite	2026-09-10T06:24:22.6083238Z ^[[31m     → expected '<!DOCTYPE html>\n<html lang="en" data…' to be '<!DOCTYPE html>\n<html lang="en" data…' // Object.is equality^[[39m
coverage	Run coverage suite	2026-09-10T06:24:22.6085327Z    ^[[32m✓^[[39m code.generate contracts — cross-framework^[[2m > ^[[22mall three frameworks generate for the same schema without errors^[[32m 5^[[2mms^[[22m^[[39m
coverage	Run coverage suite	2026-09-10T06:24:22.6087289Z    ^[[32m✓^[[39m code.generate contracts — cross-framework^[[2m > ^[[22mall frameworks handle schemas with all prop types^[[32m 4^[[2mms^[[22m^[[39m
coverage	Run coverage suite	2026-09-10T06:24:22.6089227Z    ^[[32m✓^[[39m code.generate contracts — cross-framework^[[2m > ^[[22minvalid schema returns error for all frameworks^[[32m 0^[[2mms^[[22m^[[39m
coverage	Run coverage suite	2026-09-10T06:24:22.6091157Z    ^[[32m✓^[[39m code.generate contracts — cross-framework^[[2m > ^[[22mmeta is consistent across React and Vue^[[32m 2^[[2mms^[[22m^[[39m
coverage	Run coverage suite	2026-09-10T06:24:22.6093375Z    ^[[32m✓^[[39m code.generate contracts — backward compatibility^[[2m > ^[[22mdefaults to typescript:true when options omitted^[[32m 1^[[2mms^[[22m^[[39m
coverage	Run coverage suite	2026-09-10T06:24:22.6095487Z    ^[[32m✓^[[39m code.generate contracts — backward compatibility^[[2m > ^[[22mdefaults to styling:tokens when options omitted^[[32m 1^[[2mms^[[22m^[[39m
coverage	Run coverage suite	2026-09-10T06:24:22.6097431Z    ^[[32m✓^[[39m code.generate contracts — styling options^[[2m > ^[[22maccepts styling:inline and produces output^[[32m 1^[[2mms^[[22m^[[39m
coverage	Run coverage suite	2026-09-10T06:24:22.6099381Z    ^[[32m✓^[[39m code.generate contracts — styling options^[[2m > ^[[22maccepts styling:tokens and produces output^[[32m 0^[[2mms^[[22m^[[39m
coverage	Run coverage suite	2026-09-10T06:24:22.6101886Z    ^[[32m✓^[[39m code.generate contracts — styling options^[[2m > ^[[22mschema enum does not include css-modules^[[32m 2^[[2mms^[[22m^[[39m
coverage	Run coverage suite	2026-09-10T06:24:24.2453427Z  ^[[32m✓^[[39m ^[[30m^[[45m core ^[[49m^[[39m packages/mcp-server/test/tools/artifact.certify.spec-only-bytes.spec.ts ^[[2m(^[[22m^[[2m32 tests^[[22m^[[2m)^[[22m^[[33m 862^[[2mms^[[22m^[[39m
coverage	Run coverage suite	2026-09-10T06:24:24.2456069Z    ^[[33m^[[2m✓^[[22m^[[39m artifact.certify — {spec}-only byte compatibility, cartesian half (baseline 85004fe)^[[2m > ^[[22mMarkBar: the {spec}-only response moves only by the declared set vs pristine HEAD 85004fe ^[[33m 478^[[2mms^[[22m^[[39m
coverage	Run coverage suite	2026-09-10T06:24:26.8955355Z  ^[[32m✓^[[39m ^[[30m^[[45m core ^[[49m^[[39m packages/mcp-server/test/tools/artifact.certify.echarts-determinism.spec.ts ^[[2m(^[[22m^[[2m45 tests^[[22m^[[2m)^[[22m^[[33m 1763^[[2mms^[[22m^[[39m
coverage	Run coverage suite	2026-09-10T06:24:26.8958730Z    ^[[33m^[[2m✓^[[22m^[[39m artifact.certify — live cross-tool contentHash parity, same (spec, data) (s172 m02)^[[2m > ^[[22mtreemap: certify.determinism.contentHash === viz.render.contentHash ^[[33m 609^[[2mms^[[22m^[[39m
coverage	Run coverage suite	2026-09-10T06:24:26.8964269Z    ^[[33m^[[2m✓^[[22m^[[39m artifact.certify — the cartesian determinism path is untouched (s172 m02)^[[2m > ^[[22ma cartesian IR still proves determinism through the Vega-Lite compile, with no operand involved ^[[33m 378^[[2mms^[[22m^[[39m
coverage	Run coverage suite	2026-09-10T06:24:28.9409418Z  ^[[32m✓^[[39m ^[[30m^[[45m core ^[[49m^[[39m packages/mcp-server/test/product-reality/b2-legacy-inputs.s184.spec.ts ^[[2m(^[[22m^[[2m7 tests^[[22m^[[2m)^[[22m^[[33m 643^[[2mms^[[22m^[[39m
coverage	Run coverage suite	2026-09-10T06:24:29.2363417Z  ^[[32m✓^[[39m ^[[30m^[[45m core ^[[49m^[[39m tests/dashboard/network-cross-filter.test.ts ^[[2m(^[[22m^[[2m36 tests^[[22m^[[2m)^[[22m^[[32m 20^[[2mms^[[22m^[[39m
coverage	Run coverage suite	2026-09-10T06:24:29.6090136Z  ^[[32m✓^[[39m ^[[30m^[[45m core ^[[49m^[[39m tests/tokens/mobile-output.test.ts ^[[2m(^[[22m^[[2m25 tests^[[22m^[[2m)^[[22m^[[32m 62^[[2mms^[[22m^[[39m
coverage	Run coverage suite	2026-09-10T06:24:30.6409732Z  ^[[32m✓^[[39m ^[[30m^[[45m core ^[[49m^[[39m packages/mcp-server/test/product-reality/contract-resolution.s184.spec.ts ^[[2m(^[[22m^[[2m9 tests^[[22m^[[2m)^[[22m^[[33m 724^[[2mms^[[22m^[[39m
coverage	Run coverage suite	2026-09-10T06:24:30.6412642Z    ^[[33m^[[2m✓^[[22m^[[39m Sprint 184 m03 contract-resolution closeout^[[2m > ^[[22mpreserves the historical readiness manifests while every current nucleus ref resolves ^[[33m 691^[[2mms^[[22m^[[39m
coverage	Run coverage suite	2026-09-10T06:24:31.8936763Z  ^[[32m✓^[[39m ^[[30m^[[45m core ^[[49m^[[39m packages/mcp-server/test/compose/viz-compose.spec.ts ^[[2m(^[[22m^[[2m53 tests^[[22m^[[2m)^[[22m^[[32m 186^[[2mms^[[22m^[[39m
coverage	Run coverage suite	2026-09-10T06:24:32.4243483Z  ^[[32m✓^[[39m ^[[30m^[[45m core ^[[49m^[[39m tests/tokens/bridged-slot-specificity-census.test.ts ^[[2m(^[[22m^[[2m5 tests^[[22m^[[2m)^[[22m^[[32m 152^[[2mms^[[22m^[[39m
coverage	Run coverage suite	2026-09-10T06:24:32.7740417Z  ^[[32m✓^[[39m ^[[30m^[[45m core ^[[49m^[[39m tests/core/compositor.test.ts ^[[2m(^[[22m^[[2m21 tests^[[22m^[[2m)^[[22m^[[32m 31^[[2mms^[[22m^[[39m
coverage	Run coverage suite	2026-09-10T06:24:33.0598696Z  ^[[32m✓^[[39m ^[[30m^[[45m core ^[[49m^[[39m tests/generators/composer.test.ts ^[[2m(^[[22m^[[2m24 tests^[[22m^[[2m)^[[22m^[[32m 13^[[2mms^[[22m^[[39m
coverage	Run coverage suite	2026-09-10T06:24:37.5386327Z  ^[[32m✓^[[39m ^[[30m^[[45m core ^[[49m^[[39m packages/mcp-server/test/sprint68-behavioral-traits.spec.ts ^[[2m(^[[22m^[[2m62 tests^[[22m^[[2m)^[[22m^[[33m 3918^[[2mms^[[22m^[[39m
coverage	Run coverage suite	2026-09-10T06:24:38.1608090Z  ^[[32m✓^[[39m ^[[30m^[[45m core ^[[49m^[[39m packages/mcp-server/test/compose/component-selector.spec.ts ^[[2m(^[[22m^[[2m56 tests^[[22m^[[2m)^[[22m^[[32m 298^[[2mms^[[22m^[[39m
coverage	Run coverage suite	2026-09-10T06:24:38.4613902Z ^[[90mstdout^[[2m | tests/tokens/brand-root-and-containment.test.ts^[[2m > ^[[22m^[[2ms168 m06 — :root value audit + the two discriminating brand-axis oracles^[[2m > ^[[22m^[[2m(d) every non-base cell genuinely differs from :root — the blocks are not no-ops
coverage	Run coverage suite	2026-09-10T06:24:38.4623524Z ^[[22m^[[39mA/base: 0/44 differ from :root
coverage	Run coverage suite	2026-09-10T06:24:38.4624495Z A/dark: 43/44 differ from :root
coverage	Run coverage suite	2026-09-10T06:24:38.4625296Z A/hc: 44/44 differ from :root
coverage	Run coverage suite	2026-09-10T06:24:38.4626138Z B/base: 0/44 differ from :root
coverage	Run coverage suite	2026-09-10T06:24:38.4626992Z B/dark: 44/44 differ from :root
coverage	Run coverage suite	2026-09-10T06:24:38.4629016Z B/hc: 44/44 differ from :root
coverage	Run coverage suite	2026-09-10T06:24:38.4629626Z 
coverage	Run coverage suite	2026-09-10T06:24:38.4707387Z  ^[[32m✓^[[39m ^[[30m^[[45m core ^[[49m^[[39m tests/tokens/brand-root-and-containment.test.ts ^[[2m(^[[22m^[[2m9 tests^[[22m^[[2m)^[[22m^[[32m 32^[[2mms^[[22m^[[39m
coverage	Run coverage suite	2026-09-10T06:24:38.9759564Z  ^[[32m✓^[[39m ^[[30m^[[45m core ^[[49m^[[39m packages/mcp-server/test/codegen/prop-binding.spec.ts ^[[2m(^[[22m^[[2m33 tests^[[22m^[[2m)^[[22m^[[32m 17^[[2mms^[[22m^[[39m
coverage	Run coverage suite	2026-09-10T06:24:39.5132126Z  ^[[32m✓^[[39m ^[[30m^[[45m core ^[[49m^[[39m packages/mcp-server/test/e2e/a2ui-runtime-q3.e2e.spec.ts ^[[2m(^[[22m^[[2m98 tests^[[22m^[[2m)^[[22m^[[32m 161^[[2mms^[[22m^[[39m
coverage	Run coverage suite	2026-09-10T06:24:39.9448158Z  ^[[2m^[[90m↓^[[39m^[[22m ^[[30m^[[45m core ^[[49m^[[39m packages/mcp-server/test/e2e/stage1-rollups.e2e.spec.ts ^[[2m(^[[22m^[[2m7 tests^[[22m^[[2m | ^[[22m^[[33m7 skipped^[[39m^[[2m)^[[22m
coverage	Run coverage suite	2026-09-10T06:24:40.2186443Z  ^[[32m✓^[[39m ^[[30m^[[45m core ^[[49m^[[39m packages/mcp-adapter/sanitize-schema.test.js ^[[2m(^[[22m^[[2m27 tests^[[22m^[[2m)^[[22m^[[32m 13^[[2mms^[[22m^[[39m
coverage	Run coverage suite	2026-09-10T06:24:42.3908520Z  ^[[32m✓^[[39m ^[[30m^[[45m core ^[[49m^[[39m packages/mcp-server/test/product-reality/readiness-ref-enforcement.s184.spec.ts ^[[2m(^[[22m^[[2m21 tests^[[22m^[[2m)^[[22m^[[33m 939^[[2mms^[[22m^[[39m
coverage	Run coverage suite	2026-09-10T06:24:42.3913896Z    ^[[33m^[[2m✓^[[22m^[[39m s184-m02 readiness reference enforcement^[[2m > ^[[22mindependently verifies the derived nucleus readiness-ref inventory ^[[33m 664^[[2mms^[[22m^[[39m
coverage	Run coverage suite	2026-09-10T06:24:43.4343064Z  ^[[32m✓^[[39m ^[[30m^[[45m core ^[[49m^[[39m packages/mcp-server/test/compose/object-aware-compose.spec.ts ^[[2m(^[[22m^[[2m26 tests^[[22m^[[2m)^[[22m^[[33m 469^[[2mms^[[22m^[[39m
coverage	Run coverage suite	2026-09-10T06:24:44.7895331Z  ^[[32m✓^[[39m ^[[30m^[[45m core ^[[49m^[[39m packages/mcp-server/test/product-reality/parity.s185.spec.ts ^[[2m(^[[22m^[[2m58 tests^[[22m^[[2m)^[[22m^[[33m 404^[[2mms^[[22m^[[39m
coverage	Run coverage suite	2026-09-10T06:24:45.4599897Z  ^[[32m✓^[[39m ^[[30m^[[45m core ^[[49m^[[39m tests/viz/adapters/echarts/sankey-adapter-edge-cases.test.ts ^[[2m(^[[22m^[[2m21 tests^[[22m^[[2m)^[[22m^[[32m 18^[[2mms^[[22m^[[39m
coverage	Run coverage suite	2026-09-10T06:24:45.9273424Z  ^[[32m✓^[[39m ^[[30m^[[45m core ^[[49m^[[39m tests/codegen/react-emitter.test.ts ^[[2m(^[[22m^[[2m26 tests^[[22m^[[2m)^[[22m^[[32m 25^[[2mms^[[22m^[[39m
coverage	Run coverage suite	2026-09-10T06:24:46.8863470Z  ^[[32m✓^[[39m ^[[30m^[[45m core ^[[49m^[[39m packages/mcp-server/test/compose/intent-object-resolver.spec.ts ^[[2m(^[[22m^[[2m38 tests^[[22m^[[2m)^[[22m^[[33m 422^[[2mms^[[22m^[[39m
coverage	Run coverage suite	2026-09-10T06:24:47.4804297Z  ^[[32m✓^[[39m ^[[30m^[[45m core ^[[49m^[[39m packages/mcp-server/test/contracts/registry-v14-roundtrip.spec.ts ^[[2m(^[[22m^[[2m13 tests^[[22m^[[2m)^[[22m^[[32m 94^[[2mms^[[22m^[[39m
coverage	Run coverage suite	2026-09-10T06:24:47.7656928Z  ^[[32m✓^[[39m ^[[30m^[[45m core ^[[49m^[[39m tests/tokens/brand-semantic-bridge.test.ts ^[[2m(^[[22m^[[2m14 tests^[[22m^[[2m)^[[22m^[[32m 15^[[2mms^[[22m^[[39m
coverage	Run coverage suite	2026-09-10T06:24:48.4510790Z  ^[[32m✓^[[39m ^[[30m^[[45m core ^[[49m^[[39m tests/viz/adapters/echarts/graph-adapter.test.ts ^[[2m(^[[22m^[[2m35 tests^[[22m^[[2m)^[[22m^[[32m 19^[[2mms^[[22m^[[39m
coverage	Run coverage suite	2026-09-10T06:24:48.9222529Z  ^[[32m✓^[[39m ^[[30m^[[45m core ^[[49m^[[39m tests/codegen/vue-emitter.test.ts ^[[2m(^[[22m^[[2m31 tests^[[22m^[[2m)^[[22m^[[32m 31^[[2mms^[[22m^[[39m
coverage	Run coverage suite	2026-09-10T06:24:49.2329621Z  ^[[32m✓^[[39m ^[[30m^[[45m core ^[[49m^[[39m tests/accounts/metadata-policy.spec.ts ^[[2m(^[[22m^[[2m23 tests^[[22m^[[2m)^[[22m^[[32m 14^[[2mms^[[22m^[[39m
coverage	Run coverage suite	2026-09-10T06:24:49.5008089Z  ^[[32m✓^[[39m ^[[30m^[[45m core ^[[49m^[[39m tests/verification/closeout-checklist.contract.test.ts ^[[2m(^[[22m^[[2m8 tests^[[22m^[[2m)^[[22m^[[32m 9^[[2mms^[[22m^[[39m
coverage	Run coverage suite	2026-09-10T06:24:49.8074268Z  ^[[32m✓^[[39m ^[[30m^[[45m core ^[[49m^[[39m tests/compliance/rbac.spec.ts ^[[2m(^[[22m^[[2m11 tests^[[22m^[[2m)^[[22m^[[32m 26^[[2mms^[[22m^[[39m
coverage	Run coverage suite	2026-09-10T06:24:51.4478717Z  ^[[32m✓^[[39m ^[[30m^[[45m core ^[[49m^[[39m packages/mcp-server/test/product-reality/consumer-contract.s185.spec.ts ^[[2m(^[[22m^[[2m19 tests^[[22m^[[2m)^[[22m^[[32m 118^[[2mms^[[22m^[[39m
coverage	Run coverage suite	2026-09-10T06:24:51.9319591Z  ^[[32m✓^[[39m ^[[30m^[[45m core ^[[49m^[[39m packages/mcp-server/test/contracts/schema.contract.spec.ts ^[[2m(^[[22m^[[2m24 tests^[[22m^[[2m)^[[22m^[[32m 15^[[2mms^[[22m^[[39m
coverage	Run coverage suite	2026-09-10T06:24:52.9942268Z  ^[[32m✓^[[39m ^[[30m^[[45m core ^[[49m^[[39m packages/mcp-server/test/e2e/review-q3.e2e.spec.ts ^[[2m(^[[22m^[[2m62 tests^[[22m^[[2m)^[[22m^[[32m 134^[[2mms^[[22m^[[39m
coverage	Run coverage suite	2026-09-10T06:24:54.6404035Z  ^[[32m✓^[[39m ^[[30m^[[45m core ^[[49m^[[39m packages/mcp-server/test/tools/artifact.certify.data-operand.spec.ts ^[[2m(^[[22m^[[2m33 tests^[[22m^[[2m)^[[22m^[[33m 805^[[2mms^[[22m^[[39m
coverage	Run coverage suite	2026-09-10T06:24:54.6411008Z    ^[[33m^[[2m✓^[[22m^[[39m artifact.certify — the operand is validated by the RENDER path validators (s172 m01)^[[2m > ^[[22mMarkTreemap: a VALID operand is accepted (status ok, schema-valid) ^[[33m 601^[[2mms^[[22m^[[39m
coverage	Run coverage suite	2026-09-10T06:24:54.9367062Z  ^[[32m✓^[[39m ^[[30m^[[45m core ^[[49m^[[39m tests/e2e/network-dashboard.test.ts ^[[2m(^[[22m^[[2m14 tests^[[22m^[[2m)^[[22m^[[32m 13^[[2mms^[[22m^[[39m
coverage	Run coverage suite	2026-09-10T06:24:55.2472188Z  ^[[32m✓^[[39m ^[[30m^[[45m core ^[[49m^[[39m tests/tokens-governance/token-map-and-diff.test.ts ^[[2m(^[[22m^[[2m14 tests^[[22m^[[2m)^[[22m^[[32m 21^[[2mms^[[22m^[[39m
coverage	Run coverage suite	2026-09-10T06:24:55.5517622Z  ^[[32m✓^[[39m ^[[30m^[[45m core ^[[49m^[[39m tests/compliance/integration.spec.ts ^[[2m(^[[22m^[[2m7 tests^[[22m^[[2m)^[[22m^[[32m 26^[[2mms^[[22m^[[39m
coverage	Run coverage suite	2026-09-10T06:24:55.8720225Z  ^[[32m✓^[[39m ^[[30m^[[45m core ^[[49m^[[39m tests/time/temporal-hygiene.spec.ts ^[[2m(^[[22m^[[2m34 tests^[[22m^[[2m)^[[22m^[[32m 42^[[2mms^[[22m^[[39m
coverage	Run coverage suite	2026-09-10T06:24:56.1649514Z  ^[[32m✓^[[39m ^[[30m^[[45m core ^[[49m^[[39m tests/parsers/object-parser.test.ts ^[[2m(^[[22m^[[2m13 tests^[[22m^[[2m)^[[22m^[[32m 23^[[2mms^[[22m^[[39m
coverage	Run coverage suite	2026-09-10T06:24:56.4338449Z  ^[[32m✓^[[39m ^[[30m^[[45m core ^[[49m^[[39m tests/generators/type-generator.test.ts ^[[2m(^[[22m^[[2m26 tests^[[22m^[[2m)^[[22m^[[32m 12^[[2mms^[[22m^[[39m
coverage	Run coverage suite	2026-09-10T06:24:56.8974240Z  ^[[32m✓^[[39m ^[[30m^[[45m core ^[[49m^[[39m packages/mcp-server/test/e2e/apply-summary-q3.e2e.spec.ts ^[[2m(^[[22m^[[2m94 tests^[[22m^[[2m)^[[22m^[[32m 122^[[2mms^[[22m^[[39m
coverage	Run coverage suite	2026-09-10T06:24:57.4192206Z  ^[[32m✓^[[39m ^[[30m^[[45m core ^[[49m^[[39m packages/mcp-server/test/render/renderer-edge-cases.spec.ts ^[[2m(^[[22m^[[2m25 tests^[[22m^[[2m)^[[22m^[[32m 28^[[2mms^[[22m^[[39m
coverage	Run coverage suite	2026-09-10T06:24:58.2928191Z  ^[[32m✓^[[39m ^[[30m^[[45m core ^[[49m^[[39m packages/mcp-server/test/tools/viz-a11y-equivalence-emission.spec.ts ^[[2m(^[[22m^[[2m14 tests^[[22m^[[2m)^[[22m^[[32m 61^[[2mms^[[22m^[[39m
coverage	Run coverage suite	2026-09-10T06:24:59.3903215Z  ^[[32m✓^[[39m ^[[30m^[[45m core ^[[49m^[[39m tests/compose/compose-integration.contract.test.ts ^[[2m(^[[22m^[[2m44 tests^[[22m^[[2m)^[[22m^[[33m 487^[[2mms^[[22m^[[39m
coverage	Run coverage suite	2026-09-10T06:24:59.6645493Z  ^[[32m✓^[[39m ^[[30m^[[45m core ^[[49m^[[39m tests/tokens/brand-theme-matrix.test.ts ^[[2m(^[[22m^[[2m10 tests^[[22m^[[2m)^[[22m^[[32m 9^[[2mms^[[22m^[[39m
coverage	Run coverage suite	2026-09-10T06:24:59.9582856Z  ^[[32m✓^[[39m ^[[30m^[[45m core ^[[49m^[[39m tests/accounts/account-archetypes.spec.ts ^[[2m(^[[22m^[[2m12 tests^[[22m^[[2m)^[[22m^[[32m 10^[[2mms^[[22m^[[39m
coverage	Run coverage suite	2026-09-10T06:25:02.2940008Z  ^[[32m✓^[[39m ^[[30m^[[45m core ^[[49m^[[39m packages/mcp-server/test/tools/artifact.certify.echarts-accuracy.spec.ts ^[[2m(^[[22m^[[2m28 tests^[[22m^[[2m)^[[22m^[[33m 1463^[[2mms^[[22m^[[39m
coverage	Run coverage suite	2026-09-10T06:25:02.2943543Z    ^[[33m^[[2m✓^[[22m^[[39m artifact.certify — the ECharts accuracy pillar is wired (s172 m03)^[[2m > ^[[22mtreemap: a clean operand yields no findings, and accuracy:pass EXACTLY when a rule actually ran ^[[33m 650^[[2mms^[[22m^[[39m
coverage	Run coverage suite	2026-09-10T06:25:02.2946225Z    ^[[33m^[[2m✓^[[22m^[[39m artifact.certify — the cartesian accuracy path is untouched (s172 m03)^[[2m > ^[[22ma cartesian IR still reports the FOUR cartesian rules, with the s170 summary shape ^[[33m 403^[[2mms^[[22m^[[39m
coverage	Run coverage suite	2026-09-10T06:25:02.8552138Z  ^[[32m✓^[[39m ^[[30m^[[45m core ^[[49m^[[39m packages/mcp-server/test/compose/intent-synonyms.spec.ts ^[[2m(^[[22m^[[2m35 tests^[[22m^[[2m)^[[22m^[[32m 265^[[2mms^[[22m^[[39m
coverage	Run coverage suite	2026-09-10T06:25:03.9201087Z  ^[[32m✓^[[39m ^[[30m^[[45m core ^[[49m^[[39m packages/mcp-server/test/compose/design-compose-object.spec.ts ^[[2m(^[[22m^[[2m27 tests^[[22m^[[2m)^[[22m^[[33m 524^[[2mms^[[22m^[[39m
coverage	Run coverage suite	2026-09-10T06:25:05.0422910Z  ^[[32m✓^[[39m ^[[30m^[[45m core ^[[49m^[[39m packages/mcp-server/test/e2e/boxes-arrows-q3.e2e.spec.ts ^[[2m(^[[22m^[[2m44 tests^[[22m^[[2m)^[[22m^[[32m 147^[[2mms^[[22m^[[39m
coverage	Run coverage suite	2026-09-10T06:25:05.3862114Z  ^[[32m✓^[[39m ^[[30m^[[45m core ^[[49m^[[39m tests/verification/how-forge-works.contract.test.ts ^[[2m(^[[22m^[[2m5 tests^[[22m^[[2m)^[[22m^[[32m 18^[[2mms^[[22m^[[39m
coverage	Run coverage suite	2026-09-10T06:25:05.7181088Z  ^[[32m✓^[[39m ^[[30m^[[45m core ^[[49m^[[39m tests/billing/usage-aggregate.spec.ts ^[[2m(^[[22m^[[2m16 tests^[[22m^[[2m)^[[22m^[[32m 40^[[2mms^[[22m^[[39m
coverage	Run coverage suite	2026-09-10T06:25:06.0439073Z  ^[[32m✓^[[39m ^[[30m^[[45m core ^[[49m^[[39m tests/viz/spatial/geo-data-resolver.test.ts ^[[2m(^[[22m^[[2m15 tests^[[22m^[[2m)^[[22m^[[32m 31^[[2mms^[[22m^[[39m
coverage	Run coverage suite	2026-09-10T06:25:06.4617435Z  ^[[32m✓^[[39m ^[[30m^[[45m core ^[[49m^[[39m tests/validation/boundary-conditions.test.ts ^[[2m(^[[22m^[[2m17 tests^[[22m^[[2m)^[[22m^[[32m 33^[[2mms^[[22m^[[39m
coverage	Run coverage suite	2026-09-10T06:25:07.1296218Z  ^[[32m✓^[[39m ^[[30m^[[45m core ^[[49m^[[39m tests/viz/adapters/echarts/graph-adapter-interaction.test.ts ^[[2m(^[[22m^[[2m24 tests^[[22m^[[2m)^[[22m^[[32m 15^[[2mms^[[22m^[[39m
coverage	Run coverage suite	2026-09-10T06:25:07.5611401Z  ^[[32m✓^[[39m ^[[30m^[[45m core ^[[49m^[[39m tests/tokens/breakpoint-keep-in-step.test.ts ^[[2m(^[[22m^[[2m15 tests^[[22m^[[2m)^[[22m^[[32m 154^[[2mms^[[22m^[[39m
coverage	Run coverage suite	2026-09-10T06:25:08.6931908Z  ^[[32m✓^[[39m ^[[30m^[[45m core ^[[49m^[[39m packages/mcp-server/test/e2e/branded-mockup-q3.e2e.spec.ts ^[[2m(^[[22m^[[2m66 tests^[[22m^[[2m)^[[22m^[[32m 97^[[2mms^[[22m^[[39m
coverage	Run coverage suite	2026-09-10T06:25:09.8993732Z  ^[[32m✓^[[39m ^[[30m^[[45m core ^[[49m^[[39m packages/mcp-server/test/product-reality/saved-schema-compiler.s183.spec.ts ^[[2m(^[[22m^[[2m4 tests^[[22m^[[2m)^[[22m^[[32m 169^[[2mms^[[22m^[[39m
coverage	Run coverage suite	2026-09-10T06:25:11.5204523Z  ^[[32m✓^[[39m ^[[30m^[[45m core ^[[49m^[[39m packages/mcp-server/test/tools/artifact.certify.geo-id-parity.spec.ts ^[[2m(^[[22m^[[2m26 tests^[[22m^[[2m)^[[22m^[[33m 844^[[2mms^[[22m^[[39m
coverage	Run coverage suite	2026-09-10T06:25:11.5206794Z    ^[[33m^[[2m✓^[[22m^[[39m geo identity parity — viz.render and artifact.certify emit the SAME option (s173 m01)^[[2m > ^[[22mchoropleth with id absent: the certify VERDICT agrees with the render hash (live, both handlers) ^[[33m 606^[[2mms^[[22m^[[39m
coverage	Run coverage suite	2026-09-10T06:25:12.6644105Z  ^[[32m✓^[[39m ^[[30m^[[45m core ^[[49m^[[39m packages/mcp-server/test/product-reality/breadth-export-cells.s186.spec.ts ^[[2m(^[[22m^[[2m46 tests^[[22m^[[2m)^[[22m^[[32m 262^[[2mms^[[22m^[[39m
coverage	Run coverage suite	2026-09-10T06:25:14.0493736Z  ^[[32m✓^[[39m ^[[30m^[[45m core ^[[49m^[[39m packages/mcp-server/test/product-reality/m06-evidence-controls.s184.spec.ts ^[[2m(^[[22m^[[2m7 tests^[[22m^[[2m)^[[22m^[[33m 340^[[2mms^[[22m^[[39m
coverage	Run coverage suite	2026-09-10T06:25:14.4171207Z  ^[[32m✓^[[39m ^[[30m^[[45m core ^[[49m^[[39m packages/mcp-server/test/e2e/map-apply.test.ts ^[[2m(^[[22m^[[2m1 test^[[22m^[[2m)^[[22m^[[32m 86^[[2mms^[[22m^[[39m
coverage	Run coverage suite	2026-09-10T06:25:15.1369614Z  ^[[32m✓^[[39m ^[[30m^[[45m core ^[[49m^[[39m tests/tools/stage1-dtcg-adapter.test.ts ^[[2m(^[[22m^[[2m11 tests^[[22m^[[2m)^[[22m^[[32m 237^[[2mms^[[22m^[[39m
coverage	Run coverage suite	2026-09-10T06:25:16.5778616Z  ^[[32m✓^[[39m ^[[30m^[[45m core ^[[49m^[[39m tests/contracts/upstream-trait-sync.contract.test.ts ^[[2m(^[[22m^[[2m20 tests^[[22m^[[2m)^[[22m^[[33m 944^[[2mms^[[22m^[[39m
coverage	Run coverage suite	2026-09-10T06:25:16.5786674Z    ^[[33m^[[2m✓^[[22m^[[39m contract: Taggable v2 enriched params visible in catalog^[[2m > ^[[22mcatalog.list returns components with Taggable trait ^[[33m 616^[[2mms^[[22m^[[39m
coverage	Run coverage suite	2026-09-10T06:25:16.9898599Z  ^[[32m✓^[[39m ^[[30m^[[45m core ^[[49m^[[39m tests/validation/composition-validator.test.ts ^[[2m(^[[22m^[[2m6 tests^[[22m^[[2m)^[[22m^[[32m 27^[[2mms^[[22m^[[39m
coverage	Run coverage suite	2026-09-10T06:25:17.2733834Z  ^[[32m✓^[[39m ^[[30m^[[45m core ^[[49m^[[39m tests/dashboard/network-widgets.test.ts ^[[2m(^[[22m^[[2m28 tests^[[22m^[[2m)^[[22m^[[32m 13^[[2mms^[[22m^[[39m
coverage	Run coverage suite	2026-09-10T06:25:18.0812629Z  ^[[32m✓^[[39m ^[[30m^[[45m core ^[[49m^[[39m packages/mcp-server/test/product-reality/review-carries.s185.spec.ts ^[[2m(^[[22m^[[2m14 tests^[[22m^[[2m)^[[22m^[[33m 311^[[2mms^[[22m^[[39m
coverage	Run coverage suite	2026-09-10T06:25:18.6627782Z  ^[[32m✓^[[39m ^[[30m^[[45m core ^[[49m^[[39m tests/governance-gates/state-assessment-tokens-red-paths.test.ts ^[[2m(^[[22m^[[2m11 tests^[[22m^[[2m)^[[22m^[[32m 297^[[2mms^[[22m^[[39m
coverage	Run coverage suite	2026-09-10T06:25:20.1634977Z  ^[[32m✓^[[39m ^[[30m^[[45m core ^[[49m^[[39m packages/mcp-server/test/contracts/contract-alignment.spec.ts ^[[2m(^[[22m^[[2m20 tests^[[22m^[[2m)^[[22m^[[33m 360^[[2mms^[[22m^[[39m
coverage	Run coverage suite	2026-09-10T06:25:23.6566678Z  ^[[32m✓^[[39m ^[[30m^[[45m core ^[[49m^[[39m packages/mcp-server/test/product-reality/billing-placement.s188.spec.ts ^[[2m(^[[22m^[[2m8 tests^[[22m^[[2m)^[[22m^[[33m 2462^[[2mms^[[22m^[[39m
coverage	Run coverage suite	2026-09-10T06:25:23.6569455Z    ^[[33m^[[2m✓^[[22m^[[39m Sprint 188 remaining trait placement obligations^[[2m > ^[[22mnever chooses any of the five recipes for generic slots on Product ^[[33m 304^[[2mms^[[22m^[[39m
coverage	Run coverage suite	2026-09-10T06:25:23.6573359Z    ^[[33m^[[2m✓^[[22m^[[39m Sprint 188 remaining trait placement obligations^[[2m > ^[[22mpreserves the historical placement diff and current declared recipes across 66 schemas, 132 artifacts and workflow ^[[33m 2037^[[2mms^[[22m^[[39m
coverage	Run coverage suite	2026-09-10T06:25:24.0425736Z  ^[[32m✓^[[39m ^[[30m^[[45m core ^[[49m^[[39m tests/verification/s177-prose-carriers.contract.test.ts ^[[2m(^[[22m^[[2m6 tests^[[22m^[[2m)^[[22m^[[32m 8^[[2mms^[[22m^[[39m
coverage	Run coverage suite	2026-09-10T06:25:25.6399643Z  ^[[32m✓^[[39m ^[[30m^[[45m core ^[[49m^[[39m tests/design-loop/design-loop.test.ts ^[[2m(^[[22m^[[2m14 tests^[[22m^[[2m)^[[22m^[[32m 84^[[2mms^[[22m^[[39m
coverage	Run coverage suite	2026-09-10T06:25:26.7268758Z  ^[[32m✓^[[39m ^[[30m^[[45m core ^[[49m^[[39m packages/mcp-server/test/product-reality/breadth-contracts.s185.spec.ts ^[[2m(^[[22m^[[2m45 tests^[[22m^[[2m)^[[22m^[[32m 49^[[2mms^[[22m^[[39m
coverage	Run coverage suite	2026-09-10T06:25:27.2864418Z  ^[[32m✓^[[39m ^[[30m^[[45m core ^[[49m^[[39m packages/mcp-server/test/contracts/stage1-v14-stubs.spec.ts ^[[2m(^[[22m^[[2m4 tests^[[22m^[[2m)^[[22m^[[32m 46^[[2mms^[[22m^[[39m
coverage	Run coverage suite	2026-09-10T06:25:28.7480247Z  ^[[32m✓^[[39m ^[[30m^[[45m core ^[[49m^[[39m packages/mcp-server/test/contracts/error-observability.contract.spec.ts ^[[2m(^[[22m^[[2m19 tests^[[22m^[[2m)^[[22m^[[33m 347^[[2mms^[[22m^[[39m
coverage	Run coverage suite	2026-09-10T06:25:29.0517059Z  ^[[32m✓^[[39m ^[[30m^[[45m core ^[[49m^[[39m tests/cli/network-scaffold.test.ts ^[[2m(^[[22m^[[2m24 tests^[[22m^[[2m)^[[22m^[[32m 10^[[2mms^[[22m^[[39m
coverage	Run coverage suite	2026-09-10T06:25:29.5755128Z  ^[[32m✓^[[39m ^[[30m^[[45m core ^[[49m^[[39m packages/mcp-server/test/codegen/responsive-tailwind.spec.ts ^[[2m(^[[22m^[[2m20 tests^[[22m^[[2m)^[[22m^[[32m 41^[[2mms^[[22m^[[39m
coverage	Run coverage suite	2026-09-10T06:25:30.1887302Z  ^[[32m✓^[[39m ^[[30m^[[45m core ^[[49m^[[39m tests/validation/error-code-coverage.test.ts ^[[2m(^[[22m^[[2m20 tests^[[22m^[[2m)^[[22m^[[32m 208^[[2mms^[[22m^[[39m
coverage	Run coverage suite	2026-09-10T06:25:31.0794704Z  ^[[32m✓^[[39m ^[[30m^[[45m core ^[[49m^[[39m packages/mcp-server/test/compose/selection-tree-bridge.spec.ts ^[[2m(^[[22m^[[2m9 tests^[[22m^[[2m)^[[22m^[[33m 330^[[2mms^[[22m^[[39m
coverage	Run coverage suite	2026-09-10T06:25:31.6157139Z  ^[[32m✓^[[39m ^[[30m^[[45m core ^[[49m^[[39m packages/mcp-server/test/codegen/styling-mode-coverage.spec.ts ^[[2m(^[[22m^[[2m54 tests^[[22m^[[2m)^[[22m^[[32m 12^[[2mms^[[22m^[[39m
coverage	Run coverage suite	2026-09-10T06:25:33.4544713Z  ^[[32m✓^[[39m ^[[30m^[[45m core ^[[49m^[[39m packages/mcp-server/test/tools/artifact.certify.echarts-s179-baseline.spec.ts ^[[2m(^[[22m^[[2m10 tests^[[22m^[[2m)^[[22m^[[33m 1052^[[2mms^[[22m^[[39m
coverage	Run coverage suite	2026-09-10T06:25:33.4548970Z    ^[[33m^[[2m✓^[[22m^[[39m artifact.certify — s179 operand-backed baseline at 1be93f8^[[2m > ^[[22mtreemap: projected option hash, render hash, and the bounded full-response delta stay pinned ^[[33m 634^[[2mms^[[22m^[[39m
coverage	Run coverage suite	2026-09-10T06:25:34.4826699Z  ^[[32m✓^[[39m ^[[30m^[[45m core ^[[49m^[[39m packages/mcp-server/test/e2e/wireframe-q3.e2e.spec.ts ^[[2m(^[[22m^[[2m40 tests^[[22m^[[2m)^[[22m^[[32m 85^[[2mms^[[22m^[[39m
coverage	Run coverage suite	2026-09-10T06:25:34.8523540Z ^[[90mstdout^[[2m | tests/tenancy/isolated.spec.ts^[[2m > ^[[22m^[[2mSchema-Per-Tenant Isolation^[[2m > ^[[22m^[[2mSchema Isolation^[[2m > ^[[22m^[[2mshould route queries to tenant-specific schema
coverage	Run coverage suite	2026-09-10T06:25:34.8532659Z ^[[22m^[[39m[SchemaPerTenant] Using schema: tenant_tenant_alice
coverage	Run coverage suite	2026-09-10T06:25:34.8548979Z 
coverage	Run coverage suite	2026-09-10T06:25:34.8550900Z ^[[90mstdout^[[2m | tests/tenancy/isolated.spec.ts^[[2m > ^[[22m^[[2mSchema-Per-Tenant Isolation^[[2m > ^[[22m^[[2mSchema Isolation^[[2m > ^[[22m^[[2mshould route queries to tenant-specific schema
coverage	Run coverage suite	2026-09-10T06:25:34.8553591Z ^[[22m^[[39m[SchemaPerTenant] Query in tenant_tenant_alice: SELECT * FROM subscriptions
coverage	Run coverage suite	2026-09-10T06:25:34.8555866Z 
coverage	Run coverage suite	2026-09-10T06:25:34.8557892Z ^[[90mstdout^[[2m | tests/tenancy/isolated.spec.ts^[[2m > ^[[22m^[[2mSchema-Per-Tenant Isolation^[[2m > ^[[22m^[[2mSchema Isolation^[[2m > ^[[22m^[[2mshould route queries to tenant-specific schema
coverage	Run coverage suite	2026-09-10T06:25:34.8559992Z ^[[22m^[[39m[SchemaPerTenant] Using schema: tenant_tenant_bob
coverage	Run coverage suite	2026-09-10T06:25:34.8560775Z 
coverage	Run coverage suite	2026-09-10T06:25:34.8562860Z ^[[90mstdout^[[2m | tests/tenancy/isolated.spec.ts^[[2m > ^[[22m^[[2mSchema-Per-Tenant Isolation^[[2m > ^[[22m^[[2mSchema Isolation^[[2m > ^[[22m^[[2mshould route queries to tenant-specific schema
coverage	Run coverage suite	2026-09-10T06:25:34.8569253Z ^[[22m^[[39m[SchemaPerTenant] Query in tenant_tenant_bob: SELECT * FROM subscriptions
coverage	Run coverage suite	2026-09-10T06:25:34.8570184Z 
coverage	Run coverage suite	2026-09-10T06:25:34.8572303Z ^[[90mstdout^[[2m | tests/tenancy/isolated.spec.ts^[[2m > ^[[22m^[[2mSchema-Per-Tenant Isolation^[[2m > ^[[22m^[[2mSchema Isolation^[[2m > ^[[22m^[[2mshould prevent cross-schema data access
coverage	Run coverage suite	2026-09-10T06:25:34.8574356Z ^[[22m^[[39m[SchemaPerTenant] Using schema: tenant_tenant_alice
coverage	Run coverage suite	2026-09-10T06:25:34.8576146Z 
coverage	Run coverage suite	2026-09-10T06:25:34.8577995Z ^[[90mstdout^[[2m | tests/tenancy/isolated.spec.ts^[[2m > ^[[22m^[[2mSchema-Per-Tenant Isolation^[[2m > ^[[22m^[[2mSchema Isolation^[[2m > ^[[22m^[[2mshould prevent cross-schema data access
coverage	Run coverage suite	2026-09-10T06:25:34.8581300Z ^[[22m^[[39m[SchemaPerTenant] Query in tenant_tenant_alice: SELECT * FROM subscriptions
coverage	Run coverage suite	2026-09-10T06:25:34.8582521Z 
coverage	Run coverage suite	2026-09-10T06:25:34.8613000Z ^[[90mstdout^[[2m | tests/tenancy/isolated.spec.ts^[[2m > ^[[22m^[[2mSchema-Per-Tenant Isolation^[[2m > ^[[22m^[[2mTransaction Isolation^[[2m > ^[[22m^[[2mshould maintain schema context across transaction
coverage	Run coverage suite	2026-09-10T06:25:34.8615982Z ^[[22m^[[39m[SchemaPerTenant] Using schema: tenant_tenant_alice
coverage	Run coverage suite	2026-09-10T06:25:34.8621436Z 
coverage	Run coverage suite	2026-09-10T06:25:34.8623664Z ^[[90mstdout^[[2m | tests/tenancy/isolated.spec.ts^[[2m > ^[[22m^[[2mSchema-Per-Tenant Isolation^[[2m > ^[[22m^[[2mTransaction Isolation^[[2m > ^[[22m^[[2mshould maintain schema context across transaction
coverage	Run coverage suite	2026-09-10T06:25:34.8625744Z ^[[22m^[[39m[SchemaPerTenant] BEGIN in tenant_tenant_alice
coverage	Run coverage suite	2026-09-10T06:25:34.8626502Z 
coverage	Run coverage suite	2026-09-10T06:25:34.8628392Z ^[[90mstdout^[[2m | tests/tenancy/isolated.spec.ts^[[2m > ^[[22m^[[2mSchema-Per-Tenant Isolation^[[2m > ^[[22m^[[2mTransaction Isolation^[[2m > ^[[22m^[[2mshould maintain schema context across transaction
coverage	Run coverage suite	2026-09-10T06:25:34.8630941Z ^[[22m^[[39m[SchemaPerTenant] Execute in tenant_tenant_alice: INSERT INTO subscriptions (id, status) VALUES (?, ?)
coverage	Run coverage suite	2026-09-10T06:25:34.8632300Z 
coverage	Run coverage suite	2026-09-10T06:25:34.8634292Z ^[[90mstdout^[[2m | tests/tenancy/isolated.spec.ts^[[2m > ^[[22m^[[2mSchema-Per-Tenant Isolation^[[2m > ^[[22m^[[2mTransaction Isolation^[[2m > ^[[22m^[[2mshould maintain schema context across transaction
coverage	Run coverage suite	2026-09-10T06:25:34.8636390Z ^[[22m^[[39m[SchemaPerTenant] COMMIT in tenant_tenant_alice
coverage	Run coverage suite	2026-09-10T06:25:34.8639279Z 
coverage	Run coverage suite	2026-09-10T06:25:34.8641280Z ^[[90mstdout^[[2m | tests/tenancy/isolated.spec.ts^[[2m > ^[[22m^[[2mSchema-Per-Tenant Isolation^[[2m > ^[[22m^[[2mTransaction Isolation^[[2m > ^[[22m^[[2mshould not leak data across schema transactions
coverage	Run coverage suite	2026-09-10T06:25:34.8646159Z ^[[22m^[[39m[SchemaPerTenant] Using schema: tenant_tenant_alice
coverage	Run coverage suite	2026-09-10T06:25:34.8650212Z 
coverage	Run coverage suite	2026-09-10T06:25:34.8653542Z ^[[90mstdout^[[2m | tests/tenancy/isolated.spec.ts^[[2m > ^[[22m^[[2mSchema-Per-Tenant Isolation^[[2m > ^[[22m^[[2mTransaction Isolation^[[2m > ^[[22m^[[2mshould not leak data across schema transactions
coverage	Run coverage suite	2026-09-10T06:25:34.8655562Z ^[[22m^[[39m[SchemaPerTenant] BEGIN in tenant_tenant_alice
coverage	Run coverage suite	2026-09-10T06:25:34.8656256Z 
coverage	Run coverage suite	2026-09-10T06:25:34.8658170Z ^[[90mstdout^[[2m | tests/tenancy/isolated.spec.ts^[[2m > ^[[22m^[[2mSchema-Per-Tenant Isolation^[[2m > ^[[22m^[[2mTransaction Isolation^[[2m > ^[[22m^[[2mshould not leak data across schema transactions
coverage	Run coverage suite	2026-09-10T06:25:34.8664445Z ^[[22m^[[39m[SchemaPerTenant] Execute in tenant_tenant_alice: INSERT INTO subscriptions (id, status) VALUES (?, ?)
coverage	Run coverage suite	2026-09-10T06:25:34.8665548Z 
coverage	Run coverage suite	2026-09-10T06:25:34.8667475Z ^[[90mstdout^[[2m | tests/tenancy/isolated.spec.ts^[[2m > ^[[22m^[[2mSchema-Per-Tenant Isolation^[[2m > ^[[22m^[[2mTransaction Isolation^[[2m > ^[[22m^[[2mshould not leak data across schema transactions
coverage	Run coverage suite	2026-09-10T06:25:34.8670889Z ^[[22m^[[39m[SchemaPerTenant] Using schema: tenant_tenant_bob
coverage	Run coverage suite	2026-09-10T06:25:34.8671811Z 
coverage	Run coverage suite	2026-09-10T06:25:34.8673393Z ^[[90mstdout^[[2m | tests/tenancy/isolated.spec.ts^[[2m > ^[[22m^[[2mSchema-Per-Tenant Isolation^[[2m > ^[[22m^[[2mTransaction Isolation^[[2m > ^[[22m^[[2mshould not leak data across schema transactions
coverage	Run coverage suite	2026-09-10T06:25:34.8690809Z ^[[22m^[[39m[SchemaPerTenant] Query in tenant_tenant_bob: SELECT * FROM subscriptions
coverage	Run coverage suite	2026-09-10T06:25:34.8692384Z 
coverage	Run coverage suite	2026-09-10T06:25:34.8694410Z ^[[90mstdout^[[2m | tests/tenancy/isolated.spec.ts^[[2m > ^[[22m^[[2mSchema-Per-Tenant Isolation^[[2m > ^[[22m^[[2mConcurrent Access^[[2m > ^[[22m^[[2mshould handle multiple tenants querying simultaneously
coverage	Run coverage suite	2026-09-10T06:25:34.8699870Z ^[[22m^[[39m[SchemaPerTenant] Using schema: tenant_tenant_alice
coverage	Run coverage suite	2026-09-10T06:25:34.8701020Z [SchemaPerTenant] Using schema: tenant_tenant_bob
coverage	Run coverage suite	2026-09-10T06:25:34.8704326Z [SchemaPerTenant] Using schema: tenant_tenant_charlie
coverage	Run coverage suite	2026-09-10T06:25:34.8709493Z [SchemaPerTenant] Query in tenant_tenant_alice: SELECT * FROM subscriptions
coverage	Run coverage suite	2026-09-10T06:25:34.8711247Z [SchemaPerTenant] Query in tenant_tenant_bob: SELECT * FROM subscriptions
coverage	Run coverage suite	2026-09-10T06:25:34.8712788Z [SchemaPerTenant] Query in tenant_tenant_charlie: SELECT * FROM subscriptions
coverage	Run coverage suite	2026-09-10T06:25:34.8713468Z 
coverage	Run coverage suite	2026-09-10T06:25:34.8715052Z ^[[90mstdout^[[2m | tests/tenancy/isolated.spec.ts^[[2m > ^[[22m^[[2mSchema-Per-Tenant Isolation^[[2m > ^[[22m^[[2mPer-Tenant Migrations^[[2m > ^[[22m^[[2mshould support independent schema versions
coverage	Run coverage suite	2026-09-10T06:25:34.8717164Z ^[[22m^[[39m[SchemaPerTenant] Using schema: tenant_tenant_alice
coverage	Run coverage suite	2026-09-10T06:25:34.8717764Z 
coverage	Run coverage suite	2026-09-10T06:25:34.8719346Z ^[[90mstdout^[[2m | tests/tenancy/isolated.spec.ts^[[2m > ^[[22m^[[2mSchema-Per-Tenant Isolation^[[2m > ^[[22m^[[2mPer-Tenant Migrations^[[2m > ^[[22m^[[2mshould support independent schema versions
coverage	Run coverage suite	2026-09-10T06:25:34.8721236Z ^[[22m^[[39m[SchemaPerTenant] Query in tenant_tenant_alice: SELECT * FROM subscriptions
coverage	Run coverage suite	2026-09-10T06:25:34.8722352Z 
coverage	Run coverage suite	2026-09-10T06:25:34.8723939Z ^[[90mstdout^[[2m | tests/tenancy/isolated.spec.ts^[[2m > ^[[22m^[[2mSchema-Per-Tenant Isolation^[[2m > ^[[22m^[[2mPer-Tenant Migrations^[[2m > ^[[22m^[[2mshould support independent schema versions
coverage	Run coverage suite	2026-09-10T06:25:34.8725651Z ^[[22m^[[39m[SchemaPerTenant] Using schema: tenant_tenant_bob
coverage	Run coverage suite	2026-09-10T06:25:34.8726236Z 
coverage	Run coverage suite	2026-09-10T06:25:34.8727821Z ^[[90mstdout^[[2m | tests/tenancy/isolated.spec.ts^[[2m > ^[[22m^[[2mSchema-Per-Tenant Isolation^[[2m > ^[[22m^[[2mPer-Tenant Migrations^[[2m > ^[[22m^[[2mshould support independent schema versions
coverage	Run coverage suite	2026-09-10T06:25:34.8729659Z ^[[22m^[[39m[SchemaPerTenant] Query in tenant_tenant_bob: SELECT * FROM subscriptions
coverage	Run coverage suite	2026-09-10T06:25:34.8730351Z 
coverage	Run coverage suite	2026-09-10T06:25:34.8833128Z  ^[[32m✓^[[39m ^[[30m^[[45m core ^[[49m^[[39m tests/tenancy/isolated.spec.ts ^[[2m(^[[22m^[[2m10 tests^[[22m^[[2m)^[[22m^[[32m 18^[[2mms^[[22m^[[39m
coverage	Run coverage suite	2026-09-10T06:25:35.2049119Z  ^[[32m✓^[[39m ^[[30m^[[45m core ^[[49m^[[39m tests/services/billing/usage-invoice-builder.spec.ts ^[[2m(^[[22m^[[2m2 tests^[[22m^[[2m)^[[22m^[[32m 33^[[2mms^[[22m^[[39m
coverage	Run coverage suite	2026-09-10T06:25:35.6638008Z  ^[[32m✓^[[39m ^[[30m^[[45m core ^[[49m^[[39m packages/mcp-server/test/compose/view-extension-collector.spec.ts ^[[2m(^[[22m^[[2m16 tests^[[22m^[[2m)^[[22m^[[32m 167^[[2mms^[[22m^[[39m
coverage	Run coverage suite	2026-09-10T06:25:36.1385452Z  ^[[32m✓^[[39m ^[[30m^[[45m core ^[[49m^[[39m packages/mcp-server/test/codegen/vue-reactivity.spec.ts ^[[2m(^[[22m^[[2m12 tests^[[22m^[[2m)^[[22m^[[32m 27^[[2mms^[[22m^[[39m
coverage	Run coverage suite	2026-09-10T06:25:36.8544932Z  ^[[32m✓^[[39m ^[[30m^[[45m core ^[[49m^[[39m tests/tokens/collision-guard.test.ts ^[[2m(^[[22m^[[2m7 tests^[[22m^[[2m)^[[22m^[[33m 429^[[2mms^[[22m^[[39m
coverage	Run coverage suite	2026-09-10T06:25:38.7224118Z  ^[[32m✓^[[39m ^[[30m^[[45m core ^[[49m^[[39m packages/mcp-server/test/tools/artifact.certify.echarts-render-grading.s179.spec.ts ^[[2m(^[[22m^[[2m13 tests^[[22m^[[2m)^[[22m^[[33m 1001^[[2mms^[[22m^[[39m
coverage	Run coverage suite	2026-09-10T06:25:38.7227020Z    ^[[33m^[[2m✓^[[22m^[[39m artifact.certify — operand-backed ECharts render grading (s179 m05)^[[2m > ^[[22m'treemap': keeps option identity and adds a stable first-render hash ^[[33m 652^[[2mms^[[22m^[[39m
coverage	Run coverage suite	2026-09-10T06:25:40.6848143Z  ^[[32m✓^[[39m ^[[30m^[[45m core ^[[49m^[[39m packages/mcp-server/test/e2e/object-codegen-pipeline.spec.ts ^[[2m(^[[22m^[[2m5 tests^[[22m^[[2m)^[[22m^[[33m 847^[[2mms^[[22m^[[39m
coverage	Run coverage suite	2026-09-10T06:25:40.6853286Z    ^[[33m^[[2m✓^[[22m^[[39m E2E object codegen target readiness^[[2m > ^[[22mbuilds the original Subscription detail now that ArchiveSummary is governed ^[[33m 703^[[2mms^[[22m^[[39m
coverage	Run coverage suite	2026-09-10T06:25:43.5569454Z  ^[[31m❯^[[39m ^[[30m^[[45m core ^[[49m^[[39m packages/mcp-server/test/product-reality/billing-composition.s188.spec.ts ^[[2m(^[[22m^[[2m3 tests^[[22m^[[2m | ^[[22m^[[31m1 failed^[[39m^[[2m)^[[22m^[[33m 1737^[[2mms^[[22m^[[39m
coverage	Run coverage suite	2026-09-10T06:25:43.5574002Z    ^[[32m✓^[[39m Decision 1822 bounded recipe composition^[[2m > ^[[22mresolves object overrides before trait defaults, preserves references and authored runtime props, and does not mutate inputs^[[32m 139^[[2mms^[[22m^[[39m
coverage	Run coverage suite	2026-09-10T06:25:43.5583549Z    ^[[32m✓^[[39m Decision 1822 bounded recipe composition^[[2m > ^[[22mnever selects the recipes for generic detail slots or an amount-bearing object without Billable^[[32m 156^[[2mms^[[22m^[[39m
coverage	Run coverage suite	2026-09-10T06:25:43.5586496Z ^[[31m   ^[[31m×^[[31m Decision 1822 bounded recipe composition^[[2m > ^[[22mpreserves the historical exact diff and current declared recipes across 66 schemas and 132 artifacts^[[39m^[[33m 1441^[[2mms^[[22m^[[39m
coverage	Run coverage suite	2026-09-10T06:25:43.5588762Z ^[[31m     → expected 'Amount in USD' to be 'Recurring price expressed in minor un…' // Object.is equality^[[39m
coverage	Run coverage suite	2026-09-10T06:25:43.8886138Z  ^[[32m✓^[[39m ^[[30m^[[45m core ^[[49m^[[39m tests/styles/view-context-collapse.test.ts ^[[2m(^[[22m^[[2m13 tests^[[22m^[[2m)^[[22m^[[32m 9^[[2mms^[[22m^[[39m
coverage	Run coverage suite	2026-09-10T06:25:44.2338718Z  ^[[32m✓^[[39m ^[[30m^[[45m core ^[[49m^[[39m tests/traits/viz/spatial/layered-overlay.test.ts ^[[2m(^[[22m^[[2m25 tests^[[22m^[[2m)^[[22m^[[32m 15^[[2mms^[[22m^[[39m
coverage	Run coverage suite	2026-09-10T06:25:44.8496843Z  ^[[32m✓^[[39m ^[[30m^[[45m core ^[[49m^[[39m tests/database/communication-migrations.test.ts ^[[2m(^[[22m^[[2m4 tests^[[22m^[[2m)^[[22m^[[32m 244^[[2mms^[[22m^[[39m
coverage	Run coverage suite	2026-09-10T06:25:45.2301198Z  ^[[32m✓^[[39m ^[[30m^[[45m core ^[[49m^[[39m tests/governance-gates/enforce-preserves-build-inputs.test.ts ^[[2m(^[[22m^[[2m4 tests^[[22m^[[2m)^[[22m^[[32m 109^[[2mms^[[22m^[[39m
coverage	Run coverage suite	2026-09-10T06:25:45.8902538Z  ^[[32m✓^[[39m ^[[30m^[[45m core ^[[49m^[[39m packages/mcp-server/test/contracts/versioning.spec.ts ^[[2m(^[[22m^[[2m22 tests^[[22m^[[2m)^[[22m^[[32m 196^[[2mms^[[22m^[[39m
coverage	Run coverage suite	2026-09-10T06:25:46.2314153Z  ^[[32m✓^[[39m ^[[30m^[[45m core ^[[49m^[[39m tests/integrations/billing/stripe.spec.ts ^[[2m(^[[22m^[[2m9 tests^[[22m^[[2m)^[[22m^[[32m 32^[[2mms^[[22m^[[39m
coverage	Run coverage suite	2026-09-10T06:25:47.1128216Z  ^[[32m✓^[[39m ^[[30m^[[45m core ^[[49m^[[39m packages/mcp-server/test/tools/echarts-role-a-assignment.s179.spec.ts ^[[2m(^[[22m^[[2m14 tests^[[22m^[[2m)^[[22m^[[32m 111^[[2mms^[[22m^[[39m
coverage	Run coverage suite	2026-09-10T06:25:47.4177024Z  ^[[32m✓^[[39m ^[[30m^[[45m core ^[[49m^[[39m tests/tokens/viz-map.test.ts ^[[2m(^[[22m^[[2m20 tests^[[22m^[[2m)^[[22m^[[32m 12^[[2mms^[[22m^[[39m
coverage	Run coverage suite	2026-09-10T06:25:47.8388945Z  ^[[32m✓^[[39m ^[[30m^[[45m core ^[[49m^[[39m packages/mcp-server/test/e2e/review-resolve-q3.e2e.spec.ts ^[[2m(^[[22m^[[2m25 tests^[[22m^[[2m)^[[22m^[[32m 85^[[2mms^[[22m^[[39m
coverage	Run coverage suite	2026-09-10T06:25:48.2902820Z  ^[[32m✓^[[39m ^[[30m^[[45m core ^[[49m^[[39m packages/mcp-server/test/e2e/a2ui-image-q3.e2e.spec.ts ^[[2m(^[[22m^[[2m24 tests^[[22m^[[2m)^[[22m^[[32m 103^[[2mms^[[22m^[[39m
coverage	Run coverage suite	2026-09-10T06:25:48.5897761Z  ^[[32m✓^[[39m ^[[30m^[[45m core ^[[49m^[[39m tests/viz/spatial/geo-format-parser.test.ts ^[[2m(^[[22m^[[2m22 tests^[[22m^[[2m)^[[22m^[[32m 13^[[2mms^[[22m^[[39m
coverage	Run coverage suite	2026-09-10T06:25:49.1393046Z  ^[[32m✓^[[39m ^[[30m^[[45m core ^[[49m^[[39m tests/components/stepper.test.tsx ^[[2m(^[[22m^[[2m19 tests^[[22m^[[2m)^[[22m^[[32m 46^[[2mms^[[22m^[[39m
coverage	Run coverage suite	2026-09-10T06:25:49.5939372Z  ^[[32m✓^[[39m ^[[30m^[[45m core ^[[49m^[[39m packages/mcp-server/test/e2e/conflict-detail-q3.e2e.spec.ts ^[[2m(^[[22m^[[2m83 tests^[[22m^[[2m)^[[22m^[[32m 104^[[2mms^[[22m^[[39m
coverage	Run coverage suite	2026-09-10T06:25:50.6754701Z  ^[[32m✓^[[39m ^[[30m^[[45m core ^[[49m^[[39m packages/mcp-server/test/scale/viz-determinism.spec.ts ^[[2m(^[[22m^[[2m42 tests^[[22m^[[2m)^[[22m^[[33m 373^[[2mms^[[22m^[[39m
coverage	Run coverage suite	2026-09-10T06:25:51.2484922Z  ^[[32m✓^[[39m ^[[30m^[[45m core ^[[49m^[[39m packages/mcp-server/test/render/confidence-affordance.spec.ts ^[[2m(^[[22m^[[2m15 tests^[[22m^[[2m)^[[22m^[[32m 21^[[2mms^[[22m^[[39m
coverage	Run coverage suite	2026-09-10T06:25:53.3643284Z  ^[[32m✓^[[39m ^[[30m^[[45m core ^[[49m^[[39m packages/mcp-server/test/product-reality/recipe-header-fields.s185.spec.ts ^[[2m(^[[22m^[[2m19 tests^[[22m^[[2m)^[[22m^[[33m 704^[[2mms^[[22m^[[39m
coverage	Run coverage suite	2026-09-10T06:25:54.4458535Z  ^[[32m✓^[[39m ^[[30m^[[45m core ^[[49m^[[39m packages/mcp-server/test/tools/dashboard-a11y-equivalence-emission.spec.ts ^[[2m(^[[22m^[[2m9 tests^[[22m^[[2m)^[[22m^[[32m 80^[[2mms^[[22m^[[39m
coverage	Run coverage suite	2026-09-10T06:25:54.9870533Z  ^[[32m✓^[[39m ^[[30m^[[45m core ^[[49m^[[39m packages/mcp-server/test/contracts/registry-gaps.contract.spec.ts ^[[2m(^[[22m^[[2m10 tests^[[22m^[[2m)^[[22m^[[32m 24^[[2mms^[[22m^[[39m
coverage	Run coverage suite	2026-09-10T06:25:55.4806933Z  ^[[32m✓^[[39m ^[[30m^[[45m core ^[[49m^[[39m packages/mcp-server/test/product-reality/nucleus-pins.s185.spec.ts ^[[2m(^[[22m^[[2m5 tests^[[22m^[[2m)^[[22m^[[32m 188^[[2mms^[[22m^[[39m
coverage	Run coverage suite	2026-09-10T06:25:56.2556076Z  ^[[32m✓^[[39m ^[[30m^[[45m core ^[[49m^[[39m packages/mcp-server/test/contracts/upstream-trait-sync.contract.spec.ts ^[[2m(^[[22m^[[2m10 tests^[[22m^[[2m)^[[22m^[[32m 278^[[2mms^[[22m^[[39m
coverage	Run coverage suite	2026-09-10T06:25:56.8570817Z  ^[[32m✓^[[39m ^[[30m^[[45m core ^[[49m^[[39m tests/services/classification/hybrid-term-adapter.spec.ts ^[[2m(^[[22m^[[2m2 tests^[[22m^[[2m)^[[22m^[[32m 197^[[2mms^[[22m^[[39m
coverage	Run coverage suite	2026-09-10T06:25:58.0246570Z  ^[[31m❯^[[39m ^[[30m^[[45m core ^[[49m^[[39m tests/e2e/code-generate.test.ts ^[[2m(^[[22m^[[2m7 tests^[[22m^[[2m | ^[[22m^[[31m1 failed^[[39m^[[2m)^[[22m^[[32m 61^[[2mms^[[22m^[[39m
coverage	Run coverage suite	2026-09-10T06:25:58.0249325Z    ^[[32m✓^[[39m code.generate E2E — registration^[[2m > ^[[22mis listed in registry.json auto tools^[[32m 3^[[2mms^[[22m^[[39m
coverage	Run coverage suite	2026-09-10T06:25:58.0253401Z    ^[[32m✓^[[39m code.generate E2E — registration^[[2m > ^[[22mhas a policy rule in policy.json^[[32m 1^[[2mms^[[22m^[[39m
coverage	Run coverage suite	2026-09-10T06:25:58.0255168Z    ^[[32m✓^[[39m code.generate E2E — registration^[[2m > ^[[22mhas input and output JSON schemas^[[32m 2^[[2mms^[[22m^[[39m
coverage	Run coverage suite	2026-09-10T06:25:58.0257101Z    ^[[32m✓^[[39m code.generate E2E — bridge parity^[[2m > ^[[22mtranslates code.generate to code_generate and back^[[32m 0^[[2mms^[[22m^[[39m
coverage	Run coverage suite	2026-09-10T06:25:58.0259478Z    ^[[32m✓^[[39m code.generate E2E — round-trip pipeline^[[2m > ^[[22mvalidate → render → code.generate (React) is consistent^[[32m 27^[[2mms^[[22m^[[39m
coverage	Run coverage suite	2026-09-10T06:25:58.0262163Z    ^[[32m✓^[[39m code.generate E2E — round-trip pipeline^[[2m > ^[[22mvalidate → render → code.generate (Vue) is consistent^[[32m 5^[[2mms^[[22m^[[39m
coverage	Run coverage suite	2026-09-10T06:25:58.0264657Z ^[[31m   ^[[31m×^[[31m code.generate E2E — round-trip pipeline^[[2m > ^[[22mcode.generate HTML matches repl.render for round-trip schema^[[39m^[[32m 21^[[2mms^[[22m^[[39m
coverage	Run coverage suite	2026-09-10T06:25:58.0266635Z ^[[31m     → expected '<!DOCTYPE html>\n<html lang="en" data…' to be '<!DOCTYPE html>\n<html lang="en" data…' // Object.is equality^[[39m
coverage	Run coverage suite	2026-09-10T06:26:32.5505505Z  ^[[32m✓^[[39m ^[[30m^[[45m core ^[[49m^[[39m packages/mcp-server/test/codegen/collections.s189.spec.ts ^[[2m(^[[22m^[[2m12 tests^[[22m^[[2m)^[[22m^[[33m 33370^[[2mms^[[22m^[[39m
coverage	Run coverage suite	2026-09-10T06:26:32.5512674Z    ^[[33m^[[2m✓^[[22m^[[39m collection screens own the data presentation^[[2m > ^[[22mreact standalone collection props compile without a workflow or invented records ^[[33m 8030^[[2mms^[[22m^[[39m
coverage	Run coverage suite	2026-09-10T06:26:32.5524224Z    ^[[33m^[[2m✓^[[22m^[[39m collection screens own the data presentation^[[2m > ^[[22mvue standalone collection props compile without a workflow or invented records ^[[33m 14599^[[2mms^[[22m^[[39m
coverage	Run coverage suite	2026-09-10T06:26:32.5526860Z    ^[[33m^[[2m✓^[[22m^[[39m collection screens own the data presentation^[[2m > ^[[22mreact App binds the composed collection instead of shipping a competing presentation ^[[33m 654^[[2mms^[[22m^[[39m
coverage	Run coverage suite	2026-09-10T06:26:32.5529211Z    ^[[33m^[[2m✓^[[22m^[[39m collection screens own the data presentation^[[2m > ^[[22mreact JavaScript collection output has real runtime props and no TypeScript-only imports ^[[33m 3776^[[2mms^[[22m^[[39m
coverage	Run coverage suite	2026-09-10T06:26:32.5532024Z    ^[[33m^[[2m✓^[[22m^[[39m collection screens own the data presentation^[[2m > ^[[22mvue JavaScript collection output has real runtime props and no TypeScript-only imports ^[[33m 5734^[[2mms^[[22m^[[39m
coverage	Run coverage suite	2026-09-10T06:26:32.9713777Z  ^[[32m✓^[[39m ^[[30m^[[45m core ^[[49m^[[39m packages/mcp-server/test/e2e/review-queue-q3.e2e.spec.ts ^[[2m(^[[22m^[[2m66 tests^[[22m^[[2m)^[[22m^[[32m 90^[[2mms^[[22m^[[39m
coverage	Run coverage suite	2026-09-10T06:26:33.2653930Z ^[[90mstdout^[[2m | tests/tenancy/shared.spec.ts^[[2m > ^[[22m^[[2mShared-Schema Tenancy^[[2m > ^[[22m^[[2mTenant Isolation^[[2m > ^[[22m^[[2mshould isolate queries to current tenant
coverage	Run coverage suite	2026-09-10T06:26:33.2656557Z ^[[22m^[[39m[SharedSchema] Query for tenant tenant-alice: SELECT * FROM subscriptions WHERE tenant_id = 'tenant-alice'
coverage	Run coverage suite	2026-09-10T06:26:33.2657823Z 
coverage	Run coverage suite	2026-09-10T06:26:33.2659640Z ^[[90mstdout^[[2m | tests/tenancy/shared.spec.ts^[[2m > ^[[22m^[[2mShared-Schema Tenancy^[[2m > ^[[22m^[[2mTenant Isolation^[[2m > ^[[22m^[[2mshould isolate queries to current tenant
coverage	Run coverage suite	2026-09-10T06:26:33.2662876Z ^[[22m^[[39m[SharedSchema] Query for tenant tenant-bob: SELECT * FROM subscriptions WHERE tenant_id = 'tenant-bob'
coverage	Run coverage suite	2026-09-10T06:26:33.2663997Z 
coverage	Run coverage suite	2026-09-10T06:26:33.2684806Z ^[[90mstdout^[[2m | tests/tenancy/shared.spec.ts^[[2m > ^[[22m^[[2mShared-Schema Tenancy^[[2m > ^[[22m^[[2mTenant Isolation^[[2m > ^[[22m^[[2mshould prevent cross-tenant data access
coverage	Run coverage suite	2026-09-10T06:26:33.2688829Z ^[[22m^[[39m[SharedSchema] Query for tenant tenant-alice: SELECT * FROM subscriptions WHERE tenant_id = 'tenant-alice'
coverage	Run coverage suite	2026-09-10T06:26:33.2690043Z 
coverage	Run coverage suite	2026-09-10T06:26:33.2721820Z ^[[90mstdout^[[2m | tests/tenancy/shared.spec.ts^[[2m > ^[[22m^[[2mShared-Schema Tenancy^[[2m > ^[[22m^[[2mTransaction Isolation^[[2m > ^[[22m^[[2mshould maintain tenant context across transaction
coverage	Run coverage suite	2026-09-10T06:26:33.2726105Z ^[[22m^[[39m[SharedSchema] BEGIN for tenant tenant-alice
coverage	Run coverage suite	2026-09-10T06:26:33.2726939Z 
coverage	Run coverage suite	2026-09-10T06:26:33.2728903Z ^[[90mstdout^[[2m | tests/tenancy/shared.spec.ts^[[2m > ^[[22m^[[2mShared-Schema Tenancy^[[2m > ^[[22m^[[2mTransaction Isolation^[[2m > ^[[22m^[[2mshould maintain tenant context across transaction
coverage	Run coverage suite	2026-09-10T06:26:33.2741400Z ^[[22m^[[39m[SharedSchema] Execute for tenant tenant-alice: INSERT INTO subscriptions (id, status) VALUES (?, ?)
coverage	Run coverage suite	2026-09-10T06:26:33.2743920Z 
coverage	Run coverage suite	2026-09-10T06:26:33.2745826Z ^[[90mstdout^[[2m | tests/tenancy/shared.spec.ts^[[2m > ^[[22m^[[2mShared-Schema Tenancy^[[2m > ^[[22m^[[2mTransaction Isolation^[[2m > ^[[22m^[[2mshould maintain tenant context across transaction
coverage	Run coverage suite	2026-09-10T06:26:33.2750284Z ^[[22m^[[39m[SharedSchema] COMMIT for tenant tenant-alice
coverage	Run coverage suite	2026-09-10T06:26:33.2751022Z 
coverage	Run coverage suite	2026-09-10T06:26:33.2753222Z ^[[90mstdout^[[2m | tests/tenancy/shared.spec.ts^[[2m > ^[[22m^[[2mShared-Schema Tenancy^[[2m > ^[[22m^[[2mTransaction Isolation^[[2m > ^[[22m^[[2mshould restore context after rollback
coverage	Run coverage suite	2026-09-10T06:26:33.2756112Z ^[[22m^[[39m[SharedSchema] BEGIN for tenant tenant-bob
coverage	Run coverage suite	2026-09-10T06:26:33.2758058Z 
coverage	Run coverage suite	2026-09-10T06:26:33.2759880Z ^[[90mstdout^[[2m | tests/tenancy/shared.spec.ts^[[2m > ^[[22m^[[2mShared-Schema Tenancy^[[2m > ^[[22m^[[2mTransaction Isolation^[[2m > ^[[22m^[[2mshould restore context after rollback
coverage	Run coverage suite	2026-09-10T06:26:33.2782722Z ^[[22m^[[39m[SharedSchema] Execute for tenant tenant-bob: INSERT INTO subscriptions (id, status) VALUES (?, ?)
coverage	Run coverage suite	2026-09-10T06:26:33.2783436Z 
coverage	Run coverage suite	2026-09-10T06:26:33.2784912Z ^[[90mstdout^[[2m | tests/tenancy/shared.spec.ts^[[2m > ^[[22m^[[2mShared-Schema Tenancy^[[2m > ^[[22m^[[2mTransaction Isolation^[[2m > ^[[22m^[[2mshould restore context after rollback
coverage	Run coverage suite	2026-09-10T06:26:33.2786349Z ^[[22m^[[39m[SharedSchema] ROLLBACK for tenant tenant-bob
coverage	Run coverage suite	2026-09-10T06:26:33.2786754Z 
coverage	Run coverage suite	2026-09-10T06:26:33.2875206Z  ^[[32m✓^[[39m ^[[30m^[[45m core ^[[49m^[[39m tests/tenancy/shared.spec.ts ^[[2m(^[[22m^[[2m11 tests^[[22m^[[2m)^[[22m^[[32m 14^[[2mms^[[22m^[[39m
coverage	Run coverage suite	2026-09-10T06:26:34.8259050Z  ^[[32m✓^[[39m ^[[30m^[[45m core ^[[49m^[[39m packages/mcp-server/test/e2e/mapping-versioning.e2e.spec.ts ^[[2m(^[[22m^[[2m3 tests^[[22m^[[2m)^[[22m^[[33m 1281^[[2mms^[[22m^[[39m
coverage	Run coverage suite	2026-09-10T06:26:34.8273668Z    ^[[33m^[[2m✓^[[22m^[[39m mapping + versioning bridge E2E^[[2m > ^[[22mmap.create → map.list → map.resolve round-trip via bridge (multi-system) ^[[33m 960^[[2mms^[[22m^[[39m
coverage	Run coverage suite	2026-09-10T06:26:35.2032806Z  ^[[32m✓^[[39m ^[[30m^[[45m core ^[[49m^[[39m packages/mcp-server/test/product-reality/reconnect.s185.spec.ts ^[[2m(^[[22m^[[2m11 tests^[[22m^[[2m)^[[22m^[[32m 102^[[2mms^[[22m^[[39m
coverage	Run coverage suite	2026-09-10T06:26:35.5145109Z  ^[[32m✓^[[39m ^[[30m^[[45m core ^[[49m^[[39m tests/viz/spatial/geo-data-joiner.test.ts ^[[2m(^[[22m^[[2m13 tests^[[22m^[[2m)^[[22m^[[32m 9^[[2mms^[[22m^[[39m
coverage	Run coverage suite	2026-09-10T06:26:36.9155632Z  ^[[31m❯^[[39m ^[[30m^[[45m core ^[[49m^[[39m packages/mcp-server/test/contracts/fragment-anchor-contract.spec.ts ^[[2m(^[[22m^[[2m3 tests^[[22m^[[2m | ^[[22m^[[31m1 failed^[[39m^[[2m)^[[22m^[[33m 469^[[2mms^[[22m^[[39m
coverage	Run coverage suite	2026-09-10T06:26:36.9174059Z    ^[[32m✓^[[39m fragment-anchor contract: both anchors present on fragments output^[[2m > ^[[22memits data-oods-node-id AND data-oods-label on every labeled fragment node^[[32m 96^[[2mms^[[22m^[[39m
coverage	Run coverage suite	2026-09-10T06:26:36.9177251Z    ^[[32m✓^[[39m fragment-anchor contract: data-oods-label durable, data-oods-node-id best-effort^[[2m > ^[[22mis deterministic — identical input yields identical label->node-id map^[[32m 291^[[2mms^[[22m^[[39m
coverage	Run coverage suite	2026-09-10T06:26:36.9180731Z ^[[31m   ^[[31m×^[[31m fragment-anchor contract: data-oods-label durable, data-oods-node-id best-effort^[[2m > ^[[22ma surviving slot keeps its data-oods-label while data-oods-node-id may shift^[[39m^[[32m 80^[[2mms^[[22m^[[39m
coverage	Run coverage suite	2026-09-10T06:26:36.9183225Z ^[[31m     → expected false to be true // Object.is equality^[[39m
coverage	Run coverage suite	2026-09-10T06:26:37.2205750Z  ^[[32m✓^[[39m ^[[30m^[[45m guardrails ^[[49m^[[39m testing/a11y/brand-description-truth.spec.ts ^[[2m(^[[22m^[[2m3 tests^[[22m^[[2m)^[[22m^[[32m 22^[[2mms^[[22m^[[39m
coverage	Run coverage suite	2026-09-10T06:26:38.2902984Z  ^[[32m✓^[[39m ^[[30m^[[45m core ^[[49m^[[39m packages/mcp-server/test/product-reality/m06-evidence.s184.spec.ts ^[[2m(^[[22m^[[2m4 tests^[[22m^[[2m)^[[22m^[[32m 119^[[2mms^[[22m^[[39m
coverage	Run coverage suite	2026-09-10T06:26:38.7286787Z  ^[[32m✓^[[39m ^[[30m^[[45m core ^[[49m^[[39m tests/services/classification/ltree-query-service.spec.ts ^[[2m(^[[22m^[[2m4 tests^[[22m^[[2m)^[[22m^[[32m 125^[[2mms^[[22m^[[39m
coverage	Run coverage suite	2026-09-10T06:26:39.1072393Z  ^[[32m✓^[[39m ^[[30m^[[45m core ^[[49m^[[39m tests/registry/resolver.test.ts ^[[2m(^[[22m^[[2m6 tests^[[22m^[[2m)^[[22m^[[32m 34^[[2mms^[[22m^[[39m
coverage	Run coverage suite	2026-09-10T06:26:39.8824135Z  ^[[32m✓^[[39m ^[[30m^[[45m core ^[[49m^[[39m packages/mcp-server/test/compose/slot-content-distributor.spec.ts ^[[2m(^[[22m^[[2m7 tests^[[22m^[[2m)^[[22m^[[32m 281^[[2mms^[[22m^[[39m
coverage	Run coverage suite	2026-09-10T06:26:41.0594528Z  ^[[32m✓^[[39m ^[[30m^[[45m core ^[[49m^[[39m packages/mcp-server/test/contracts/registry-snapshot.spec.ts ^[[2m(^[[22m^[[2m5 tests^[[22m^[[2m)^[[22m^[[33m 738^[[2mms^[[22m^[[39m
coverage	Run coverage suite	2026-09-10T06:26:41.0607977Z    ^[[33m^[[2m✓^[[22m^[[39m registry.snapshot handler^[[2m > ^[[22mbenchmarks the snapshot p99 within a relative warmup budget at 100, 500, and 1000 mappings ^[[33m 672^[[2mms^[[22m^[[39m
coverage	Run coverage suite	2026-09-10T06:26:41.3264356Z  ^[[32m✓^[[39m ^[[30m^[[45m core ^[[49m^[[39m packages/mcp-server/test/contracts/s90-registration-audit.spec.ts ^[[2m(^[[22m^[[2m35 tests^[[22m^[[2m)^[[22m^[[32m 13^[[2mms^[[22m^[[39m
coverage	Run coverage suite	2026-09-10T06:26:44.0834149Z  ^[[32m✓^[[39m ^[[30m^[[45m core ^[[49m^[[39m packages/mcp-server/test/product-reality/m04-controls.s185.spec.ts ^[[2m(^[[22m^[[2m13 tests^[[22m^[[2m)^[[22m^[[33m 827^[[2mms^[[22m^[[39m
coverage	Run coverage suite	2026-09-10T06:26:44.0837030Z    ^[[33m^[[2m✓^[[22m^[[39m Sprint 185 m04 controls verify their intended failure boundary^[[2m > ^[[22mreact removes the complete DetailHeader body and preserves the other four implementations ^[[33m 421^[[2mms^[[22m^[[39m
coverage	Run coverage suite	2026-09-10T06:26:44.0839983Z    ^[[33m^[[2m✓^[[22m^[[39m Sprint 185 m04 controls verify their intended failure boundary^[[2m > ^[[22mvue removes the complete DetailHeader body and preserves the other four implementations ^[[33m 304^[[2mms^[[22m^[[39m
coverage	Run coverage suite	2026-09-10T06:26:45.5944942Z  ^[[32m✓^[[39m ^[[30m^[[45m core ^[[49m^[[39m packages/mcp-server/test/tools/certify-echarts-role-c.spec.ts ^[[2m(^[[22m^[[2m16 tests^[[22m^[[2m)^[[22m^[[33m 751^[[2mms^[[22m^[[39m
coverage	Run coverage suite	2026-09-10T06:26:45.5947614Z    ^[[33m^[[2m✓^[[22m^[[39m ECharts Role-C structural paint extraction^[[2m > ^[[22m'treemap': extracts only visible chart carriers from the exact served option ^[[33m 563^[[2mms^[[22m^[[39m
coverage	Run coverage suite	2026-09-10T06:26:46.0230137Z  ^[[32m✓^[[39m ^[[30m^[[45m core ^[[49m^[[39m packages/mcp-server/test/product-reality/history-pins.s185.spec.ts ^[[2m(^[[22m^[[2m13 tests^[[22m^[[2m)^[[22m^[[32m 161^[[2mms^[[22m^[[39m
coverage	Run coverage suite	2026-09-10T06:26:46.3008515Z  ^[[32m✓^[[39m ^[[30m^[[45m core ^[[49m^[[39m tests/compliance/audit-log.spec.ts ^[[2m(^[[22m^[[2m15 tests^[[22m^[[2m)^[[22m^[[32m 27^[[2mms^[[22m^[[39m
coverage	Run coverage suite	2026-09-10T06:26:47.7590117Z  ^[[32m✓^[[39m ^[[30m^[[45m core ^[[49m^[[39m packages/mcp-server/test/objects/trait-composer.spec.ts ^[[2m(^[[22m^[[2m14 tests^[[22m^[[2m)^[[22m^[[33m 1207^[[2mms^[[22m^[[39m
coverage	Run coverage suite	2026-09-10T06:26:48.0285812Z  ^[[32m✓^[[39m ^[[30m^[[45m core ^[[49m^[[39m tests/traits/viz/spatial/spatial-composition.test.ts ^[[2m(^[[22m^[[2m15 tests^[[22m^[[2m)^[[22m^[[32m 9^[[2mms^[[22m^[[39m
coverage	Run coverage suite	2026-09-10T06:26:48.3448789Z  ^[[32m✓^[[39m ^[[30m^[[45m core ^[[49m^[[39m tests/components/progress.test.tsx ^[[2m(^[[22m^[[2m18 tests^[[22m^[[2m)^[[22m^[[32m 26^[[2mms^[[22m^[[39m
coverage	Run coverage suite	2026-09-10T06:26:48.6044227Z  ^[[32m✓^[[39m ^[[30m^[[45m core ^[[49m^[[39m packages/mcp-server/test/presets/brand-presets.spec.ts ^[[2m(^[[22m^[[2m29 tests^[[22m^[[2m)^[[22m^[[32m 12^[[2mms^[[22m^[[39m
coverage	Run coverage suite	2026-09-10T06:26:50.0948184Z  ^[[32m✓^[[39m ^[[30m^[[45m core ^[[49m^[[39m packages/mcp-server/test/tools/certify-echarts-render-contrast.s179.spec.ts ^[[2m(^[[22m^[[2m13 tests^[[22m^[[2m)^[[22m^[[33m 819^[[2mms^[[22m^[[39m
coverage	Run coverage suite	2026-09-10T06:26:50.0953648Z    ^[[33m^[[2m✓^[[22m^[[39m ECharts rendered categorical contrast (s179 m04)^[[2m > ^[[22m'treemap': composes actual carriers with the family semantic assignment ^[[33m 568^[[2mms^[[22m^[[39m
coverage	Run coverage suite	2026-09-10T06:26:57.3291283Z  ^[[32m✓^[[39m ^[[30m^[[45m core ^[[49m^[[39m tests/verification/s178-viz-twin-retirement.contract.test.ts ^[[2m(^[[22m^[[2m3 tests^[[22m^[[2m)^[[22m^[[33m 6726^[[2mms^[[22m^[[39m
coverage	Run coverage suite	2026-09-10T06:26:57.3294383Z    ^[[33m^[[2m✓^[[22m^[[39m Sprint 178 viz twin retirement rung 1^[[2m > ^[[22mrejects external import/export/require/vi.mock references to retired paths ^[[33m 6719^[[2mms^[[22m^[[39m
coverage	Run coverage suite	2026-09-10T06:26:59.4621956Z  ^[[32m✓^[[39m ^[[30m^[[45m core ^[[49m^[[39m packages/mcp-server/test/product-reality/read-only-field-binding.s185.spec.ts ^[[2m(^[[22m^[[2m13 tests^[[22m^[[2m)^[[22m^[[33m 814^[[2mms^[[22m^[[39m
coverage	Run coverage suite	2026-09-10T06:26:59.8964737Z  ^[[32m✓^[[39m ^[[30m^[[45m core ^[[49m^[[39m packages/mcp-server/test/compose/label-generator.spec.ts ^[[2m(^[[22m^[[2m13 tests^[[22m^[[2m)^[[22m^[[32m 157^[[2mms^[[22m^[[39m
coverage	Run coverage suite	2026-09-10T06:27:14.3802028Z  ^[[32m✓^[[39m ^[[30m^[[45m core ^[[49m^[[39m packages/mcp-server/test/codegen/form-detail.s189.spec.ts ^[[2m(^[[22m^[[2m8 tests^[[22m^[[2m)^[[22m^[[33m 13202^[[2mms^[[22m^[[39m
coverage	Run coverage suite	2026-09-10T06:27:14.3809848Z    ^[[33m^[[2m✓^[[22m^[[39m form and detail reconcile their declared semantics^[[2m > ^[[22mreact workflow compiles its on-demand cancellation and native form ^[[33m 5006^[[2mms^[[22m^[[39m
coverage	Run coverage suite	2026-09-10T06:27:14.3828822Z    ^[[33m^[[2m✓^[[22m^[[39m form and detail reconcile their declared semantics^[[2m > ^[[22mvue workflow compiles its on-demand cancellation and native form ^[[33m 7843^[[2mms^[[22m^[[39m
coverage	Run coverage suite	2026-09-10T06:27:14.6845529Z  ^[[32m✓^[[39m ^[[30m^[[45m core ^[[49m^[[39m tests/traits/viz/spatial/has-projection.test.ts ^[[2m(^[[22m^[[2m19 tests^[[22m^[[2m)^[[22m^[[32m 11^[[2mms^[[22m^[[39m
coverage	Run coverage suite	2026-09-10T06:27:15.5434901Z  ^[[32m✓^[[39m ^[[30m^[[45m core ^[[49m^[[39m packages/mcp-server/test/product-reality/approved-timeout.s188.spec.ts ^[[2m(^[[22m^[[2m44 tests^[[22m^[[2m)^[[22m^[[33m 589^[[2mms^[[22m^[[39m
coverage	Run coverage suite	2026-09-10T06:27:15.8218953Z  ^[[32m✓^[[39m ^[[30m^[[45m core ^[[49m^[[39m packages/mcp-server/test/compose/wire-field-props.spec.ts ^[[2m(^[[22m^[[2m10 tests^[[22m^[[2m)^[[22m^[[32m 15^[[2mms^[[22m^[[39m
coverage	Run coverage suite	2026-09-10T06:27:34.3434143Z  ^[[32m✓^[[39m ^[[30m^[[45m core ^[[49m^[[39m packages/mcp-server/test/product-reality/payment-chart.s190.spec.ts ^[[2m(^[[22m^[[2m10 tests^[[22m^[[2m)^[[22m^[[33m 17479^[[2mms^[[22m^[[39m
coverage	Run coverage suite	2026-09-10T06:27:34.3453892Z    ^[[33m^[[2m✓^[[22m^[[39m Subscription payment chart is an actual public render^[[2m > ^[[22memits repeatable, strictly typed react workflow assets keyed by seed identity ^[[33m 5229^[[2mms^[[22m^[[39m
coverage	Run coverage suite	2026-09-10T06:27:34.3456487Z    ^[[33m^[[2m✓^[[22m^[[39m Subscription payment chart is an actual public render^[[2m > ^[[22memits repeatable, strictly typed vue workflow assets keyed by seed identity ^[[33m 7991^[[2mms^[[22m^[[39m
coverage	Run coverage suite	2026-09-10T06:27:34.3483293Z    ^[[33m^[[2m✓^[[22m^[[39m Subscription payment chart is an actual public render^[[2m > ^[[22msingle detail react has a hashed seed asset and unchanged public SVG bytes ^[[33m 1613^[[2mms^[[22m^[[39m
coverage	Run coverage suite	2026-09-10T06:27:34.3485794Z    ^[[33m^[[2m✓^[[22m^[[39m Subscription payment chart is an actual public render^[[2m > ^[[22msingle detail vue has a hashed seed asset and unchanged public SVG bytes ^[[33m 2268^[[2mms^[[22m^[[39m
coverage	Run coverage suite	2026-09-10T06:27:35.9663948Z  ^[[32m✓^[[39m ^[[30m^[[45m core ^[[49m^[[39m packages/mcp-server/test/e2e/registry-gaps.e2e.spec.ts ^[[2m(^[[22m^[[2m3 tests^[[22m^[[2m)^[[22m^[[33m 1099^[[2mms^[[22m^[[39m
coverage	Run coverage suite	2026-09-10T06:27:35.9703251Z    ^[[33m^[[2m✓^[[22m^[[39m registry gaps e2e verification^[[2m > ^[[22mWorkbench S44 fixture with Grid + known components renders all fragments via bridge ^[[33m 838^[[2mms^[[22m^[[39m
coverage	Run coverage suite	2026-09-10T06:27:36.2613324Z  ^[[32m✓^[[39m ^[[30m^[[45m core ^[[49m^[[39m tests/integrations/billing/chargebee.spec.ts ^[[2m(^[[22m^[[2m7 tests^[[22m^[[2m)^[[22m^[[32m 28^[[2mms^[[22m^[[39m
coverage	Run coverage suite	2026-09-10T06:27:36.8552858Z  ^[[32m✓^[[39m ^[[30m^[[45m core ^[[49m^[[39m packages/mcp-server/test/compose/token-injection.spec.ts ^[[2m(^[[22m^[[2m11 tests^[[22m^[[2m)^[[22m^[[32m 277^[[2mms^[[22m^[[39m
coverage	Run coverage suite	2026-09-10T06:27:37.2424773Z  ^[[32m✓^[[39m ^[[30m^[[45m core ^[[49m^[[39m tests/tokens/tailwind-screens.test.ts ^[[2m(^[[22m^[[2m7 tests^[[22m^[[2m)^[[22m^[[32m 85^[[2mms^[[22m^[[39m
coverage	Run coverage suite	2026-09-10T06:27:37.5395083Z  ^[[32m✓^[[39m ^[[30m^[[45m core ^[[49m^[[39m tests/integrations/billing/zuora.spec.ts ^[[2m(^[[22m^[[2m7 tests^[[22m^[[2m)^[[22m^[[32m 31^[[2mms^[[22m^[[39m
coverage	Run coverage suite	2026-09-10T06:27:38.9683698Z  ^[[32m✓^[[39m ^[[30m^[[45m core ^[[49m^[[39m packages/mcp-server/test/tools/artifact.certify.unchecked-tristate.spec.ts ^[[2m(^[[22m^[[2m6 tests^[[22m^[[2m)^[[22m^[[33m 633^[[2mms^[[22m^[[39m
coverage	Run coverage suite	2026-09-10T06:27:38.9689892Z    ^[[33m^[[2m✓^[[22m^[[39m artifact.certify — contrast tri-state: 'ungradeable' (tried and failed) vs 'unchecked' (nothing to grade)^[[2m > ^[[22mpoisoned canvas — grading was attempted on a colour-bearing unit and could not resolve the canvas^[[2m > ^[[22mpillars.contrast is 'ungradeable' (not 'unchecked') on the certified path ^[[33m 405^[[2mms^[[22m^[[39m
coverage	Run coverage suite	2026-09-10T06:28:05.6913240Z  ^[[32m✓^[[39m ^[[30m^[[45m core ^[[49m^[[39m packages/mcp-server/test/product-reality/collections.s191.spec.ts ^[[2m(^[[22m^[[2m6 tests^[[22m^[[2m)^[[22m^[[33m 25484^[[2mms^[[22m^[[39m
coverage	Run coverage suite	2026-09-10T06:28:05.6915925Z    ^[[33m^[[2m✓^[[22m^[[39m workflow collection domain ownership (s191)^[[2m > ^[[22mOrganization/react emits deterministic, strictly typed collection actions ^[[33m 4802^[[2mms^[[22m^[[39m
coverage	Run coverage suite	2026-09-10T06:28:05.6917918Z    ^[[33m^[[2m✓^[[22m^[[39m workflow collection domain ownership (s191)^[[2m > ^[[22mOrganization/vue emits deterministic, strictly typed collection actions ^[[33m 7840^[[2mms^[[22m^[[39m
coverage	Run coverage suite	2026-09-10T06:28:05.6919608Z    ^[[33m^[[2m✓^[[22m^[[39m workflow collection domain ownership (s191)^[[2m > ^[[22mUser/react emits deterministic, strictly typed collection actions ^[[33m 4478^[[2mms^[[22m^[[39m
coverage	Run coverage suite	2026-09-10T06:28:05.6921274Z    ^[[33m^[[2m✓^[[22m^[[39m workflow collection domain ownership (s191)^[[2m > ^[[22mUser/vue emits deterministic, strictly typed collection actions ^[[33m 7907^[[2mms^[[22m^[[39m
coverage	Run coverage suite	2026-09-10T06:28:05.6923932Z    ^[[33m^[[2m✓^[[22m^[[39m workflow collection domain ownership (s191)^[[2m > ^[[22mupserts by the declared default-role field, preserves other entries and metadata, and persists only on Save ^[[33m 385^[[2mms^[[22m^[[39m
coverage	Run coverage suite	2026-09-10T06:28:06.5325439Z  ^[[32m✓^[[39m ^[[30m^[[45m core ^[[49m^[[39m packages/mcp-server/test/product-reality/s183-m06-replay-r02.spec.ts ^[[2m(^[[22m^[[2m4 tests^[[22m^[[2m)^[[22m^[[32m 277^[[2mms^[[22m^[[39m
coverage	Run coverage suite	2026-09-10T06:28:06.9563749Z  ^[[32m✓^[[39m ^[[30m^[[45m core ^[[49m^[[39m tests/contexts/context-templates.test.tsx ^[[2m(^[[22m^[[2m16 tests^[[22m^[[2m)^[[22m^[[32m 30^[[2mms^[[22m^[[39m
coverage	Run coverage suite	2026-09-10T06:28:07.4118282Z  ^[[32m✓^[[39m ^[[30m^[[45m core ^[[49m^[[39m packages/mcp-server/test/codegen/prop-destructuring.spec.ts ^[[2m(^[[22m^[[2m9 tests^[[22m^[[2m)^[[22m^[[32m 30^[[2mms^[[22m^[[39m
coverage	Run coverage suite	2026-09-10T06:28:08.2694000Z  ^[[32m✓^[[39m ^[[30m^[[45m core ^[[49m^[[39m packages/mcp-server/test/compose/confidence-scoring.spec.ts ^[[2m(^[[22m^[[2m12 tests^[[22m^[[2m)^[[22m^[[33m 341^[[2mms^[[22m^[[39m
coverage	Run coverage suite	2026-09-10T06:28:08.5418747Z  ^[[32m✓^[[39m ^[[30m^[[45m core ^[[49m^[[39m tests/parsers/yaml-parser.test.ts ^[[2m(^[[22m^[[2m12 tests^[[22m^[[2m)^[[22m^[[32m 16^[[2mms^[[22m^[[39m
coverage	Run coverage suite	2026-09-10T06:28:10.1703989Z  ^[[32m✓^[[39m ^[[30m^[[45m core ^[[49m^[[39m packages/mcp-server/test/e2e/fragment-integration.e2e.spec.ts ^[[2m(^[[22m^[[2m9 tests^[[22m^[[2m)^[[22m^[[33m 1117^[[2mms^[[22m^[[39m
coverage	Run coverage suite	2026-09-10T06:28:10.1739879Z    ^[[33m^[[2m✓^[[22m^[[39m fragment integration e2e^[[2m > ^[[22m{ name: 'dashboard', file: 'dashboard-page.ui-schema.json', minFragments: 3, minComponentCount: 15 } bridge transport returns fragment output equivalent to direct handler ^[[33m 820^[[2mms^[[22m^[[39m
coverage	Run coverage suite	2026-09-10T06:28:10.4964090Z  ^[[32m✓^[[39m ^[[30m^[[45m core ^[[49m^[[39m tests/view/compositor/composeExtensions.test.ts ^[[2m(^[[22m^[[2m6 tests^[[22m^[[2m)^[[22m^[[32m 10^[[2mms^[[22m^[[39m
coverage	Run coverage suite	2026-09-10T06:28:11.1132851Z  ^[[32m✓^[[39m ^[[30m^[[45m core ^[[49m^[[39m tests/viz/echarts-interactions.test.ts ^[[2m(^[[22m^[[2m5 tests^[[22m^[[2m)^[[22m^[[32m 12^[[2mms^[[22m^[[39m
coverage	Run coverage suite	2026-09-10T06:28:11.7564310Z  ^[[32m✓^[[39m ^[[30m^[[45m core ^[[49m^[[39m tests/database/communication-seeds.test.ts ^[[2m(^[[22m^[[2m1 test^[[22m^[[2m)^[[22m^[[32m 255^[[2mms^[[22m^[[39m
coverage	Run coverage suite	2026-09-10T06:28:12.7272299Z  ^[[32m✓^[[39m ^[[30m^[[45m core ^[[49m^[[39m packages/mcp-server/test/contracts/code.generate-golden.spec.ts ^[[2m(^[[22m^[[2m6 tests^[[22m^[[2m)^[[22m^[[32m 44^[[2mms^[[22m^[[39m
coverage	Run coverage suite	2026-09-10T06:28:13.6665397Z  ^[[32m✓^[[39m ^[[30m^[[45m core ^[[49m^[[39m tests/governance-gates/tracked-report-hermeticity.test.ts ^[[2m(^[[22m^[[2m5 tests^[[22m^[[2m)^[[22m^[[33m 363^[[2mms^[[22m^[[39m
coverage	Run coverage suite	2026-09-10T06:28:14.1059078Z  ^[[32m✓^[[39m ^[[30m^[[45m core ^[[49m^[[39m tests/validation/pipeline.test.ts ^[[2m(^[[22m^[[2m7 tests^[[22m^[[2m)^[[22m^[[32m 66^[[2mms^[[22m^[[39m
coverage	Run coverage suite	2026-09-10T06:28:14.4134899Z  ^[[32m✓^[[39m ^[[30m^[[45m core ^[[49m^[[39m packages/mcp-server/test/schema-store/schema-store.spec.ts ^[[2m(^[[22m^[[2m6 tests^[[22m^[[2m)^[[22m^[[32m 56^[[2mms^[[22m^[[39m
coverage	Run coverage suite	2026-09-10T06:28:16.0609563Z  ^[[32m✓^[[39m ^[[30m^[[45m core ^[[49m^[[39m packages/mcp-server/test/product-reality/runnable-artifact.s183.spec.ts ^[[2m(^[[22m^[[2m28 tests^[[22m^[[2m)^[[22m^[[33m 651^[[2mms^[[22m^[[39m
coverage	Run coverage suite	2026-09-10T06:28:18.0303783Z  ^[[32m✓^[[39m ^[[30m^[[45m core ^[[49m^[[39m packages/mcp-server/test/product-reality/billing-views.s188.spec.ts ^[[2m(^[[22m^[[2m3 tests^[[22m^[[2m)^[[22m^[[33m 518^[[2mms^[[22m^[[39m
coverage	Run coverage suite	2026-09-10T06:28:18.0308270Z    ^[[33m^[[2m✓^[[22m^[[39m Sprint 188 five remaining trait rows^[[2m > ^[[22mcomputes value and accessible-name parity across HTML, React and Vue with an empty difference allowlist ^[[33m 479^[[2mms^[[22m^[[39m
coverage	Run coverage suite	2026-09-10T06:28:19.9924587Z  ^[[32m✓^[[39m ^[[30m^[[45m core ^[[49m^[[39m packages/mcp-server/test/product-reality/billing.s188.spec.ts ^[[2m(^[[22m^[[2m4 tests^[[22m^[[2m)^[[22m^[[33m 467^[[2mms^[[22m^[[39m
coverage	Run coverage suite	2026-09-10T06:28:19.9926937Z    ^[[33m^[[2m✓^[[22m^[[39m Sprint 188 Billable list/form contracts^[[2m > ^[[22mcomputes HTML/React/Vue visible-text and accessible-name parity with no allowlisted differences ^[[33m 411^[[2mms^[[22m^[[39m
coverage	Run coverage suite	2026-09-10T06:28:20.7653832Z  ^[[32m✓^[[39m ^[[30m^[[45m core ^[[49m^[[39m packages/mcp-server/test/tools/viz.render.bubble-symbolsize-s172.spec.ts ^[[2m(^[[22m^[[2m6 tests^[[22m^[[2m)^[[22m^[[32m 21^[[2mms^[[22m^[[39m
coverage	Run coverage suite	2026-09-10T06:28:21.3120559Z  ^[[32m✓^[[39m ^[[30m^[[45m core ^[[49m^[[39m packages/mcp-server/test/contracts/security.model.spec.ts ^[[2m(^[[22m^[[2m17 tests^[[22m^[[2m)^[[22m^[[32m 27^[[2mms^[[22m^[[39m
coverage	Run coverage suite	2026-09-10T06:28:21.5665652Z  ^[[32m✓^[[39m ^[[30m^[[45m core ^[[49m^[[39m tests/verification/agent-docs-registry.contract.test.ts ^[[2m(^[[22m^[[2m5 tests^[[22m^[[2m)^[[22m^[[32m 8^[[2mms^[[22m^[[39m
coverage	Run coverage suite	2026-09-10T06:28:22.1771390Z  ^[[32m✓^[[39m ^[[30m^[[45m core ^[[49m^[[39m tests/viz/vega-lite-adapter.test.ts ^[[2m(^[[22m^[[2m8 tests^[[22m^[[2m)^[[22m^[[32m 15^[[2mms^[[22m^[[39m
coverage	Run coverage suite	2026-09-10T06:28:22.5502680Z  ^[[32m✓^[[39m ^[[30m^[[45m core ^[[49m^[[39m packages/mcp-server/test/product-reality/evidence-retention.s184.spec.ts ^[[2m(^[[22m^[[2m10 tests^[[22m^[[2m)^[[22m^[[32m 116^[[2mms^[[22m^[[39m
coverage	Run coverage suite	2026-09-10T06:28:22.9755424Z  ^[[32m✓^[[39m ^[[30m^[[45m core ^[[49m^[[39m packages/mcp-server/test/compose/viz-auto-binding.spec.ts ^[[2m(^[[22m^[[2m10 tests^[[22m^[[2m)^[[22m^[[32m 164^[[2mms^[[22m^[[39m
coverage	Run coverage suite	2026-09-10T06:28:23.2551896Z  ^[[32m✓^[[39m ^[[30m^[[45m core ^[[49m^[[39m packages/mcp-server/test/a2ui-host-conformance/host-conformance-emitter.spec.ts ^[[2m(^[[22m^[[2m32 tests^[[22m^[[2m)^[[22m^[[32m 10^[[2mms^[[22m^[[39m
coverage	Run coverage suite	2026-09-10T06:28:24.3372882Z  ^[[32m✓^[[39m ^[[30m^[[45m core ^[[49m^[[39m packages/mcp-server/test/product-reality/local-behavior-guards.s185.spec.ts ^[[2m(^[[22m^[[2m16 tests^[[22m^[[2m)^[[22m^[[32m 153^[[2mms^[[22m^[[39m
coverage	Run coverage suite	2026-09-10T06:28:24.7475182Z  ^[[32m✓^[[39m ^[[30m^[[45m core ^[[49m^[[39m packages/mcp-server/test/contracts/schema-pattern-anchoring.spec.ts ^[[2m(^[[22m^[[2m8 tests^[[22m^[[2m)^[[22m^[[32m 29^[[2mms^[[22m^[[39m
coverage	Run coverage suite	2026-09-10T06:28:25.7206089Z  ^[[32m✓^[[39m ^[[30m^[[45m core ^[[49m^[[39m packages/mcp-server/test/codegen/craft.s191.spec.ts ^[[2m(^[[22m^[[2m6 tests^[[22m^[[2m)^[[22m^[[33m 343^[[2mms^[[22m^[[39m
coverage	Run coverage suite	2026-09-10T06:28:26.1663330Z  ^[[32m✓^[[39m ^[[30m^[[45m core ^[[49m^[[39m tests/viz/spatial/geo-fetch.test.ts ^[[2m(^[[22m^[[2m9 tests^[[22m^[[2m)^[[22m^[[32m 128^[[2mms^[[22m^[[39m
coverage	Run coverage suite	2026-09-10T06:28:28.0648392Z  ^[[32m✓^[[39m ^[[30m^[[45m core ^[[49m^[[39m packages/mcp-server/test/tools/artifact.certify.render-determinism.spec.ts ^[[2m(^[[22m^[[2m5 tests^[[22m^[[2m)^[[22m^[[33m 1134^[[2mms^[[22m^[[39m
coverage	Run coverage suite	2026-09-10T06:28:28.0651993Z    ^[[33m^[[2m✓^[[22m^[[39m artifact.certify — render-backed determinism (s176 m02)^[[2m > ^[[22ma rendered-graded cartesian chart carries renderHash (64-hex), stable, conformant, schema-valid ^[[33m 410^[[2mms^[[22m^[[39m
coverage	Run coverage suite	2026-09-10T06:28:28.0655653Z    ^[[33m^[[2m✓^[[22m^[[39m artifact.certify — render-backed determinism (s176 m02)^[[2m > ^[[22mECharts {spec}-only has no determinism while a renderable operand carries the option and normalized-render hashes ^[[33m 568^[[2mms^[[22m^[[39m
coverage	Run coverage suite	2026-09-10T06:28:29.5939870Z  ^[[32m✓^[[39m ^[[30m^[[45m core ^[[49m^[[39m packages/mcp-server/test/product-reality/breadth-live-generation.s185.spec.ts ^[[2m(^[[22m^[[2m33 tests^[[22m^[[2m)^[[22m^[[32m 287^[[2mms^[[22m^[[39m
coverage	Run coverage suite	2026-09-10T06:28:30.0777596Z  ^[[32m✓^[[39m ^[[30m^[[45m core ^[[49m^[[39m tests/governance-gates/storycap-lightdark-compare.test.ts ^[[2m(^[[22m^[[2m7 tests^[[22m^[[2m)^[[22m^[[32m 212^[[2mms^[[22m^[[39m
coverage	Run coverage suite	2026-09-10T06:28:31.8254439Z  ^[[32m✓^[[39m ^[[30m^[[45m core ^[[49m^[[39m packages/mcp-server/test/contracts/api-docs-generator.spec.ts ^[[2m(^[[22m^[[2m7 tests^[[22m^[[2m)^[[22m^[[33m 1503^[[2mms^[[22m^[[39m
coverage	Run coverage suite	2026-09-10T06:28:31.8263276Z    ^[[33m^[[2m✓^[[22m^[[39m API reference generator^[[2m > ^[[22mregeneration is idempotent ^[[33m 1491^[[2mms^[[22m^[[39m
coverage	Run coverage suite	2026-09-10T06:28:33.1930491Z  ^[[32m✓^[[39m ^[[30m^[[45m core ^[[49m^[[39m packages/mcp-server/test/tools/artifact.certify.ten-series-collision.spec.ts ^[[2m(^[[22m^[[2m4 tests^[[22m^[[2m)^[[22m^[[33m 607^[[2mms^[[22m^[[39m
coverage	Run coverage suite	2026-09-10T06:28:33.1934282Z    ^[[33m^[[2m✓^[[22m^[[39m artifact.certify — the §0 ten-series palette-recycling collision (RED-first, s176 m01)^[[2m > ^[[22ma 10-series chart with four recycled series pairs must NOT certify conformant (RED at 4f64bcf) ^[[33m 454^[[2mms^[[22m^[[39m
coverage	Run coverage suite	2026-09-10T06:28:34.1876815Z  ^[[32m✓^[[39m ^[[30m^[[45m core ^[[49m^[[39m packages/mcp-server/test/contracts/emitter-data-attr-parity.spec.ts ^[[2m(^[[22m^[[2m6 tests^[[22m^[[2m)^[[22m^[[32m 39^[[2mms^[[22m^[[39m
coverage	Run coverage suite	2026-09-10T06:28:35.3758690Z  ^[[32m✓^[[39m ^[[30m^[[45m core ^[[49m^[[39m packages/mcp-server/test/contracts/s71-fixes.spec.ts ^[[2m(^[[22m^[[2m10 tests^[[22m^[[2m)^[[22m^[[33m 629^[[2mms^[[22m^[[39m
coverage	Run coverage suite	2026-09-10T06:28:35.3761126Z    ^[[33m^[[2m✓^[[22m^[[39m Sprint 71 fixes^[[2m > ^[[22mcatalog.list availableCategories^[[2m > ^[[22mreturns same availableCategories regardless of filter ^[[33m 440^[[2mms^[[22m^[[39m
coverage	Run coverage suite	2026-09-10T06:28:35.8513028Z  ^[[32m✓^[[39m ^[[30m^[[45m core ^[[49m^[[39m packages/mcp-server/test/product-reality/closeout.s190.spec.ts ^[[2m(^[[22m^[[2m10 tests^[[22m^[[2m)^[[22m^[[32m 190^[[2mms^[[22m^[[39m
coverage	Run coverage suite	2026-09-10T06:28:37.4754490Z  ^[[32m✓^[[39m ^[[30m^[[45m core ^[[49m^[[39m packages/mcp-server/test/objects/loaders.spec.ts ^[[2m(^[[22m^[[2m24 tests^[[22m^[[2m)^[[22m^[[33m 1373^[[2mms^[[22m^[[39m
coverage	Run coverage suite	2026-09-10T06:28:38.0109193Z  ^[[32m✓^[[39m ^[[30m^[[45m core ^[[49m^[[39m tests/registry/registry.test.ts ^[[2m(^[[22m^[[2m3 tests^[[22m^[[2m)^[[22m^[[32m 179^[[2mms^[[22m^[[39m
coverage	Run coverage suite	2026-09-10T06:28:39.8953817Z  ^[[32m✓^[[39m ^[[30m^[[45m core ^[[49m^[[39m packages/mcp-server/test/bridge/fragment-parity.spec.ts ^[[2m(^[[22m^[[2m1 test^[[22m^[[2m)^[[22m^[[33m 1625^[[2mms^[[22m^[[39m
coverage	Run coverage suite	2026-09-10T06:28:39.8955576Z    ^[[33m^[[2m✓^[[22m^[[39m bridge fragment parity^[[2m > ^[[22msupports fragment mode via bridge /run and matches direct MCP transport semantics ^[[33m 1379^[[2mms^[[22m^[[39m
coverage	Run coverage suite	2026-09-10T06:28:42.3713055Z  ^[[32m✓^[[39m ^[[30m^[[45m core ^[[49m^[[39m packages/mcp-server/test/objects/object.show.spec.ts ^[[2m(^[[22m^[[2m14 tests^[[22m^[[2m)^[[22m^[[33m 2028^[[2mms^[[22m^[[39m
coverage	Run coverage suite	2026-09-10T06:28:42.3719320Z    ^[[33m^[[2m✓^[[22m^[[39m object.show^[[2m > ^[[22moutput validates for all known objects ^[[33m 963^[[2mms^[[22m^[[39m
coverage	Run coverage suite	2026-09-10T06:28:43.6727926Z  ^[[32m✓^[[39m ^[[30m^[[45m core ^[[49m^[[39m packages/mcp-server/test/tools/artifact.certify.accuracy-fault.spec.ts ^[[2m(^[[22m^[[2m3 tests^[[22m^[[2m)^[[22m^[[33m 521^[[2mms^[[22m^[[39m
coverage	Run coverage suite	2026-09-10T06:28:43.6730797Z    ^[[33m^[[2m✓^[[22m^[[39m artifact.certify — certified-path accuracy engine fault (s170 review LOW carry)^[[2m > ^[[22man accuracy-engine throw degrades the pillar to 'ungradeable' with the offered-rules note; the verdict stays ok/certified and 'ungradeable' pulls conformant false (s175 m04, #781) ^[[33m 409^[[2mms^[[22m^[[39m
coverage	Run coverage suite	2026-09-10T06:28:44.9864632Z  ^[[32m✓^[[39m ^[[30m^[[45m core ^[[49m^[[39m packages/mcp-server/test/compose/form-field-differentiation.spec.ts ^[[2m(^[[22m^[[2m4 tests^[[22m^[[2m)^[[22m^[[33m 330^[[2mms^[[22m^[[39m
coverage	Run coverage suite	2026-09-10T06:28:46.9170001Z ^[[90mstderr^[[2m | tests/viz/adapters/spatial/vega-lite-spatial-adapter.test.ts
coverage	Run coverage suite	2026-09-10T06:28:46.9192882Z ^[[22m^[[39munknown format "color-hex" ignored in schema at path "#/definitions/HexColor"
coverage	Run coverage suite	2026-09-10T06:28:46.9194064Z unknown format "color-hex" ignored in schema at path "#/definitions/HexColor"
coverage	Run coverage suite	2026-09-10T06:28:46.9195108Z 
coverage	Run coverage suite	2026-09-10T06:28:47.0228283Z  ^[[32m✓^[[39m ^[[30m^[[45m core ^[[49m^[[39m tests/viz/adapters/spatial/vega-lite-spatial-adapter.test.ts ^[[2m(^[[22m^[[2m3 tests^[[22m^[[2m)^[[22m^[[32m 83^[[2mms^[[22m^[[39m
coverage	Run coverage suite	2026-09-10T06:28:47.5520643Z  ^[[32m✓^[[39m ^[[30m^[[45m core ^[[49m^[[39m packages/mcp-server/test/contracts/fragment-api.contract.spec.ts ^[[2m(^[[22m^[[2m5 tests^[[22m^[[2m)^[[22m^[[32m 21^[[2mms^[[22m^[[39m
coverage	Run coverage suite	2026-09-10T06:28:49.1015347Z  ^[[32m✓^[[39m ^[[30m^[[45m core ^[[49m^[[39m packages/mcp-server/test/product-reality/ported-mutation-matrix.s184.spec.ts ^[[2m(^[[22m^[[2m5 tests^[[22m^[[2m)^[[22m^[[33m 609^[[2mms^[[22m^[[39m
coverage	Run coverage suite	2026-09-10T06:28:50.7223926Z  ^[[32m✓^[[39m ^[[30m^[[45m core ^[[49m^[[39m packages/mcp-server/test/objects/trait-loader.spec.ts ^[[2m(^[[22m^[[2m17 tests^[[22m^[[2m)^[[22m^[[33m 1357^[[2mms^[[22m^[[39m
coverage	Run coverage suite	2026-09-10T06:28:51.9526688Z  ^[[32m✓^[[39m ^[[30m^[[45m core ^[[49m^[[39m packages/mcp-server/test/tools/artifact.certify.contrast-fault.spec.ts ^[[2m(^[[22m^[[2m3 tests^[[22m^[[2m)^[[22m^[[33m 460^[[2mms^[[22m^[[39m
coverage	Run coverage suite	2026-09-10T06:28:51.9530217Z    ^[[33m^[[2m✓^[[22m^[[39m artifact.certify — contrast engine fault degrades, never errors^[[2m > ^[[22mcartesian certified path: the catch degrades contrast to 'ungradeable' WITH a note naming the fault, and 'ungradeable' pulls conformant false; verdict stays ok/certified and AJV-valid ^[[33m 402^[[2mms^[[22m^[[39m
coverage	Run coverage suite	2026-09-10T06:28:52.5313966Z  ^[[32m✓^[[39m ^[[30m^[[45m core ^[[49m^[[39m packages/mcp-server/test/tools/repl.render.compact.spec.ts ^[[2m(^[[22m^[[2m8 tests^[[22m^[[2m)^[[22m^[[32m 26^[[2mms^[[22m^[[39m
coverage	Run coverage suite	2026-09-10T06:29:07.0080455Z  ^[[31m❯^[[39m ^[[30m^[[45m core ^[[49m^[[39m packages/mcp-server/test/codegen/component-carries.s189.spec.ts ^[[2m(^[[22m^[[2m7 tests^[[22m^[[2m | ^[[22m^[[31m2 failed^[[39m^[[2m)^[[22m^[[33m 13282^[[2mms^[[22m^[[39m
coverage	Run coverage suite	2026-09-10T06:29:07.0084745Z ^[[31m   ^[[31m×^[[31m component carries preserve the same meaning in every target^[[2m > ^[[22mStatusTimeline has identical two-entry labels, dates, actors and reasons in all three targets^[[39m^[[32m 38^[[2mms^[[22m^[[39m
coverage	Run coverage suite	2026-09-10T06:29:07.0090378Z ^[[31m     → expected 'Status Timeline Current status: Pendi…' to contain 'active → pending_cancellation'^[[39m
coverage	Run coverage suite	2026-09-10T06:29:07.0094709Z ^[[31m   ^[[31m×^[[31m component carries preserve the same meaning in every target^[[2m > ^[[22mAuditTimeline has identical two-entry labels, dates, actors and reasons in all three targets^[[39m^[[32m 5^[[2mms^[[22m^[[39m
coverage	Run coverage suite	2026-09-10T06:29:07.0097213Z ^[[31m     → expected 'Audit Timeline Active Sep 1, 2026, 12…' to contain 'active → pending_cancellation'^[[39m
coverage	Run coverage suite	2026-09-10T06:29:07.0099084Z    ^[[32m✓^[[39m component carries preserve the same meaning in every target^[[2m > ^[[22muses the correct noun for 1 records in both generated targets^[[32m 5^[[2mms^[[22m^[[39m
coverage	Run coverage suite	2026-09-10T06:29:07.0101227Z    ^[[32m✓^[[39m component carries preserve the same meaning in every target^[[2m > ^[[22muses the correct noun for 9 records in both generated targets^[[32m 1^[[2mms^[[22m^[[39m
coverage	Run coverage suite	2026-09-10T06:29:07.0104155Z    ^[[32m✓^[[39m ten seeded records describe plausible subscription periods^[[2m > ^[[22menumerates every record against the declared clock, interval, lifecycle and event vocabulary^[[32m 278^[[2mms^[[22m^[[39m
coverage	Run coverage suite	2026-09-10T06:29:07.0106851Z    ^[[33m^[[2m✓^[[22m^[[39m ten seeded records describe plausible subscription periods^[[2m > ^[[22mreact workflow accepts optional absent cancellation metadata ^[[33m 4985^[[2mms^[[22m^[[39m
coverage	Run coverage suite	2026-09-10T06:29:07.0109218Z    ^[[33m^[[2m✓^[[22m^[[39m ten seeded records describe plausible subscription periods^[[2m > ^[[22mvue workflow accepts optional absent cancellation metadata ^[[33m 7967^[[2mms^[[22m^[[39m
coverage	Run coverage suite	2026-09-10T06:29:07.3154736Z  ^[[32m✓^[[39m ^[[30m^[[45m core ^[[49m^[[39m tests/verification/compositor.contract.test.ts ^[[2m(^[[22m^[[2m4 tests^[[22m^[[2m)^[[22m^[[32m 15^[[2mms^[[22m^[[39m
coverage	Run coverage suite	2026-09-10T06:29:07.9635853Z  ^[[32m✓^[[39m ^[[30m^[[45m core ^[[49m^[[39m tests/governance-gates/state-assessment-exit.test.ts ^[[2m(^[[22m^[[2m2 tests^[[22m^[[2m)^[[22m^[[33m 403^[[2mms^[[22m^[[39m
coverage	Run coverage suite	2026-09-10T06:29:08.4607213Z  ^[[32m✓^[[39m ^[[30m^[[45m core ^[[49m^[[39m packages/mcp-server/test/product-reality/evidence-accounting.s185.spec.ts ^[[2m(^[[22m^[[2m10 tests^[[22m^[[2m)^[[22m^[[32m 237^[[2mms^[[22m^[[39m
coverage	Run coverage suite	2026-09-10T06:29:08.7417513Z  ^[[32m✓^[[39m ^[[30m^[[45m core ^[[49m^[[39m tests/compositor/composeExtensions.test.ts ^[[2m(^[[22m^[[2m4 tests^[[22m^[[2m)^[[22m^[[32m 15^[[2mms^[[22m^[[39m
coverage	Run coverage suite	2026-09-10T06:29:09.5145731Z  ^[[32m✓^[[39m ^[[30m^[[45m core ^[[49m^[[39m packages/mcp-server/test/compose/design-compose-actions.spec.ts ^[[2m(^[[22m^[[2m7 tests^[[22m^[[2m)^[[22m^[[32m 275^[[2mms^[[22m^[[39m
coverage	Run coverage suite	2026-09-10T06:29:09.9157900Z  ^[[32m✓^[[39m ^[[30m^[[45m core ^[[49m^[[39m packages/mcp-server/test/contracts/brand.apply.cross-brand-delta.spec.ts ^[[2m(^[[22m^[[2m7 tests^[[22m^[[2m)^[[22m^[[32m 27^[[2mms^[[22m^[[39m
coverage	Run coverage suite	2026-09-10T06:29:10.4005384Z  ^[[32m✓^[[39m ^[[30m^[[45m core ^[[49m^[[39m packages/mcp-server/test/contracts/structuredData.fetch.spec.ts ^[[2m(^[[22m^[[2m11 tests^[[22m^[[2m)^[[22m^[[32m 49^[[2mms^[[22m^[[39m
coverage	Run coverage suite	2026-09-10T06:29:15.7139932Z  ^[[32m✓^[[39m ^[[30m^[[45m core ^[[49m^[[39m tests/tools/stage1-dtcg-cli-containment.test.ts ^[[2m(^[[22m^[[2m5 tests^[[22m^[[2m)^[[22m^[[33m 5059^[[2mms^[[22m^[[39m
coverage	Run coverage suite	2026-09-10T06:29:15.7163408Z    ^[[33m^[[2m✓^[[22m^[[39m stage1-dtcg CLI --out containment (s169 m05)^[[2m > ^[[22mthe ORIGINAL escape is rejected with exit 2 and writes nothing outside --out ^[[33m 740^[[2mms^[[22m^[[39m
coverage	Run coverage suite	2026-09-10T06:29:15.7173520Z    ^[[33m^[[2m✓^[[22m^[[39m stage1-dtcg CLI --out containment (s169 m05)^[[2m > ^[[22mrejects every ESCAPING --name shape, not just the one that was reported ^[[33m 2145^[[2mms^[[22m^[[39m
coverage	Run coverage suite	2026-09-10T06:29:15.7193448Z    ^[[33m^[[2m✓^[[22m^[[39m stage1-dtcg CLI --out containment (s169 m05)^[[2m > ^[[22ma LEADING SLASH is not an escape, and the guard correctly allows it ^[[33m 718^[[2mms^[[22m^[[39m
coverage	Run coverage suite	2026-09-10T06:29:15.7199138Z    ^[[33m^[[2m✓^[[22m^[[39m stage1-dtcg CLI --out containment (s169 m05)^[[2m > ^[[22ma legitimate --name still writes all its files, in --out ^[[33m 728^[[2mms^[[22m^[[39m
coverage	Run coverage suite	2026-09-10T06:29:15.7201360Z    ^[[33m^[[2m✓^[[22m^[[39m stage1-dtcg CLI --out containment (s169 m05)^[[2m > ^[[22ma --name that traverses but RESOLVES back inside --out is allowed ^[[33m 723^[[2mms^[[22m^[[39m
coverage	Run coverage suite	2026-09-10T06:29:15.9685265Z  ^[[32m✓^[[39m ^[[30m^[[45m core ^[[49m^[[39m packages/mcp-server/test/product-reality/state-evidence.s184.spec.ts ^[[2m(^[[22m^[[2m2 tests^[[22m^[[2m)^[[22m^[[32m 11^[[2mms^[[22m^[[39m
coverage	Run coverage suite	2026-09-10T06:29:17.0031935Z  ^[[32m✓^[[39m ^[[30m^[[45m core ^[[49m^[[39m packages/mcp-server/test/product-reality/breadth-export-cells.s187.spec.ts ^[[2m(^[[22m^[[2m28 tests^[[22m^[[2m)^[[22m^[[32m 204^[[2mms^[[22m^[[39m
coverage	Run coverage suite	2026-09-10T06:29:17.3050871Z  ^[[32m✓^[[39m ^[[30m^[[45m core ^[[49m^[[39m tests/domain/billing/state-set-convergence.spec.ts ^[[2m(^[[22m^[[2m7 tests^[[22m^[[2m)^[[22m^[[32m 27^[[2mms^[[22m^[[39m
coverage	Run coverage suite	2026-09-10T06:29:17.6605486Z  ^[[32m✓^[[39m ^[[30m^[[45m core ^[[49m^[[39m tests/services/billing/event-ingestion.spec.ts ^[[2m(^[[22m^[[2m3 tests^[[22m^[[2m)^[[22m^[[32m 12^[[2mms^[[22m^[[39m
coverage	Run coverage suite	2026-09-10T06:29:17.9785909Z  ^[[32m✓^[[39m ^[[30m^[[45m core ^[[49m^[[39m tests/system-protocols/semantic-protocol.test.ts ^[[2m(^[[22m^[[2m3 tests^[[22m^[[2m)^[[22m^[[32m 10^[[2mms^[[22m^[[39m
coverage	Run coverage suite	2026-09-10T06:29:22.6289538Z  ^[[32m✓^[[39m ^[[30m^[[45m core ^[[49m^[[39m packages/mcp-server/test/scale/map.apply.scale.spec.ts ^[[2m(^[[22m^[[2m5 tests^[[22m^[[2m)^[[22m^[[33m 4219^[[2mms^[[22m^[[39m
coverage	Run coverage suite	2026-09-10T06:29:22.6304759Z    ^[[33m^[[2m✓^[[22m^[[39m map.apply at scale (dry-run)^[[2m > ^[[22mtier=500: dry-run handler returns, diff totals match, registry unchanged ^[[33m 1133^[[2mms^[[22m^[[39m
coverage	Run coverage suite	2026-09-10T06:29:22.6307039Z    ^[[33m^[[2m✓^[[22m^[[39m map.apply at scale (dry-run)^[[2m > ^[[22mtier=1000: dry-run handler returns, diff totals match, registry unchanged ^[[33m 2398^[[2mms^[[22m^[[39m
coverage	Run coverage suite	2026-09-10T06:29:23.1969459Z  ^[[32m✓^[[39m ^[[30m^[[45m core ^[[49m^[[39m packages/mcp-server/test/contracts/repl.e2e.integration.spec.ts ^[[2m(^[[22m^[[2m4 tests^[[22m^[[2m)^[[22m^[[32m 52^[[2mms^[[22m^[[39m
coverage	Run coverage suite	2026-09-10T06:29:23.8242976Z  ^[[32m✓^[[39m ^[[30m^[[45m core ^[[49m^[[39m tests/viz/echarts-adapter.test.ts ^[[2m(^[[22m^[[2m8 tests^[[22m^[[2m)^[[22m^[[32m 12^[[2mms^[[22m^[[39m
coverage	Run coverage suite	2026-09-10T06:29:24.4544658Z  ^[[32m✓^[[39m ^[[30m^[[45m core ^[[49m^[[39m tests/integration/universal-quintet-objects.integration.test.ts ^[[2m(^[[22m^[[2m6 tests^[[22m^[[2m)^[[22m^[[32m 271^[[2mms^[[22m^[[39m
coverage	Run coverage suite	2026-09-10T06:29:26.6115395Z  ^[[32m✓^[[39m ^[[30m^[[45m core ^[[49m^[[39m packages/mcp-server/test/contracts/object.show.spec.ts ^[[2m(^[[22m^[[2m12 tests^[[22m^[[2m)^[[22m^[[33m 1754^[[2mms^[[22m^[[39m
coverage	Run coverage suite	2026-09-10T06:29:26.6122423Z    ^[[33m^[[2m✓^[[22m^[[39m object.show contract^[[2m > ^[[22moutput validates for every known object ^[[33m 968^[[2mms^[[22m^[[39m
coverage	Run coverage suite	2026-09-10T06:29:27.5258024Z  ^[[32m✓^[[39m ^[[30m^[[45m core ^[[49m^[[39m packages/mcp-server/test/contracts/pragmatic-role-ia.spec.ts ^[[2m(^[[22m^[[2m4 tests^[[22m^[[2m)^[[22m^[[32m 126^[[2mms^[[22m^[[39m
coverage	Run coverage suite	2026-09-10T06:29:28.1688256Z  ^[[32m✓^[[39m ^[[30m^[[45m core ^[[49m^[[39m tests/viz/a11y-equivalence.test.ts ^[[2m(^[[22m^[[2m12 tests^[[22m^[[2m)^[[22m^[[32m 17^[[2mms^[[22m^[[39m
coverage	Run coverage suite	2026-09-10T06:29:29.1210800Z  ^[[32m✓^[[39m ^[[30m^[[45m core ^[[49m^[[39m packages/mcp-server/test/compose/landing-template.spec.ts ^[[2m(^[[22m^[[2m10 tests^[[22m^[[2m)^[[22m^[[33m 370^[[2mms^[[22m^[[39m
coverage	Run coverage suite	2026-09-10T06:29:29.3972208Z  ^[[32m✓^[[39m ^[[30m^[[45m core ^[[49m^[[39m tests/contracts/public-api.contract.test.ts ^[[2m(^[[22m^[[2m3 tests^[[22m^[[2m)^[[22m^[[32m 18^[[2mms^[[22m^[[39m
coverage	Run coverage suite	2026-09-10T06:29:29.6696567Z  ^[[32m✓^[[39m ^[[30m^[[45m core ^[[49m^[[39m packages/mcp-server/test/contracts/brand.apply.rfc6902-wording.spec.ts ^[[2m(^[[22m^[[2m2 tests^[[22m^[[2m)^[[22m^[[32m 17^[[2mms^[[22m^[[39m
coverage	Run coverage suite	2026-09-10T06:29:29.9263155Z  ^[[32m✓^[[39m ^[[30m^[[45m guardrails ^[[49m^[[39m testing/a11y/status-provenance.spec.ts ^[[2m(^[[22m^[[2m9 tests^[[22m^[[2m)^[[22m^[[32m 9^[[2mms^[[22m^[[39m
coverage	Run coverage suite	2026-09-10T06:29:30.5312875Z  ^[[32m✓^[[39m ^[[30m^[[45m core ^[[49m^[[39m tests/integration/communicable-composition.test.ts ^[[2m(^[[22m^[[2m3 tests^[[22m^[[2m)^[[22m^[[32m 161^[[2mms^[[22m^[[39m
coverage	Run coverage suite	2026-09-10T06:29:30.8207081Z  ^[[32m✓^[[39m ^[[30m^[[45m core ^[[49m^[[39m tests/traits/communication/delivery-service.test.ts ^[[2m(^[[22m^[[2m4 tests^[[22m^[[2m)^[[22m^[[32m 22^[[2mms^[[22m^[[39m
coverage	Run coverage suite	2026-09-10T06:29:31.0710650Z  ^[[32m✓^[[39m ^[[30m^[[45m core ^[[49m^[[39m tests/tokens/brand-css-no-tie.test.ts ^[[2m(^[[22m^[[2m6 tests^[[22m^[[2m)^[[22m^[[32m 8^[[2mms^[[22m^[[39m
coverage	Run coverage suite	2026-09-10T06:29:31.4757430Z  ^[[32m✓^[[39m ^[[30m^[[45m core ^[[49m^[[39m tests/components/RenderObject.test.tsx ^[[2m(^[[22m^[[2m3 tests^[[22m^[[2m)^[[22m^[[32m 22^[[2mms^[[22m^[[39m
coverage	Run coverage suite	2026-09-10T06:29:32.7504923Z  ^[[32m✓^[[39m ^[[30m^[[45m core ^[[49m^[[39m packages/mcp-server/test/contracts/schema-ref.workflow.spec.ts ^[[2m(^[[22m^[[2m4 tests^[[22m^[[2m)^[[22m^[[32m 253^[[2mms^[[22m^[[39m
coverage	Run coverage suite	2026-09-10T06:29:34.6205485Z  ^[[32m✓^[[39m ^[[30m^[[45m core ^[[49m^[[39m packages/mcp-server/test/contracts/object.schema.contract.spec.ts ^[[2m(^[[22m^[[2m11 tests^[[22m^[[2m)^[[22m^[[33m 1451^[[2mms^[[22m^[[39m
coverage	Run coverage suite	2026-09-10T06:29:34.6208111Z    ^[[33m^[[2m✓^[[22m^[[39m object schema contracts^[[2m > ^[[22mobject.show^[[2m > ^[[22moutput validates for every known object ^[[33m 967^[[2mms^[[22m^[[39m
coverage	Run coverage suite	2026-09-10T06:29:39.4152872Z  ^[[32m✓^[[39m ^[[30m^[[45m core ^[[49m^[[39m tests/integration/type-generation.test.ts ^[[2m(^[[22m^[[2m2 tests^[[22m^[[2m)^[[22m^[[33m 4182^[[2mms^[[22m^[[39m
coverage	Run coverage suite	2026-09-10T06:29:39.4155904Z    ^[[33m^[[2m✓^[[22m^[[39m Object type generation integration^[[2m > ^[[22mgenerates TypeScript definitions that are directly importable ^[[33m 4145^[[2mms^[[22m^[[39m
coverage	Run coverage suite	2026-09-10T06:29:40.0817222Z  ^[[32m✓^[[39m ^[[30m^[[45m core ^[[49m^[[39m packages/mcp-server/test/objects/object-loader.spec.ts ^[[2m(^[[22m^[[2m14 tests^[[22m^[[2m)^[[22m^[[33m 360^[[2mms^[[22m^[[39m
coverage	Run coverage suite	2026-09-10T06:29:40.6757362Z  ^[[32m✓^[[39m ^[[30m^[[45m core ^[[49m^[[39m tests/integration/object-registry.test.ts ^[[2m(^[[22m^[[2m3 tests^[[22m^[[2m)^[[22m^[[32m 235^[[2mms^[[22m^[[39m
coverage	Run coverage suite	2026-09-10T06:29:41.3187787Z  ^[[32m✓^[[39m ^[[30m^[[45m core ^[[49m^[[39m tests/components/subscription.render-object.test.tsx ^[[2m(^[[22m^[[2m5 tests^[[22m^[[2m)^[[22m^[[32m 94^[[2mms^[[22m^[[39m
coverage	Run coverage suite	2026-09-10T06:29:42.0564052Z  ^[[32m✓^[[39m ^[[30m^[[45m core ^[[49m^[[39m packages/mcp-server/test/contracts/object.list.spec.ts ^[[2m(^[[22m^[[2m13 tests^[[22m^[[2m)^[[22m^[[33m 346^[[2mms^[[22m^[[39m
coverage	Run coverage suite	2026-09-10T06:29:42.4675906Z  ^[[32m✓^[[39m ^[[30m^[[45m core ^[[49m^[[39m tests/traits/classifiable/tag-governance.test.ts ^[[2m(^[[22m^[[2m3 tests^[[22m^[[2m)^[[22m^[[32m 27^[[2mms^[[22m^[[39m
coverage	Run coverage suite	2026-09-10T06:29:43.4541971Z  ^[[32m✓^[[39m ^[[30m^[[45m core ^[[49m^[[39m packages/mcp-server/test/contracts/code.generate-parity.spec.ts ^[[2m(^[[22m^[[2m2 tests^[[22m^[[2m)^[[22m^[[32m 35^[[2mms^[[22m^[[39m
coverage	Run coverage suite	2026-09-10T06:29:43.8346103Z  ^[[32m✓^[[39m ^[[30m^[[45m core ^[[49m^[[39m tests/traits/addressable/validation.test.ts ^[[2m(^[[22m^[[2m3 tests^[[22m^[[2m)^[[22m^[[32m 18^[[2mms^[[22m^[[39m
coverage	Run coverage suite	2026-09-10T06:29:44.1471472Z  ^[[32m✓^[[39m ^[[30m^[[45m core ^[[49m^[[39m tests/governance-gates/enforce-report-floor.test.ts ^[[2m(^[[22m^[[2m6 tests^[[22m^[[2m)^[[22m^[[32m 60^[[2mms^[[22m^[[39m
coverage	Run coverage suite	2026-09-10T06:29:44.6479209Z  ^[[32m✓^[[39m ^[[30m^[[45m core ^[[49m^[[39m packages/mcp-server/test/render/fragment-errors.spec.ts ^[[2m(^[[22m^[[2m5 tests^[[22m^[[2m)^[[22m^[[32m 20^[[2mms^[[22m^[[39m
coverage	Run coverage suite	2026-09-10T06:29:45.9574074Z  ^[[32m✓^[[39m ^[[30m^[[45m core ^[[49m^[[39m packages/mcp-server/test/tools/certify-echarts-projected-render-s179.spec.ts ^[[2m(^[[22m^[[2m2 tests^[[22m^[[2m)^[[22m^[[32m 130^[[2mms^[[22m^[[39m
coverage	Run coverage suite	2026-09-10T06:29:47.2535216Z  ^[[32m✓^[[39m ^[[30m^[[45m core ^[[49m^[[39m tests/verification/purity.contract.test.ts ^[[2m(^[[22m^[[2m4 tests^[[22m^[[2m)^[[22m^[[33m 851^[[2mms^[[22m^[[39m
coverage	Run coverage suite	2026-09-10T06:29:47.2537344Z    ^[[33m^[[2m✓^[[22m^[[39m B3.3 — Purity Harness^[[2m > ^[[22menforces the oods/no-hooks-in-modifiers ESLint rule for modifier modules ^[[33m 833^[[2mms^[[22m^[[39m
coverage	Run coverage suite	2026-09-10T06:29:47.7005055Z  ^[[32m✓^[[39m ^[[30m^[[45m core ^[[49m^[[39m packages/mcp-server/test/contracts/schema.list-delete.spec.ts ^[[2m(^[[22m^[[2m2 tests^[[22m^[[2m)^[[22m^[[32m 41^[[2mms^[[22m^[[39m
coverage	Run coverage suite	2026-09-10T06:29:48.1173901Z  ^[[32m✓^[[39m ^[[30m^[[45m core ^[[49m^[[39m tests/viz/adapters/spatial/echarts-spatial-adapter.test.ts ^[[2m(^[[22m^[[2m3 tests^[[22m^[[2m)^[[22m^[[32m 97^[[2mms^[[22m^[[39m
coverage	Run coverage suite	2026-09-10T06:29:48.3653282Z  ^[[32m✓^[[39m ^[[30m^[[45m core ^[[49m^[[39m tests/engine/contributions.registry.spec.ts ^[[2m(^[[22m^[[2m3 tests^[[22m^[[2m)^[[22m^[[32m 7^[[2mms^[[22m^[[39m
coverage	Run coverage suite	2026-09-10T06:29:48.9982820Z  ^[[32m✓^[[39m ^[[30m^[[45m core ^[[49m^[[39m packages/mcp-server/test/tools/dashboard-contrast-alpha-s170.spec.ts ^[[2m(^[[22m^[[2m7 tests^[[22m^[[2m)^[[22m^[[32m 7^[[2mms^[[22m^[[39m
coverage	Run coverage suite	2026-09-10T06:29:49.3839714Z  ^[[32m✓^[[39m ^[[30m^[[45m core ^[[49m^[[39m tests/integration/communication-authable-integration.test.ts ^[[2m(^[[22m^[[2m1 test^[[22m^[[2m)^[[22m^[[32m 30^[[2mms^[[22m^[[39m
coverage	Run coverage suite	2026-09-10T06:29:50.7711166Z  ^[[32m✓^[[39m ^[[30m^[[45m core ^[[49m^[[39m packages/mcp-server/test/e2e/a11y-pipeline.e2e.spec.ts ^[[2m(^[[22m^[[2m3 tests^[[22m^[[2m)^[[22m^[[33m 1128^[[2mms^[[22m^[[39m
coverage	Run coverage suite	2026-09-10T06:29:50.7726110Z    ^[[33m^[[2m✓^[[22m^[[39m a11y pipeline e2e^[[2m > ^[[22mvalidate with checkA11y=true returns a11y warnings through bridge ^[[33m 832^[[2mms^[[22m^[[39m
coverage	Run coverage suite	2026-09-10T06:29:51.4988809Z  ^[[32m✓^[[39m ^[[30m^[[45m core ^[[49m^[[39m packages/mcp-server/test/objects/object.list.spec.ts ^[[2m(^[[22m^[[2m10 tests^[[22m^[[2m)^[[22m^[[33m 348^[[2mms^[[22m^[[39m
coverage	Run coverage suite	2026-09-10T06:29:52.0138169Z  ^[[32m✓^[[39m ^[[30m^[[45m core ^[[49m^[[39m packages/mcp-server/test/tools/repl.render.fragment.spec.ts ^[[2m(^[[22m^[[2m4 tests^[[22m^[[2m)^[[22m^[[32m 20^[[2mms^[[22m^[[39m
coverage	Run coverage suite	2026-09-10T06:29:52.8393987Z  ^[[32m✓^[[39m ^[[30m^[[45m core ^[[49m^[[39m tests/compose/compose-semantic-guardrails.test.ts ^[[2m(^[[22m^[[2m5 tests^[[22m^[[2m)^[[22m^[[33m 308^[[2mms^[[22m^[[39m
coverage	Run coverage suite	2026-09-10T06:29:53.2201466Z  ^[[32m✓^[[39m ^[[30m^[[45m core ^[[49m^[[39m tests/registry/composition-integration.test.ts ^[[2m(^[[22m^[[2m1 test^[[22m^[[2m)^[[22m^[[32m 35^[[2mms^[[22m^[[39m
coverage	Run coverage suite	2026-09-10T06:29:53.7417394Z  ^[[32m✓^[[39m ^[[30m^[[45m core ^[[49m^[[39m tests/traits/addressable.test.ts ^[[2m(^[[22m^[[2m6 tests^[[22m^[[2m)^[[22m^[[32m 101^[[2mms^[[22m^[[39m
coverage	Run coverage suite	2026-09-10T06:29:54.0722172Z  ^[[32m✓^[[39m ^[[30m^[[45m core ^[[49m^[[39m tests/traits/addressable/validation-lifecycle.test.ts ^[[2m(^[[22m^[[2m4 tests^[[22m^[[2m)^[[22m^[[32m 24^[[2mms^[[22m^[[39m
coverage	Run coverage suite	2026-09-10T06:29:54.9813703Z  ^[[32m✓^[[39m ^[[30m^[[45m core ^[[49m^[[39m packages/mcp-server/test/contracts/dashboard.render.duplicate-panel-id.s181.spec.ts ^[[2m(^[[22m^[[2m3 tests^[[22m^[[2m)^[[22m^[[32m 36^[[2mms^[[22m^[[39m
coverage	Run coverage suite	2026-09-10T06:29:55.9916263Z  ^[[32m✓^[[39m ^[[30m^[[45m core ^[[49m^[[39m packages/mcp-server/test/product-reality/screen-action-surface.s184.spec.ts ^[[2m(^[[22m^[[2m6 tests^[[22m^[[2m)^[[22m^[[32m 60^[[2mms^[[22m^[[39m
coverage	Run coverage suite	2026-09-10T06:29:56.6062047Z  ^[[32m✓^[[39m ^[[30m^[[45m core ^[[49m^[[39m tests/viz/renderer-selector.test.ts ^[[2m(^[[22m^[[2m7 tests^[[22m^[[2m)^[[22m^[[32m 6^[[2mms^[[22m^[[39m
coverage	Run coverage suite	2026-09-10T06:29:57.8582242Z  ^[[32m✓^[[39m ^[[30m^[[45m core ^[[49m^[[39m tests/e2e/schema-ref-pipeline.test.ts ^[[2m(^[[22m^[[2m2 tests^[[22m^[[2m)^[[22m^[[32m 241^[[2mms^[[22m^[[39m
coverage	Run coverage suite	2026-09-10T06:29:59.7077414Z  ^[[32m✓^[[39m ^[[30m^[[45m core ^[[49m^[[39m packages/mcp-server/test/e2e/tier1-acceptance.e2e.spec.ts ^[[2m(^[[22m^[[2m4 tests^[[22m^[[2m)^[[22m^[[33m 758^[[2mms^[[22m^[[39m
coverage	Run coverage suite	2026-09-10T06:29:59.7083503Z    ^[[33m^[[2m✓^[[22m^[[39m Tier 1 acceptance — bounded framework compatibility^[[2m > ^[[22mbuilds the unchanged Subscription detail react flow after its final family port ^[[33m 623^[[2mms^[[22m^[[39m
coverage	Run coverage suite	2026-09-10T06:30:00.3578191Z  ^[[32m✓^[[39m ^[[30m^[[45m core ^[[49m^[[39m tests/integration/classifiable-composition.test.ts ^[[2m(^[[22m^[[2m3 tests^[[22m^[[2m)^[[22m^[[32m 170^[[2mms^[[22m^[[39m
coverage	Run coverage suite	2026-09-10T06:30:01.0309517Z  ^[[32m✓^[[39m ^[[30m^[[45m core ^[[49m^[[39m packages/mcp-server/test/tools/certify-contrast.echarts-caveat-pin.spec.ts ^[[2m(^[[22m^[[2m2 tests^[[22m^[[2m)^[[22m^[[32m 20^[[2mms^[[22m^[[39m
coverage	Run coverage suite	2026-09-10T06:30:01.3477699Z ^[[90mstdout^[[2m | tests/tenancy/external.spec.ts^[[2m > ^[[22m^[[2mExternal Adapter Tenancy^[[2m > ^[[22m^[[2mIsolation^[[2m > ^[[22m^[[2mshould route queries to dedicated databases
coverage	Run coverage suite	2026-09-10T06:30:01.3483198Z ^[[22m^[[39m[ExternalAdapter] Tenant Alice Corp (tenant-alice) → alice.db.internal:5432/oods_alice
coverage	Run coverage suite	2026-09-10T06:30:01.3484410Z 
coverage	Run coverage suite	2026-09-10T06:30:01.3486139Z ^[[90mstdout^[[2m | tests/tenancy/external.spec.ts^[[2m > ^[[22m^[[2mExternal Adapter Tenancy^[[2m > ^[[22m^[[2mIsolation^[[2m > ^[[22m^[[2mshould route queries to dedicated databases
coverage	Run coverage suite	2026-09-10T06:30:01.3488272Z ^[[22m^[[39m[ExternalAdapter] Query in oods_alice: SELECT * FROM subscriptions
coverage	Run coverage suite	2026-09-10T06:30:01.3489158Z 
coverage	Run coverage suite	2026-09-10T06:30:01.3490873Z ^[[90mstdout^[[2m | tests/tenancy/external.spec.ts^[[2m > ^[[22m^[[2mExternal Adapter Tenancy^[[2m > ^[[22m^[[2mIsolation^[[2m > ^[[22m^[[2mshould route queries to dedicated databases
coverage	Run coverage suite	2026-09-10T06:30:01.3493424Z ^[[22m^[[39m[ExternalAdapter] Tenant Bob Industries (tenant-bob) → bob.db.internal:5432/oods_bob
coverage	Run coverage suite	2026-09-10T06:30:01.3494395Z 
coverage	Run coverage suite	2026-09-10T06:30:01.3496179Z ^[[90mstdout^[[2m | tests/tenancy/external.spec.ts^[[2m > ^[[22m^[[2mExternal Adapter Tenancy^[[2m > ^[[22m^[[2mIsolation^[[2m > ^[[22m^[[2mshould route queries to dedicated databases
coverage	Run coverage suite	2026-09-10T06:30:01.3498818Z ^[[22m^[[39m[ExternalAdapter] Query in oods_bob: SELECT * FROM subscriptions
coverage	Run coverage suite	2026-09-10T06:30:01.3499658Z 
coverage	Run coverage suite	2026-09-10T06:30:01.3668073Z  ^[[32m✓^[[39m ^[[30m^[[45m core ^[[49m^[[39m tests/tenancy/external.spec.ts ^[[2m(^[[22m^[[2m3 tests^[[22m^[[2m)^[[22m^[[32m 11^[[2mms^[[22m^[[39m
coverage	Run coverage suite	2026-09-10T06:30:01.9911307Z  ^[[32m✓^[[39m ^[[30m^[[45m core ^[[49m^[[39m tests/viz/resolver/network-flow-resolver.test.ts ^[[2m(^[[22m^[[2m6 tests^[[22m^[[2m)^[[22m^[[32m 7^[[2mms^[[22m^[[39m
coverage	Run coverage suite	2026-09-10T06:30:02.5003982Z  ^[[32m✓^[[39m ^[[30m^[[45m core ^[[49m^[[39m tests/traits/preferenceable.test.ts ^[[2m(^[[22m^[[2m5 tests^[[22m^[[2m)^[[22m^[[32m 86^[[2mms^[[22m^[[39m
coverage	Run coverage suite	2026-09-10T06:30:02.9872286Z  ^[[32m✓^[[39m ^[[30m^[[45m core ^[[49m^[[39m tests/traits/authable.test.ts ^[[2m(^[[22m^[[2m4 tests^[[22m^[[2m)^[[22m^[[32m 94^[[2mms^[[22m^[[39m
coverage	Run coverage suite	2026-09-10T06:30:03.6033731Z  ^[[32m✓^[[39m ^[[30m^[[45m core ^[[49m^[[39m tests/validation/parameter-validator.test.ts ^[[2m(^[[22m^[[2m6 tests^[[22m^[[2m)^[[22m^[[32m 242^[[2mms^[[22m^[[39m
coverage	Run coverage suite	2026-09-10T06:30:04.5830802Z  ^[[32m✓^[[39m ^[[30m^[[45m core ^[[49m^[[39m packages/mcp-server/test/product-reality/html-tailwind-gap.s185.spec.ts ^[[2m(^[[22m^[[2m9 tests^[[22m^[[2m)^[[22m^[[32m 49^[[2mms^[[22m^[[39m
coverage	Run coverage suite	2026-09-10T06:30:05.3424084Z  ^[[32m✓^[[39m ^[[30m^[[45m core ^[[49m^[[39m packages/mcp-server/test/compose/slot-vocabulary-unification.spec.ts ^[[2m(^[[22m^[[2m2 tests^[[22m^[[2m)^[[22m^[[32m 259^[[2mms^[[22m^[[39m
coverage	Run coverage suite	2026-09-10T06:30:05.5996051Z  ^[[32m✓^[[39m ^[[30m^[[45m core ^[[49m^[[39m tests/database/authz-migrations.test.ts ^[[2m(^[[22m^[[2m6 tests^[[22m^[[2m)^[[22m^[[32m 6^[[2mms^[[22m^[[39m
coverage	Run coverage suite	2026-09-10T06:30:06.4676871Z  ^[[32m✓^[[39m ^[[30m^[[45m core ^[[49m^[[39m packages/mcp-server/test/codegen/prop-enrichment.spec.ts ^[[2m(^[[22m^[[2m4 tests^[[22m^[[2m)^[[22m^[[32m 284^[[2mms^[[22m^[[39m
coverage	Run coverage suite	2026-09-10T06:30:06.8400049Z  ^[[32m✓^[[39m ^[[30m^[[45m core ^[[49m^[[39m tests/integration/communication-preferenceable-integration.test.ts ^[[2m(^[[22m^[[2m1 test^[[22m^[[2m)^[[22m^[[32m 28^[[2mms^[[22m^[[39m
coverage	Run coverage suite	2026-09-10T06:30:07.1125884Z  ^[[32m✓^[[39m ^[[30m^[[45m core ^[[49m^[[39m tests/tokens/scoped-js-export.test.ts ^[[2m(^[[22m^[[2m12 tests^[[22m^[[2m)^[[22m^[[32m 14^[[2mms^[[22m^[[39m
coverage	Run coverage suite	2026-09-10T06:30:07.3674742Z  ^[[32m✓^[[39m ^[[30m^[[45m core ^[[49m^[[39m tests/compositor/withStatusBadge.modifier.test.ts ^[[2m(^[[22m^[[2m6 tests^[[22m^[[2m)^[[22m^[[32m 7^[[2mms^[[22m^[[39m
coverage	Run coverage suite	2026-09-10T06:30:07.7005301Z  ^[[32m✓^[[39m ^[[30m^[[45m core ^[[49m^[[39m tests/traits/preferenceable/cache.test.ts ^[[2m(^[[22m^[[2m4 tests^[[22m^[[2m)^[[22m^[[32m 30^[[2mms^[[22m^[[39m
coverage	Run coverage suite	2026-09-10T06:30:08.0578689Z  ^[[32m✓^[[39m ^[[30m^[[45m core ^[[49m^[[39m tests/traits/authz/entitlement.test.ts ^[[2m(^[[22m^[[2m4 tests^[[22m^[[2m)^[[22m^[[32m 31^[[2mms^[[22m^[[39m
coverage	Run coverage suite	2026-09-10T06:30:08.4796571Z  ^[[32m✓^[[39m ^[[30m^[[45m core ^[[49m^[[39m tests/governance-gates/build-stories-ratchet.test.ts ^[[2m(^[[22m^[[2m4 tests^[[22m^[[2m)^[[22m^[[32m 177^[[2mms^[[22m^[[39m
coverage	Run coverage suite	2026-09-10T06:30:09.1066851Z  ^[[32m✓^[[39m ^[[30m^[[45m core ^[[49m^[[39m tests/viz/patterns/pattern-library-v2.test.ts ^[[2m(^[[22m^[[2m6 tests^[[22m^[[2m)^[[22m^[[32m 7^[[2mms^[[22m^[[39m
coverage	Run coverage suite	2026-09-10T06:30:09.4944175Z  ^[[32m✓^[[39m ^[[30m^[[45m core ^[[49m^[[39m tests/validation/formatter.test.ts ^[[2m(^[[22m^[[2m5 tests^[[22m^[[2m)^[[22m^[[32m 65^[[2mms^[[22m^[[39m
coverage	Run coverage suite	2026-09-10T06:30:09.7513983Z  ^[[32m✓^[[39m ^[[30m^[[45m core ^[[49m^[[39m tests/contracts/schema-types.contract.test.ts ^[[2m(^[[22m^[[2m2 tests^[[22m^[[2m)^[[22m^[[32m 8^[[2mms^[[22m^[[39m
coverage	Run coverage suite	2026-09-10T06:30:10.0920074Z  ^[[32m✓^[[39m ^[[30m^[[45m core ^[[49m^[[39m tests/traits/preferenceable/performance.test.ts ^[[2m(^[[22m^[[2m4 tests^[[22m^[[2m)^[[22m^[[32m 26^[[2mms^[[22m^[[39m
coverage	Run coverage suite	2026-09-10T06:30:10.6289391Z  ^[[32m✓^[[39m ^[[30m^[[45m core ^[[49m^[[39m tests/integration/failure-scenarios.integration.test.ts ^[[2m(^[[22m^[[2m4 tests^[[22m^[[2m)^[[22m^[[32m 125^[[2mms^[[22m^[[39m
coverage	Run coverage suite	2026-09-10T06:30:10.8977439Z  ^[[32m✓^[[39m ^[[30m^[[45m core ^[[49m^[[39m packages/mcp-server/test/contracts/viz-compose.contract.spec.ts ^[[2m(^[[22m^[[2m10 tests^[[22m^[[2m)^[[22m^[[32m 10^[[2mms^[[22m^[[39m
coverage	Run coverage suite	2026-09-10T06:30:11.2743993Z  ^[[32m✓^[[39m ^[[30m^[[45m core ^[[49m^[[39m tests/components/RenderObject.edge-cases.test.tsx ^[[2m(^[[22m^[[2m4 tests^[[22m^[[2m)^[[22m^[[32m 22^[[2mms^[[22m^[[39m
coverage	Run coverage suite	2026-09-10T06:30:11.7070484Z  ^[[32m✓^[[39m ^[[30m^[[45m core ^[[49m^[[39m packages/mcp-server/test/product-reality/closeout.s191.spec.ts ^[[2m(^[[22m^[[2m3 tests^[[22m^[[2m)^[[22m^[[32m 158^[[2mms^[[22m^[[39m
coverage	Run coverage suite	2026-09-10T06:30:13.2516656Z  ^[[32m✓^[[39m ^[[30m^[[45m core ^[[49m^[[39m packages/mcp-server/test/e2e/design-compose.e2e.spec.ts ^[[2m(^[[22m^[[2m3 tests^[[22m^[[2m)^[[22m^[[33m 1288^[[2mms^[[22m^[[39m
coverage	Run coverage suite	2026-09-10T06:30:13.2518199Z    ^[[33m^[[2m✓^[[22m^[[39m design.compose bridge E2E^[[2m > ^[[22mcompose via bridge produces valid schema with selections ^[[33m 897^[[2mms^[[22m^[[39m
coverage	Run coverage suite	2026-09-10T06:30:13.6679576Z  ^[[32m✓^[[39m ^[[30m^[[45m core ^[[49m^[[39m packages/mcp-server/test/contracts/schema.load.spec.ts ^[[2m(^[[22m^[[2m3 tests^[[22m^[[2m)^[[22m^[[32m 20^[[2mms^[[22m^[[39m
coverage	Run coverage suite	2026-09-10T06:30:14.6175490Z  ^[[32m✓^[[39m ^[[30m^[[45m core ^[[49m^[[39m packages/mcp-server/test/product-reality/breadth-export-cells.s185.spec.ts ^[[2m(^[[22m^[[2m10 tests^[[22m^[[2m)^[[22m^[[32m 125^[[2mms^[[22m^[[39m
coverage	Run coverage suite	2026-09-10T06:30:14.9796860Z  ^[[32m✓^[[39m ^[[30m^[[45m core ^[[49m^[[39m tests/traits/addressable/international-formatting.test.ts ^[[2m(^[[22m^[[2m5 tests^[[22m^[[2m)^[[22m^[[32m 27^[[2mms^[[22m^[[39m
coverage	Run coverage suite	2026-09-10T06:30:15.6007354Z  ^[[32m✓^[[39m ^[[30m^[[45m core ^[[49m^[[39m tests/viz/normalized-viz-spec.test.ts ^[[2m(^[[22m^[[2m6 tests^[[22m^[[2m)^[[22m^[[32m 19^[[2mms^[[22m^[[39m
coverage	Run coverage suite	2026-09-10T06:30:15.8544343Z  ^[[32m✓^[[39m ^[[30m^[[45m core ^[[49m^[[39m packages/mcp-server/test/contracts/artifact-certify-render-prose.s179.spec.ts ^[[2m(^[[22m^[[2m13 tests^[[22m^[[2m)^[[22m^[[32m 6^[[2mms^[[22m^[[39m
coverage	Run coverage suite	2026-09-10T06:30:16.2740401Z  ^[[32m✓^[[39m ^[[30m^[[45m core ^[[49m^[[39m tests/governance-gates/import-side-effect-guard.test.ts ^[[2m(^[[22m^[[2m3 tests^[[22m^[[2m)^[[22m^[[32m 166^[[2mms^[[22m^[[39m
coverage	Run coverage suite	2026-09-10T06:30:18.5330288Z  ^[[32m✓^[[39m ^[[30m^[[45m core ^[[49m^[[39m tests/contracts/tokens-governance-entry-guard.spec.ts ^[[2m(^[[22m^[[2m2 tests^[[22m^[[2m)^[[22m^[[33m 2013^[[2mms^[[22m^[[39m
coverage	Run coverage suite	2026-09-10T06:30:18.5333548Z    ^[[33m^[[2m✓^[[22m^[[39m tokens-governance entry guard (s176 m04 realpath fold, #1250)^[[2m > ^[[22mdirect invocation runs main(): the usage surface prints and the exit code is 1 ^[[33m 850^[[2mms^[[22m^[[39m
coverage	Run coverage suite	2026-09-10T06:30:18.5337554Z    ^[[33m^[[2m✓^[[22m^[[39m tokens-governance entry guard (s176 m04 realpath fold, #1250)^[[2m > ^[[22mSYMLINKED invocation runs main() too — the pre-s176 guard silently no-opped here — and its usage surface is byte-identical to the direct one ^[[33m 1160^[[2mms^[[22m^[[39m
coverage	Run coverage suite	2026-09-10T06:30:18.9174649Z  ^[[32m✓^[[39m ^[[30m^[[45m core ^[[49m^[[39m tests/traits/preferenceable/notification-routing.test.ts ^[[2m(^[[22m^[[2m4 tests^[[22m^[[2m)^[[22m^[[32m 10^[[2mms^[[22m^[[39m
coverage	Run coverage suite	2026-09-10T06:30:19.3118057Z  ^[[32m✓^[[39m ^[[30m^[[45m core ^[[49m^[[39m tests/viz/adapters/spatial/echarts-visual-regression.test.ts ^[[2m(^[[22m^[[2m2 tests^[[22m^[[2m)^[[22m^[[32m 101^[[2mms^[[22m^[[39m
coverage	Run coverage suite	2026-09-10T06:30:19.6799963Z  ^[[32m✓^[[39m ^[[30m^[[45m core ^[[49m^[[39m tests/verification/contexts.contract.test.tsx ^[[2m(^[[22m^[[2m16 tests^[[22m^[[2m)^[[22m^[[32m 26^[[2mms^[[22m^[[39m
coverage	Run coverage suite	2026-09-10T06:30:35.1028629Z  ^[[32m✓^[[39m ^[[30m^[[45m core ^[[49m^[[39m packages/mcp-server/test/product-reality/theme.s191.spec.ts ^[[2m(^[[22m^[[2m3 tests^[[22m^[[2m)^[[22m^[[33m 14371^[[2mms^[[22m^[[39m
coverage	Run coverage suite	2026-09-10T06:30:35.1113139Z    ^[[33m^[[2m✓^[[22m^[[39m generated applications own their token scope (s191)^[[2m > ^[[22mreact shell, mount, styles and embedded chart share dark/B ^[[33m 5849^[[2mms^[[22m^[[39m
coverage	Run coverage suite	2026-09-10T06:30:35.1115518Z    ^[[33m^[[2m✓^[[22m^[[39m generated applications own their token scope (s191)^[[2m > ^[[22mvue shell, mount, styles and embedded chart share dark/B ^[[33m 8511^[[2mms^[[22m^[[39m
coverage	Run coverage suite	2026-09-10T06:30:35.5619940Z  ^[[32m✓^[[39m ^[[30m^[[45m core ^[[49m^[[39m packages/mcp-server/test/contracts/schema.save.spec.ts ^[[2m(^[[22m^[[2m3 tests^[[22m^[[2m)^[[22m^[[32m 15^[[2mms^[[22m^[[39m
coverage	Run coverage suite	2026-09-10T06:30:36.9287565Z  ^[[32m✓^[[39m ^[[30m^[[45m core ^[[49m^[[39m packages/mcp-server/test/tools/pipeline.compact.spec.ts ^[[2m(^[[22m^[[2m6 tests^[[22m^[[2m)^[[22m^[[33m 343^[[2mms^[[22m^[[39m
coverage	Run coverage suite	2026-09-10T06:30:37.2556555Z  ^[[32m✓^[[39m ^[[30m^[[45m core ^[[49m^[[39m tests/parsers/ts-parser.test.ts ^[[2m(^[[22m^[[2m7 tests^[[22m^[[2m)^[[22m^[[32m 8^[[2mms^[[22m^[[39m
coverage	Run coverage suite	2026-09-10T06:30:38.5277732Z  ^[[32m✓^[[39m ^[[30m^[[45m core ^[[49m^[[39m packages/mcp-server/test/contracts/layout-single-source.spec.ts ^[[2m(^[[22m^[[2m5 tests^[[22m^[[2m)^[[22m^[[32m 246^[[2mms^[[22m^[[39m
coverage	Run coverage suite	2026-09-10T06:30:38.7958198Z  ^[[32m✓^[[39m ^[[30m^[[45m core ^[[49m^[[39m tests/view/extensions.test.ts ^[[2m(^[[22m^[[2m6 tests^[[22m^[[2m)^[[22m^[[32m 7^[[2mms^[[22m^[[39m
coverage	Run coverage suite	2026-09-10T06:30:39.2531938Z  ^[[32m✓^[[39m ^[[30m^[[45m core ^[[49m^[[39m tests/components/user.render-object.test.tsx ^[[2m(^[[22m^[[2m2 tests^[[22m^[[2m)^[[22m^[[32m 47^[[2mms^[[22m^[[39m
coverage	Run coverage suite	2026-09-10T06:30:39.8736974Z  ^[[32m✓^[[39m ^[[30m^[[45m core ^[[49m^[[39m tests/viz/adapters/echarts/treemap-adapter.test.ts ^[[2m(^[[22m^[[2m2 tests^[[22m^[[2m)^[[22m^[[32m 7^[[2mms^[[22m^[[39m
coverage	Run coverage suite	2026-09-10T06:30:40.2565065Z  ^[[32m✓^[[39m ^[[30m^[[45m core ^[[49m^[[39m tests/generators/object-type-generator.test.ts ^[[2m(^[[22m^[[2m2 tests^[[22m^[[2m)^[[22m^[[32m 32^[[2mms^[[22m^[[39m
coverage	Run coverage suite	2026-09-10T06:30:40.9475111Z  ^[[32m✓^[[39m ^[[30m^[[45m core ^[[49m^[[39m tests/viz/adapters/spatial/vega-lite-visual-regression.test.ts ^[[2m(^[[22m^[[2m2 tests^[[22m^[[2m)^[[22m^[[32m 111^[[2mms^[[22m^[[39m
coverage	Run coverage suite	2026-09-10T06:30:41.2443708Z  ^[[32m✓^[[39m ^[[30m^[[45m core ^[[49m^[[39m tests/traits/authz/sod-policy.test.ts ^[[2m(^[[22m^[[2m5 tests^[[22m^[[2m)^[[22m^[[32m 16^[[2mms^[[22m^[[39m
coverage	Run coverage suite	2026-09-10T06:30:41.5142022Z  ^[[32m✓^[[39m ^[[30m^[[45m core ^[[49m^[[39m tests/traits/authz/sod-validator.test.ts ^[[2m(^[[22m^[[2m5 tests^[[22m^[[2m)^[[22m^[[32m 15^[[2mms^[[22m^[[39m
coverage	Run coverage suite	2026-09-10T06:30:42.1488633Z  ^[[32m✓^[[39m ^[[30m^[[45m core ^[[49m^[[39m tests/integration/authable-composition.test.ts ^[[2m(^[[22m^[[2m4 tests^[[22m^[[2m)^[[22m^[[32m 153^[[2mms^[[22m^[[39m
coverage	Run coverage suite	2026-09-10T06:30:42.4245017Z  ^[[32m✓^[[39m ^[[30m^[[45m core ^[[49m^[[39m packages/mcp-server/test/tools/cvd-machado.spec.ts ^[[2m(^[[22m^[[2m8 tests^[[22m^[[2m)^[[22m^[[32m 6^[[2mms^[[22m^[[39m
coverage	Run coverage suite	2026-09-10T06:30:42.9399948Z  ^[[32m✓^[[39m ^[[30m^[[45m core ^[[49m^[[39m tests/traits/communication/communication-trait.test.ts ^[[2m(^[[22m^[[2m3 tests^[[22m^[[2m)^[[22m^[[32m 43^[[2mms^[[22m^[[39m
coverage	Run coverage suite	2026-09-10T06:30:43.5113784Z  ^[[32m✓^[[39m ^[[30m^[[45m core ^[[49m^[[39m tests/integration/preferenceable-composition.test.ts ^[[2m(^[[22m^[[2m2 tests^[[22m^[[2m)^[[22m^[[32m 130^[[2mms^[[22m^[[39m
coverage	Run coverage suite	2026-09-10T06:30:43.9022234Z  ^[[32m✓^[[39m ^[[30m^[[45m core ^[[49m^[[39m packages/mcp-server/test/contracts/preview.compaction.spec.ts ^[[2m(^[[22m^[[2m3 tests^[[22m^[[2m)^[[22m^[[32m 16^[[2mms^[[22m^[[39m
coverage	Run coverage suite	2026-09-10T06:30:44.2309684Z  ^[[32m✓^[[39m ^[[30m^[[45m core ^[[49m^[[39m tests/schemas/authz.test.ts ^[[2m(^[[22m^[[2m8 tests^[[22m^[[2m)^[[22m^[[32m 26^[[2mms^[[22m^[[39m
coverage	Run coverage suite	2026-09-10T06:30:44.8453274Z  ^[[32m✓^[[39m ^[[30m^[[45m core ^[[49m^[[39m tests/viz/integration/renderer-selection-spatial.test.ts ^[[2m(^[[22m^[[2m5 tests^[[22m^[[2m)^[[22m^[[32m 8^[[2mms^[[22m^[[39m
coverage	Run coverage suite	2026-09-10T06:30:45.1148882Z  ^[[32m✓^[[39m ^[[30m^[[45m core ^[[49m^[[39m tests/viz/adapters/echarts/hierarchy-utils.test.ts ^[[2m(^[[22m^[[2m3 tests^[[22m^[[2m)^[[22m^[[32m 20^[[2mms^[[22m^[[39m
coverage	Run coverage suite	2026-09-10T06:30:45.4339185Z  ^[[32m✓^[[39m ^[[30m^[[45m core ^[[49m^[[39m tests/schemas/classification.test.ts ^[[2m(^[[22m^[[2m5 tests^[[22m^[[2m)^[[22m^[[32m 11^[[2mms^[[22m^[[39m
coverage	Run coverage suite	2026-09-10T06:30:45.9220413Z  ^[[32m✓^[[39m ^[[30m^[[45m core ^[[49m^[[39m tests/traits/Statusable.test.ts ^[[2m(^[[22m^[[2m6 tests^[[22m^[[2m)^[[22m^[[32m 175^[[2mms^[[22m^[[39m
coverage	Run coverage suite	2026-09-10T06:30:46.8193890Z  ^[[32m✓^[[39m ^[[30m^[[45m core ^[[49m^[[39m tests/lint/no-account-unsafe-metadata.spec.ts ^[[2m(^[[22m^[[2m4 tests^[[22m^[[2m)^[[22m^[[33m 452^[[2mms^[[22m^[[39m
coverage	Run coverage suite	2026-09-10T06:30:46.8213702Z    ^[[33m^[[2m✓^[[22m^[[39m no-account-unsafe-metadata^[[2m > ^[[22mflags direct metadata writes with no validation ^[[33m 417^[[2mms^[[22m^[[39m
coverage	Run coverage suite	2026-09-10T06:30:47.1398711Z  ^[[32m✓^[[39m ^[[30m^[[45m core ^[[49m^[[39m tests/governance-gates/triage-resolve-base-ref.test.ts ^[[2m(^[[22m^[[2m3 tests^[[22m^[[2m)^[[22m^[[32m 55^[[2mms^[[22m^[[39m
coverage	Run coverage suite	2026-09-10T06:30:53.0366108Z  ^[[32m✓^[[39m ^[[30m^[[45m core ^[[49m^[[39m packages/mcp-server/test/contracts/viz-recipes.s190.spec.ts ^[[2m(^[[22m^[[2m2 tests^[[22m^[[2m)^[[22m^[[33m 4780^[[2mms^[[22m^[[39m
coverage	Run coverage suite	2026-09-10T06:30:53.0370645Z    ^[[33m^[[2m✓^[[22m^[[39m one executable visualization registry (s190 m05)^[[2m > ^[[22mthe exported registry equals every live census cell after canonicalization ^[[33m 4775^[[2mms^[[22m^[[39m
coverage	Run coverage suite	2026-09-10T06:30:55.4759558Z  ^[[32m✓^[[39m ^[[30m^[[45m core ^[[49m^[[39m packages/mcp-server/test/tools/echarts-render-worker.startup.spec.ts ^[[2m(^[[22m^[[2m1 test^[[22m^[[2m)^[[22m^[[33m 2137^[[2mms^[[22m^[[39m
coverage	Run coverage suite	2026-09-10T06:30:55.4764003Z    ^[[33m^[[2m✓^[[22m^[[39m MCP startup ECharts render boundary^[[2m > ^[[22mregisters the server without importing ECharts or evaluating the render worker ^[[33m 2135^[[2mms^[[22m^[[39m
coverage	Run coverage suite	2026-09-10T06:30:55.7501266Z  ^[[32m✓^[[39m ^[[30m^[[45m core ^[[49m^[[39m tests/viz/integration/spatial-crossfilter.test.ts ^[[2m(^[[22m^[[2m5 tests^[[22m^[[2m)^[[22m^[[32m 7^[[2mms^[[22m^[[39m
coverage	Run coverage suite	2026-09-10T06:30:56.2089331Z  ^[[32m✓^[[39m ^[[30m^[[45m core ^[[49m^[[39m packages/mcp-server/test/contracts/layout-align.spec.ts ^[[2m(^[[22m^[[2m8 tests^[[22m^[[2m)^[[22m^[[32m 27^[[2mms^[[22m^[[39m
coverage	Run coverage suite	2026-09-10T06:30:56.4778029Z  ^[[32m✓^[[39m ^[[30m^[[45m core ^[[49m^[[39m packages/mcp-server/test/product-reality/ported-freeze.s184.spec.ts ^[[2m(^[[22m^[[2m2 tests^[[22m^[[2m)^[[22m^[[32m 12^[[2mms^[[22m^[[39m
coverage	Run coverage suite	2026-09-10T06:30:56.7359962Z  ^[[32m✓^[[39m ^[[30m^[[45m core ^[[49m^[[39m tests/view/compositor/modifierPurity.test.ts ^[[2m(^[[22m^[[2m5 tests^[[22m^[[2m)^[[22m^[[32m 7^[[2mms^[[22m^[[39m
coverage	Run coverage suite	2026-09-10T06:30:58.0673129Z  ^[[32m✓^[[39m ^[[30m^[[45m core ^[[49m^[[39m packages/mcp-server/test/tools/artifact.certify.echarts-option-stability.s179.spec.ts ^[[2m(^[[22m^[[2m2 tests^[[22m^[[2m)^[[22m^[[33m 623^[[2mms^[[22m^[[39m
coverage	Run coverage suite	2026-09-10T06:30:58.0684020Z    ^[[33m^[[2m✓^[[22m^[[39m artifact.certify — option stability remains load-bearing (s179 m05)^[[2m > ^[[22mfails the combined proof when emissions differ even though both renders agree ^[[33m 601^[[2mms^[[22m^[[39m
coverage	Run coverage suite	2026-09-10T06:30:58.4482587Z  ^[[32m✓^[[39m ^[[30m^[[45m core ^[[49m^[[39m packages/mcp-server/test/tools/design.preview.spec.ts ^[[2m(^[[22m^[[2m5 tests^[[22m^[[2m)^[[22m^[[32m 77^[[2mms^[[22m^[[39m
coverage	Run coverage suite	2026-09-10T06:30:58.8206649Z  ^[[32m✓^[[39m ^[[30m^[[45m core ^[[49m^[[39m tests/traits/preferenceable/read-repair.test.ts ^[[2m(^[[22m^[[2m3 tests^[[22m^[[2m)^[[22m^[[32m 27^[[2mms^[[22m^[[39m
coverage	Run coverage suite	2026-09-10T06:30:59.0719055Z  ^[[32m✓^[[39m ^[[30m^[[45m core ^[[49m^[[39m tests/verification/standing-rules.contract.test.ts ^[[2m(^[[22m^[[2m4 tests^[[22m^[[2m)^[[22m^[[32m 7^[[2mms^[[22m^[[39m
coverage	Run coverage suite	2026-09-10T06:30:59.3984540Z  ^[[32m✓^[[39m ^[[30m^[[45m core ^[[49m^[[39m tests/schemas/preferences.test.ts ^[[2m(^[[22m^[[2m4 tests^[[22m^[[2m)^[[22m^[[32m 20^[[2mms^[[22m^[[39m
coverage	Run coverage suite	2026-09-10T06:30:59.7349777Z  ^[[32m✓^[[39m ^[[30m^[[45m core ^[[49m^[[39m tests/schemas/viz/transform-outputs.test.ts ^[[2m(^[[22m^[[2m4 tests^[[22m^[[2m)^[[22m^[[32m 63^[[2mms^[[22m^[[39m
coverage	Run coverage suite	2026-09-10T06:31:00.0383372Z  ^[[32m✓^[[39m ^[[30m^[[45m core ^[[49m^[[39m tests/schemas/address.test.ts ^[[2m(^[[22m^[[2m4 tests^[[22m^[[2m)^[[22m^[[32m 11^[[2mms^[[22m^[[39m
coverage	Run coverage suite	2026-09-10T06:31:00.4096751Z  ^[[32m✓^[[39m ^[[30m^[[45m core ^[[49m^[[39m tests/schemas/viz/hierarchy-input.test.ts ^[[2m(^[[22m^[[2m5 tests^[[22m^[[2m)^[[22m^[[32m 27^[[2mms^[[22m^[[39m
coverage	Run coverage suite	2026-09-10T06:31:01.1105262Z  ^[[32m✓^[[39m ^[[30m^[[45m core ^[[49m^[[39m tests/integration/universal-quintet.integration.test.ts ^[[2m(^[[22m^[[2m5 tests^[[22m^[[2m)^[[22m^[[33m 305^[[2mms^[[22m^[[39m
coverage	Run coverage suite	2026-09-10T06:31:02.5681370Z  ^[[32m✓^[[39m ^[[30m^[[45m core ^[[49m^[[39m packages/mcp-server/test/product-reality/field-labels.s188.spec.ts ^[[2m(^[[22m^[[2m3 tests^[[22m^[[2m)^[[22m^[[33m 877^[[2mms^[[22m^[[39m
coverage	Run coverage suite	2026-09-10T06:31:02.5687994Z    ^[[33m^[[2m✓^[[22m^[[39m Sprint 188 meaningful field labels^[[2m > ^[[22mkeeps all 66 public compositions free of anonymous Field N labels ^[[33m 873^[[2mms^[[22m^[[39m
coverage	Run coverage suite	2026-09-10T06:31:02.9527159Z  ^[[32m✓^[[39m ^[[30m^[[45m core ^[[49m^[[39m tests/validation/cli.test.ts ^[[2m(^[[22m^[[2m4 tests^[[22m^[[2m)^[[22m^[[32m 12^[[2mms^[[22m^[[39m
coverage	Run coverage suite	2026-09-10T06:31:03.2131085Z  ^[[32m✓^[[39m ^[[30m^[[45m core ^[[49m^[[39m packages/mcp-server/test/contracts/doc-retirement-gate.spec.ts ^[[2m(^[[22m^[[2m1 test^[[22m^[[2m)^[[22m^[[32m 20^[[2mms^[[22m^[[39m
coverage	Run coverage suite	2026-09-10T06:31:03.5787409Z  ^[[32m✓^[[39m ^[[30m^[[45m core ^[[49m^[[39m tests/traits/communication/throttling-enforcer.test.ts ^[[2m(^[[22m^[[2m3 tests^[[22m^[[2m)^[[22m^[[32m 24^[[2mms^[[22m^[[39m
coverage	Run coverage suite	2026-09-10T06:31:03.8900176Z  ^[[32m✓^[[39m ^[[30m^[[45m core ^[[49m^[[39m tests/database/authz-seeds.test.ts ^[[2m(^[[22m^[[2m3 tests^[[22m^[[2m)^[[22m^[[32m 7^[[2mms^[[22m^[[39m
coverage	Run coverage suite	2026-09-10T06:31:04.6755359Z  ^[[32m✓^[[39m ^[[30m^[[45m core ^[[49m^[[39m tests/traits/preferenceable/schema-registry.test.ts ^[[2m(^[[22m^[[2m5 tests^[[22m^[[2m)^[[22m^[[33m 320^[[2mms^[[22m^[[39m
coverage	Run coverage suite	2026-09-10T06:31:04.9905375Z  ^[[32m✓^[[39m ^[[30m^[[45m core ^[[49m^[[39m tests/tokens/transform.test.ts ^[[2m(^[[22m^[[2m3 tests^[[22m^[[2m)^[[22m^[[32m 20^[[2mms^[[22m^[[39m
coverage	Run coverage suite	2026-09-10T06:31:05.2385317Z  ^[[32m✓^[[39m ^[[30m^[[45m core ^[[49m^[[39m tests/mcp/bridge-policy-and-tool-names.test.ts ^[[2m(^[[22m^[[2m3 tests^[[22m^[[2m)^[[22m^[[32m 6^[[2mms^[[22m^[[39m
coverage	Run coverage suite	2026-09-10T06:31:05.7492291Z  ^[[32m✓^[[39m ^[[30m^[[45m core ^[[49m^[[39m tests/integration/addressable-composition.test.ts ^[[2m(^[[22m^[[2m2 tests^[[22m^[[2m)^[[22m^[[32m 161^[[2mms^[[22m^[[39m
coverage	Run coverage suite	2026-09-10T06:31:06.0408232Z  ^[[32m✓^[[39m ^[[30m^[[45m core ^[[49m^[[39m tests/traits/communication/sla-monitor.test.ts ^[[2m(^[[22m^[[2m2 tests^[[22m^[[2m)^[[22m^[[32m 21^[[2mms^[[22m^[[39m
coverage	Run coverage suite	2026-09-10T06:31:06.4630275Z  ^[[32m✓^[[39m ^[[30m^[[45m core ^[[49m^[[39m tests/traits/Stateful.test.ts ^[[2m(^[[22m^[[2m4 tests^[[22m^[[2m)^[[22m^[[32m 115^[[2mms^[[22m^[[39m
coverage	Run coverage suite	2026-09-10T06:31:06.7102955Z  ^[[32m✓^[[39m ^[[30m^[[45m core ^[[49m^[[39m tests/traits/communication/channel-resolver.test.ts ^[[2m(^[[22m^[[2m3 tests^[[22m^[[2m)^[[22m^[[32m 4^[[2mms^[[22m^[[39m
coverage	Run coverage suite	2026-09-10T06:31:07.3109511Z  ^[[32m✓^[[39m ^[[30m^[[45m core ^[[49m^[[39m tests/viz/patterns/suggest-chart.test.ts ^[[2m(^[[22m^[[2m4 tests^[[22m^[[2m)^[[22m^[[32m 6^[[2mms^[[22m^[[39m
coverage	Run coverage suite	2026-09-10T06:31:07.7539289Z  ^[[32m✓^[[39m ^[[30m^[[45m core ^[[49m^[[39m tests/traits/Auditable.test.ts ^[[2m(^[[22m^[[2m5 tests^[[22m^[[2m)^[[22m^[[32m 132^[[2mms^[[22m^[[39m
coverage	Run coverage suite	2026-09-10T06:31:08.3658159Z  ^[[32m✓^[[39m ^[[30m^[[45m core ^[[49m^[[39m tests/viz/adapters/echarts/sunburst-adapter.test.ts ^[[2m(^[[22m^[[2m2 tests^[[22m^[[2m)^[[22m^[[32m 6^[[2mms^[[22m^[[39m
coverage	Run coverage suite	2026-09-10T06:31:08.7132229Z  ^[[32m✓^[[39m ^[[30m^[[45m core ^[[49m^[[39m tests/traits/preferenceable/dual-write-migration.test.ts ^[[2m(^[[22m^[[2m2 tests^[[22m^[[2m)^[[22m^[[32m 11^[[2mms^[[22m^[[39m
coverage	Run coverage suite	2026-09-10T06:31:09.0386357Z  ^[[32m✓^[[39m ^[[30m^[[45m core ^[[49m^[[39m packages/mcp-server/test/product-reality/browser-receipt-audit.s189.spec.ts ^[[2m(^[[22m^[[2m6 tests^[[22m^[[2m)^[[22m^[[32m 48^[[2mms^[[22m^[[39m
coverage	Run coverage suite	2026-09-10T06:31:09.6541902Z  ^[[32m✓^[[39m ^[[30m^[[45m core ^[[49m^[[39m tests/viz/adapters/layout-adapter.test.ts ^[[2m(^[[22m^[[2m2 tests^[[22m^[[2m)^[[22m^[[32m 13^[[2mms^[[22m^[[39m
coverage	Run coverage suite	2026-09-10T06:31:10.0084214Z  ^[[32m✓^[[39m ^[[30m^[[45m core ^[[49m^[[39m tests/traits/addressable/multi-role.test.ts ^[[2m(^[[22m^[[2m2 tests^[[22m^[[2m)^[[22m^[[32m 25^[[2mms^[[22m^[[39m
coverage	Run coverage suite	2026-09-10T06:31:11.1352054Z  ^[[32m✓^[[39m ^[[30m^[[45m core ^[[49m^[[39m packages/mcp-server/test/product-reality/billing-views-export-cells.s188.spec.ts ^[[2m(^[[22m^[[2m10 tests^[[22m^[[2m)^[[22m^[[32m 60^[[2mms^[[22m^[[39m
coverage	Run coverage suite	2026-09-10T06:31:12.2362876Z  ^[[32m✓^[[39m ^[[30m^[[45m core ^[[49m^[[39m tests/components/dashboard-context.integration.test.tsx ^[[2m(^[[22m^[[2m5 tests^[[22m^[[2m)^[[22m^[[32m 143^[[2mms^[[22m^[[39m
coverage	Run coverage suite	2026-09-10T06:31:12.7195970Z  ^[[32m✓^[[39m ^[[30m^[[45m core ^[[49m^[[39m tests/traits/communication/schema-validator.test.ts ^[[2m(^[[22m^[[2m4 tests^[[22m^[[2m)^[[22m^[[32m 43^[[2mms^[[22m^[[39m
coverage	Run coverage suite	2026-09-10T06:31:12.9822255Z  ^[[32m✓^[[39m ^[[30m^[[45m core ^[[49m^[[39m packages/mcp-server/test/product-reality/advertised-movers.s184.spec.ts ^[[2m(^[[22m^[[2m1 test^[[22m^[[2m)^[[22m^[[32m 10^[[2mms^[[22m^[[39m
coverage	Run coverage suite	2026-09-10T06:31:14.0872594Z  ^[[32m✓^[[39m ^[[30m^[[45m core ^[[49m^[[39m packages/mcp-server/test/product-reality/billing-export-cells.s188.spec.ts ^[[2m(^[[22m^[[2m6 tests^[[22m^[[2m)^[[22m^[[32m 52^[[2mms^[[22m^[[39m
coverage	Run coverage suite	2026-09-10T06:31:14.3843823Z  ^[[32m✓^[[39m ^[[30m^[[45m core ^[[49m^[[39m tests/tokens/viz-scales.test.ts ^[[2m(^[[22m^[[2m2 tests^[[22m^[[2m)^[[22m^[[32m 13^[[2mms^[[22m^[[39m
coverage	Run coverage suite	2026-09-10T06:31:14.7980513Z  ^[[32m✓^[[39m ^[[30m^[[45m core ^[[49m^[[39m tests/schemas/authz-registry.test.ts ^[[2m(^[[22m^[[2m5 tests^[[22m^[[2m)^[[22m^[[32m 49^[[2mms^[[22m^[[39m
coverage	Run coverage suite	2026-09-10T06:31:15.0520065Z  ^[[32m✓^[[39m ^[[30m^[[45m core ^[[49m^[[39m packages/mcp-server/test/contracts/dsl-version.spec.ts ^[[2m(^[[22m^[[2m9 tests^[[22m^[[2m)^[[22m^[[32m 5^[[2mms^[[22m^[[39m
coverage	Run coverage suite	2026-09-10T06:31:15.4590877Z  ^[[32m✓^[[39m ^[[30m^[[45m core ^[[49m^[[39m tests/registry/payment-chart.s190.test.ts ^[[2m(^[[22m^[[2m2 tests^[[22m^[[2m)^[[22m^[[32m 88^[[2mms^[[22m^[[39m
coverage	Run coverage suite	2026-09-10T06:31:15.7067641Z  ^[[32m✓^[[39m ^[[30m^[[45m guardrails ^[[49m^[[39m testing/a11y/axe.spec.ts ^[[2m(^[[22m^[[2m4 tests^[[22m^[[2m)^[[22m^[[32m 7^[[2mms^[[22m^[[39m
coverage	Run coverage suite	2026-09-10T06:31:16.0633747Z  ^[[32m✓^[[39m ^[[30m^[[45m core ^[[49m^[[39m tests/schemas/viz/network-input.test.ts ^[[2m(^[[22m^[[2m4 tests^[[22m^[[2m)^[[22m^[[32m 24^[[2mms^[[22m^[[39m
coverage	Run coverage suite	2026-09-10T06:31:16.9381472Z  ^[[32m✓^[[39m ^[[30m^[[45m core ^[[49m^[[39m tests/lint/no-unsafe-tenancy-override.spec.ts ^[[2m(^[[22m^[[2m3 tests^[[22m^[[2m)^[[22m^[[33m 432^[[2mms^[[22m^[[39m
coverage	Run coverage suite	2026-09-10T06:31:16.9395397Z    ^[[33m^[[2m✓^[[22m^[[39m no-unsafe-tenancy-override^[[2m > ^[[22mflags TenancyContext.setCurrentTenant in application code ^[[33m 411^[[2mms^[[22m^[[39m
coverage	Run coverage suite	2026-09-10T06:31:17.2050662Z  ^[[32m✓^[[39m ^[[30m^[[45m core ^[[49m^[[39m tests/verification/regions.contract.test.ts ^[[2m(^[[22m^[[2m3 tests^[[22m^[[2m)^[[22m^[[32m 5^[[2mms^[[22m^[[39m
coverage	Run coverage suite	2026-09-10T06:31:17.4933383Z  ^[[32m✓^[[39m ^[[30m^[[45m core ^[[49m^[[39m tests/viz/integration/spatial-dashboard.test.tsx ^[[2m(^[[22m^[[2m2 tests^[[22m^[[2m)^[[22m^[[32m 12^[[2mms^[[22m^[[39m
coverage	Run coverage suite	2026-09-10T06:31:17.9272351Z  ^[[32m✓^[[39m ^[[30m^[[45m core ^[[49m^[[39m tests/traits/Cancellable.test.ts ^[[2m(^[[22m^[[2m4 tests^[[22m^[[2m)^[[22m^[[32m 118^[[2mms^[[22m^[[39m
coverage	Run coverage suite	2026-09-10T06:31:18.3537708Z  ^[[32m✓^[[39m ^[[30m^[[45m core ^[[49m^[[39m tests/traits/viz/scale-temporal.test.ts ^[[2m(^[[22m^[[2m4 tests^[[22m^[[2m)^[[22m^[[32m 112^[[2mms^[[22m^[[39m
coverage	Run coverage suite	2026-09-10T06:31:18.7813752Z  ^[[32m✓^[[39m ^[[30m^[[45m core ^[[49m^[[39m tests/traits/viz/mark-bar.test.ts ^[[2m(^[[22m^[[2m4 tests^[[22m^[[2m)^[[22m^[[32m 111^[[2mms^[[22m^[[39m
coverage	Run coverage suite	2026-09-10T06:31:24.5764207Z  ^[[32m✓^[[39m ^[[30m^[[45m core ^[[49m^[[39m tests/viz/patterns/scaffold-generator.test.ts ^[[2m(^[[22m^[[2m1 test^[[22m^[[2m)^[[22m^[[33m 4883^[[2mms^[[22m^[[39m
coverage	Run coverage suite	2026-09-10T06:31:24.5766048Z    ^[[33m^[[2m✓^[[22m^[[39m scaffold generator^[[2m > ^[[22mproduces JSON spec + component shell for chart suggestion ^[[33m 4881^[[2mms^[[22m^[[39m
coverage	Run coverage suite	2026-09-10T06:31:25.0621891Z  ^[[32m✓^[[39m ^[[30m^[[45m core ^[[49m^[[39m tests/traits/Archivable.test.ts ^[[2m(^[[22m^[[2m4 tests^[[22m^[[2m)^[[22m^[[32m 116^[[2mms^[[22m^[[39m
coverage	Run coverage suite	2026-09-10T06:31:25.4885850Z  ^[[32m✓^[[39m ^[[30m^[[45m core ^[[49m^[[39m tests/traits/viz/encoding-color.test.ts ^[[2m(^[[22m^[[2m4 tests^[[22m^[[2m)^[[22m^[[32m 112^[[2mms^[[22m^[[39m
coverage	Run coverage suite	2026-09-10T06:31:25.9253451Z  ^[[32m✓^[[39m ^[[30m^[[45m core ^[[49m^[[39m tests/traits/Colorized.test.ts ^[[2m(^[[22m^[[2m4 tests^[[22m^[[2m)^[[22m^[[32m 118^[[2mms^[[22m^[[39m
coverage	Run coverage suite	2026-09-10T06:31:26.1891825Z  ^[[32m✓^[[39m ^[[30m^[[45m core ^[[49m^[[39m tests/cli/spatial-detection.test.ts ^[[2m(^[[22m^[[2m4 tests^[[22m^[[2m)^[[22m^[[32m 6^[[2mms^[[22m^[[39m
coverage	Run coverage suite	2026-09-10T06:31:26.4465894Z  ^[[32m✓^[[39m ^[[30m^[[45m core ^[[49m^[[39m tests/cli/refresh-data.test.ts ^[[2m(^[[22m^[[2m4 tests^[[22m^[[2m)^[[22m^[[32m 10^[[2mms^[[22m^[[39m
coverage	Run coverage suite	2026-09-10T06:31:26.8069695Z  ^[[32m✓^[[39m ^[[30m^[[45m core ^[[49m^[[39m tests/validation/reporters.test.ts ^[[2m(^[[22m^[[2m3 tests^[[22m^[[2m)^[[22m^[[32m 5^[[2mms^[[22m^[[39m
coverage	Run coverage suite	2026-09-10T06:31:27.2283547Z  ^[[32m✓^[[39m ^[[30m^[[45m core ^[[49m^[[39m tests/traits/Taggable.test.ts ^[[2m(^[[22m^[[2m4 tests^[[22m^[[2m)^[[22m^[[32m 116^[[2mms^[[22m^[[39m
coverage	Run coverage suite	2026-09-10T06:31:27.5506327Z  ^[[32m✓^[[39m ^[[30m^[[45m core ^[[49m^[[39m tests/verification/ci-token-governance-event.contract.test.ts ^[[2m(^[[22m^[[2m2 tests^[[22m^[[2m)^[[22m^[[32m 4^[[2mms^[[22m^[[39m
coverage	Run coverage suite	2026-09-10T06:31:28.1815110Z  ^[[32m✓^[[39m ^[[30m^[[45m core ^[[49m^[[39m tests/viz/a11y/facet-table-generator.test.ts ^[[2m(^[[22m^[[2m4 tests^[[22m^[[2m)^[[22m^[[32m 11^[[2mms^[[22m^[[39m
coverage	Run coverage suite	2026-09-10T06:31:28.5600409Z  ^[[32m✓^[[39m ^[[30m^[[45m core ^[[49m^[[39m tests/integration/entitlement-export.test.ts ^[[2m(^[[22m^[[2m4 tests^[[22m^[[2m)^[[22m^[[32m 27^[[2mms^[[22m^[[39m
coverage	Run coverage suite	2026-09-10T06:31:28.8346283Z  ^[[32m✓^[[39m ^[[30m^[[45m core ^[[49m^[[39m tests/traits/classifiable/spam-detection.test.ts ^[[2m(^[[22m^[[2m3 tests^[[22m^[[2m)^[[22m^[[32m 21^[[2mms^[[22m^[[39m
coverage	Run coverage suite	2026-09-10T06:31:29.2689266Z  ^[[32m✓^[[39m ^[[30m^[[45m core ^[[49m^[[39m tests/traits/viz/encoding-position-y.test.ts ^[[2m(^[[22m^[[2m4 tests^[[22m^[[2m)^[[22m^[[32m 115^[[2mms^[[22m^[[39m
coverage	Run coverage suite	2026-09-10T06:31:29.6326010Z  ^[[32m✓^[[39m ^[[30m^[[45m core ^[[49m^[[39m tests/schemas/viz/sankey-input.test.ts ^[[2m(^[[22m^[[2m3 tests^[[22m^[[2m)^[[22m^[[32m 23^[[2mms^[[22m^[[39m
coverage	Run coverage suite	2026-09-10T06:31:30.0671253Z  ^[[32m✓^[[39m ^[[30m^[[45m core ^[[49m^[[39m tests/traits/viz/encoding-position-x.test.ts ^[[2m(^[[22m^[[2m4 tests^[[22m^[[2m)^[[22m^[[32m 116^[[2mms^[[22m^[[39m
coverage	Run coverage suite	2026-09-10T06:31:30.6772386Z  ^[[32m✓^[[39m ^[[30m^[[45m core ^[[49m^[[39m tests/viz/stack-transform.test.ts ^[[2m(^[[22m^[[2m2 tests^[[22m^[[2m)^[[22m^[[32m 5^[[2mms^[[22m^[[39m
coverage	Run coverage suite	2026-09-10T06:31:30.9411972Z  ^[[32m✓^[[39m ^[[30m^[[45m core ^[[49m^[[39m packages/mcp-server/test/render/css-extractor.spec.ts ^[[2m(^[[22m^[[2m3 tests^[[22m^[[2m)^[[22m^[[32m 7^[[2mms^[[22m^[[39m
coverage	Run coverage suite	2026-09-10T06:31:31.2663248Z  ^[[32m✓^[[39m ^[[30m^[[45m core ^[[49m^[[39m tests/traits/authz/role-graph.test.ts ^[[2m(^[[22m^[[2m3 tests^[[22m^[[2m)^[[22m^[[32m 16^[[2mms^[[22m^[[39m
coverage	Run coverage suite	2026-09-10T06:31:31.5213679Z  ^[[32m✓^[[39m ^[[30m^[[45m core ^[[49m^[[39m tests/view/context.test.ts ^[[2m(^[[22m^[[2m2 tests^[[22m^[[2m)^[[22m^[[32m 4^[[2mms^[[22m^[[39m
coverage	Run coverage suite	2026-09-10T06:31:31.7868132Z  ^[[32m✓^[[39m ^[[30m^[[45m core ^[[49m^[[39m tests/parsers/index.test.ts ^[[2m(^[[22m^[[2m5 tests^[[22m^[[2m)^[[22m^[[32m 7^[[2mms^[[22m^[[39m
coverage	Run coverage suite	2026-09-10T06:31:32.1999129Z  ^[[32m✓^[[39m ^[[30m^[[45m core ^[[49m^[[39m tests/traits/Labelled.test.ts ^[[2m(^[[22m^[[2m4 tests^[[22m^[[2m)^[[22m^[[32m 109^[[2mms^[[22m^[[39m
coverage	Run coverage suite	2026-09-10T06:31:32.6130771Z  ^[[32m✓^[[39m ^[[30m^[[45m core ^[[49m^[[39m packages/mcp-server/test/contracts/tokens.build.apply.spec.ts ^[[2m(^[[22m^[[2m1 test^[[22m^[[2m)^[[22m^[[32m 53^[[2mms^[[22m^[[39m
coverage	Run coverage suite	2026-09-10T06:31:33.7433609Z  ^[[32m✓^[[39m ^[[30m^[[45m core ^[[49m^[[39m packages/mcp-server/test/scale/dashboard-determinism.spec.ts ^[[2m(^[[22m^[[2m6 tests^[[22m^[[2m)^[[22m^[[33m 381^[[2mms^[[22m^[[39m
coverage	Run coverage suite	2026-09-10T06:31:34.0719662Z  ^[[32m✓^[[39m ^[[30m^[[45m core ^[[49m^[[39m tests/traits/communication/policy-builder.test.ts ^[[2m(^[[22m^[[2m3 tests^[[22m^[[2m)^[[22m^[[32m 9^[[2mms^[[22m^[[39m
coverage	Run coverage suite	2026-09-10T06:31:34.8492655Z  ^[[32m✓^[[39m ^[[30m^[[45m core ^[[49m^[[39m packages/mcp-server/test/tools/dashboard-token-css-ref-honor.s179.spec.ts ^[[2m(^[[22m^[[2m3 tests^[[22m^[[2m)^[[22m^[[32m 11^[[2mms^[[22m^[[39m
coverage	Run coverage suite	2026-09-10T06:31:35.2841858Z  ^[[32m✓^[[39m ^[[30m^[[45m core ^[[49m^[[39m tests/traits/viz/encoding-size.test.ts ^[[2m(^[[22m^[[2m4 tests^[[22m^[[2m)^[[22m^[[32m 110^[[2mms^[[22m^[[39m
coverage	Run coverage suite	2026-09-10T06:31:35.6824643Z  ^[[32m✓^[[39m ^[[30m^[[45m core ^[[49m^[[39m tests/traits/viz/layout-facet.test.ts ^[[2m(^[[22m^[[2m3 tests^[[22m^[[2m)^[[22m^[[32m 78^[[2mms^[[22m^[[39m
coverage	Run coverage suite	2026-09-10T06:31:36.1355836Z  ^[[32m✓^[[39m ^[[30m^[[45m core ^[[49m^[[39m tests/traits/viz/scale-linear.test.ts ^[[2m(^[[22m^[[2m4 tests^[[22m^[[2m)^[[22m^[[32m 133^[[2mms^[[22m^[[39m
coverage	Run coverage suite	2026-09-10T06:31:36.4859082Z  ^[[32m✓^[[39m ^[[30m^[[45m core ^[[49m^[[39m tests/traits/addressable/default-management.test.ts ^[[2m(^[[22m^[[2m3 tests^[[22m^[[2m)^[[22m^[[32m 24^[[2mms^[[22m^[[39m
coverage	Run coverage suite	2026-09-10T06:31:36.9155426Z  ^[[32m✓^[[39m ^[[30m^[[45m core ^[[49m^[[39m tests/traits/viz/mark-line.test.ts ^[[2m(^[[22m^[[2m4 tests^[[22m^[[2m)^[[22m^[[32m 108^[[2mms^[[22m^[[39m
coverage	Run coverage suite	2026-09-10T06:31:37.2639987Z  ^[[32m✓^[[39m ^[[30m^[[45m core ^[[49m^[[39m tests/integration/communication-export.test.ts ^[[2m(^[[22m^[[2m3 tests^[[22m^[[2m)^[[22m^[[32m 23^[[2mms^[[22m^[[39m
coverage	Run coverage suite	2026-09-10T06:31:37.9998751Z  ^[[32m✓^[[39m ^[[30m^[[45m core ^[[49m^[[39m tests/compose/compose-intent-sections.test.ts ^[[2m(^[[22m^[[2m2 tests^[[22m^[[2m)^[[22m^[[32m 237^[[2mms^[[22m^[[39m
coverage	Run coverage suite	2026-09-10T06:31:38.4222937Z  ^[[32m✓^[[39m ^[[30m^[[45m core ^[[49m^[[39m tests/traits/viz/mark-point.test.ts ^[[2m(^[[22m^[[2m4 tests^[[22m^[[2m)^[[22m^[[32m 108^[[2mms^[[22m^[[39m
coverage	Run coverage suite	2026-09-10T06:31:39.4177705Z  ^[[32m✓^[[39m ^[[30m^[[45m core ^[[49m^[[39m packages/mcp-server/test/product-reality/input-validation-state.s184.spec.ts ^[[2m(^[[22m^[[2m4 tests^[[22m^[[2m)^[[22m^[[32m 31^[[2mms^[[22m^[[39m
coverage	Run coverage suite	2026-09-10T06:31:40.0483001Z  ^[[32m✓^[[39m ^[[30m^[[45m core ^[[49m^[[39m tests/viz/adapters/layout-parity.test.ts ^[[2m(^[[22m^[[2m2 tests^[[22m^[[2m)^[[22m^[[32m 11^[[2mms^[[22m^[[39m
coverage	Run coverage suite	2026-09-10T06:31:40.4898517Z  ^[[32m✓^[[39m ^[[30m^[[45m core ^[[49m^[[39m tests/traits/viz/mark-area.test.ts ^[[2m(^[[22m^[[2m4 tests^[[22m^[[2m)^[[22m^[[32m 117^[[2mms^[[22m^[[39m
coverage	Run coverage suite	2026-09-10T06:31:40.7440341Z  ^[[32m✓^[[39m ^[[30m^[[45m core ^[[49m^[[39m tests/traits/addressable/format-templates.test.ts ^[[2m(^[[22m^[[2m4 tests^[[22m^[[2m)^[[22m^[[32m 5^[[2mms^[[22m^[[39m
coverage	Run coverage suite	2026-09-10T06:31:41.1346755Z  ^[[32m✓^[[39m ^[[30m^[[45m core ^[[49m^[[39m tests/traits/viz/interaction-highlight.test.ts ^[[2m(^[[22m^[[2m3 tests^[[22m^[[2m)^[[22m^[[32m 75^[[2mms^[[22m^[[39m
coverage	Run coverage suite	2026-09-10T06:31:42.1081765Z  ^[[32m✓^[[39m ^[[30m^[[45m core ^[[49m^[[39m packages/mcp-server/test/codegen/codegen-invalid-schema.spec.ts ^[[2m(^[[22m^[[2m2 tests^[[22m^[[2m)^[[22m^[[32m 24^[[2mms^[[22m^[[39m
coverage	Run coverage suite	2026-09-10T06:31:42.4375275Z  ^[[32m✓^[[39m ^[[30m^[[45m core ^[[49m^[[39m tests/traits/communication/retry-scheduler.test.ts ^[[2m(^[[22m^[[2m3 tests^[[22m^[[2m)^[[22m^[[32m 19^[[2mms^[[22m^[[39m
coverage	Run coverage suite	2026-09-10T06:31:42.7953667Z  ^[[32m✓^[[39m ^[[30m^[[45m core ^[[49m^[[39m tests/base/table.test.tsx ^[[2m(^[[22m^[[2m2 tests^[[22m^[[2m)^[[22m^[[32m 15^[[2mms^[[22m^[[39m
coverage	Run coverage suite	2026-09-10T06:31:43.1962858Z  ^[[32m✓^[[39m ^[[30m^[[45m core ^[[49m^[[39m tests/traits/viz/layout-concat.test.ts ^[[2m(^[[22m^[[2m3 tests^[[22m^[[2m)^[[22m^[[32m 78^[[2mms^[[22m^[[39m
coverage	Run coverage suite	2026-09-10T06:31:43.5997090Z  ^[[32m✓^[[39m ^[[30m^[[45m core ^[[49m^[[39m tests/traits/viz/layout-layer.test.ts ^[[2m(^[[22m^[[2m3 tests^[[22m^[[2m)^[[22m^[[32m 79^[[2mms^[[22m^[[39m
coverage	Run coverage suite	2026-09-10T06:31:43.9646196Z  ^[[32m✓^[[39m ^[[30m^[[45m core ^[[49m^[[39m tests/traits/communication/schema-registry.test.ts ^[[2m(^[[22m^[[2m3 tests^[[22m^[[2m)^[[22m^[[32m 11^[[2mms^[[22m^[[39m
coverage	Run coverage suite	2026-09-10T06:31:44.3662497Z  ^[[32m✓^[[39m ^[[30m^[[45m core ^[[49m^[[39m tests/traits/viz/interaction-tooltip.test.ts ^[[2m(^[[22m^[[2m3 tests^[[22m^[[2m)^[[22m^[[32m 81^[[2mms^[[22m^[[39m
coverage	Run coverage suite	2026-09-10T06:31:44.6351391Z  ^[[32m✓^[[39m ^[[30m^[[45m core ^[[49m^[[39m tests/viz/layout/keyboard-nav.test.ts ^[[2m(^[[22m^[[2m3 tests^[[22m^[[2m)^[[22m^[[32m 7^[[2mms^[[22m^[[39m
coverage	Run coverage suite	2026-09-10T06:31:45.0220185Z  ^[[32m✓^[[39m ^[[30m^[[45m core ^[[49m^[[39m packages/mcp-server/test/contracts/brand.apply.patch.spec.ts ^[[2m(^[[22m^[[2m1 test^[[22m^[[2m)^[[22m^[[32m 12^[[2mms^[[22m^[[39m
coverage	Run coverage suite	2026-09-10T06:31:45.3134817Z  ^[[32m✓^[[39m ^[[30m^[[45m core ^[[49m^[[39m packages/mcp-server/test/scale/determinism.spec.ts ^[[2m(^[[22m^[[2m9 tests^[[22m^[[2m)^[[22m^[[32m 31^[[2mms^[[22m^[[39m
coverage	Run coverage suite	2026-09-10T06:31:45.6669584Z  ^[[32m✓^[[39m ^[[30m^[[45m core ^[[49m^[[39m tests/components/page-header.test.tsx ^[[2m(^[[22m^[[2m1 test^[[22m^[[2m)^[[22m^[[32m 14^[[2mms^[[22m^[[39m
coverage	Run coverage suite	2026-09-10T06:31:46.0229163Z  ^[[32m✓^[[39m ^[[30m^[[45m core ^[[49m^[[39m tests/integration/communication-throttling-integration.test.ts ^[[2m(^[[22m^[[2m1 test^[[22m^[[2m)^[[22m^[[32m 22^[[2mms^[[22m^[[39m
coverage	Run coverage suite	2026-09-10T06:31:46.5400595Z  ^[[32m✓^[[39m ^[[30m^[[45m core ^[[49m^[[39m packages/mcp-server/test/render/render-preview-messaging.spec.ts ^[[2m(^[[22m^[[2m2 tests^[[22m^[[2m)^[[22m^[[32m 13^[[2mms^[[22m^[[39m
coverage	Run coverage suite	2026-09-10T06:31:46.7949472Z  ^[[32m✓^[[39m ^[[30m^[[45m core ^[[49m^[[39m tests/cli/spatial-scaffold.test.ts ^[[2m(^[[22m^[[2m2 tests^[[22m^[[2m)^[[22m^[[32m 4^[[2mms^[[22m^[[39m
coverage	Run coverage suite	2026-09-10T06:31:47.4027507Z  ^[[32m✓^[[39m ^[[30m^[[45m core ^[[49m^[[39m tests/viz/patterns/suggest-chart-v2.test.ts ^[[2m(^[[22m^[[2m2 tests^[[22m^[[2m)^[[22m^[[32m 5^[[2mms^[[22m^[[39m
coverage	Run coverage suite	2026-09-10T06:31:47.7497462Z  ^[[32m✓^[[39m ^[[30m^[[45m core ^[[49m^[[39m tests/base/button.test.tsx ^[[2m(^[[22m^[[2m3 tests^[[22m^[[2m)^[[22m^[[32m 13^[[2mms^[[22m^[[39m
coverage	Run coverage suite	2026-09-10T06:31:48.0880344Z  ^[[32m✓^[[39m ^[[30m^[[45m core ^[[49m^[[39m tests/base/text-field.test.tsx ^[[2m(^[[22m^[[2m2 tests^[[22m^[[2m)^[[22m^[[32m 14^[[2mms^[[22m^[[39m
coverage	Run coverage suite	2026-09-10T06:31:48.4366606Z  ^[[32m✓^[[39m ^[[30m^[[45m core ^[[49m^[[39m tests/integration/communication-audit.test.ts ^[[2m(^[[22m^[[2m2 tests^[[22m^[[2m)^[[22m^[[32m 27^[[2mms^[[22m^[[39m
coverage	Run coverage suite	2026-09-10T06:31:48.6994497Z  ^[[32m✓^[[39m ^[[30m^[[45m core ^[[49m^[[39m tests/verification/runtime-executable-boundary.s191.test.ts ^[[2m(^[[22m^[[2m7 tests^[[22m^[[2m)^[[22m^[[32m 4^[[2mms^[[22m^[[39m
coverage	Run coverage suite	2026-09-10T06:31:49.0486898Z  ^[[32m✓^[[39m ^[[30m^[[45m core ^[[49m^[[39m tests/base/select.test.tsx ^[[2m(^[[22m^[[2m2 tests^[[22m^[[2m)^[[22m^[[32m 14^[[2mms^[[22m^[[39m
coverage	Run coverage suite	2026-09-10T06:31:49.3424796Z  ^[[32m✓^[[39m ^[[30m^[[45m guardrails ^[[49m^[[39m testing/a11y/contrast.spec.ts ^[[2m(^[[22m^[[2m1 test^[[22m^[[2m)^[[22m^[[32m 11^[[2mms^[[22m^[[39m
coverage	Run coverage suite	2026-09-10T06:31:49.6127942Z  ^[[32m✓^[[39m ^[[30m^[[45m core ^[[49m^[[39m tests/verification/pkg-compat-workflow.contract.test.ts ^[[2m(^[[22m^[[2m2 tests^[[22m^[[2m)^[[22m^[[32m 4^[[2mms^[[22m^[[39m
coverage	Run coverage suite	2026-09-10T06:31:49.9562417Z  ^[[32m✓^[[39m ^[[30m^[[45m core ^[[49m^[[39m tests/base/date-picker.test.tsx ^[[2m(^[[22m^[[2m2 tests^[[22m^[[2m)^[[22m^[[32m 14^[[2mms^[[22m^[[39m
coverage	Run coverage suite	2026-09-10T06:31:50.2447393Z  ^[[32m✓^[[39m ^[[30m^[[45m core ^[[49m^[[39m packages/mcp-server/test/render/viz-area-svg.spec.ts ^[[2m(^[[22m^[[2m1 test^[[22m^[[2m)^[[22m^[[32m 6^[[2mms^[[22m^[[39m
coverage	Run coverage suite	2026-09-10T06:31:50.5050027Z  ^[[32m✓^[[39m ^[[30m^[[45m core ^[[49m^[[39m packages/mcp-server/test/compose/position-affinity.spec.ts ^[[2m(^[[22m^[[2m5 tests^[[22m^[[2m)^[[22m^[[32m 4^[[2mms^[[22m^[[39m
coverage	Run coverage suite	2026-09-10T06:31:50.8626354Z  ^[[32m✓^[[39m ^[[30m^[[45m core ^[[49m^[[39m tests/base/textarea.test.tsx ^[[2m(^[[22m^[[2m2 tests^[[22m^[[2m)^[[22m^[[32m 13^[[2mms^[[22m^[[39m
coverage	Run coverage suite	2026-09-10T06:31:51.3265036Z  ^[[32m✓^[[39m ^[[30m^[[45m core ^[[49m^[[39m packages/mcp-server/test/contracts/repl.registry.contract.spec.ts ^[[2m(^[[22m^[[2m2 tests^[[22m^[[2m)^[[22m^[[32m 12^[[2mms^[[22m^[[39m
coverage	Run coverage suite	2026-09-10T06:31:51.5883024Z  ^[[32m✓^[[39m ^[[30m^[[45m core ^[[49m^[[39m packages/mcp-server/test/contracts/tool.registry.spec.ts ^[[2m(^[[22m^[[2m3 tests^[[22m^[[2m)^[[22m^[[32m 8^[[2mms^[[22m^[[39m
coverage	Run coverage suite	2026-09-10T06:31:51.9374399Z  ^[[32m✓^[[39m ^[[30m^[[45m core ^[[49m^[[39m tests/base/checkbox.test.tsx ^[[2m(^[[22m^[[2m2 tests^[[22m^[[2m)^[[22m^[[32m 13^[[2mms^[[22m^[[39m
coverage	Run coverage suite	2026-09-10T06:31:52.1982266Z  ^[[32m✓^[[39m ^[[30m^[[45m core ^[[49m^[[39m tests/traits/preferenceable/migration-logger.test.ts ^[[2m(^[[22m^[[2m1 test^[[22m^[[2m)^[[22m^[[32m 4^[[2mms^[[22m^[[39m
coverage	Run coverage suite	2026-09-10T06:31:52.4574260Z  ^[[32m✓^[[39m ^[[30m^[[45m core ^[[49m^[[39m tests/verification/docs.contract.test.ts ^[[2m(^[[22m^[[2m2 tests^[[22m^[[2m)^[[22m^[[32m 4^[[2mms^[[22m^[[39m
coverage	Run coverage suite	2026-09-10T06:31:52.8106932Z  ^[[32m✓^[[39m ^[[30m^[[45m core ^[[49m^[[39m tests/base/banner.test.tsx ^[[2m(^[[22m^[[2m2 tests^[[22m^[[2m)^[[22m^[[32m 13^[[2mms^[[22m^[[39m
coverage	Run coverage suite	2026-09-10T06:31:53.1007849Z  ^[[32m✓^[[39m ^[[30m^[[45m core ^[[49m^[[39m tests/utils/format.test.ts ^[[2m(^[[22m^[[2m2 tests^[[22m^[[2m)^[[22m^[[32m 27^[[2mms^[[22m^[[39m
coverage	Run coverage suite	2026-09-10T06:31:53.4555782Z  ^[[32m✓^[[39m ^[[30m^[[45m core ^[[49m^[[39m tests/base/badge.test.tsx ^[[2m(^[[22m^[[2m2 tests^[[22m^[[2m)^[[22m^[[32m 13^[[2mms^[[22m^[[39m
coverage	Run coverage suite	2026-09-10T06:31:54.1238963Z  ^[[32m✓^[[39m ^[[30m^[[45m core ^[[49m^[[39m packages/mcp-server/test/contracts/diag.snapshot-counts.spec.ts ^[[2m(^[[22m^[[2m1 test^[[22m^[[2m)^[[22m^[[32m 202^[[2mms^[[22m^[[39m
coverage	Run coverage suite	2026-09-10T06:31:55.4285369Z  ^[[32m✓^[[39m ^[[30m^[[45m core ^[[49m^[[39m tests/components/viz/spatial/ChoroplethMap.test.tsx ^[[2m(^[[22m^[[2m15 tests^[[22m^[[2m)^[[22m^[[32m 241^[[2mms^[[22m^[[39m
coverage	Run coverage suite	2026-09-10T06:31:57.6426473Z  ^[[32m✓^[[39m ^[[30m^[[45m core ^[[49m^[[39m tests/components/breadcrumbs.spec.tsx ^[[2m(^[[22m^[[2m32 tests^[[22m^[[2m)^[[22m^[[33m 849^[[2mms^[[22m^[[39m
coverage	Run coverage suite	2026-09-10T06:32:00.0195641Z  ^[[32m✓^[[39m ^[[30m^[[45m core ^[[49m^[[39m tests/components/tabs.spec.tsx ^[[2m(^[[22m^[[2m24 tests^[[22m^[[2m)^[[22m^[[33m 731^[[2mms^[[22m^[[39m
coverage	Run coverage suite	2026-09-10T06:32:01.8248141Z  ^[[32m✓^[[39m ^[[30m^[[45m core ^[[49m^[[39m tests/components/pagination.spec.tsx ^[[2m(^[[22m^[[2m33 tests^[[22m^[[2m)^[[22m^[[33m 477^[[2mms^[[22m^[[39m
coverage	Run coverage suite	2026-09-10T06:32:03.4693899Z  ^[[32m✓^[[39m ^[[30m^[[45m core ^[[49m^[[39m tests/components/viz/spatial/ChoroplethMap.a11y.test.tsx ^[[2m(^[[22m^[[2m11 tests^[[22m^[[2m)^[[22m^[[32m 252^[[2mms^[[22m^[[39m
coverage	Run coverage suite	2026-09-10T06:32:04.4174803Z ^[[90mstderr^[[2m | tests/components/toast.spec.tsx^[[2m > ^[[22m^[[2mtoast service^[[2m > ^[[22m^[[2msubscriptions and helpers^[[2m > ^[[22m^[[2mexposes useToastQueue hook to subscribers
coverage	Run coverage suite	2026-09-10T06:32:04.4177232Z ^[[22m^[[39mAn update to HookProbe inside a test was not wrapped in act(...).
coverage	Run coverage suite	2026-09-10T06:32:04.4178066Z 
coverage	Run coverage suite	2026-09-10T06:32:04.4178870Z When testing, code that causes React state updates should be wrapped into act(...):
coverage	Run coverage suite	2026-09-10T06:32:04.4179670Z 
coverage	Run coverage suite	2026-09-10T06:32:04.4180022Z act(() => {
coverage	Run coverage suite	2026-09-10T06:32:04.4182026Z   /* fire events that update state */
coverage	Run coverage suite	2026-09-10T06:32:04.4183810Z });
coverage	Run coverage suite	2026-09-10T06:32:04.4184481Z /* assert on the output */
coverage	Run coverage suite	2026-09-10T06:32:04.4184998Z 
coverage	Run coverage suite	2026-09-10T06:32:04.4186182Z This ensures that you're testing the behavior the user would see in the browser. Learn more at https://react.dev/link/wrap-tests-with-act
coverage	Run coverage suite	2026-09-10T06:32:04.4187435Z 
coverage	Run coverage suite	2026-09-10T06:32:04.4406477Z ^[[90mstderr^[[2m | tests/components/toast.spec.tsx^[[2m > ^[[22m^[[2mToastPortal^[[2m > ^[[22m^[[2mrenders role=status toasts from the queue
coverage	Run coverage suite	2026-09-10T06:32:04.4409066Z ^[[22m^[[39mAn update to OODS.ToastPortal inside a test was not wrapped in act(...).
coverage	Run coverage suite	2026-09-10T06:32:04.4409830Z 
coverage	Run coverage suite	2026-09-10T06:32:04.4410587Z When testing, code that causes React state updates should be wrapped into act(...):
coverage	Run coverage suite	2026-09-10T06:32:04.4426830Z 
coverage	Run coverage suite	2026-09-10T06:32:04.4427206Z act(() => {
coverage	Run coverage suite	2026-09-10T06:32:04.4427818Z   /* fire events that update state */
coverage	Run coverage suite	2026-09-10T06:32:04.4432363Z });
coverage	Run coverage suite	2026-09-10T06:32:04.4440716Z /* assert on the output */
coverage	Run coverage suite	2026-09-10T06:32:04.4442919Z 
coverage	Run coverage suite	2026-09-10T06:32:04.4444889Z This ensures that you're testing the behavior the user would see in the browser. Learn more at https://react.dev/link/wrap-tests-with-act
coverage	Run coverage suite	2026-09-10T06:32:04.4446092Z 
coverage	Run coverage suite	2026-09-10T06:32:04.4522278Z ^[[90mstderr^[[2m | tests/components/toast.spec.tsx^[[2m > ^[[22m^[[2mToastPortal^[[2m > ^[[22m^[[2mstacks multiple toasts without exceeding maxVisible
coverage	Run coverage suite	2026-09-10T06:32:04.4537112Z ^[[22m^[[39mAn update to OODS.ToastPortal inside a test was not wrapped in act(...).
coverage	Run coverage suite	2026-09-10T06:32:04.4539196Z 
coverage	Run coverage suite	2026-09-10T06:32:04.4540003Z When testing, code that causes React state updates should be wrapped into act(...):
coverage	Run coverage suite	2026-09-10T06:32:04.4540786Z 
coverage	Run coverage suite	2026-09-10T06:32:04.4541115Z act(() => {
coverage	Run coverage suite	2026-09-10T06:32:04.4542037Z   /* fire events that update state */
coverage	Run coverage suite	2026-09-10T06:32:04.4559528Z });
coverage	Run coverage suite	2026-09-10T06:32:04.4562554Z /* assert on the output */
coverage	Run coverage suite	2026-09-10T06:32:04.4563028Z 
coverage	Run coverage suite	2026-09-10T06:32:04.4564193Z This ensures that you're testing the behavior the user would see in the browser. Learn more at https://react.dev/link/wrap-tests-with-act
coverage	Run coverage suite	2026-09-10T06:32:04.4565330Z 
coverage	Run coverage suite	2026-09-10T06:32:04.4643402Z ^[[90mstderr^[[2m | tests/components/toast.spec.tsx^[[2m > ^[[22m^[[2mToastPortal^[[2m > ^[[22m^[[2mapplies position modifiers for placement
coverage	Run coverage suite	2026-09-10T06:32:04.4652993Z ^[[22m^[[39mAn update to OODS.ToastPortal inside a test was not wrapped in act(...).
coverage	Run coverage suite	2026-09-10T06:32:04.4653875Z 
coverage	Run coverage suite	2026-09-10T06:32:04.4654689Z When testing, code that causes React state updates should be wrapped into act(...):
coverage	Run coverage suite	2026-09-10T06:32:04.4655482Z 
coverage	Run coverage suite	2026-09-10T06:32:04.4655815Z act(() => {
coverage	Run coverage suite	2026-09-10T06:32:04.4656389Z   /* fire events that update state */
coverage	Run coverage suite	2026-09-10T06:32:04.4657047Z });
coverage	Run coverage suite	2026-09-10T06:32:04.4657552Z /* assert on the output */
coverage	Run coverage suite	2026-09-10T06:32:04.4658001Z 
coverage	Run coverage suite	2026-09-10T06:32:04.4659110Z This ensures that you're testing the behavior the user would see in the browser. Learn more at https://react.dev/link/wrap-tests-with-act
coverage	Run coverage suite	2026-09-10T06:32:04.4660185Z 
coverage	Run coverage suite	2026-09-10T06:32:04.7751495Z ^[[90mstderr^[[2m | tests/components/toast.spec.tsx^[[2m > ^[[22m^[[2mToastPortal^[[2m > ^[[22m^[[2mremoves toasts after dismissal
coverage	Run coverage suite	2026-09-10T06:32:04.7761876Z ^[[22m^[[39mAn update to OODS.ToastPortal inside a test was not wrapped in act(...).
coverage	Run coverage suite	2026-09-10T06:32:04.7772780Z 
coverage	Run coverage suite	2026-09-10T06:32:04.7773711Z When testing, code that causes React state updates should be wrapped into act(...):
coverage	Run coverage suite	2026-09-10T06:32:04.7774650Z 
coverage	Run coverage suite	2026-09-10T06:32:04.7775182Z act(() => {
coverage	Run coverage suite	2026-09-10T06:32:04.7775924Z   /* fire events that update state */
coverage	Run coverage suite	2026-09-10T06:32:04.7776651Z });
coverage	Run coverage suite	2026-09-10T06:32:04.7777281Z /* assert on the output */
coverage	Run coverage suite	2026-09-10T06:32:04.7777783Z 
coverage	Run coverage suite	2026-09-10T06:32:04.7778985Z This ensures that you're testing the behavior the user would see in the browser. Learn more at https://react.dev/link/wrap-tests-with-act
coverage	Run coverage suite	2026-09-10T06:32:04.7780238Z 
coverage	Run coverage suite	2026-09-10T06:32:04.7842371Z ^[[90mstderr^[[2m | tests/components/toast.spec.tsx^[[2m > ^[[22m^[[2mToastPortal^[[2m > ^[[22m^[[2mrenders action buttons when provided
coverage	Run coverage suite	2026-09-10T06:32:04.7844957Z ^[[22m^[[39mAn update to OODS.ToastPortal inside a test was not wrapped in act(...).
coverage	Run coverage suite	2026-09-10T06:32:04.7845894Z 
coverage	Run coverage suite	2026-09-10T06:32:04.7846735Z When testing, code that causes React state updates should be wrapped into act(...):
coverage	Run coverage suite	2026-09-10T06:32:04.7847643Z 
coverage	Run coverage suite	2026-09-10T06:32:04.7848047Z act(() => {
coverage	Run coverage suite	2026-09-10T06:32:04.7848765Z   /* fire events that update state */
coverage	Run coverage suite	2026-09-10T06:32:04.7849497Z });
coverage	Run coverage suite	2026-09-10T06:32:04.7850147Z /* assert on the output */
coverage	Run coverage suite	2026-09-10T06:32:04.7850656Z 
coverage	Run coverage suite	2026-09-10T06:32:04.7852133Z This ensures that you're testing the behavior the user would see in the browser. Learn more at https://react.dev/link/wrap-tests-with-act
coverage	Run coverage suite	2026-09-10T06:32:04.7860254Z 
coverage	Run coverage suite	2026-09-10T06:32:04.7968139Z ^[[90mstderr^[[2m | tests/components/toast.spec.tsx^[[2m > ^[[22m^[[2mToastPortal^[[2m > ^[[22m^[[2msupports focus shortcut to highlight latest toast
coverage	Run coverage suite	2026-09-10T06:32:04.7972841Z ^[[22m^[[39mAn update to OODS.ToastPortal inside a test was not wrapped in act(...).
coverage	Run coverage suite	2026-09-10T06:32:04.7973948Z 
coverage	Run coverage suite	2026-09-10T06:32:04.7974913Z When testing, code that causes React state updates should be wrapped into act(...):
coverage	Run coverage suite	2026-09-10T06:32:04.7976791Z 
coverage	Run coverage suite	2026-09-10T06:32:04.7977242Z act(() => {
coverage	Run coverage suite	2026-09-10T06:32:04.7977971Z   /* fire events that update state */
coverage	Run coverage suite	2026-09-10T06:32:04.7978772Z });
coverage	Run coverage suite	2026-09-10T06:32:04.7979436Z /* assert on the output */
coverage	Run coverage suite	2026-09-10T06:32:04.7981074Z 
coverage	Run coverage suite	2026-09-10T06:32:04.7988690Z This ensures that you're testing the behavior the user would see in the browser. Learn more at https://react.dev/link/wrap-tests-with-act
coverage	Run coverage suite	2026-09-10T06:32:04.7992385Z 
coverage	Run coverage suite	2026-09-10T06:32:04.8505939Z  ^[[32m✓^[[39m ^[[30m^[[45m core ^[[49m^[[39m tests/components/toast.spec.tsx ^[[2m(^[[22m^[[2m17 tests^[[22m^[[2m)^[[22m^[[33m 443^[[2mms^[[22m^[[39m
coverage	Run coverage suite	2026-09-10T06:32:04.8510537Z    ^[[33m^[[2m✓^[[22m^[[39m ToastPortal^[[2m > ^[[22mremoves toasts after dismissal ^[[33m 312^[[2mms^[[22m^[[39m
coverage	Run coverage suite	2026-09-10T06:32:07.2593647Z  ^[[32m✓^[[39m ^[[30m^[[45m core ^[[49m^[[39m tests/viz/spatial/e2e-spatial.test.tsx ^[[2m(^[[22m^[[2m3 tests^[[22m^[[2m)^[[22m^[[33m 394^[[2mms^[[22m^[[39m
coverage	Run coverage suite	2026-09-10T06:32:08.3553261Z  ^[[32m✓^[[39m ^[[30m^[[45m core ^[[49m^[[39m tests/components/context-panel-drawer.test.tsx ^[[2m(^[[22m^[[2m5 tests^[[22m^[[2m)^[[22m^[[32m 180^[[2mms^[[22m^[[39m
coverage	Run coverage suite	2026-09-10T06:32:10.5348770Z  ^[[32m✓^[[39m ^[[30m^[[45m core ^[[49m^[[39m tests/viz/spatial/a11y-integration.test.tsx ^[[2m(^[[22m^[[2m4 tests^[[22m^[[2m)^[[22m^[[33m 424^[[2mms^[[22m^[[39m
coverage	Run coverage suite	2026-09-10T06:32:11.5433841Z  ^[[32m✓^[[39m ^[[30m^[[45m core ^[[49m^[[39m tests/viz/spatial/adapter-parity.test.ts ^[[2m(^[[22m^[[2m2 tests^[[22m^[[2m)^[[22m^[[32m 112^[[2mms^[[22m^[[39m
coverage	Run coverage suite	2026-09-10T06:32:13.0983445Z  ^[[32m✓^[[39m ^[[30m^[[45m core ^[[49m^[[39m tests/components/empty-state.spec.tsx ^[[2m(^[[22m^[[2m12 tests^[[22m^[[2m)^[[22m^[[32m 245^[[2mms^[[22m^[[39m
coverage	Run coverage suite	2026-09-10T06:32:14.1401508Z  ^[[32m✓^[[39m ^[[30m^[[45m core ^[[49m^[[39m tests/components/viz/spatial/BubbleMap.test.tsx ^[[2m(^[[22m^[[2m6 tests^[[22m^[[2m)^[[22m^[[32m 96^[[2mms^[[22m^[[39m
coverage	Run coverage suite	2026-09-10T06:32:15.2135537Z  ^[[32m✓^[[39m ^[[30m^[[45m core ^[[49m^[[39m tests/traits/SaaSBilling.payable.spec.tsx ^[[2m(^[[22m^[[2m4 tests^[[22m^[[2m)^[[22m^[[32m 96^[[2mms^[[22m^[[39m
coverage	Run coverage suite	2026-09-10T06:32:17.9403418Z  ^[[32m✓^[[39m ^[[30m^[[45m core ^[[49m^[[39m tests/viz/spatial/performance.test.tsx ^[[2m(^[[22m^[[2m3 tests^[[22m^[[2m)^[[22m^[[33m 1725^[[2mms^[[22m^[[39m
coverage	Run coverage suite	2026-09-10T06:32:17.9447320Z    ^[[33m^[[2m✓^[[22m^[[39m Spatial Performance Benchmarks^[[2m > ^[[22mmeets choropleth render budgets ^[[33m 497^[[2mms^[[22m^[[39m
coverage	Run coverage suite	2026-09-10T06:32:17.9490386Z    ^[[33m^[[2m✓^[[22m^[[39m Spatial Performance Benchmarks^[[2m > ^[[22mmeets bubble render budgets ^[[33m 1122^[[2mms^[[22m^[[39m
coverage	Run coverage suite	2026-09-10T06:32:19.7359546Z  ^[[32m✓^[[39m ^[[30m^[[45m core ^[[49m^[[39m tests/apps/playground.app.test.tsx ^[[2m(^[[22m^[[2m2 tests^[[22m^[[2m)^[[22m^[[33m 659^[[2mms^[[22m^[[39m
coverage	Run coverage suite	2026-09-10T06:32:19.7363173Z    ^[[33m^[[2m✓^[[22m^[[39m playground app^[[2m > ^[[22mswitches to the Stage1 mode and reloads when the fixture changes ^[[33m 412^[[2mms^[[22m^[[39m
coverage	Run coverage suite	2026-09-10T06:32:20.9758625Z  ^[[32m✓^[[39m ^[[30m^[[45m core ^[[49m^[[39m tests/components/viz/spatial/spatial-integration.test.tsx ^[[2m(^[[22m^[[2m2 tests^[[22m^[[2m)^[[22m^[[32m 143^[[2mms^[[22m^[[39m
coverage	Run coverage suite	2026-09-10T06:32:22.4253662Z  ^[[32m✓^[[39m ^[[30m^[[45m core ^[[49m^[[39m tests/components/viz/spatial/SpatialContainer.test.tsx ^[[2m(^[[22m^[[2m7 tests^[[22m^[[2m)^[[22m^[[32m 141^[[2mms^[[22m^[[39m
coverage	Run coverage suite	2026-09-10T06:32:23.3782411Z  ^[[32m✓^[[39m ^[[30m^[[45m core ^[[49m^[[39m tests/overlays/manager.edges.spec.tsx ^[[2m(^[[22m^[[2m4 tests^[[22m^[[2m)^[[22m^[[32m 87^[[2mms^[[22m^[[39m
coverage	Run coverage suite	2026-09-10T06:32:24.7916766Z  ^[[32m✓^[[39m ^[[30m^[[45m core ^[[49m^[[39m tests/components/classification/CategoryTree.test.tsx ^[[2m(^[[22m^[[2m4 tests^[[22m^[[2m)^[[22m^[[33m 396^[[2mms^[[22m^[[39m
coverage	Run coverage suite	2026-09-10T06:32:26.6994665Z  ^[[32m✓^[[39m ^[[30m^[[45m core ^[[49m^[[39m tests/components/viz/spatial/SpatialContainer.a11y.test.tsx ^[[2m(^[[22m^[[2m6 tests^[[22m^[[2m)^[[22m^[[32m 191^[[2mms^[[22m^[[39m
coverage	Run coverage suite	2026-09-10T06:32:28.3139960Z  ^[[32m✓^[[39m ^[[30m^[[45m core ^[[49m^[[39m tests/components/viz/Sankey.test.tsx ^[[2m(^[[22m^[[2m12 tests^[[22m^[[2m)^[[22m^[[32m 247^[[2mms^[[22m^[[39m
coverage	Run coverage suite	2026-09-10T06:32:29.9485801Z  ^[[32m✓^[[39m ^[[30m^[[45m core ^[[49m^[[39m tests/components/viz/AreaChart.test.tsx ^[[2m(^[[22m^[[2m3 tests^[[22m^[[2m)^[[22m^[[32m 262^[[2mms^[[22m^[[39m
coverage	Run coverage suite	2026-09-10T06:32:31.1086995Z  ^[[32m✓^[[39m ^[[30m^[[45m core ^[[49m^[[39m tests/viz/hooks/useSpatialSpec.test.ts ^[[2m(^[[22m^[[2m5 tests^[[22m^[[2m)^[[22m^[[32m 293^[[2mms^[[22m^[[39m
coverage	Run coverage suite	2026-09-10T06:32:31.8489802Z  ^[[32m✓^[[39m ^[[30m^[[45m core ^[[49m^[[39m tests/components/viz/spatial/layer-utils.test.ts ^[[2m(^[[22m^[[2m10 tests^[[22m^[[2m)^[[22m^[[32m 7^[[2mms^[[22m^[[39m
coverage	Run coverage suite	2026-09-10T06:32:32.6454935Z  ^[[32m✓^[[39m ^[[30m^[[45m core ^[[49m^[[39m tests/components/viz/spatial/projection-utils.test.ts ^[[2m(^[[22m^[[2m9 tests^[[22m^[[2m)^[[22m^[[32m 11^[[2mms^[[22m^[[39m
coverage	Run coverage suite	2026-09-10T06:32:34.1398035Z  ^[[32m✓^[[39m ^[[30m^[[45m core ^[[49m^[[39m tests/components/viz/ForceGraph.test.tsx ^[[2m(^[[22m^[[2m10 tests^[[22m^[[2m)^[[22m^[[32m 191^[[2mms^[[22m^[[39m
coverage	Run coverage suite	2026-09-10T06:32:35.2914026Z  ^[[32m✓^[[39m ^[[30m^[[45m core ^[[49m^[[39m tests/components/viz/a11y/a11y-fallbacks.test.tsx ^[[2m(^[[22m^[[2m5 tests^[[22m^[[2m)^[[22m^[[32m 192^[[2mms^[[22m^[[39m
coverage	Run coverage suite	2026-09-10T06:32:36.9033909Z  ^[[32m✓^[[39m ^[[30m^[[45m core ^[[49m^[[39m tests/components/viz/LineChart.test.tsx ^[[2m(^[[22m^[[2m3 tests^[[22m^[[2m)^[[22m^[[32m 272^[[2mms^[[22m^[[39m
coverage	Run coverage suite	2026-09-10T06:32:38.0202079Z  ^[[32m✓^[[39m ^[[30m^[[45m core ^[[49m^[[39m tests/components/viz/spatial/BubbleMap.renderers.test.tsx ^[[2m(^[[22m^[[2m2 tests^[[22m^[[2m)^[[22m^[[32m 91^[[2mms^[[22m^[[39m
coverage	Run coverage suite	2026-09-10T06:32:39.4794816Z  ^[[32m✓^[[39m ^[[30m^[[45m core ^[[49m^[[39m tests/components/viz/Treemap.test.tsx ^[[2m(^[[22m^[[2m9 tests^[[22m^[[2m)^[[22m^[[32m 149^[[2mms^[[22m^[[39m
coverage	Run coverage suite	2026-09-10T06:32:40.9903638Z  ^[[32m✓^[[39m ^[[30m^[[45m core ^[[49m^[[39m tests/components/viz/spatial/BubbleMap.a11y.test.tsx ^[[2m(^[[22m^[[2m3 tests^[[22m^[[2m)^[[22m^[[32m 167^[[2mms^[[22m^[[39m
coverage	Run coverage suite	2026-09-10T06:32:42.4108063Z  ^[[32m✓^[[39m ^[[30m^[[45m core ^[[49m^[[39m tests/components/classification/CategoryPicker.test.tsx ^[[2m(^[[22m^[[2m4 tests^[[22m^[[2m)^[[22m^[[33m 407^[[2mms^[[22m^[[39m
coverage	Run coverage suite	2026-09-10T06:32:43.8654123Z  ^[[32m✓^[[39m ^[[30m^[[45m core ^[[49m^[[39m tests/components/viz/Sunburst.test.tsx ^[[2m(^[[22m^[[2m7 tests^[[22m^[[2m)^[[22m^[[32m 135^[[2mms^[[22m^[[39m
coverage	Run coverage suite	2026-09-10T06:32:45.3855401Z  ^[[32m✓^[[39m ^[[30m^[[42m a11y ^[[49m^[[39m tests/a11y/dark.components.a11y.test.tsx ^[[2m(^[[22m^[[2m5 tests^[[22m^[[2m)^[[22m^[[32m 288^[[2mms^[[22m^[[39m
coverage	Run coverage suite	2026-09-10T06:32:46.8925544Z  ^[[32m✓^[[39m ^[[30m^[[45m core ^[[49m^[[39m tests/components/viz/Heatmap.visualmap-dimension-s166.test.tsx ^[[2m(^[[22m^[[2m2 tests^[[22m^[[2m)^[[22m^[[32m 178^[[2mms^[[22m^[[39m
coverage	Run coverage suite	2026-09-10T06:32:48.3512316Z  ^[[32m✓^[[39m ^[[30m^[[45m core ^[[49m^[[39m tests/components/addresses/address-form.test.tsx ^[[2m(^[[22m^[[2m4 tests^[[22m^[[2m)^[[22m^[[33m 342^[[2mms^[[22m^[[39m
coverage	Run coverage suite	2026-09-10T06:32:49.7820470Z  ^[[32m✓^[[39m ^[[30m^[[45m core ^[[49m^[[39m tests/components/classification/TagInput.test.tsx ^[[2m(^[[22m^[[2m4 tests^[[22m^[[2m)^[[22m^[[33m 335^[[2mms^[[22m^[[39m
coverage	Run coverage suite	2026-09-10T06:32:51.4345972Z  ^[[32m✓^[[39m ^[[30m^[[45m core ^[[49m^[[39m tests/components/viz/Heatmap.test.tsx ^[[2m(^[[22m^[[2m3 tests^[[22m^[[2m)^[[22m^[[33m 361^[[2mms^[[22m^[[39m
coverage	Run coverage suite	2026-09-10T06:32:53.3940848Z  ^[[32m✓^[[39m ^[[30m^[[45m core ^[[49m^[[39m tests/components/viz/LineChart.a11y.test.tsx ^[[2m(^[[22m^[[2m1 test^[[22m^[[2m)^[[22m^[[32m 292^[[2mms^[[22m^[[39m
coverage	Run coverage suite	2026-09-10T06:32:54.3303106Z  ^[[32m✓^[[39m ^[[30m^[[45m core ^[[49m^[[39m tests/viz/hooks/useSpatialProjection.test.ts ^[[2m(^[[22m^[[2m6 tests^[[22m^[[2m)^[[22m^[[32m 33^[[2mms^[[22m^[[39m
coverage	Run coverage suite	2026-09-10T06:32:57.0906761Z  ^[[32m✓^[[39m ^[[30m^[[45m core ^[[49m^[[39m tests/components/preferences/PreferenceForm.test.tsx ^[[2m(^[[22m^[[2m4 tests^[[22m^[[2m)^[[22m^[[33m 1618^[[2mms^[[22m^[[39m
coverage	Run coverage suite	2026-09-10T06:32:57.0909478Z    ^[[33m^[[2m✓^[[22m^[[39m PreferenceForm^[[2m > ^[[22memits document changes when schema-driven fields update ^[[33m 779^[[2mms^[[22m^[[39m
coverage	Run coverage suite	2026-09-10T06:32:57.0912310Z    ^[[33m^[[2m✓^[[22m^[[39m PreferenceForm^[[2m > ^[[22mreports validation issues for invalid inputs via onValidationChange ^[[33m 621^[[2mms^[[22m^[[39m
coverage	Run coverage suite	2026-09-10T06:32:58.9437138Z  ^[[32m✓^[[39m ^[[30m^[[45m core ^[[49m^[[39m tests/components/viz/VizFacetGrid.test.tsx ^[[2m(^[[22m^[[2m3 tests^[[22m^[[2m)^[[22m^[[33m 488^[[2mms^[[22m^[[39m
coverage	Run coverage suite	2026-09-10T06:33:00.0994512Z  ^[[32m✓^[[39m ^[[30m^[[45m core ^[[49m^[[39m tests/components/communication/ConversationThread.test.tsx ^[[2m(^[[22m^[[2m2 tests^[[22m^[[2m)^[[22m^[[32m 152^[[2mms^[[22m^[[39m
coverage	Run coverage suite	2026-09-10T06:33:01.0072446Z  ^[[32m✓^[[39m ^[[30m^[[45m core ^[[49m^[[39m tests/components/viz/spatial/keyboard-nav.test.tsx ^[[2m(^[[22m^[[2m3 tests^[[22m^[[2m)^[[22m^[[32m 40^[[2mms^[[22m^[[39m
coverage	Run coverage suite	2026-09-10T06:33:03.5687547Z  ^[[32m✓^[[39m ^[[30m^[[45m core ^[[49m^[[39m tests/components/viz/ScatterChart.test.tsx ^[[2m(^[[22m^[[2m2 tests^[[22m^[[2m)^[[22m^[[33m 1165^[[2mms^[[22m^[[39m
coverage	Run coverage suite	2026-09-10T06:33:03.5689370Z    ^[[33m^[[2m✓^[[22m^[[39m ScatterChart^[[2m > ^[[22mselects the ECharts renderer for dense datasets and wires interactions ^[[33m 959^[[2mms^[[22m^[[39m
coverage	Run coverage suite	2026-09-10T06:33:04.7011292Z  ^[[32m✓^[[39m ^[[30m^[[45m core ^[[49m^[[39m tests/components/viz/spatial/AccessibleMapFallback.test.tsx ^[[2m(^[[22m^[[2m3 tests^[[22m^[[2m)^[[22m^[[32m 173^[[2mms^[[22m^[[39m
coverage	Run coverage suite	2026-09-10T06:33:05.7136087Z  ^[[32m✓^[[39m ^[[30m^[[45m core ^[[49m^[[39m tests/traits/SaaSBilling.refundable.spec.tsx ^[[2m(^[[22m^[[2m2 tests^[[22m^[[2m)^[[22m^[[32m 61^[[2mms^[[22m^[[39m
coverage	Run coverage suite	2026-09-10T06:33:06.8251271Z  ^[[32m✓^[[39m ^[[30m^[[45m core ^[[49m^[[39m tests/components/viz/spatial/MapLegend.test.tsx ^[[2m(^[[22m^[[2m3 tests^[[22m^[[2m)^[[22m^[[32m 136^[[2mms^[[22m^[[39m
coverage	Run coverage suite	2026-09-10T06:33:07.8787398Z  ^[[32m✓^[[39m ^[[30m^[[42m a11y ^[[49m^[[39m tests/a11y/components.sheet.a11y.test.tsx ^[[2m(^[[22m^[[2m3 tests^[[22m^[[2m)^[[22m^[[32m 146^[[2mms^[[22m^[[39m
coverage	Run coverage suite	2026-09-10T06:33:09.1307292Z  ^[[32m✓^[[39m ^[[30m^[[45m core ^[[49m^[[39m tests/components/authz/RolePermissionMatrix.test.tsx ^[[2m(^[[22m^[[2m3 tests^[[22m^[[2m)^[[22m^[[32m 221^[[2mms^[[22m^[[39m
coverage	Run coverage suite	2026-09-10T06:33:10.3917436Z  ^[[32m✓^[[39m ^[[30m^[[42m a11y ^[[49m^[[39m tests/a11y/components.a11y.test.tsx ^[[2m(^[[22m^[[2m4 tests^[[22m^[[2m)^[[22m^[[32m 265^[[2mms^[[22m^[[39m
coverage	Run coverage suite	2026-09-10T06:33:11.2870091Z  ^[[32m✓^[[39m ^[[30m^[[45m core ^[[49m^[[39m tests/hooks/useConversations.test.tsx ^[[2m(^[[22m^[[2m1 test^[[22m^[[2m)^[[22m^[[32m 25^[[2mms^[[22m^[[39m
coverage	Run coverage suite	2026-09-10T06:33:13.0642474Z  ^[[32m✓^[[39m ^[[30m^[[45m core ^[[49m^[[39m tests/components/authz/MembershipManager.a11y.test.tsx ^[[2m(^[[22m^[[2m2 tests^[[22m^[[2m)^[[22m^[[33m 417^[[2mms^[[22m^[[39m
coverage	Run coverage suite	2026-09-10T06:33:14.2232127Z  ^[[32m✓^[[39m ^[[30m^[[45m core ^[[49m^[[39m tests/panel/diff-viewer.test.tsx ^[[2m(^[[22m^[[2m3 tests^[[22m^[[2m)^[[22m^[[32m 234^[[2mms^[[22m^[[39m
coverage	Run coverage suite	2026-09-10T06:33:15.1074211Z  ^[[32m✓^[[39m ^[[30m^[[45m core ^[[49m^[[39m tests/views/view-profiles.spec.tsx ^[[2m(^[[22m^[[2m2 tests^[[22m^[[2m)^[[22m^[[32m 29^[[2mms^[[22m^[[39m
coverage	Run coverage suite	2026-09-10T06:33:16.6276514Z  ^[[32m✓^[[39m ^[[30m^[[45m core ^[[49m^[[39m tests/components/preferences/NotificationMatrix.test.tsx ^[[2m(^[[22m^[[2m3 tests^[[22m^[[2m)^[[22m^[[33m 409^[[2mms^[[22m^[[39m
coverage	Run coverage suite	2026-09-10T06:33:17.5603733Z  ^[[32m✓^[[39m ^[[30m^[[45m core ^[[49m^[[39m tests/viz/hooks.test.tsx ^[[2m(^[[22m^[[2m5 tests^[[22m^[[2m)^[[22m^[[32m 31^[[2mms^[[22m^[[39m
coverage	Run coverage suite	2026-09-10T06:33:18.7472669Z  ^[[32m✓^[[39m ^[[30m^[[45m core ^[[49m^[[39m tests/components/communication/MessageTimeline.test.tsx ^[[2m(^[[22m^[[2m3 tests^[[22m^[[2m)^[[22m^[[32m 175^[[2mms^[[22m^[[39m
coverage	Run coverage suite	2026-09-10T06:33:20.1913500Z  ^[[32m✓^[[39m ^[[30m^[[45m core ^[[49m^[[39m tests/components/classification/CategoryTree.a11y.test.tsx ^[[2m(^[[22m^[[2m1 test^[[22m^[[2m)^[[22m^[[32m 200^[[2mms^[[22m^[[39m
coverage	Run coverage suite	2026-09-10T06:33:21.4078922Z  ^[[32m✓^[[39m ^[[30m^[[45m core ^[[49m^[[39m tests/components/addresses/address-display.test.tsx ^[[2m(^[[22m^[[2m3 tests^[[22m^[[2m)^[[22m^[[32m 153^[[2mms^[[22m^[[39m
coverage	Run coverage suite	2026-09-10T06:33:22.6051310Z  ^[[32m✓^[[39m ^[[30m^[[45m core ^[[49m^[[39m tests/panel/artifact-list.test.tsx ^[[2m(^[[22m^[[2m2 tests^[[22m^[[2m)^[[22m^[[32m 293^[[2mms^[[22m^[[39m
coverage	Run coverage suite	2026-09-10T06:33:23.5321163Z  ^[[32m✓^[[39m ^[[30m^[[42m a11y ^[[49m^[[39m tests/a11y/overlays/manager.test.tsx ^[[2m(^[[22m^[[2m2 tests^[[22m^[[2m)^[[22m^[[32m 62^[[2mms^[[22m^[[39m
coverage	Run coverage suite	2026-09-10T06:33:25.4686507Z  ^[[32m✓^[[39m ^[[30m^[[45m core ^[[49m^[[39m tests/components/viz/AreaChart.a11y.test.tsx ^[[2m(^[[22m^[[2m1 test^[[22m^[[2m)^[[22m^[[33m 301^[[2mms^[[22m^[[39m
coverage	Run coverage suite	2026-09-10T06:33:27.4524752Z  ^[[32m✓^[[39m ^[[30m^[[45m core ^[[49m^[[39m tests/components/viz/ScatterChart.a11y.test.tsx ^[[2m(^[[22m^[[2m1 test^[[22m^[[2m)^[[22m^[[33m 340^[[2mms^[[22m^[[39m
coverage	Run coverage suite	2026-09-10T06:33:27.4526674Z    ^[[33m^[[2m✓^[[22m^[[39m ScatterChart accessibility^[[2m > ^[[22mhas no axe violations ^[[33m 338^[[2mms^[[22m^[[39m
coverage	Run coverage suite	2026-09-10T06:33:28.5331199Z  ^[[32m✓^[[39m ^[[30m^[[45m core ^[[49m^[[39m tests/components/communication/ChannelPlanEditor.test.tsx ^[[2m(^[[22m^[[2m2 tests^[[22m^[[2m)^[[22m^[[32m 82^[[2mms^[[22m^[[39m
coverage	Run coverage suite	2026-09-10T06:33:30.4980269Z  ^[[32m✓^[[39m ^[[30m^[[45m core ^[[49m^[[39m tests/components/viz/Heatmap.a11y.test.tsx ^[[2m(^[[22m^[[2m1 test^[[22m^[[2m)^[[22m^[[33m 331^[[2mms^[[22m^[[39m
coverage	Run coverage suite	2026-09-10T06:33:30.4983176Z    ^[[33m^[[2m✓^[[22m^[[39m Heatmap accessibility^[[2m > ^[[22mhas no axe violations ^[[33m 329^[[2mms^[[22m^[[39m
coverage	Run coverage suite	2026-09-10T06:33:31.5035825Z  ^[[32m✓^[[39m ^[[30m^[[45m core ^[[49m^[[39m tests/components/viz/spatial/MapControls.test.tsx ^[[2m(^[[22m^[[2m3 tests^[[22m^[[2m)^[[22m^[[32m 74^[[2mms^[[22m^[[39m
coverage	Run coverage suite	2026-09-10T06:33:33.4873709Z  ^[[32m✓^[[39m ^[[30m^[[45m core ^[[49m^[[39m tests/components/viz/VizLayeredView.a11y.test.tsx ^[[2m(^[[22m^[[2m1 test^[[22m^[[2m)^[[22m^[[33m 338^[[2mms^[[22m^[[39m
coverage	Run coverage suite	2026-09-10T06:33:33.4875612Z    ^[[33m^[[2m✓^[[22m^[[39m VizLayeredView accessibility^[[2m > ^[[22mhas no axe violations ^[[33m 336^[[2mms^[[22m^[[39m
coverage	Run coverage suite	2026-09-10T06:33:35.6172572Z  ^[[32m✓^[[39m ^[[30m^[[45m core ^[[49m^[[39m tests/components/viz/VizFacetGrid.a11y.test.tsx ^[[2m(^[[22m^[[2m1 test^[[22m^[[2m)^[[22m^[[33m 508^[[2mms^[[22m^[[39m
coverage	Run coverage suite	2026-09-10T06:33:35.6175722Z    ^[[33m^[[2m✓^[[22m^[[39m VizFacetGrid accessibility^[[2m > ^[[22mhas no axe violations ^[[33m 506^[[2mms^[[22m^[[39m
coverage	Run coverage suite	2026-09-10T06:33:36.3820794Z  ^[[32m✓^[[39m ^[[30m^[[45m core ^[[49m^[[39m tests/components/viz/spatial/BubbleMapClustering.test.tsx ^[[2m(^[[22m^[[2m3 tests^[[22m^[[2m)^[[22m^[[32m 13^[[2mms^[[22m^[[39m
coverage	Run coverage suite	2026-09-10T06:33:38.0926003Z  ^[[32m✓^[[39m ^[[30m^[[45m core ^[[49m^[[39m tests/components/addresses/address-form.a11y.test.tsx ^[[2m(^[[22m^[[2m1 test^[[22m^[[2m)^[[22m^[[33m 354^[[2mms^[[22m^[[39m
coverage	Run coverage suite	2026-09-10T06:33:38.0931964Z    ^[[33m^[[2m✓^[[22m^[[39m AddressForm accessibility^[[2m > ^[[22mhas no axe violations ^[[33m 352^[[2mms^[[22m^[[39m
coverage	Run coverage suite	2026-09-10T06:33:39.5962227Z  ^[[32m✓^[[39m ^[[30m^[[45m core ^[[49m^[[39m tests/components/classification/TagInput.a11y.test.tsx ^[[2m(^[[22m^[[2m1 test^[[22m^[[2m)^[[22m^[[32m 164^[[2mms^[[22m^[[39m
coverage	Run coverage suite	2026-09-10T06:33:41.5558321Z  ^[[32m✓^[[39m ^[[30m^[[45m core ^[[49m^[[39m tests/components/viz/BarChart.a11y.test.tsx ^[[2m(^[[22m^[[2m1 test^[[22m^[[2m)^[[22m^[[32m 285^[[2mms^[[22m^[[39m
coverage	Run coverage suite	2026-09-10T06:33:43.4193228Z  ^[[32m✓^[[39m ^[[30m^[[45m core ^[[49m^[[39m tests/traits/preferenceable/rjsf-integration.test.tsx ^[[2m(^[[22m^[[2m2 tests^[[22m^[[2m)^[[22m^[[33m 731^[[2mms^[[22m^[[39m
coverage	Run coverage suite	2026-09-10T06:33:43.4198808Z    ^[[33m^[[2m✓^[[22m^[[39m PreferenceForm (RJSF integration)^[[2m > ^[[22mrenders schema-driven inputs for older versions ^[[33m 483^[[2mms^[[22m^[[39m
coverage	Run coverage suite	2026-09-10T06:33:44.9508785Z  ^[[32m✓^[[39m ^[[30m^[[45m core ^[[49m^[[39m tests/components/viz/BarChart.test.tsx ^[[2m(^[[22m^[[2m2 tests^[[22m^[[2m)^[[22m^[[32m 248^[[2mms^[[22m^[[39m
coverage	Run coverage suite	2026-09-10T06:33:45.9086355Z  ^[[32m✓^[[39m ^[[30m^[[45m core ^[[49m^[[39m tests/base/toast.test.tsx ^[[2m(^[[22m^[[2m3 tests^[[22m^[[2m)^[[22m^[[32m 107^[[2mms^[[22m^[[39m
coverage	Run coverage suite	2026-09-10T06:33:46.7802986Z  ^[[32m✓^[[39m ^[[30m^[[45m core ^[[49m^[[39m tests/hooks/useMessages.test.tsx ^[[2m(^[[22m^[[2m1 test^[[22m^[[2m)^[[22m^[[32m 39^[[2mms^[[22m^[[39m
coverage	Run coverage suite	2026-09-10T06:33:47.7970695Z  ^[[32m✓^[[39m ^[[30m^[[45m core ^[[49m^[[39m tests/components/communication/DeliveryHealthWidget.test.tsx ^[[2m(^[[22m^[[2m1 test^[[22m^[[2m)^[[22m^[[32m 111^[[2mms^[[22m^[[39m
coverage	Run coverage suite	2026-09-10T06:33:49.2931812Z  ^[[32m✓^[[39m ^[[30m^[[45m core ^[[49m^[[39m tests/components/viz/VizLayeredView.test.tsx ^[[2m(^[[22m^[[2m2 tests^[[22m^[[2m)^[[22m^[[32m 204^[[2mms^[[22m^[[39m
coverage	Run coverage suite	2026-09-10T06:33:50.1893492Z  ^[[32m✓^[[39m ^[[30m^[[45m core ^[[49m^[[39m tests/hooks/useDeliveryStatus.test.tsx ^[[2m(^[[22m^[[2m1 test^[[22m^[[2m)^[[22m^[[32m 23^[[2mms^[[22m^[[39m
coverage	Run coverage suite	2026-09-10T06:33:51.4968136Z  ^[[32m✓^[[39m ^[[30m^[[45m core ^[[49m^[[39m tests/components/viz/SharedLegend.test.tsx ^[[2m(^[[22m^[[2m2 tests^[[22m^[[2m)^[[22m^[[32m 45^[[2mms^[[22m^[[39m
coverage	Run coverage suite	2026-09-10T06:33:52.5554201Z  ^[[32m✓^[[39m ^[[30m^[[42m a11y ^[[49m^[[39m tests/a11y/components.tooltip.test.tsx ^[[2m(^[[22m^[[2m1 test^[[22m^[[2m)^[[22m^[[32m 123^[[2mms^[[22m^[[39m
coverage	Run coverage suite	2026-09-10T06:33:53.5662696Z  ^[[32m✓^[[39m ^[[30m^[[42m a11y ^[[49m^[[39m tests/a11y/components.popover.test.tsx ^[[2m(^[[22m^[[2m1 test^[[22m^[[2m)^[[22m^[[32m 139^[[2mms^[[22m^[[39m
coverage	Run coverage suite	2026-09-10T06:33:56.2582165Z  ^[[32m✓^[[39m ^[[30m^[[45m core ^[[49m^[[39m tests/components/preferences/PreferenceForm.a11y.test.tsx ^[[2m(^[[22m^[[2m1 test^[[22m^[[2m)^[[22m^[[33m 1278^[[2mms^[[22m^[[39m
coverage	Run coverage suite	2026-09-10T06:33:56.2584256Z    ^[[33m^[[2m✓^[[22m^[[39m PreferenceForm accessibility^[[2m > ^[[22mrenders without axe violations ^[[33m 1276^[[2mms^[[22m^[[39m
coverage	Run coverage suite	2026-09-10T06:33:57.2424271Z  ^[[32m✓^[[39m ^[[30m^[[42m a11y ^[[49m^[[39m tests/a11y/components.dialog.a11y.test.tsx ^[[2m(^[[22m^[[2m1 test^[[22m^[[2m)^[[22m^[[32m 94^[[2mms^[[22m^[[39m
coverage	Run coverage suite	2026-09-10T06:33:57.9051307Z ^[[90mstderr^[[2m | packages/mcp-server/test/a2ui-host-conformance/host-conformance-render.spec.ts
coverage	Run coverage suite	2026-09-10T06:33:57.9057585Z ^[[22m^[[39mLit is in dev mode. Not recommended for production! See https://lit.dev/msg/dev-mode for more information.
coverage	Run coverage suite	2026-09-10T06:33:57.9062039Z 
coverage	Run coverage suite	2026-09-10T06:33:58.0940044Z  ^[[32m✓^[[39m ^[[30m^[[45m core ^[[49m^[[39m packages/mcp-server/test/a2ui-host-conformance/host-conformance-render.spec.ts ^[[2m(^[[22m^[[2m51 tests^[[22m^[[2m)^[[22m^[[32m 140^[[2mms^[[22m^[[39m
coverage	Run coverage suite	2026-09-10T06:34:08.6184348Z 
coverage	Run coverage suite	2026-09-10T06:34:08.6185994Z ^[[31m⎯⎯⎯⎯⎯⎯⎯^[[39m^[[1m^[[41m Failed Tests 8 ^[[49m^[[22m^[[31m⎯⎯⎯⎯⎯⎯⎯^[[39m
coverage	Run coverage suite	2026-09-10T06:34:08.6186903Z 
coverage	Run coverage suite	2026-09-10T06:34:08.6189305Z ^[[41m^[[1m FAIL ^[[22m^[[49m ^[[30m^[[45m core ^[[49m^[[39m tests/codegen/code-generate.contract.test.ts^[[2m > ^[[22mcode.generate contracts — HTML^[[2m > ^[[22mmatches repl.render document mode output
coverage	Run coverage suite	2026-09-10T06:34:08.6209859Z ^[[31m^[[1mAssertionError^[[22m: expected '<!DOCTYPE html>\n<html lang="en" data…' to be '<!DOCTYPE html>\n<html lang="en" data…' // Object.is equality^[[39m
coverage	Run coverage suite	2026-09-10T06:34:08.6211238Z 
coverage	Run coverage suite	2026-09-10T06:34:08.6212224Z ^[[32m- Expected^[[39m
coverage	Run coverage suite	2026-09-10T06:34:08.6213212Z ^[[31m+ Received^[[39m
coverage	Run coverage suite	2026-09-10T06:34:08.6213737Z 
coverage	Run coverage suite	2026-09-10T06:34:08.6214264Z ^[[33m@@ -1,7 +1,7 @@^[[39m
coverage	Run coverage suite	2026-09-10T06:34:08.6215126Z ^[[2m  <!DOCTYPE html>^[[22m
coverage	Run coverage suite	2026-09-10T06:34:08.6216258Z ^[[32m- <html lang="en" data-theme="light" data-brand="default">^[[39m
coverage	Run coverage suite	2026-09-10T06:34:08.6217584Z ^[[31m+ <html lang="en" data-theme="light" data-brand="A">^[[39m
coverage	Run coverage suite	2026-09-10T06:34:08.6218483Z ^[[2m  <head>^[[22m
coverage	Run coverage suite	2026-09-10T06:34:08.6219329Z ^[[2m    <meta charset="utf-8" />^[[22m
coverage	Run coverage suite	2026-09-10T06:34:08.6220625Z ^[[2m    <meta name="viewport" content="width=device-width, initial-scale=1" />^[[22m
coverage	Run coverage suite	2026-09-10T06:34:08.6222108Z ^[[2m    <title>OODS Preview</title>^[[22m
coverage	Run coverage suite	2026-09-10T06:34:08.6223121Z ^[[2m    <style data-source="tokens">^[[22m
coverage	Run coverage suite	2026-09-10T06:34:08.6224039Z ^[[33m@@ -1455,12 +1455,75 @@^[[39m
coverage	Run coverage suite	2026-09-10T06:34:08.6225165Z ^[[2m    padding-left: var(--ref-space-inset-compact, 8px);^[[22m
coverage	Run coverage suite	2026-09-10T06:34:08.6226123Z ^[[2m  }^[[22m
coverage	Run coverage suite	2026-09-10T06:34:08.6226949Z ^[[2m  [data-oods-surface="inverse"] {^[[22m
coverage	Run coverage suite	2026-09-10T06:34:08.6228341Z ^[[2m    background: var(--sys-surface-inverse, var(--ref-color-neutral-900, #0f172a));^[[22m
coverage	Run coverage suite	2026-09-10T06:34:08.6229981Z ^[[2m    color: var(--sys-text-inverse, var(--ref-color-neutral-0, #ffffff));^[[22m
coverage	Run coverage suite	2026-09-10T06:34:08.6231064Z ^[[31m+ }^[[39m
coverage	Run coverage suite	2026-09-10T06:34:08.6232166Z ^[[31m+ #oods-preview-root {^[[39m
coverage	Run coverage suite	2026-09-10T06:34:08.6233134Z ^[[31m+   margin: 0;^[[39m
coverage	Run coverage suite	2026-09-10T06:34:08.6234231Z ^[[31m+   padding: var(--ref-space-inset-default, 24px);^[[39m
coverage	Run coverage suite	2026-09-10T06:34:08.6235337Z ^[[31m+   min-height: 100dvh;^[[39m
coverage	Run coverage suite	2026-09-10T06:34:08.6236392Z ^[[31m+   box-sizing: border-box;^[[39m
coverage	Run coverage suite	2026-09-10T06:34:08.6237851Z ^[[31m+   background: var(--sys-surface-canvas, var(--ref-color-neutral-50, #f8fafc));^[[39m
coverage	Run coverage suite	2026-09-10T06:34:08.6239665Z ^[[31m+   color: var(--sys-text-primary, var(--ref-color-neutral-900, #0f172a));^[[39m
coverage	Run coverage suite	2026-09-10T06:34:08.6241811Z ^[[31m+   font-family: var(--ref-typography-families-sans, Inter, "Helvetica Neue", Arial, sans-serif);^[[39m
coverage	Run coverage suite	2026-09-10T06:34:08.6243108Z ^[[2m  }^[[22m
coverage	Run coverage suite	2026-09-10T06:34:08.6243894Z ^[[31m+ [data-oods-component] {^[[39m
coverage	Run coverage suite	2026-09-10T06:34:08.6245352Z ^[[31m+   box-sizing: border-box;^[[39m
coverage	Run coverage suite	2026-09-10T06:34:08.6246126Z ^[[31m+ }^[[39m
coverage	Run coverage suite	2026-09-10T06:34:08.6246954Z ^[[31m+ [data-oods-component="Button"] {^[[39m
coverage	Run coverage suite	2026-09-10T06:34:08.6248978Z ^[[31m+   border: var(--ref-border-width-hairline, 1px) solid var(--sys-surface-interactive-primary-default, var(--ref-color-primary-500, #4f46e5));^[[39m
coverage	Run coverage suite	2026-09-10T06:34:08.6250871Z ^[[31m+   border-radius: var(--ref-border-radius-md, 12px);^[[39m
coverage	Run coverage suite	2026-09-10T06:34:08.6252804Z ^[[31m+   background: var(--sys-surface-interactive-primary-default, var(--ref-color-primary-500, #4f46e5));^[[39m
coverage	Run coverage suite	2026-09-10T06:34:08.6254591Z ^[[31m+   color: var(--sys-text-on-interactive, var(--ref-color-neutral-0, #ffffff));^[[39m
coverage	Run coverage suite	2026-09-10T06:34:08.6255803Z ^[[31m+   font-family: inherit;^[[39m
coverage	Run coverage suite	2026-09-10T06:34:08.6257280Z ^[[31m+   padding: var(--oods-size-spacing-sm, 0.5rem) var(--oods-size-spacing-md, 0.875rem);^[[39m
coverage	Run coverage suite	2026-09-10T06:34:08.6259083Z ^[[31m+   font-size: var(--oods-size-font-md, 16px);^[[39m
coverage	Run coverage suite	2026-09-10T06:34:08.6259989Z ^[[31m+ }^[[39m
coverage	Run coverage suite	2026-09-10T06:34:08.6260772Z ^[[31m+ [data-oods-component="Card"] {^[[39m
coverage	Run coverage suite	2026-09-10T06:34:08.6262842Z ^[[31m+   border: var(--ref-border-width-hairline, 1px) solid var(--sys-border-subtle, var(--ref-color-neutral-200, #e2e8f0));^[[39m
coverage	Run coverage suite	2026-09-10T06:34:08.6264600Z ^[[31m+   border-radius: var(--ref-border-radius-md, 12px);^[[39m
coverage	Run coverage suite	2026-09-10T06:34:08.6266208Z ^[[31m+   background: var(--sys-surface-raised, var(--ref-color-neutral-0, #ffffff));^[[39m
coverage	Run coverage suite	2026-09-10T06:34:08.6267697Z ^[[31m+   padding: var(--ref-space-inset-compact, 8px);^[[39m
coverage	Run coverage suite	2026-09-10T06:34:08.6268668Z ^[[31m+ }^[[39m
coverage	Run coverage suite	2026-09-10T06:34:08.6269565Z ^[[31m+ [data-oods-component="Badge"] {^[[39m
coverage	Run coverage suite	2026-09-10T06:34:08.6270582Z ^[[31m+   display: inline-flex;^[[39m
coverage	Run coverage suite	2026-09-10T06:34:08.6271892Z ^[[31m+   border-radius: var(--ref-border-radius-pill, 999px);^[[39m
coverage	Run coverage suite	2026-09-10T06:34:08.6273042Z ^[[31m+   padding: 0.125rem 0.5rem;^[[39m
coverage	Run coverage suite	2026-09-10T06:34:08.6274449Z ^[[31m+   background: var(--sys-status-info-surface, var(--ref-color-info-100, #eef2ff));^[[39m
coverage	Run coverage suite	2026-09-10T06:34:08.6275581Z ^[[31m+ }^[[39m
coverage	Run coverage suite	2026-09-10T06:34:08.6276418Z ^[[31m+ [data-oods-component="Banner"] {^[[39m
coverage	Run coverage suite	2026-09-10T06:34:08.6277581Z ^[[31m+   border-radius: var(--ref-border-radius-md, 12px);^[[39m
coverage	Run coverage suite	2026-09-10T06:34:08.6279149Z ^[[31m+   border-left: 4px solid var(--sys-status-info-border, var(--ref-color-info-700, #2563eb));^[[39m
coverage	Run coverage suite	2026-09-10T06:34:08.6280647Z ^[[31m+   padding: var(--ref-space-inset-compact, 8px);^[[39m
coverage	Run coverage suite	2026-09-10T06:34:08.6282392Z ^[[31m+   background: var(--sys-status-info-surface, var(--ref-color-info-100, #eff6ff));^[[39m
coverage	Run coverage suite	2026-09-10T06:34:08.6283529Z ^[[31m+ }^[[39m
coverage	Run coverage suite	2026-09-10T06:34:08.6284377Z ^[[31m+ [data-oods-component="Table"] {^[[39m
coverage	Run coverage suite	2026-09-10T06:34:08.6285257Z ^[[31m+   width: 100%;^[[39m
coverage	Run coverage suite	2026-09-10T06:34:08.6286136Z ^[[31m+   border-collapse: collapse;^[[39m
coverage	Run coverage suite	2026-09-10T06:34:08.6286922Z ^[[31m+ }^[[39m
coverage	Run coverage suite	2026-09-10T06:34:08.6287794Z ^[[31m+ [data-oods-component="Table"] th,^[[39m
coverage	Run coverage suite	2026-09-10T06:34:08.6288859Z ^[[31m+ [data-oods-component="Table"] td {^[[39m
coverage	Run coverage suite	2026-09-10T06:34:08.6290701Z ^[[31m+   border-bottom: var(--ref-border-width-hairline, 1px) solid var(--sys-border-subtle, var(--ref-color-neutral-200, #e2e8f0));^[[39m
coverage	Run coverage suite	2026-09-10T06:34:08.6292632Z ^[[31m+   text-align: left;^[[39m
coverage	Run coverage suite	2026-09-10T06:34:08.6293646Z ^[[31m+   padding: 0.5rem;^[[39m
coverage	Run coverage suite	2026-09-10T06:34:08.6294466Z ^[[31m+ }^[[39m
coverage	Run coverage suite	2026-09-10T06:34:08.6295485Z ^[[31m+ [data-oods-component="Tabs"] [role="tablist"] {^[[39m
coverage	Run coverage suite	2026-09-10T06:34:08.6296521Z ^[[31m+   display: flex;^[[39m
coverage	Run coverage suite	2026-09-10T06:34:08.6297371Z ^[[31m+   gap: 0.5rem;^[[39m
coverage	Run coverage suite	2026-09-10T06:34:08.6298301Z ^[[31m+   margin-bottom: 0.5rem;^[[39m
coverage	Run coverage suite	2026-09-10T06:34:08.6299090Z ^[[31m+ }^[[39m
coverage	Run coverage suite	2026-09-10T06:34:08.6299907Z ^[[31m+ [data-sidebar-aside="true"] {^[[39m
coverage	Run coverage suite	2026-09-10T06:34:08.6301951Z ^[[31m+   border-left: var(--ref-border-width-hairline, 1px) solid var(--sys-border-subtle, var(--ref-color-neutral-200, #e2e8f0));^[[39m
coverage	Run coverage suite	2026-09-10T06:34:08.6303731Z ^[[31m+   padding-left: var(--ref-space-inset-compact, 8px);^[[39m
coverage	Run coverage suite	2026-09-10T06:34:08.6304617Z ^[[31m+ }^[[39m
coverage	Run coverage suite	2026-09-10T06:34:08.6305867Z ^[[31m+ [data-oods-surface="inverse"] {^[[39m
coverage	Run coverage suite	2026-09-10T06:34:08.6307471Z ^[[31m+   background: var(--sys-surface-inverse, var(--ref-color-neutral-900, #0f172a));^[[39m
coverage	Run coverage suite	2026-09-10T06:34:08.6309119Z ^[[31m+   color: var(--sys-text-inverse, var(--ref-color-neutral-0, #ffffff));^[[39m
coverage	Run coverage suite	2026-09-10T06:34:08.6310095Z ^[[31m+ }^[[39m
coverage	Run coverage suite	2026-09-10T06:34:08.6310917Z ^[[31m+ :root { color-scheme: light; }^[[39m
coverage	Run coverage suite	2026-09-10T06:34:08.6312129Z ^[[2m    </style>^[[22m
coverage	Run coverage suite	2026-09-10T06:34:08.6312867Z ^[[2m  </head>^[[22m
coverage	Run coverage suite	2026-09-10T06:34:08.6313804Z ^[[32m- <body data-theme="light" data-brand="default">^[[39m
coverage	Run coverage suite	2026-09-10T06:34:08.6314936Z ^[[31m+ <body data-theme="light" data-brand="A">^[[39m
coverage	Run coverage suite	2026-09-10T06:34:08.6323097Z ^[[2m    <main id="oods-preview-root"><article id="card-1" style="display:flex;flex-direction:column;gap:var(--sys-space-scale-md, var(--ref-space-scale-md))" data-oods-component="Card" data-oods-node-id="card-1" data-layout="stack"><div id="header-1" data-oods-component="Stack" data-oods-node-id="header-1" data-layout="stack"><h2 id="title-1" data-oods-component="Text" data-oods-node-id="title-1">Dashboard</h2></div><div id="body-1" style="display:flex;flex-direction:column;gap:var(--sys-space-scale-sm, var(--ref-space-scale-sm))" data-oods-component="Stack" data-oods-node-id="body-1" data-layout="stack"><p id="text-1" data-oods-component="Text" data-oods-node-id="text-1">Welcome back</p><button id="btn-submit" type="button" data-oods-component="Button" data-oods-node-id="btn-submit">Continue</button></div></article></main>^[[22m
coverage	Run coverage suite	2026-09-10T06:34:08.6328954Z ^[[2m  </body>^[[22m
coverage	Run coverage suite	2026-09-10T06:34:08.6329687Z ^[[2m  </html>^[[22m
coverage	Run coverage suite	2026-09-10T06:34:08.6330166Z 
coverage	Run coverage suite	2026-09-10T06:34:08.6331168Z ^[[36m ^[[2m❯^[[22m tests/codegen/code-generate.contract.test.ts:^[[2m390:32^[[22m^[[39m
coverage	Run coverage suite	2026-09-10T06:34:08.6418372Z     ^[[90m388| ^[[39m
coverage	Run coverage suite	2026-09-10T06:34:08.6442942Z     ^[[90m389| ^[[39m    // The HTML content should match — both use the same rendering pip…
coverage	Run coverage suite	2026-09-10T06:34:08.6452619Z     ^[[90m390| ^[[39m    ^[[34mexpect^[[39m(codeGenResult^[[33m.^[[39mcode)^[[33m.^[[39m^[[34mtoBe^[[39m(renderResult^[[33m.^[[39mhtml)^[[33m;^[[39m
coverage	Run coverage suite	2026-09-10T06:34:08.6492640Z     ^[[90m   | ^[[39m                               ^[[31m^^[[39m
coverage	Run coverage suite	2026-09-10T06:34:08.6526657Z     ^[[90m391| ^[[39m  })^[[33m;^[[39m
coverage	Run coverage suite	2026-09-10T06:34:08.6528439Z     ^[[90m392| ^[[39m
coverage	Run coverage suite	2026-09-10T06:34:08.6542612Z 
coverage	Run coverage suite	2026-09-10T06:34:08.6543366Z ^[[31m^[[2m⎯⎯⎯⎯⎯⎯⎯⎯⎯⎯⎯⎯⎯⎯⎯⎯⎯⎯⎯⎯⎯⎯⎯⎯[1/8]⎯^[[22m^[[39m
coverage	Run coverage suite	2026-09-10T06:34:08.6543992Z 
coverage	Run coverage suite	2026-09-10T06:34:08.6545824Z ^[[41m^[[1m FAIL ^[[22m^[[49m ^[[30m^[[45m core ^[[49m^[[39m tests/codegen/code-generate.contract.test.ts^[[2m > ^[[22mcode.generate contracts — HTML^[[2m > ^[[22mHTML output matches repl.render for layout schema
coverage	Run coverage suite	2026-09-10T06:34:08.6548601Z ^[[31m^[[1mAssertionError^[[22m: expected '<!DOCTYPE html>\n<html lang="en" data…' to be '<!DOCTYPE html>\n<html lang="en" data…' // Object.is equality^[[39m
coverage	Run coverage suite	2026-09-10T06:34:08.6549836Z 
coverage	Run coverage suite	2026-09-10T06:34:08.6550386Z ^[[32m- Expected^[[39m
coverage	Run coverage suite	2026-09-10T06:34:08.6551235Z ^[[31m+ Received^[[39m
coverage	Run coverage suite	2026-09-10T06:34:08.6551928Z 
coverage	Run coverage suite	2026-09-10T06:34:08.6552396Z ^[[33m@@ -1,7 +1,7 @@^[[39m
coverage	Run coverage suite	2026-09-10T06:34:08.6553226Z ^[[2m  <!DOCTYPE html>^[[22m
coverage	Run coverage suite	2026-09-10T06:34:08.6554336Z ^[[32m- <html lang="en" data-theme="light" data-brand="default">^[[39m
coverage	Run coverage suite	2026-09-10T06:34:08.6555609Z ^[[31m+ <html lang="en" data-theme="light" data-brand="A">^[[39m
coverage	Run coverage suite	2026-09-10T06:34:08.6556530Z ^[[2m  <head>^[[22m
coverage	Run coverage suite	2026-09-10T06:34:08.6557294Z ^[[2m    <meta charset="utf-8" />^[[22m
coverage	Run coverage suite	2026-09-10T06:34:08.6558571Z ^[[2m    <meta name="viewport" content="width=device-width, initial-scale=1" />^[[22m
coverage	Run coverage suite	2026-09-10T06:34:08.6559744Z ^[[2m    <title>OODS Preview</title>^[[22m
coverage	Run coverage suite	2026-09-10T06:34:08.6560636Z ^[[2m    <style data-source="tokens">^[[22m
coverage	Run coverage suite	2026-09-10T06:34:08.6561808Z ^[[33m@@ -1455,12 +1455,75 @@^[[39m
coverage	Run coverage suite	2026-09-10T06:34:08.6562925Z ^[[2m    padding-left: var(--ref-space-inset-compact, 8px);^[[22m
coverage	Run coverage suite	2026-09-10T06:34:08.6563845Z ^[[2m  }^[[22m
coverage	Run coverage suite	2026-09-10T06:34:08.6564646Z ^[[2m  [data-oods-surface="inverse"] {^[[22m
coverage	Run coverage suite	2026-09-10T06:34:08.6618229Z ^[[2m    background: var(--sys-surface-inverse, var(--ref-color-neutral-900, #0f172a));^[[22m
coverage	Run coverage suite	2026-09-10T06:34:08.6642788Z ^[[2m    color: var(--sys-text-inverse, var(--ref-color-neutral-0, #ffffff));^[[22m
coverage	Run coverage suite	2026-09-10T06:34:08.6643299Z 
coverage	Run coverage suite	2026-09-10T06:34:08.6645992Z ^[[31m+ }^[[39m
coverage	Run coverage suite	2026-09-10T06:34:08.6647740Z ^[[31m+ #oods-preview-root {^[[39m
coverage	Run coverage suite	2026-09-10T06:34:08.6648426Z ^[[31m+   margin: 0;^[[39m
coverage	Run coverage suite	2026-09-10T06:34:08.6649311Z ^[[31m+   padding: var(--ref-space-inset-default, 24px);^[[39m
coverage	Run coverage suite	2026-09-10T06:34:08.6650240Z ^[[31m+   min-height: 100dvh;^[[39m
coverage	Run coverage suite	2026-09-10T06:34:08.6651190Z ^[[31m+   box-sizing: border-box;^[[39m
coverage	Run coverage suite	2026-09-10T06:34:08.6653110Z ^[[31m+   background: var(--sys-surface-canvas, var(--ref-color-neutral-50, #f8fafc));^[[39m
coverage	Run coverage suite	2026-09-10T06:34:08.6654606Z ^[[31m+   color: var(--sys-text-primary, var(--ref-color-neutral-900, #0f172a));^[[39m
coverage	Run coverage suite	2026-09-10T06:34:08.6656202Z ^[[31m+   font-family: var(--ref-typography-families-sans, Inter, "Helvetica Neue", Arial, sans-serif);^[[39m
coverage	Run coverage suite	2026-09-10T06:34:08.6659701Z ^[[2m  }^[[22m
coverage	Run coverage suite	2026-09-10T06:34:08.6660817Z ^[[2m Test Files ^[[22m ^[[1m^[[31m5 failed^[[39m^[[22m^[[2m | ^[[22m^[[1m^[[32m555 passed^[[39m^[[22m^[[2m | ^[[22m^[[33m1 skipped^[[39m^[[90m (561)^[[39m
coverage	Run coverage suite	2026-09-10T06:34:08.6662545Z ^[[31m+ [data-oods-component] {^[[39m
coverage	Run coverage suite	2026-09-10T06:34:08.6664801Z ^[[31m+   box-sizing: border-box;^[[39m
coverage	Run coverage suite	2026-09-10T06:34:08.6665451Z ^[[31m+ }^[[39m
coverage	Run coverage suite	2026-09-10T06:34:08.6666109Z ^[[31m+ [data-oods-component="Button"] {^[[39m
coverage	Run coverage suite	2026-09-10T06:34:08.6667746Z ^[[31m+   border: var(--ref-border-width-hairline, 1px) solid var(--sys-surface-interactive-primary-default, var(--ref-color-primary-500, #4f46e5));^[[39m
coverage	Run coverage suite	2026-09-10T06:34:08.6669255Z ^[[31m+   border-radius: var(--ref-border-radius-md, 12px);^[[39m
coverage	Run coverage suite	2026-09-10T06:34:08.6670713Z ^[[31m+   background: var(--sys-surface-interactive-primary-default, var(--ref-color-primary-500, #4f46e5));^[[39m
coverage	Run coverage suite	2026-09-10T06:34:08.6673621Z ^[[31m+   color: var(--sys-text-on-interactive, var(--ref-color-neutral-0, #ffffff));^[[39m
coverage	Run coverage suite	2026-09-10T06:34:08.6674641Z ^[[31m+   font-family: inherit;^[[39m
coverage	Run coverage suite	2026-09-10T06:34:08.6675750Z ^[[31m+   padding: var(--oods-size-spacing-sm, 0.5rem) var(--oods-size-spacing-md, 0.875rem);^[[39m
coverage	Run coverage suite	2026-09-10T06:34:08.6676915Z ^[[31m+   font-size: var(--oods-size-font-md, 16px);^[[39m
coverage	Run coverage suite	2026-09-10T06:34:08.6677613Z ^[[31m+ }^[[39m
coverage	Run coverage suite	2026-09-10T06:34:08.6678258Z ^[[31m+ [data-oods-component="Card"] {^[[39m
coverage	Run coverage suite	2026-09-10T06:34:08.6681328Z ^[[31m+   border: var(--ref-border-width-hairline, 1px) solid var(--sys-border-subtle, var(--ref-color-neutral-200, #e2e8f0));^[[39m
coverage	Run coverage suite	2026-09-10T06:34:08.6683150Z ^[[31m+   border-radius: var(--ref-border-radius-md, 12px);^[[39m
coverage	Run coverage suite	2026-09-10T06:34:08.6684393Z ^[[31m+   background: var(--sys-surface-raised, var(--ref-color-neutral-0, #ffffff));^[[39m
coverage	Run coverage suite	2026-09-10T06:34:08.6685586Z ^[[31m+   padding: var(--ref-space-inset-compact, 8px);^[[39m
coverage	Run coverage suite	2026-09-10T06:34:08.6687327Z ^[[31m+ }^[[39m
coverage	Run coverage suite	2026-09-10T06:34:08.6688052Z ^[[31m+ [data-oods-component="Badge"] {^[[39m
coverage	Run coverage suite	2026-09-10T06:34:08.6688823Z ^[[31m+   display: inline-flex;^[[39m
coverage	Run coverage suite	2026-09-10T06:34:08.6689763Z ^[[31m+   border-radius: var(--ref-border-radius-pill, 999px);^[[39m
coverage	Run coverage suite	2026-09-10T06:34:08.6692194Z ^[[31m+   padding: 0.125rem 0.5rem;^[[39m
coverage	Run coverage suite	2026-09-10T06:34:08.6693463Z ^[[31m+   background: var(--sys-status-info-surface, var(--ref-color-info-100, #eef2ff));^[[39m
coverage	Run coverage suite	2026-09-10T06:34:08.6694418Z ^[[31m+ }^[[39m
coverage	Run coverage suite	2026-09-10T06:34:08.6696334Z ^[[31m+ [data-oods-component="Banner"] {^[[39m
coverage	Run coverage suite	2026-09-10T06:34:08.6697405Z ^[[31m+   border-radius: var(--ref-border-radius-md, 12px);^[[39m
coverage	Run coverage suite	2026-09-10T06:34:08.6699720Z ^[[31m+   border-left: 4px solid var(--sys-status-info-border, var(--ref-color-info-700, #2563eb));^[[39m
coverage	Run coverage suite	2026-09-10T06:34:08.6702542Z ^[[31m+   padding: var(--ref-space-inset-compact, 8px);^[[39m
coverage	Run coverage suite	2026-09-10T06:34:08.6703874Z ^[[31m+   background: var(--sys-status-info-surface, var(--ref-color-info-100, #eff6ff));^[[39m
coverage	Run coverage suite	2026-09-10T06:34:08.6706261Z ^[[31m+ }^[[39m
coverage	Run coverage suite	2026-09-10T06:34:08.6707037Z ^[[31m+ [data-oods-component="Table"] {^[[39m
coverage	Run coverage suite	2026-09-10T06:34:08.6708787Z ^[[31m+   width: 100%;^[[39m
coverage	Run coverage suite	2026-09-10T06:34:08.6709668Z ^[[31m+   border-collapse: collapse;^[[39m
coverage	Run coverage suite	2026-09-10T06:34:08.6711113Z ^[[2m      Tests ^[[22m ^[[1m^[[31m8 failed^[[39m^[[22m^[[2m | ^[[22m^[[1m^[[32m6335 passed^[[39m^[[22m^[[2m | ^[[22m^[[33m16 skipped^[[39m^[[90m (6359)^[[39m
coverage	Run coverage suite	2026-09-10T06:34:08.6712933Z ^[[31m+ }^[[39m
coverage	Run coverage suite	2026-09-10T06:34:08.6713700Z ^[[31m+ [data-oods-component="Table"] th,^[[39m
coverage	Run coverage suite	2026-09-10T06:34:08.6714798Z ^[[31m+ [data-oods-component="Table"] td {^[[39m
coverage	Run coverage suite	2026-09-10T06:34:08.6715539Z ^[[2m   Start at ^[[22m 06:23:40
coverage	Run coverage suite	2026-09-10T06:34:08.6721387Z ^[[31m+   border-bottom: var(--ref-border-width-hairline, 1px) solid var(--sys-border-subtle, var(--ref-color-neutral-200, #e2e8f0));^[[39m
coverage	Run coverage suite	2026-09-10T06:34:08.6724139Z ^[[31m+   text-align: left;^[[39m
coverage	Run coverage suite	2026-09-10T06:34:08.6726005Z ^[[31m+   padding: 0.5rem;^[[39m
coverage	Run coverage suite	2026-09-10T06:34:08.6726661Z ^[[31m+ }^[[39m
coverage	Run coverage suite	2026-09-10T06:34:08.6727468Z ^[[31m+ [data-oods-component="Tabs"] [role="tablist"] {^[[39m
coverage	Run coverage suite	2026-09-10T06:34:08.6728420Z ^[[31m+   display: flex;^[[39m
coverage	Run coverage suite	2026-09-10T06:34:08.6730136Z ^[[31m+   gap: 0.5rem;^[[39m
coverage	Run coverage suite	2026-09-10T06:34:08.6731389Z ^[[31m+   margin-bottom: 0.5rem;^[[39m
coverage	Run coverage suite	2026-09-10T06:34:08.6733164Z ^[[2m   Duration ^[[22m 628.12s^[[2m (transform 13.91s, setup 0ms, collect 151.18s, tests 281.37s, environment 39.03s, prepare 44.03s)^[[22m
coverage	Run coverage suite	2026-09-10T06:34:08.6734595Z ^[[31m+ }^[[39m
coverage	Run coverage suite	2026-09-10T06:34:08.6737386Z ^[[31m+ [data-sidebar-aside="true"] {^[[39m
coverage	Run coverage suite	2026-09-10T06:34:08.6739095Z ^[[31m+   border-left: var(--ref-border-width-hairline, 1px) solid var(--sys-border-subtle, var(--ref-color-neutral-200, #e2e8f0));^[[39m
coverage	Run coverage suite	2026-09-10T06:34:08.6746982Z ^[[31m+   padding-left: var(--ref-space-inset-compact, 8px);^[[39m
coverage	Run coverage suite	2026-09-10T06:34:08.6747864Z ^[[31m+ }^[[39m
coverage	Run coverage suite	2026-09-10T06:34:08.6748622Z ^[[31m+ [data-oods-surface="inverse"] {^[[39m
coverage	Run coverage suite	2026-09-10T06:34:08.6752519Z ^[[31m+   background: var(--sys-surface-inverse, var(--ref-color-neutral-900, #0f172a));^[[39m
coverage	Run coverage suite	2026-09-10T06:34:08.6753209Z 
coverage	Run coverage suite	2026-09-10T06:34:08.6754148Z ^[[31m+   color: var(--sys-text-inverse, var(--ref-color-neutral-0, #ffffff));^[[39m
coverage	Run coverage suite	2026-09-10T06:34:08.6755141Z ^[[31m+ }^[[39m
coverage	Run coverage suite	2026-09-10T06:34:08.6756165Z ^[[31m+ :root { color-scheme: light; }^[[39m
coverage	Run coverage suite	2026-09-10T06:34:08.6756929Z ^[[2m    </style>^[[22m
coverage	Run coverage suite	2026-09-10T06:34:08.6757575Z ^[[2m  </head>^[[22m
coverage	Run coverage suite	2026-09-10T06:34:08.6759565Z ^[[32m- <body data-theme="light" data-brand="default">^[[39m
coverage	Run coverage suite	2026-09-10T06:34:08.6760873Z ^[[31m+ <body data-theme="light" data-brand="A">^[[39m
coverage	Run coverage suite	2026-09-10T06:34:08.6820975Z ^[[2m    <main id="oods-preview-root"><div id="page-1" style="align-items:center;border-radius:var(--sys-radius-lg, var(--ref-radius-lg));display:flex;flex-direction:column;gap:var(--sys-space-scale-lg, var(--ref-space-scale-lg));padding:var(--sys-space-scale-md, var(--ref-space-scale-md))" data-oods-component="Stack" data-oods-node-id="page-1" data-layout="stack"><div id="grid-1" style="display:grid;grid-template-columns:repeat(auto-fit, minmax(0, 1fr));display:grid" data-oods-component="Grid" data-oods-node-id="grid-1" data-layout="grid"><article id="cell-1" data-oods-component="Card" data-oods-node-id="cell-1"></article><article id="cell-2" data-oods-component="Card" data-oods-node-id="cell-2"></article></div><article id="sidebar-1" style="align-items:start;display:grid;grid-template-columns:minmax(0, 1fr) minmax(16rem, 24rem)" data-oods-component="Card" data-oods-node-id="sidebar-1" data-layout="sidebar"><div data-sidebar-main="true"><div id="main-content" data-oods-component="Stack" data-oods-node-id="main-content" data-layout="stack"></div></div><aside data-sidebar-aside="true"><div id="aside-content" data-oods-component="Stack" data-oods-node-id="aside-content" data-layout="stack"></div></aside></article><div id="inline-1" style="display:flex;flex-direction:row;justify-content:space-between" data-oods-component="Stack" data-oods-node-id="inline-1" data-layout="inline"><p id="left" data-oods-component="Text" data-oods-node-id="left"></p><button id="right" type="button" data-oods-component="Button" data-oods-node-id="right">Button</button></div></div></main>^[[22m
coverage	Run coverage suite	2026-09-10T06:34:08.6843655Z ^[[2m  </body>^[[22m
coverage	Run coverage suite	2026-09-10T06:34:08.6844224Z ^[[2m  </html>^[[22m
coverage	Run coverage suite	2026-09-10T06:34:08.6844498Z 
coverage	Run coverage suite	2026-09-10T06:34:08.6845293Z ^[[36m ^[[2m❯^[[22m tests/codegen/code-generate.contract.test.ts:^[[2m405:32^[[22m^[[39m
coverage	Run coverage suite	2026-09-10T06:34:08.6847252Z     ^[[90m403| ^[[39m    ^[[34mexpect^[[39m(codeGenResult^[[33m.^[[39mstatus)^[[33m.^[[39m^[[34mtoBe^[[39m(^[[32m'ok'^[[39m)^[[33m;^[[39m
coverage	Run coverage suite	2026-09-10T06:34:08.6848933Z     ^[[90m404| ^[[39m    ^[[34mexpect^[[39m(renderResult^[[33m.^[[39mstatus)^[[33m.^[[39m^[[34mtoBe^[[39m(^[[32m'ok'^[[39m)^[[33m;^[[39m
coverage	Run coverage suite	2026-09-10T06:34:08.6850480Z     ^[[90m405| ^[[39m    ^[[34mexpect^[[39m(codeGenResult^[[33m.^[[39mcode)^[[33m.^[[39m^[[34mtoBe^[[39m(renderResult^[[33m.^[[39mhtml)^[[33m;^[[39m
coverage	Run coverage suite	2026-09-10T06:34:08.6872618Z     ^[[90m   | ^[[39m                               ^[[31m^^[[39m
coverage	Run coverage suite	2026-09-10T06:34:08.6873370Z     ^[[90m406| ^[[39m  })^[[33m;^[[39m
coverage	Run coverage suite	2026-09-10T06:34:08.6873921Z     ^[[90m407| ^[[39m
coverage	Run coverage suite	2026-09-10T06:34:08.6874172Z 
coverage	Run coverage suite	2026-09-10T06:34:08.6874657Z ^[[31m^[[2m⎯⎯⎯⎯⎯⎯⎯⎯⎯⎯⎯⎯⎯⎯⎯⎯⎯⎯⎯⎯⎯⎯⎯⎯[2/8]⎯^[[22m^[[39m
coverage	Run coverage suite	2026-09-10T06:34:08.6875077Z 
coverage	Run coverage suite	2026-09-10T06:34:08.6876815Z ^[[41m^[[1m FAIL ^[[22m^[[49m ^[[30m^[[45m core ^[[49m^[[39m tests/codegen/code-generate.contract.test.ts^[[2m > ^[[22mcode.generate contracts — HTML^[[2m > ^[[22mHTML output matches repl.render for all-props schema
coverage	Run coverage suite	2026-09-10T06:34:08.6879754Z ^[[31m^[[1mAssertionError^[[22m: expected '<!DOCTYPE html>\n<html lang="en" data…' to be '<!DOCTYPE html>\n<html lang="en" data…' // Object.is equality^[[39m
coverage	Run coverage suite	2026-09-10T06:34:08.6882322Z 
coverage	Run coverage suite	2026-09-10T06:34:08.6882665Z ^[[32m- Expected^[[39m
coverage	Run coverage suite	2026-09-10T06:34:08.6883183Z ^[[31m+ Received^[[39m
coverage	Run coverage suite	2026-09-10T06:34:08.6883437Z 
coverage	Run coverage suite	2026-09-10T06:34:08.6883700Z ^[[33m@@ -1,7 +1,7 @@^[[39m
coverage	Run coverage suite	2026-09-10T06:34:08.6884228Z ^[[2m  <!DOCTYPE html>^[[22m
coverage	Run coverage suite	2026-09-10T06:34:08.6885069Z ^[[32m- <html lang="en" data-theme="light" data-brand="default">^[[39m
coverage	Run coverage suite	2026-09-10T06:34:08.6904902Z ^[[31m+ <html lang="en" data-theme="light" data-brand="A">^[[39m
coverage	Run coverage suite	2026-09-10T06:34:08.6913197Z ^[[2m  <head>^[[22m
coverage	Run coverage suite	2026-09-10T06:34:08.6913909Z ^[[2m    <meta charset="utf-8" />^[[22m
coverage	Run coverage suite	2026-09-10T06:34:08.6914980Z ^[[2m    <meta name="viewport" content="width=device-width, initial-scale=1" />^[[22m
coverage	Run coverage suite	2026-09-10T06:34:08.6915916Z ^[[2m    <title>OODS Preview</title>^[[22m
coverage	Run coverage suite	2026-09-10T06:34:08.6916617Z ^[[2m    <style data-source="tokens">^[[22m
coverage	Run coverage suite	2026-09-10T06:34:08.6917281Z ^[[33m@@ -1455,12 +1455,75 @@^[[39m
coverage	Run coverage suite	2026-09-10T06:34:08.6918107Z ^[[2m    padding-left: var(--ref-space-inset-compact, 8px);^[[22m
coverage	Run coverage suite	2026-09-10T06:34:08.6918802Z ^[[2m  }^[[22m
coverage	Run coverage suite	2026-09-10T06:34:08.6919390Z ^[[2m  [data-oods-surface="inverse"] {^[[22m
coverage	Run coverage suite	2026-09-10T06:34:08.6920552Z ^[[2m    background: var(--sys-surface-inverse, var(--ref-color-neutral-900, #0f172a));^[[22m
coverage	Run coverage suite	2026-09-10T06:34:08.6935477Z ^[[2m    color: var(--sys-text-inverse, var(--ref-color-neutral-0, #ffffff));^[[22m
coverage	Run coverage suite	2026-09-10T06:34:08.6936372Z ^[[31m+ }^[[39m
coverage	Run coverage suite	2026-09-10T06:34:08.6936926Z ^[[31m+ #oods-preview-root {^[[39m
coverage	Run coverage suite	2026-09-10T06:34:08.6937506Z ^[[31m+   margin: 0;^[[39m
coverage	Run coverage suite	2026-09-10T06:34:08.6938311Z ^[[31m+   padding: var(--ref-space-inset-default, 24px);^[[39m
coverage	Run coverage suite	2026-09-10T06:34:08.6939098Z ^[[31m+   min-height: 100dvh;^[[39m
coverage	Run coverage suite	2026-09-10T06:34:08.6939823Z ^[[31m+   box-sizing: border-box;^[[39m
coverage	Run coverage suite	2026-09-10T06:34:08.6940899Z ^[[31m+   background: var(--sys-surface-canvas, var(--ref-color-neutral-50, #f8fafc));^[[39m
coverage	Run coverage suite	2026-09-10T06:34:08.6942448Z ^[[31m+   color: var(--sys-text-primary, var(--ref-color-neutral-900, #0f172a));^[[39m
coverage	Run coverage suite	2026-09-10T06:34:08.6943909Z ^[[31m+   font-family: var(--ref-typography-families-sans, Inter, "Helvetica Neue", Arial, sans-serif);^[[39m
coverage	Run coverage suite	2026-09-10T06:34:08.6944531Z ^[[2m  }^[[22m
coverage	Run coverage suite	2026-09-10T06:34:08.6944869Z ^[[31m+ [data-oods-component] {^[[39m
coverage	Run coverage suite	2026-09-10T06:34:08.6945261Z ^[[31m+   box-sizing: border-box;^[[39m
coverage	Run coverage suite	2026-09-10T06:34:08.6945561Z ^[[31m+ }^[[39m
coverage	Run coverage suite	2026-09-10T06:34:08.6945899Z ^[[31m+ [data-oods-component="Button"] {^[[39m
coverage	Run coverage suite	2026-09-10T06:34:08.6946853Z ^[[31m+   border: var(--ref-border-width-hairline, 1px) solid var(--sys-surface-interactive-primary-default, var(--ref-color-primary-500, #4f46e5));^[[39m
coverage	Run coverage suite	2026-09-10T06:34:08.6947718Z ^[[31m+   border-radius: var(--ref-border-radius-md, 12px);^[[39m
coverage	Run coverage suite	2026-09-10T06:34:08.6948510Z ^[[31m+   background: var(--sys-surface-interactive-primary-default, var(--ref-color-primary-500, #4f46e5));^[[39m
coverage	Run coverage suite	2026-09-10T06:34:08.6949382Z ^[[31m+   color: var(--sys-text-on-interactive, var(--ref-color-neutral-0, #ffffff));^[[39m
coverage	Run coverage suite	2026-09-10T06:34:08.6950163Z ^[[31m+   font-family: inherit;^[[39m
coverage	Run coverage suite	2026-09-10T06:34:08.6950797Z ^[[31m+   padding: var(--oods-size-spacing-sm, 0.5rem) var(--oods-size-spacing-md, 0.875rem);^[[39m
coverage	Run coverage suite	2026-09-10T06:34:08.6951419Z ^[[31m+   font-size: var(--oods-size-font-md, 16px);^[[39m
coverage	Run coverage suite	2026-09-10T06:34:08.6955174Z ^[[31m+ }^[[39m
coverage	Run coverage suite	2026-09-10T06:34:08.6955848Z ^[[31m+ [data-oods-component="Card"] {^[[39m
coverage	Run coverage suite	2026-09-10T06:34:08.6957440Z ^[[31m+   border: var(--ref-border-width-hairline, 1px) solid var(--sys-border-subtle, var(--ref-color-neutral-200, #e2e8f0));^[[39m
coverage	Run coverage suite	2026-09-10T06:34:08.6958947Z ^[[31m+   border-radius: var(--ref-border-radius-md, 12px);^[[39m
coverage	Run coverage suite	2026-09-10T06:34:08.6960192Z ^[[31m+   background: var(--sys-surface-raised, var(--ref-color-neutral-0, #ffffff));^[[39m
coverage	Run coverage suite	2026-09-10T06:34:08.6961319Z ^[[31m+   padding: var(--ref-space-inset-compact, 8px);^[[39m
coverage	Run coverage suite	2026-09-10T06:34:08.6966918Z ^[[31m+ }^[[39m
coverage	Run coverage suite	2026-09-10T06:34:08.6967568Z ^[[31m+ [data-oods-component="Badge"] {^[[39m
coverage	Run coverage suite	2026-09-10T06:34:08.6968287Z ^[[31m+   display: inline-flex;^[[39m
coverage	Run coverage suite	2026-09-10T06:34:08.6969166Z ^[[31m+   border-radius: var(--ref-border-radius-pill, 999px);^[[39m
coverage	Run coverage suite	2026-09-10T06:34:08.6975379Z ^[[31m+   padding: 0.125rem 0.5rem;^[[39m
coverage	Run coverage suite	2026-09-10T06:34:08.6976552Z ^[[31m+   background: var(--sys-status-info-surface, var(--ref-color-info-100, #eef2ff));^[[39m
coverage	Run coverage suite	2026-09-10T06:34:08.6977403Z ^[[31m+ }^[[39m
coverage	Run coverage suite	2026-09-10T06:34:08.6977969Z ^[[31m+ [data-oods-component="Banner"] {^[[39m
coverage	Run coverage suite	2026-09-10T06:34:08.6978848Z ^[[31m+   border-radius: var(--ref-border-radius-md, 12px);^[[39m
coverage	Run coverage suite	2026-09-10T06:34:08.6980180Z ^[[31m+   border-left: 4px solid var(--sys-status-info-border, var(--ref-color-info-700, #2563eb));^[[39m
coverage	Run coverage suite	2026-09-10T06:34:08.6981326Z ^[[31m+   padding: var(--ref-space-inset-compact, 8px);^[[39m
coverage	Run coverage suite	2026-09-10T06:34:08.6982952Z ^[[31m+   background: var(--sys-status-info-surface, var(--ref-color-info-100, #eff6ff));^[[39m
coverage	Run coverage suite	2026-09-10T06:34:08.6983840Z ^[[31m+ }^[[39m
coverage	Run coverage suite	2026-09-10T06:34:08.6984418Z ^[[31m+ [data-oods-component="Table"] {^[[39m
coverage	Run coverage suite	2026-09-10T06:34:08.6985053Z ^[[31m+   width: 100%;^[[39m
coverage	Run coverage suite	2026-09-10T06:34:08.6985660Z ^[[31m+   border-collapse: collapse;^[[39m
coverage	Run coverage suite	2026-09-10T06:34:08.6986208Z ^[[31m+ }^[[39m
coverage	Run coverage suite	2026-09-10T06:34:08.6986791Z ^[[31m+ [data-oods-component="Table"] th,^[[39m
coverage	Run coverage suite	2026-09-10T06:34:08.6987560Z ^[[31m+ [data-oods-component="Table"] td {^[[39m
coverage	Run coverage suite	2026-09-10T06:34:08.6989130Z ^[[31m+   border-bottom: var(--ref-border-width-hairline, 1px) solid var(--sys-border-subtle, var(--ref-color-neutral-200, #e2e8f0));^[[39m
coverage	Run coverage suite	2026-09-10T06:34:08.6990304Z ^[[31m+   text-align: left;^[[39m
coverage	Run coverage suite	2026-09-10T06:34:08.6990921Z ^[[31m+   padding: 0.5rem;^[[39m
coverage	Run coverage suite	2026-09-10T06:34:08.6991413Z ^[[31m+ }^[[39m
coverage	Run coverage suite	2026-09-10T06:34:08.6997926Z ^[[31m+ [data-oods-component="Tabs"] [role="tablist"] {^[[39m
coverage	Run coverage suite	2026-09-10T06:34:08.6998745Z ^[[31m+   display: flex;^[[39m
coverage	Run coverage suite	2026-09-10T06:34:08.6999364Z ^[[31m+   gap: 0.5rem;^[[39m
coverage	Run coverage suite	2026-09-10T06:34:08.7002393Z ^[[31m+   margin-bottom: 0.5rem;^[[39m
coverage	Run coverage suite	2026-09-10T06:34:08.7002956Z ^[[31m+ }^[[39m
coverage	Run coverage suite	2026-09-10T06:34:08.7003548Z ^[[31m+ [data-sidebar-aside="true"] {^[[39m
coverage	Run coverage suite	2026-09-10T06:34:08.7005116Z ^[[31m+   border-left: var(--ref-border-width-hairline, 1px) solid var(--sys-border-subtle, var(--ref-color-neutral-200, #e2e8f0));^[[39m
coverage	Run coverage suite	2026-09-10T06:34:08.7006539Z ^[[31m+   padding-left: var(--ref-space-inset-compact, 8px);^[[39m
coverage	Run coverage suite	2026-09-10T06:34:08.7007223Z ^[[31m+ }^[[39m
coverage	Run coverage suite	2026-09-10T06:34:08.7007823Z ^[[31m+ [data-oods-surface="inverse"] {^[[39m
coverage	Run coverage suite	2026-09-10T06:34:08.7008993Z ^[[31m+   background: var(--sys-surface-inverse, var(--ref-color-neutral-900, #0f172a));^[[39m
coverage	Run coverage suite	2026-09-10T06:34:08.7010280Z ^[[31m+   color: var(--sys-text-inverse, var(--ref-color-neutral-0, #ffffff));^[[39m
coverage	Run coverage suite	2026-09-10T06:34:08.7011046Z ^[[31m+ }^[[39m
coverage	Run coverage suite	2026-09-10T06:34:08.7012094Z ^[[31m+ :root { color-scheme: light; }^[[39m
coverage	Run coverage suite	2026-09-10T06:34:08.7012717Z ^[[2m    </style>^[[22m
coverage	Run coverage suite	2026-09-10T06:34:08.7013175Z ^[[2m  </head>^[[22m
coverage	Run coverage suite	2026-09-10T06:34:08.7013878Z ^[[32m- <body data-theme="light" data-brand="default">^[[39m
coverage	Run coverage suite	2026-09-10T06:34:08.7014739Z ^[[31m+ <body data-theme="light" data-brand="A">^[[39m
coverage	Run coverage suite	2026-09-10T06:34:08.7024597Z ^[[2m    <main id="oods-preview-root"><article id="form-1" data-oods-component="Card" data-oods-node-id="form-1"><label for="input-str">Name</label><input id="input-str" type="text" placeholder="Enter name" data-oods-component="Input" data-oods-node-id="input-str" /><textarea id="textarea-num" rows="5" data-oods-component="Textarea" data-oods-node-id="textarea-num" data-prop-label="Rows"></textarea><label for="input-bool">Enabled</label><input id="input-bool" type="text" readonly required data-oods-component="Input" data-oods-node-id="input-bool" /><table id="table-1" data-oods-component="Table" data-oods-node-id="table-1"></table><label for="validation-1">Status</label><input id="validation-1" type="text" aria-describedby="validation-1-validation" data-oods-component="Input" data-oods-node-id="validation-1" /><p id="validation-1-validation" data-validation-state="success">Valid</p></article></main>^[[22m
coverage	Run coverage suite	2026-09-10T06:34:08.7043876Z ^[[2m  </body>^[[22m
coverage	Run coverage suite	2026-09-10T06:34:08.7044380Z ^[[2m  </html>^[[22m
coverage	Run coverage suite	2026-09-10T06:34:08.7044630Z 
coverage	Run coverage suite	2026-09-10T06:34:08.7045365Z ^[[36m ^[[2m❯^[[22m tests/codegen/code-generate.contract.test.ts:^[[2m420:32^[[22m^[[39m
coverage	Run coverage suite	2026-09-10T06:34:08.7046800Z     ^[[90m418| ^[[39m    ^[[34mexpect^[[39m(codeGenResult^[[33m.^[[39mstatus)^[[33m.^[[39m^[[34mtoBe^[[39m(^[[32m'ok'^[[39m)^[[33m;^[[39m
coverage	Run coverage suite	2026-09-10T06:34:08.7048379Z     ^[[90m419| ^[[39m    ^[[34mexpect^[[39m(renderResult^[[33m.^[[39mstatus)^[[33m.^[[39m^[[34mtoBe^[[39m(^[[32m'ok'^[[39m)^[[33m;^[[39m
coverage	Run coverage suite	2026-09-10T06:34:08.7050023Z     ^[[90m420| ^[[39m    ^[[34mexpect^[[39m(codeGenResult^[[33m.^[[39mcode)^[[33m.^[[39m^[[34mtoBe^[[39m(renderResult^[[33m.^[[39mhtml)^[[33m;^[[39m
coverage	Run coverage suite	2026-09-10T06:34:08.7051200Z     ^[[90m   | ^[[39m                               ^[[31m^^[[39m
coverage	Run coverage suite	2026-09-10T06:34:08.7052584Z     ^[[90m421| ^[[39m  })^[[33m;^[[39m
coverage	Run coverage suite	2026-09-10T06:34:08.7057540Z     ^[[90m422| ^[[39m})^[[33m;^[[39m
coverage	Run coverage suite	2026-09-10T06:34:08.7057892Z 
coverage	Run coverage suite	2026-09-10T06:34:08.7058418Z ^[[31m^[[2m⎯⎯⎯⎯⎯⎯⎯⎯⎯⎯⎯⎯⎯⎯⎯⎯⎯⎯⎯⎯⎯⎯⎯⎯[3/8]⎯^[[22m^[[39m
coverage	Run coverage suite	2026-09-10T06:34:08.7058799Z 
coverage	Run coverage suite	2026-09-10T06:34:08.7060563Z ^[[41m^[[1m FAIL ^[[22m^[[49m ^[[30m^[[45m core ^[[49m^[[39m tests/e2e/code-generate.test.ts^[[2m > ^[[22mcode.generate E2E — round-trip pipeline^[[2m > ^[[22mcode.generate HTML matches repl.render for round-trip schema
coverage	Run coverage suite	2026-09-10T06:34:08.7063858Z ^[[31m^[[1mAssertionError^[[22m: expected '<!DOCTYPE html>\n<html lang="en" data…' to be '<!DOCTYPE html>\n<html lang="en" data…' // Object.is equality^[[39m
coverage	Run coverage suite	2026-09-10T06:34:08.7065718Z 
coverage	Run coverage suite	2026-09-10T06:34:08.7072863Z ^[[32m- Expected^[[39m
coverage	Run coverage suite	2026-09-10T06:34:08.7073511Z ^[[31m+ Received^[[39m
coverage	Run coverage suite	2026-09-10T06:34:08.7073770Z 
coverage	Run coverage suite	2026-09-10T06:34:08.7074036Z ^[[33m@@ -1,7 +1,7 @@^[[39m
coverage	Run coverage suite	2026-09-10T06:34:08.7074541Z ^[[2m  <!DOCTYPE html>^[[22m
coverage	Run coverage suite	2026-09-10T06:34:08.7075877Z ^[[32m- <html lang="en" data-theme="light" data-brand="default">^[[39m
coverage	Run coverage suite	2026-09-10T06:34:08.7081448Z ^[[31m+ <html lang="en" data-theme="light" data-brand="A">^[[39m
coverage	Run coverage suite	2026-09-10T06:34:08.7082475Z ^[[2m  <head>^[[22m
coverage	Run coverage suite	2026-09-10T06:34:08.7083093Z ^[[2m    <meta charset="utf-8" />^[[22m
coverage	Run coverage suite	2026-09-10T06:34:08.7084128Z ^[[2m    <meta name="viewport" content="width=device-width, initial-scale=1" />^[[22m
coverage	Run coverage suite	2026-09-10T06:34:08.7085441Z ^[[2m    <title>OODS Preview</title>^[[22m
coverage	Run coverage suite	2026-09-10T06:34:08.7086204Z ^[[2m    <style data-source="tokens">^[[22m
coverage	Run coverage suite	2026-09-10T06:34:08.7086873Z ^[[33m@@ -1455,12 +1455,75 @@^[[39m
coverage	Run coverage suite	2026-09-10T06:34:08.7087724Z ^[[2m    padding-left: var(--ref-space-inset-compact, 8px);^[[22m
coverage	Run coverage suite	2026-09-10T06:34:08.7088412Z ^[[2m  }^[[22m
coverage	Run coverage suite	2026-09-10T06:34:08.7089058Z ^[[2m  [data-oods-surface="inverse"] {^[[22m
coverage	Run coverage suite	2026-09-10T06:34:08.7090224Z ^[[2m    background: var(--sys-surface-inverse, var(--ref-color-neutral-900, #0f172a));^[[22m
coverage	Run coverage suite	2026-09-10T06:34:08.7091504Z ^[[2m    color: var(--sys-text-inverse, var(--ref-color-neutral-0, #ffffff));^[[22m
coverage	Run coverage suite	2026-09-10T06:34:08.7093663Z ^[[31m+ }^[[39m
coverage	Run coverage suite	2026-09-10T06:34:08.7094200Z ^[[31m+ #oods-preview-root {^[[39m
coverage	Run coverage suite	2026-09-10T06:34:08.7094768Z ^[[31m+   margin: 0;^[[39m
coverage	Run coverage suite	2026-09-10T06:34:08.7095535Z ^[[31m+   padding: var(--ref-space-inset-default, 24px);^[[39m
coverage	Run coverage suite	2026-09-10T06:34:08.7096331Z ^[[31m+   min-height: 100dvh;^[[39m
coverage	Run coverage suite	2026-09-10T06:34:08.7096981Z ^[[31m+   box-sizing: border-box;^[[39m
coverage	Run coverage suite	2026-09-10T06:34:08.7098058Z ^[[31m+   background: var(--sys-surface-canvas, var(--ref-color-neutral-50, #f8fafc));^[[39m
coverage	Run coverage suite	2026-09-10T06:34:08.7099393Z ^[[31m+   color: var(--sys-text-primary, var(--ref-color-neutral-900, #0f172a));^[[39m
coverage	Run coverage suite	2026-09-10T06:34:08.7100887Z ^[[31m+   font-family: var(--ref-typography-families-sans, Inter, "Helvetica Neue", Arial, sans-serif);^[[39m
coverage	Run coverage suite	2026-09-10T06:34:08.7102045Z ^[[2m  }^[[22m
coverage	Run coverage suite	2026-09-10T06:34:08.7102585Z ^[[31m+ [data-oods-component] {^[[39m
coverage	Run coverage suite	2026-09-10T06:34:08.7103265Z ^[[31m+   box-sizing: border-box;^[[39m
coverage	Run coverage suite	2026-09-10T06:34:08.7103787Z ^[[31m+ }^[[39m
coverage	Run coverage suite	2026-09-10T06:34:08.7104321Z ^[[31m+ [data-oods-component="Button"] {^[[39m
coverage	Run coverage suite	2026-09-10T06:34:08.7106026Z ^[[31m+   border: var(--ref-border-width-hairline, 1px) solid var(--sys-surface-interactive-primary-default, var(--ref-color-primary-500, #4f46e5));^[[39m
coverage	Run coverage suite	2026-09-10T06:34:08.7107837Z ^[[31m+   border-radius: var(--ref-border-radius-md, 12px);^[[39m
coverage	Run coverage suite	2026-09-10T06:34:08.7114824Z ^[[31m+   background: var(--sys-surface-interactive-primary-default, var(--ref-color-primary-500, #4f46e5));^[[39m
coverage	Run coverage suite	2026-09-10T06:34:08.7116480Z ^[[31m+   color: var(--sys-text-on-interactive, var(--ref-color-neutral-0, #ffffff));^[[39m
coverage	Run coverage suite	2026-09-10T06:34:08.7117473Z ^[[31m+   font-family: inherit;^[[39m
coverage	Run coverage suite	2026-09-10T06:34:08.7118609Z ^[[31m+   padding: var(--oods-size-spacing-sm, 0.5rem) var(--oods-size-spacing-md, 0.875rem);^[[39m
coverage	Run coverage suite	2026-09-10T06:34:08.7119736Z ^[[31m+   font-size: var(--oods-size-font-md, 16px);^[[39m
coverage	Run coverage suite	2026-09-10T06:34:08.7120268Z ^[[31m+ }^[[39m
coverage	Run coverage suite	2026-09-10T06:34:08.7120619Z ^[[31m+ [data-oods-component="Card"] {^[[39m
coverage	Run coverage suite	2026-09-10T06:34:08.7121465Z ^[[31m+   border: var(--ref-border-width-hairline, 1px) solid var(--sys-border-subtle, var(--ref-color-neutral-200, #e2e8f0));^[[39m
coverage	Run coverage suite	2026-09-10T06:34:08.7122598Z ^[[31m+   border-radius: var(--ref-border-radius-md, 12px);^[[39m
coverage	Run coverage suite	2026-09-10T06:34:08.7123282Z ^[[31m+   background: var(--sys-surface-raised, var(--ref-color-neutral-0, #ffffff));^[[39m
coverage	Run coverage suite	2026-09-10T06:34:08.7123909Z ^[[31m+   padding: var(--ref-space-inset-compact, 8px);^[[39m
coverage	Run coverage suite	2026-09-10T06:34:08.7124271Z ^[[31m+ }^[[39m
coverage	Run coverage suite	2026-09-10T06:34:08.7124589Z ^[[31m+ [data-oods-component="Badge"] {^[[39m
coverage	Run coverage suite	2026-09-10T06:34:08.7124976Z ^[[31m+   display: inline-flex;^[[39m
coverage	Run coverage suite	2026-09-10T06:34:08.7125450Z ^[[31m+   border-radius: var(--ref-border-radius-pill, 999px);^[[39m
coverage	Run coverage suite	2026-09-10T06:34:08.7125903Z ^[[31m+   padding: 0.125rem 0.5rem;^[[39m
coverage	Run coverage suite	2026-09-10T06:34:08.7126505Z ^[[31m+   background: var(--sys-status-info-surface, var(--ref-color-info-100, #eef2ff));^[[39m
coverage	Run coverage suite	2026-09-10T06:34:08.7126968Z ^[[31m+ }^[[39m
coverage	Run coverage suite	2026-09-10T06:34:08.7127292Z ^[[31m+ [data-oods-component="Banner"] {^[[39m
coverage	Run coverage suite	2026-09-10T06:34:08.7127802Z ^[[31m+   border-radius: var(--ref-border-radius-md, 12px);^[[39m
coverage	Run coverage suite	2026-09-10T06:34:08.7128533Z ^[[31m+   border-left: 4px solid var(--sys-status-info-border, var(--ref-color-info-700, #2563eb));^[[39m
coverage	Run coverage suite	2026-09-10T06:34:08.7129196Z ^[[31m+   padding: var(--ref-space-inset-compact, 8px);^[[39m
coverage	Run coverage suite	2026-09-10T06:34:08.7129860Z ^[[31m+   background: var(--sys-status-info-surface, var(--ref-color-info-100, #eff6ff));^[[39m
coverage	Run coverage suite	2026-09-10T06:34:08.7130557Z ^[[31m+ }^[[39m
coverage	Run coverage suite	2026-09-10T06:34:08.7130878Z ^[[31m+ [data-oods-component="Table"] {^[[39m
coverage	Run coverage suite	2026-09-10T06:34:08.7131232Z ^[[31m+   width: 100%;^[[39m
coverage	Run coverage suite	2026-09-10T06:34:08.7131986Z ^[[31m+   border-collapse: collapse;^[[39m
coverage	Run coverage suite	2026-09-10T06:34:08.7133805Z ^[[31m+ }^[[39m
coverage	Run coverage suite	2026-09-10T06:34:08.7134473Z ^[[31m+ [data-oods-component="Table"] th,^[[39m
coverage	Run coverage suite	2026-09-10T06:34:08.7135203Z ^[[31m+ [data-oods-component="Table"] td {^[[39m
coverage	Run coverage suite	2026-09-10T06:34:08.7136735Z ^[[31m+   border-bottom: var(--ref-border-width-hairline, 1px) solid var(--sys-border-subtle, var(--ref-color-neutral-200, #e2e8f0));^[[39m
coverage	Run coverage suite	2026-09-10T06:34:08.7139833Z ^[[31m+   text-align: left;^[[39m
coverage	Run coverage suite	2026-09-10T06:34:08.7140513Z ^[[31m+   padding: 0.5rem;^[[39m
coverage	Run coverage suite	2026-09-10T06:34:08.7141013Z ^[[31m+ }^[[39m
coverage	Run coverage suite	2026-09-10T06:34:08.7141933Z ^[[31m+ [data-oods-component="Tabs"] [role="tablist"] {^[[39m
coverage	Run coverage suite	2026-09-10T06:34:08.7142662Z ^[[31m+   display: flex;^[[39m
coverage	Run coverage suite	2026-09-10T06:34:08.7143193Z ^[[31m+   gap: 0.5rem;^[[39m
coverage	Run coverage suite	2026-09-10T06:34:08.7143773Z ^[[31m+   margin-bottom: 0.5rem;^[[39m
coverage	Run coverage suite	2026-09-10T06:34:08.7144290Z ^[[31m+ }^[[39m
coverage	Run coverage suite	2026-09-10T06:34:08.7144845Z ^[[31m+ [data-sidebar-aside="true"] {^[[39m
coverage	Run coverage suite	2026-09-10T06:34:08.7146347Z ^[[31m+   border-left: var(--ref-border-width-hairline, 1px) solid var(--sys-border-subtle, var(--ref-color-neutral-200, #e2e8f0));^[[39m
coverage	Run coverage suite	2026-09-10T06:34:08.7147769Z ^[[31m+   padding-left: var(--ref-space-inset-compact, 8px);^[[39m
coverage	Run coverage suite	2026-09-10T06:34:08.7148427Z ^[[31m+ }^[[39m
coverage	Run coverage suite	2026-09-10T06:34:08.7148997Z ^[[31m+ [data-oods-surface="inverse"] {^[[39m
coverage	Run coverage suite	2026-09-10T06:34:08.7150096Z ^[[31m+   background: var(--sys-surface-inverse, var(--ref-color-neutral-900, #0f172a));^[[39m
coverage	Run coverage suite	2026-09-10T06:34:08.7151362Z ^[[31m+   color: var(--sys-text-inverse, var(--ref-color-neutral-0, #ffffff));^[[39m
coverage	Run coverage suite	2026-09-10T06:34:08.7152330Z ^[[31m+ }^[[39m
coverage	Run coverage suite	2026-09-10T06:34:08.7152896Z ^[[31m+ :root { color-scheme: light; }^[[39m
coverage	Run coverage suite	2026-09-10T06:34:08.7153793Z ^[[2m    </style>^[[22m
coverage	Run coverage suite	2026-09-10T06:34:08.7154258Z ^[[2m  </head>^[[22m
coverage	Run coverage suite	2026-09-10T06:34:08.7154971Z ^[[32m- <body data-theme="light" data-brand="default">^[[39m
coverage	Run coverage suite	2026-09-10T06:34:08.7155814Z ^[[31m+ <body data-theme="light" data-brand="A">^[[39m
coverage	Run coverage suite	2026-09-10T06:34:08.7187726Z ^[[2m    <main id="oods-preview-root"><div id="dash-root" style="display:flex;flex-direction:column;gap:var(--sys-space-scale-lg, var(--ref-space-scale-lg));padding:var(--sys-space-scale-md, var(--ref-space-scale-md))" data-oods-component="Stack" data-oods-node-id="dash-root" data-layout="stack"><div id="header" data-oods-component="Stack" data-oods-node-id="header" data-layout="stack"><h1 id="title" data-oods-component="Text" data-oods-node-id="title">Dashboard</h1></div><div id="grid-section" style="display:grid;grid-template-columns:repeat(auto-fit, minmax(0, 1fr));display:grid" data-oods-component="Grid" data-oods-node-id="grid-section" data-layout="grid"><article id="card-1" data-oods-component="Card" data-oods-node-id="card-1"><p id="card-1-title" data-oods-component="Text" data-oods-node-id="card-1-title">Metric A</p></article><article id="card-2" data-oods-component="Card" data-oods-node-id="card-2"><p id="card-2-title" data-oods-component="Text" data-oods-node-id="card-2-title">Metric B</p></article><article id="card-3" data-oods-component="Card" data-oods-node-id="card-3"><p id="card-3-title" data-oods-component="Text" data-oods-node-id="card-3-title">Metric C</p></article></div><div id="actions" style="display:flex;flex-direction:row;justify-content:flex-end" data-oods-component="Stack" data-oods-node-id="actions" data-layout="inline"><button id="cancel-btn" type="button" data-oods-component="Button" data-oods-node-id="cancel-btn">Cancel</button><button id="save-btn" type="submit" data-oods-component="Button" data-oods-node-id="save-btn">Save</button></div></div></main>^[[22m
coverage	Run coverage suite	2026-09-10T06:34:08.7197836Z ^[[2m  </body>^[[22m
coverage	Run coverage suite	2026-09-10T06:34:08.7198314Z ^[[2m  </html>^[[22m
coverage	Run coverage suite	2026-09-10T06:34:08.7198545Z 
coverage	Run coverage suite	2026-09-10T06:34:08.7199160Z ^[[36m ^[[2m❯^[[22m tests/e2e/code-generate.test.ts:^[[2m208:29^[[22m^[[39m
coverage	Run coverage suite	2026-09-10T06:34:08.7200469Z     ^[[90m206| ^[[39m    ^[[34mexpect^[[39m(htmlResult^[[33m.^[[39mstatus)^[[33m.^[[39m^[[34mtoBe^[[39m(^[[32m'ok'^[[39m)^[[33m;^[[39m
coverage	Run coverage suite	2026-09-10T06:34:08.7207063Z     ^[[90m207| ^[[39m    ^[[34mexpect^[[39m(renderResult^[[33m.^[[39mstatus)^[[33m.^[[39m^[[34mtoBe^[[39m(^[[32m'ok'^[[39m)^[[33m;^[[39m
coverage	Run coverage suite	2026-09-10T06:34:08.7208714Z     ^[[90m208| ^[[39m    ^[[34mexpect^[[39m(htmlResult^[[33m.^[[39mcode)^[[33m.^[[39m^[[34mtoBe^[[39m(renderResult^[[33m.^[[39mhtml)^[[33m;^[[39m
coverage	Run coverage suite	2026-09-10T06:34:08.7209866Z     ^[[90m   | ^[[39m                            ^[[31m^^[[39m
coverage	Run coverage suite	2026-09-10T06:34:08.7210497Z     ^[[90m209| ^[[39m  })^[[33m;^[[39m
coverage	Run coverage suite	2026-09-10T06:34:08.7211072Z     ^[[90m210| ^[[39m})^[[33m;^[[39m
coverage	Run coverage suite	2026-09-10T06:34:08.7211366Z 
coverage	Run coverage suite	2026-09-10T06:34:08.7212076Z ^[[31m^[[2m⎯⎯⎯⎯⎯⎯⎯⎯⎯⎯⎯⎯⎯⎯⎯⎯⎯⎯⎯⎯⎯⎯⎯⎯[4/8]⎯^[[22m^[[39m
coverage	Run coverage suite	2026-09-10T06:34:08.7212452Z 
coverage	Run coverage suite	2026-09-10T06:34:08.7214972Z ^[[41m^[[1m FAIL ^[[22m^[[49m ^[[30m^[[45m core ^[[49m^[[39m packages/mcp-server/test/codegen/component-carries.s189.spec.ts^[[2m > ^[[22mcomponent carries preserve the same meaning in every target^[[2m > ^[[22mStatusTimeline has identical two-entry labels, dates, actors and reasons in all three targets
coverage	Run coverage suite	2026-09-10T06:34:08.7218154Z ^[[31m^[[1mAssertionError^[[22m: expected 'Status Timeline Current status: Pendi…' to contain 'active → pending_cancellation'^[[39m
coverage	Run coverage suite	2026-09-10T06:34:08.7219035Z 
coverage	Run coverage suite	2026-09-10T06:34:08.7219684Z Expected: ^[[32m"^[[7ma^[[27mctive → ^[[7mp^[[27mending^[[7m_c^[[27mancellation"^[[39m
coverage	Run coverage suite	2026-09-10T06:34:08.7223112Z Received: ^[[31m"^[[7mStatus Timeline Current status: Pending Cancellation Allowed transitions: active, terminated Active Sep 1, 2026, 12:00 PM active Actor: operator-1 Reason: Created A^[[27mctive → ^[[7mP^[[27mending^[[7m C^[[27mancellation^[[7m Sep 8, 2026, 12:00 PM active Actor: operator-2 Reason: Budget^[[27m"^[[39m
coverage	Run coverage suite	2026-09-10T06:34:08.7224934Z 
coverage	Run coverage suite	2026-09-10T06:34:08.7225841Z ^[[36m ^[[2m❯^[[22m packages/mcp-server/test/codegen/component-carries.s189.spec.ts:^[[2m29:56^[[22m^[[39m
coverage	Run coverage suite	2026-09-10T06:34:08.7227164Z     ^[[90m 27| ^[[39m      expect(text(renderToStaticMarkup(createElement(ReactComponents[c…
coverage	Run coverage suite	2026-09-10T06:34:08.7228382Z     ^[[90m 28| ^[[39m      expect(text(await renderToString(h(VueComponents[component], val…
coverage	Run coverage suite	2026-09-10T06:34:08.7229568Z     ^[[90m 29| ^[[39m      if (!Object.keys(options).length) { expect(html).toContain('acti…
coverage	Run coverage suite	2026-09-10T06:34:08.7230608Z     ^[[90m   | ^[[39m                                                       ^[[31m^^[[39m
coverage	Run coverage suite	2026-09-10T06:34:08.7231266Z     ^[[90m 30| ^[[39m    }
coverage	Run coverage suite	2026-09-10T06:34:08.7232015Z     ^[[90m 31| ^[[39m  })^[[33m;^[[39m
coverage	Run coverage suite	2026-09-10T06:34:08.7232329Z 
coverage	Run coverage suite	2026-09-10T06:34:08.7232781Z ^[[31m^[[2m⎯⎯⎯⎯⎯⎯⎯⎯⎯⎯⎯⎯⎯⎯⎯⎯⎯⎯⎯⎯⎯⎯⎯⎯[5/8]⎯^[[22m^[[39m
coverage	Run coverage suite	2026-09-10T06:34:08.7233158Z 
coverage	Run coverage suite	2026-09-10T06:34:08.7235666Z ^[[41m^[[1m FAIL ^[[22m^[[49m ^[[30m^[[45m core ^[[49m^[[39m packages/mcp-server/test/codegen/component-carries.s189.spec.ts^[[2m > ^[[22mcomponent carries preserve the same meaning in every target^[[2m > ^[[22mAuditTimeline has identical two-entry labels, dates, actors and reasons in all three targets
coverage	Run coverage suite	2026-09-10T06:34:08.7238492Z ^[[31m^[[1mAssertionError^[[22m: expected 'Audit Timeline Active Sep 1, 2026, 12…' to contain 'active → pending_cancellation'^[[39m
coverage	Run coverage suite	2026-09-10T06:34:08.7239418Z 
coverage	Run coverage suite	2026-09-10T06:34:08.7240050Z Expected: ^[[32m"^[[7ma^[[27mctive → ^[[7mp^[[27mending^[[7m_c^[[27mancellation"^[[39m
coverage	Run coverage suite	2026-09-10T06:34:08.7242684Z Received: ^[[31m"^[[7mAudit Timeline Active Sep 1, 2026, 12:00 PM active Actor: operator-1 Reason: Created A^[[27mctive → ^[[7mP^[[27mending^[[7m C^[[27mancellation^[[7m Sep 8, 2026, 12:00 PM active Actor: operator-2 Reason: Budget^[[27m"^[[39m
coverage	Run coverage suite	2026-09-10T06:34:08.7244019Z 
coverage	Run coverage suite	2026-09-10T06:34:08.7244886Z ^[[36m ^[[2m❯^[[22m packages/mcp-server/test/codegen/component-carries.s189.spec.ts:^[[2m29:56^[[22m^[[39m
coverage	Run coverage suite	2026-09-10T06:34:08.7246201Z     ^[[90m 27| ^[[39m      expect(text(renderToStaticMarkup(createElement(ReactComponents[c…
coverage	Run coverage suite	2026-09-10T06:34:08.7247386Z     ^[[90m 28| ^[[39m      expect(text(await renderToString(h(VueComponents[component], val…
coverage	Run coverage suite	2026-09-10T06:34:08.7248546Z     ^[[90m 29| ^[[39m      if (!Object.keys(options).length) { expect(html).toContain('acti…
coverage	Run coverage suite	2026-09-10T06:34:08.7249587Z     ^[[90m   | ^[[39m                                                       ^[[31m^^[[39m
coverage	Run coverage suite	2026-09-10T06:34:08.7250515Z     ^[[90m 30| ^[[39m    }
coverage	Run coverage suite	2026-09-10T06:34:08.7251035Z     ^[[90m 31| ^[[39m  })^[[33m;^[[39m
coverage	Run coverage suite	2026-09-10T06:34:08.7251331Z 
coverage	Run coverage suite	2026-09-10T06:34:08.7251967Z ^[[31m^[[2m⎯⎯⎯⎯⎯⎯⎯⎯⎯⎯⎯⎯⎯⎯⎯⎯⎯⎯⎯⎯⎯⎯⎯⎯[6/8]⎯^[[22m^[[39m
coverage	Run coverage suite	2026-09-10T06:34:08.7252338Z 
coverage	Run coverage suite	2026-09-10T06:34:08.7254979Z ^[[41m^[[1m FAIL ^[[22m^[[49m ^[[30m^[[45m core ^[[49m^[[39m packages/mcp-server/test/contracts/fragment-anchor-contract.spec.ts^[[2m > ^[[22mfragment-anchor contract: data-oods-label durable, data-oods-node-id best-effort^[[2m > ^[[22ma surviving slot keeps its data-oods-label while data-oods-node-id may shift
coverage	Run coverage suite	2026-09-10T06:34:08.7257480Z ^[[31m^[[1mAssertionError^[[22m: expected false to be true // Object.is equality^[[39m
coverage	Run coverage suite	2026-09-10T06:34:08.7258058Z 
coverage	Run coverage suite	2026-09-10T06:34:08.7258303Z ^[[32m- Expected^[[39m
coverage	Run coverage suite	2026-09-10T06:34:08.7258775Z ^[[31m+ Received^[[39m
coverage	Run coverage suite	2026-09-10T06:34:08.7259240Z 
coverage	Run coverage suite	2026-09-10T06:34:08.7259446Z ^[[32m- true^[[39m
coverage	Run coverage suite	2026-09-10T06:34:08.7259880Z ^[[31m+ false^[[39m
coverage	Run coverage suite	2026-09-10T06:34:08.7260100Z 
coverage	Run coverage suite	2026-09-10T06:34:08.7261039Z ^[[36m ^[[2m❯^[[22m packages/mcp-server/test/contracts/fragment-anchor-contract.spec.ts:^[[2m159:59^[[22m^[[39m
coverage	Run coverage suite	2026-09-10T06:34:08.7263197Z     ^[[90m157| ^[[39m    ^[[34mexpect^[[39m(more^[[33m.^[[39m^[[35mget^[[39m(^[[32m'header'^[[39m))^[[33m.^[[39m^[[34mtoBe^[[39m(fewer^[[33m.^[[39m^[[35mget^[[39m(^[[32m'header'^[[39m))^[[33m;^[[39m
coverage	Run coverage suite	2026-09-10T06:34:08.7264357Z     ^[[90m158| ^[[39m
coverage	Run coverage suite	2026-09-10T06:34:08.7265980Z     ^[[90m159| ^[[39m    ^[[34mexpect^[[39m(fewer^[[33m.^[[39m^[[34mhas^[[39m(^[[32m'metadata'^[[39m) ^[[33m&&^[[39m more^[[33m.^[[39m^[[34mhas^[[39m(^[[32m'metadata'^[[39m))^[[33m.^[[39m^[[34mtoBe^[[39m(^[[35mtrue^[[39m)^[[33m;^[[39m
coverage	Run coverage suite	2026-09-10T06:34:08.7267543Z     ^[[90m   | ^[[39m                                                          ^[[31m^^[[39m
coverage	Run coverage suite	2026-09-10T06:34:08.7269283Z     ^[[90m160| ^[[39m    ^[[34mexpect^[[39m(more^[[33m.^[[39m^[[35mget^[[39m(^[[32m'metadata'^[[39m))^[[33m.^[[39mnot^[[33m.^[[39m^[[34mtoBe^[[39m(fewer^[[33m.^[[39m^[[35mget^[[39m(^[[32m'metadata'^[[39m))^[[33m;^[[39m
coverage	Run coverage suite	2026-09-10T06:34:08.7270599Z     ^[[90m161| ^[[39m  })^[[33m;^[[39m
coverage	Run coverage suite	2026-09-10T06:34:08.7270914Z 
coverage	Run coverage suite	2026-09-10T06:34:08.7271352Z ^[[31m^[[2m⎯⎯⎯⎯⎯⎯⎯⎯⎯⎯⎯⎯⎯⎯⎯⎯⎯⎯⎯⎯⎯⎯⎯⎯[7/8]⎯^[[22m^[[39m
coverage	Run coverage suite	2026-09-10T06:34:08.7271920Z 
coverage	Run coverage suite	2026-09-10T06:34:08.7274479Z ^[[41m^[[1m FAIL ^[[22m^[[49m ^[[30m^[[45m core ^[[49m^[[39m packages/mcp-server/test/product-reality/billing-composition.s188.spec.ts^[[2m > ^[[22mDecision 1822 bounded recipe composition^[[2m > ^[[22mpreserves the historical exact diff and current declared recipes across 66 schemas and 132 artifacts
coverage	Run coverage suite	2026-09-10T06:34:08.7277422Z ^[[31m^[[1mAssertionError^[[22m: expected 'Amount in USD' to be 'Recurring price expressed in minor un…' // Object.is equality^[[39m
coverage	Run coverage suite	2026-09-10T06:34:08.7278321Z 
coverage	Run coverage suite	2026-09-10T06:34:08.7279013Z Expected: ^[[32m"Recurring price expressed in minor units (e.g., cents)."^[[39m
coverage	Run coverage suite	2026-09-10T06:34:08.7279934Z Received: ^[[31m"Amount in USD"^[[39m
coverage	Run coverage suite	2026-09-10T06:34:08.7280261Z 
coverage	Run coverage suite	2026-09-10T06:34:08.7281256Z ^[[36m ^[[2m❯^[[22m packages/mcp-server/test/product-reality/billing-composition.s188.spec.ts:^[[2m102:62^[[22m^[[39m
coverage	Run coverage suite	2026-09-10T06:34:08.7282327Z 
coverage	Run coverage suite	2026-09-10T06:34:08.7282358Z 
coverage	Run coverage suite	2026-09-10T06:34:08.7282831Z ^[[31m^[[2m⎯⎯⎯⎯⎯⎯⎯⎯⎯⎯⎯⎯⎯⎯⎯⎯⎯⎯⎯⎯⎯⎯⎯⎯[8/8]⎯^[[22m^[[39m
coverage	Run coverage suite	2026-09-10T06:34:08.7283219Z 
coverage	Run coverage suite	2026-09-10T06:34:08.7283246Z 
coverage	Run coverage suite	2026-09-10T06:34:08.7375505Z ##[error]AssertionError: expected '<!DOCTYPE html>\n<html lang="en" data…' to be '<!DOCTYPE html>\n<html lang="en" data…' // Object.is equality
coverage	Run coverage suite	
coverage	Run coverage suite	- Expected
coverage	Run coverage suite	+ Received
coverage	Run coverage suite	
coverage	Run coverage suite	@@ -1,7 +1,7 @@
coverage	Run coverage suite	  <!DOCTYPE html>
coverage	Run coverage suite	- <html lang="en" data-theme="light" data-brand="default">
coverage	Run coverage suite	+ <html lang="en" data-theme="light" data-brand="A">
coverage	Run coverage suite	  <head>
coverage	Run coverage suite	    <meta charset="utf-8" />
coverage	Run coverage suite	    <meta name="viewport" content="width=device-width, initial-scale=1" />
coverage	Run coverage suite	    <title>OODS Preview</title>
coverage	Run coverage suite	    <style data-source="tokens">
coverage	Run coverage suite	@@ -1455,12 +1455,75 @@
coverage	Run coverage suite	    padding-left: var(--ref-space-inset-compact, 8px);
coverage	Run coverage suite	  }
coverage	Run coverage suite	  [data-oods-surface="inverse"] {
coverage	Run coverage suite	    background: var(--sys-surface-inverse, var(--ref-color-neutral-900, #0f172a));
coverage	Run coverage suite	    color: var(--sys-text-inverse, var(--ref-color-neutral-0, #ffffff));
coverage	Run coverage suite	+ }
coverage	Run coverage suite	+ #oods-preview-root {
coverage	Run coverage suite	+   margin: 0;
coverage	Run coverage suite	+   padding: var(--ref-space-inset-default, 24px);
coverage	Run coverage suite	+   min-height: 100dvh;
coverage	Run coverage suite	+   box-sizing: border-box;
coverage	Run coverage suite	+   background: var(--sys-surface-canvas, var(--ref-color-neutral-50, #f8fafc));
coverage	Run coverage suite	+   color: var(--sys-text-primary, var(--ref-color-neutral-900, #0f172a));
coverage	Run coverage suite	+   font-family: var(--ref-typography-families-sans, Inter, "Helvetica Neue", Arial, sans-serif);
coverage	Run coverage suite	  }
coverage	Run coverage suite	+ [data-oods-component] {
coverage	Run coverage suite	+   box-sizing: border-box;
coverage	Run coverage suite	+ }
coverage	Run coverage suite	+ [data-oods-component="Button"] {
coverage	Run coverage suite	+   border: var(--ref-border-width-hairline, 1px) solid var(--sys-surface-interactive-primary-default, var(--ref-color-primary-500, #4f46e5));
coverage	Run coverage suite	+   border-radius: var(--ref-border-radius-md, 12px);
coverage	Run coverage suite	+   background: var(--sys-surface-interactive-primary-default, var(--ref-color-primary-500, #4f46e5));
coverage	Run coverage suite	+   color: var(--sys-text-on-interactive, var(--ref-color-neutral-0, #ffffff));
coverage	Run coverage suite	+   font-family: inherit;
coverage	Run coverage suite	+   padding: var(--oods-size-spacing-sm, 0.5rem) var(--oods-size-spacing-md, 0.875rem);
coverage	Run coverage suite	+   font-size: var(--oods-size-font-md, 16px);
coverage	Run coverage suite	+ }
coverage	Run coverage suite	+ [data-oods-component="Card"] {
coverage	Run coverage suite	+   border: var(--ref-border-width-hairline, 1px) solid var(--sys-border-subtle, var(--ref-color-neutral-200, #e2e8f0));
coverage	Run coverage suite	+   border-radius: var(--ref-border-radius-md, 12px);
coverage	Run coverage suite	+   background: var(--sys-surface-raised, var(--ref-color-neutral-0, #ffffff));
coverage	Run coverage suite	+   padding: var(--ref-space-inset-compact, 8px);
coverage	Run coverage suite	+ }
coverage	Run coverage suite	+ [data-oods-component="Badge"] {
coverage	Run coverage suite	+   display: inline-flex;
coverage	Run coverage suite	+   border-radius: var(--ref-border-radius-pill, 999px);
coverage	Run coverage suite	+   padding: 0.125rem 0.5rem;
coverage	Run coverage suite	+   background: var(--sys-status-info-surface, var(--ref-color-info-100, #eef2ff));
coverage	Run coverage suite	+ }
coverage	Run coverage suite	+ [data-oods-component="Banner"] {
coverage	Run coverage suite	+   border-radius: var(--ref-border-radius-md, 12px);
coverage	Run coverage suite	+   border-left: 4px solid var(--sys-status-info-border, var(--ref-color-info-700, #2563eb));
coverage	Run coverage suite	+   padding: var(--ref-space-inset-compact, 8px);
coverage	Run coverage suite	+   background: var(--sys-status-info-surface, var(--ref-color-info-100, #eff6ff));
coverage	Run coverage suite	+ }
coverage	Run coverage suite	+ [data-oods-component="Table"] {
coverage	Run coverage suite	+   width: 100%;
coverage	Run coverage suite	+   border-collapse: collapse;
coverage	Run coverage suite	+ }
coverage	Run coverage suite	+ [data-oods-component="Table"] th,
coverage	Run coverage suite	+ [data-oods-component="Table"] td {
coverage	Run coverage suite	+   border-bottom: var(--ref-border-width-hairline, 1px) solid var(--sys-border-subtle, var(--ref-color-neutral-200, #e2e8f0));
coverage	Run coverage suite	+   text-align: left;
coverage	Run coverage suite	+   padding: 0.5rem;
coverage	Run coverage suite	+ }
coverage	Run coverage suite	+ [data-oods-component="Tabs"] [role="tablist"] {
coverage	Run coverage suite	+   display: flex;
coverage	Run coverage suite	+   gap: 0.5rem;
coverage	Run coverage suite	+   margin-bottom: 0.5rem;
coverage	Run coverage suite	+ }
coverage	Run coverage suite	+ [data-sidebar-aside="true"] {
coverage	Run coverage suite	+   border-left: var(--ref-border-width-hairline, 1px) solid var(--sys-border-subtle, var(--ref-color-neutral-200, #e2e8f0));
coverage	Run coverage suite	+   padding-left: var(--ref-space-inset-compact, 8px);
coverage	Run coverage suite	+ }
coverage	Run coverage suite	+ [data-oods-surface="inverse"] {
coverage	Run coverage suite	+   background: var(--sys-surface-inverse, var(--ref-color-neutral-900, #0f172a));
coverage	Run coverage suite	+   color: var(--sys-text-inverse, var(--ref-color-neutral-0, #ffffff));
coverage	Run coverage suite	+ }
coverage	Run coverage suite	+ :root { color-scheme: light; }
coverage	Run coverage suite	    </style>
coverage	Run coverage suite	  </head>
coverage	Run coverage suite	- <body data-theme="light" data-brand="default">
coverage	Run coverage suite	+ <body data-theme="light" data-brand="A">
coverage	Run coverage suite	    <main id="oods-preview-root"><article id="card-1" style="display:flex;flex-direction:column;gap:var(--sys-space-scale-md, var(--ref-space-scale-md))" data-oods-component="Card" data-oods-node-id="card-1" data-layout="stack"><div id="header-1" data-oods-component="Stack" data-oods-node-id="header-1" data-layout="stack"><h2 id="title-1" data-oods-component="Text" data-oods-node-id="titl
coverage	Run coverage suite	2026-09-10T06:34:08.7410956Z 
coverage	Run coverage suite	2026-09-10T06:34:08.7470841Z ##[error]AssertionError: expected '<!DOCTYPE html>\n<html lang="en" data…' to be '<!DOCTYPE html>\n<html lang="en" data…' // Object.is equality
coverage	Run coverage suite	
coverage	Run coverage suite	- Expected
coverage	Run coverage suite	+ Received
coverage	Run coverage suite	
coverage	Run coverage suite	@@ -1,7 +1,7 @@
coverage	Run coverage suite	  <!DOCTYPE html>
coverage	Run coverage suite	- <html lang="en" data-theme="light" data-brand="default">
coverage	Run coverage suite	+ <html lang="en" data-theme="light" data-brand="A">
coverage	Run coverage suite	  <head>
coverage	Run coverage suite	    <meta charset="utf-8" />
coverage	Run coverage suite	    <meta name="viewport" content="width=device-width, initial-scale=1" />
coverage	Run coverage suite	    <title>OODS Preview</title>
coverage	Run coverage suite	    <style data-source="tokens">
coverage	Run coverage suite	@@ -1455,12 +1455,75 @@
coverage	Run coverage suite	    padding-left: var(--ref-space-inset-compact, 8px);
coverage	Run coverage suite	  }
coverage	Run coverage suite	  [data-oods-surface="inverse"] {
coverage	Run coverage suite	    background: var(--sys-surface-inverse, var(--ref-color-neutral-900, #0f172a));
coverage	Run coverage suite	    color: var(--sys-text-inverse, var(--ref-color-neutral-0, #ffffff));
coverage	Run coverage suite	+ }
coverage	Run coverage suite	+ #oods-preview-root {
coverage	Run coverage suite	+   margin: 0;
coverage	Run coverage suite	+   padding: var(--ref-space-inset-default, 24px);
coverage	Run coverage suite	+   min-height: 100dvh;
coverage	Run coverage suite	+   box-sizing: border-box;
coverage	Run coverage suite	+   background: var(--sys-surface-canvas, var(--ref-color-neutral-50, #f8fafc));
coverage	Run coverage suite	+   color: var(--sys-text-primary, var(--ref-color-neutral-900, #0f172a));
coverage	Run coverage suite	+   font-family: var(--ref-typography-families-sans, Inter, "Helvetica Neue", Arial, sans-serif);
coverage	Run coverage suite	  }
coverage	Run coverage suite	+ [data-oods-component] {
coverage	Run coverage suite	+   box-sizing: border-box;
coverage	Run coverage suite	+ }
coverage	Run coverage suite	+ [data-oods-component="Button"] {
coverage	Run coverage suite	+   border: var(--ref-border-width-hairline, 1px) solid var(--sys-surface-interactive-primary-default, var(--ref-color-primary-500, #4f46e5));
coverage	Run coverage suite	+   border-radius: var(--ref-border-radius-md, 12px);
coverage	Run coverage suite	+   background: var(--sys-surface-interactive-primary-default, var(--ref-color-primary-500, #4f46e5));
coverage	Run coverage suite	+   color: var(--sys-text-on-interactive, var(--ref-color-neutral-0, #ffffff));
coverage	Run coverage suite	+   font-family: inherit;
coverage	Run coverage suite	+   padding: var(--oods-size-spacing-sm, 0.5rem) var(--oods-size-spacing-md, 0.875rem);
coverage	Run coverage suite	+   font-size: var(--oods-size-font-md, 16px);
coverage	Run coverage suite	+ }
coverage	Run coverage suite	+ [data-oods-component="Card"] {
coverage	Run coverage suite	+   border: var(--ref-border-width-hairline, 1px) solid var(--sys-border-subtle, var(--ref-color-neutral-200, #e2e8f0));
coverage	Run coverage suite	+   border-radius: var(--ref-border-radius-md, 12px);
coverage	Run coverage suite	+   background: var(--sys-surface-raised, var(--ref-color-neutral-0, #ffffff));
coverage	Run coverage suite	+   padding: var(--ref-space-inset-compact, 8px);
coverage	Run coverage suite	+ }
coverage	Run coverage suite	+ [data-oods-component="Badge"] {
coverage	Run coverage suite	+   display: inline-flex;
coverage	Run coverage suite	+   border-radius: var(--ref-border-radius-pill, 999px);
coverage	Run coverage suite	+   padding: 0.125rem 0.5rem;
coverage	Run coverage suite	+   background: var(--sys-status-info-surface, var(--ref-color-info-100, #eef2ff));
coverage	Run coverage suite	+ }
coverage	Run coverage suite	+ [data-oods-component="Banner"] {
coverage	Run coverage suite	+   border-radius: var(--ref-border-radius-md, 12px);
coverage	Run coverage suite	+   border-left: 4px solid var(--sys-status-info-border, var(--ref-color-info-700, #2563eb));
coverage	Run coverage suite	+   padding: var(--ref-space-inset-compact, 8px);
coverage	Run coverage suite	+   background: var(--sys-status-info-surface, var(--ref-color-info-100, #eff6ff));
coverage	Run coverage suite	+ }
coverage	Run coverage suite	+ [data-oods-component="Table"] {
coverage	Run coverage suite	+   width: 100%;
coverage	Run coverage suite	+   border-collapse: collapse;
coverage	Run coverage suite	+ }
coverage	Run coverage suite	+ [data-oods-component="Table"] th,
coverage	Run coverage suite	+ [data-oods-component="Table"] td {
coverage	Run coverage suite	+   border-bottom: var(--ref-border-width-hairline, 1px) solid var(--sys-border-subtle, var(--ref-color-neutral-200, #e2e8f0));
coverage	Run coverage suite	+   text-align: left;
coverage	Run coverage suite	+   padding: 0.5rem;
coverage	Run coverage suite	+ }
coverage	Run coverage suite	+ [data-oods-component="Tabs"] [role="tablist"] {
coverage	Run coverage suite	+   display: flex;
coverage	Run coverage suite	+   gap: 0.5rem;
coverage	Run coverage suite	+   margin-bottom: 0.5rem;
coverage	Run coverage suite	+ }
coverage	Run coverage suite	+ [data-sidebar-aside="true"] {
coverage	Run coverage suite	+   border-left: var(--ref-border-width-hairline, 1px) solid var(--sys-border-subtle, var(--ref-color-neutral-200, #e2e8f0));
coverage	Run coverage suite	+   padding-left: var(--ref-space-inset-compact, 8px);
coverage	Run coverage suite	+ }
coverage	Run coverage suite	+ [data-oods-surface="inverse"] {
coverage	Run coverage suite	+   background: var(--sys-surface-inverse, var(--ref-color-neutral-900, #0f172a));
coverage	Run coverage suite	+   color: var(--sys-text-inverse, var(--ref-color-neutral-0, #ffffff));
coverage	Run coverage suite	+ }
coverage	Run coverage suite	+ :root { color-scheme: light; }
coverage	Run coverage suite	    </style>
coverage	Run coverage suite	  </head>
coverage	Run coverage suite	- <body data-theme="light" data-brand="default">
coverage	Run coverage suite	+ <body data-theme="light" data-brand="A">
coverage	Run coverage suite	    <main id="oods-preview-root"><div id="page-1" style="align-items:center;border-radius:var(--sys-radius-lg, var(--ref-radius-lg));display:flex;flex-direction:column;gap:var(--sys-space-scale-lg, var(--ref-space-scale-lg));padding:var(--sys-space-scale-md, var(--ref-space-scale-md))" data-oods-component="Stack" data-oods-node-id="page-1" data-layout="stack"><div id="grid-1" style="displ
coverage	Run coverage suite	2026-09-10T06:34:08.7496073Z 
coverage	Run coverage suite	2026-09-10T06:34:08.7552844Z ##[error]AssertionError: expected '<!DOCTYPE html>\n<html lang="en" data…' to be '<!DOCTYPE html>\n<html lang="en" data…' // Object.is equality
coverage	Run coverage suite	
coverage	Run coverage suite	- Expected
coverage	Run coverage suite	+ Received
coverage	Run coverage suite	
coverage	Run coverage suite	@@ -1,7 +1,7 @@
coverage	Run coverage suite	  <!DOCTYPE html>
coverage	Run coverage suite	- <html lang="en" data-theme="light" data-brand="default">
coverage	Run coverage suite	+ <html lang="en" data-theme="light" data-brand="A">
coverage	Run coverage suite	  <head>
coverage	Run coverage suite	    <meta charset="utf-8" />
coverage	Run coverage suite	    <meta name="viewport" content="width=device-width, initial-scale=1" />
coverage	Run coverage suite	    <title>OODS Preview</title>
coverage	Run coverage suite	    <style data-source="tokens">
coverage	Run coverage suite	@@ -1455,12 +1455,75 @@
coverage	Run coverage suite	    padding-left: var(--ref-space-inset-compact, 8px);
coverage	Run coverage suite	  }
coverage	Run coverage suite	  [data-oods-surface="inverse"] {
coverage	Run coverage suite	    background: var(--sys-surface-inverse, var(--ref-color-neutral-900, #0f172a));
coverage	Run coverage suite	    color: var(--sys-text-inverse, var(--ref-color-neutral-0, #ffffff));
coverage	Run coverage suite	+ }
coverage	Run coverage suite	+ #oods-preview-root {
coverage	Run coverage suite	+   margin: 0;
coverage	Run coverage suite	+   padding: var(--ref-space-inset-default, 24px);
coverage	Run coverage suite	+   min-height: 100dvh;
coverage	Run coverage suite	+   box-sizing: border-box;
coverage	Run coverage suite	+   background: var(--sys-surface-canvas, var(--ref-color-neutral-50, #f8fafc));
coverage	Run coverage suite	+   color: var(--sys-text-primary, var(--ref-color-neutral-900, #0f172a));
coverage	Run coverage suite	+   font-family: var(--ref-typography-families-sans, Inter, "Helvetica Neue", Arial, sans-serif);
coverage	Run coverage suite	  }
coverage	Run coverage suite	+ [data-oods-component] {
coverage	Run coverage suite	+   box-sizing: border-box;
coverage	Run coverage suite	+ }
coverage	Run coverage suite	+ [data-oods-component="Button"] {
coverage	Run coverage suite	+   border: var(--ref-border-width-hairline, 1px) solid var(--sys-surface-interactive-primary-default, var(--ref-color-primary-500, #4f46e5));
coverage	Run coverage suite	+   border-radius: var(--ref-border-radius-md, 12px);
coverage	Run coverage suite	+   background: var(--sys-surface-interactive-primary-default, var(--ref-color-primary-500, #4f46e5));
coverage	Run coverage suite	+   color: var(--sys-text-on-interactive, var(--ref-color-neutral-0, #ffffff));
coverage	Run coverage suite	+   font-family: inherit;
coverage	Run coverage suite	+   padding: var(--oods-size-spacing-sm, 0.5rem) var(--oods-size-spacing-md, 0.875rem);
coverage	Run coverage suite	+   font-size: var(--oods-size-font-md, 16px);
coverage	Run coverage suite	+ }
coverage	Run coverage suite	+ [data-oods-component="Card"] {
coverage	Run coverage suite	+   border: var(--ref-border-width-hairline, 1px) solid var(--sys-border-subtle, var(--ref-color-neutral-200, #e2e8f0));
coverage	Run coverage suite	+   border-radius: var(--ref-border-radius-md, 12px);
coverage	Run coverage suite	+   background: var(--sys-surface-raised, var(--ref-color-neutral-0, #ffffff));
coverage	Run coverage suite	+   padding: var(--ref-space-inset-compact, 8px);
coverage	Run coverage suite	+ }
coverage	Run coverage suite	+ [data-oods-component="Badge"] {
coverage	Run coverage suite	+   display: inline-flex;
coverage	Run coverage suite	+   border-radius: var(--ref-border-radius-pill, 999px);
coverage	Run coverage suite	+   padding: 0.125rem 0.5rem;
coverage	Run coverage suite	+   background: var(--sys-status-info-surface, var(--ref-color-info-100, #eef2ff));
coverage	Run coverage suite	+ }
coverage	Run coverage suite	+ [data-oods-component="Banner"] {
coverage	Run coverage suite	+   border-radius: var(--ref-border-radius-md, 12px);
coverage	Run coverage suite	+   border-left: 4px solid var(--sys-status-info-border, var(--ref-color-info-700, #2563eb));
coverage	Run coverage suite	+   padding: var(--ref-space-inset-compact, 8px);
coverage	Run coverage suite	+   background: var(--sys-status-info-surface, var(--ref-color-info-100, #eff6ff));
coverage	Run coverage suite	+ }
coverage	Run coverage suite	+ [data-oods-component="Table"] {
coverage	Run coverage suite	+   width: 100%;
coverage	Run coverage suite	+   border-collapse: collapse;
coverage	Run coverage suite	+ }
coverage	Run coverage suite	+ [data-oods-component="Table"] th,
coverage	Run coverage suite	+ [data-oods-component="Table"] td {
coverage	Run coverage suite	+   border-bottom: var(--ref-border-width-hairline, 1px) solid var(--sys-border-subtle, var(--ref-color-neutral-200, #e2e8f0));
coverage	Run coverage suite	+   text-align: left;
coverage	Run coverage suite	+   padding: 0.5rem;
coverage	Run coverage suite	+ }
coverage	Run coverage suite	+ [data-oods-component="Tabs"] [role="tablist"] {
coverage	Run coverage suite	+   display: flex;
coverage	Run coverage suite	+   gap: 0.5rem;
coverage	Run coverage suite	+   margin-bottom: 0.5rem;
coverage	Run coverage suite	+ }
coverage	Run coverage suite	+ [data-sidebar-aside="true"] {
coverage	Run coverage suite	+   border-left: var(--ref-border-width-hairline, 1px) solid var(--sys-border-subtle, var(--ref-color-neutral-200, #e2e8f0));
coverage	Run coverage suite	+   padding-left: var(--ref-space-inset-compact, 8px);
coverage	Run coverage suite	+ }
coverage	Run coverage suite	+ [data-oods-surface="inverse"] {
coverage	Run coverage suite	+   background: var(--sys-surface-inverse, var(--ref-color-neutral-900, #0f172a));
coverage	Run coverage suite	+   color: var(--sys-text-inverse, var(--ref-color-neutral-0, #ffffff));
coverage	Run coverage suite	+ }
coverage	Run coverage suite	+ :root { color-scheme: light; }
coverage	Run coverage suite	    </style>
coverage	Run coverage suite	  </head>
coverage	Run coverage suite	- <body data-theme="light" data-brand="default">
coverage	Run coverage suite	+ <body data-theme="light" data-brand="A">
coverage	Run coverage suite	    <main id="oods-preview-root"><article id="form-1" data-oods-component="Card" data-oods-node-id="form-1"><label for="input-str">Name</label><input id="input-str" type="text" placeholder="Enter name" data-oods-component="Input" data-oods-node-id="input-str" /><textarea id="textarea-num" rows="5" data-oods-component="Textarea" data-oods-node-id="textarea-num" data-prop-label="Rows"></tex
coverage	Run coverage suite	2026-09-10T06:34:08.7577983Z 
coverage	Run coverage suite	2026-09-10T06:34:08.7683833Z ##[error]AssertionError: expected '<!DOCTYPE html>\n<html lang="en" data…' to be '<!DOCTYPE html>\n<html lang="en" data…' // Object.is equality
coverage	Run coverage suite	
coverage	Run coverage suite	- Expected
coverage	Run coverage suite	+ Received
coverage	Run coverage suite	
coverage	Run coverage suite	@@ -1,7 +1,7 @@
coverage	Run coverage suite	  <!DOCTYPE html>
coverage	Run coverage suite	- <html lang="en" data-theme="light" data-brand="default">
coverage	Run coverage suite	+ <html lang="en" data-theme="light" data-brand="A">
coverage	Run coverage suite	  <head>
coverage	Run coverage suite	    <meta charset="utf-8" />
coverage	Run coverage suite	    <meta name="viewport" content="width=device-width, initial-scale=1" />
coverage	Run coverage suite	    <title>OODS Preview</title>
coverage	Run coverage suite	    <style data-source="tokens">
coverage	Run coverage suite	@@ -1455,12 +1455,75 @@
coverage	Run coverage suite	    padding-left: var(--ref-space-inset-compact, 8px);
coverage	Run coverage suite	  }
coverage	Run coverage suite	  [data-oods-surface="inverse"] {
coverage	Run coverage suite	    background: var(--sys-surface-inverse, var(--ref-color-neutral-900, #0f172a));
coverage	Run coverage suite	    color: var(--sys-text-inverse, var(--ref-color-neutral-0, #ffffff));
coverage	Run coverage suite	+ }
coverage	Run coverage suite	+ #oods-preview-root {
coverage	Run coverage suite	+   margin: 0;
coverage	Run coverage suite	+   padding: var(--ref-space-inset-default, 24px);
coverage	Run coverage suite	+   min-height: 100dvh;
coverage	Run coverage suite	+   box-sizing: border-box;
coverage	Run coverage suite	+   background: var(--sys-surface-canvas, var(--ref-color-neutral-50, #f8fafc));
coverage	Run coverage suite	+   color: var(--sys-text-primary, var(--ref-color-neutral-900, #0f172a));
coverage	Run coverage suite	+   font-family: var(--ref-typography-families-sans, Inter, "Helvetica Neue", Arial, sans-serif);
coverage	Run coverage suite	  }
coverage	Run coverage suite	+ [data-oods-component] {
coverage	Run coverage suite	+   box-sizing: border-box;
coverage	Run coverage suite	+ }
coverage	Run coverage suite	+ [data-oods-component="Button"] {
coverage	Run coverage suite	+   border: var(--ref-border-width-hairline, 1px) solid var(--sys-surface-interactive-primary-default, var(--ref-color-primary-500, #4f46e5));
coverage	Run coverage suite	+   border-radius: var(--ref-border-radius-md, 12px);
coverage	Run coverage suite	+   background: var(--sys-surface-interactive-primary-default, var(--ref-color-primary-500, #4f46e5));
coverage	Run coverage suite	+   color: var(--sys-text-on-interactive, var(--ref-color-neutral-0, #ffffff));
coverage	Run coverage suite	+   font-family: inherit;
coverage	Run coverage suite	+   padding: var(--oods-size-spacing-sm, 0.5rem) var(--oods-size-spacing-md, 0.875rem);
coverage	Run coverage suite	+   font-size: var(--oods-size-font-md, 16px);
coverage	Run coverage suite	+ }
coverage	Run coverage suite	+ [data-oods-component="Card"] {
coverage	Run coverage suite	+   border: var(--ref-border-width-hairline, 1px) solid var(--sys-border-subtle, var(--ref-color-neutral-200, #e2e8f0));
coverage	Run coverage suite	+   border-radius: var(--ref-border-radius-md, 12px);
coverage	Run coverage suite	+   background: var(--sys-surface-raised, var(--ref-color-neutral-0, #ffffff));
coverage	Run coverage suite	+   padding: var(--ref-space-inset-compact, 8px);
coverage	Run coverage suite	+ }
coverage	Run coverage suite	+ [data-oods-component="Badge"] {
coverage	Run coverage suite	+   display: inline-flex;
coverage	Run coverage suite	+   border-radius: var(--ref-border-radius-pill, 999px);
coverage	Run coverage suite	+   padding: 0.125rem 0.5rem;
coverage	Run coverage suite	+   background: var(--sys-status-info-surface, var(--ref-color-info-100, #eef2ff));
coverage	Run coverage suite	+ }
coverage	Run coverage suite	+ [data-oods-component="Banner"] {
coverage	Run coverage suite	+   border-radius: var(--ref-border-radius-md, 12px);
coverage	Run coverage suite	+   border-left: 4px solid var(--sys-status-info-border, var(--ref-color-info-700, #2563eb));
coverage	Run coverage suite	+   padding: var(--ref-space-inset-compact, 8px);
coverage	Run coverage suite	+   background: var(--sys-status-info-surface, var(--ref-color-info-100, #eff6ff));
coverage	Run coverage suite	+ }
coverage	Run coverage suite	+ [data-oods-component="Table"] {
coverage	Run coverage suite	+   width: 100%;
coverage	Run coverage suite	+   border-collapse: collapse;
coverage	Run coverage suite	+ }
coverage	Run coverage suite	+ [data-oods-component="Table"] th,
coverage	Run coverage suite	+ [data-oods-component="Table"] td {
coverage	Run coverage suite	+   border-bottom: var(--ref-border-width-hairline, 1px) solid var(--sys-border-subtle, var(--ref-color-neutral-200, #e2e8f0));
coverage	Run coverage suite	+   text-align: left;
coverage	Run coverage suite	+   padding: 0.5rem;
coverage	Run coverage suite	+ }
coverage	Run coverage suite	+ [data-oods-component="Tabs"] [role="tablist"] {
coverage	Run coverage suite	+   display: flex;
coverage	Run coverage suite	+   gap: 0.5rem;
coverage	Run coverage suite	+   margin-bottom: 0.5rem;
coverage	Run coverage suite	+ }
coverage	Run coverage suite	+ [data-sidebar-aside="true"] {
coverage	Run coverage suite	+   border-left: var(--ref-border-width-hairline, 1px) solid var(--sys-border-subtle, var(--ref-color-neutral-200, #e2e8f0));
coverage	Run coverage suite	+   padding-left: var(--ref-space-inset-compact, 8px);
coverage	Run coverage suite	+ }
coverage	Run coverage suite	+ [data-oods-surface="inverse"] {
coverage	Run coverage suite	+   background: var(--sys-surface-inverse, var(--ref-color-neutral-900, #0f172a));
coverage	Run coverage suite	+   color: var(--sys-text-inverse, var(--ref-color-neutral-0, #ffffff));
coverage	Run coverage suite	+ }
coverage	Run coverage suite	+ :root { color-scheme: light; }
coverage	Run coverage suite	    </style>
coverage	Run coverage suite	  </head>
coverage	Run coverage suite	- <body data-theme="light" data-brand="default">
coverage	Run coverage suite	+ <body data-theme="light" data-brand="A">
coverage	Run coverage suite	    <main id="oods-preview-root"><div id="dash-root" style="display:flex;flex-direction:column;gap:var(--sys-space-scale-lg, var(--ref-space-scale-lg));padding:var(--sys-space-scale-md, var(--ref-space-scale-md))" data-oods-component="Stack" data-oods-node-id="dash-root" data-layout="stack"><div id="header" data-oods-component="Stack" data-oods-node-id="header" data-layout="stack"><h1 id=
coverage	Run coverage suite	2026-09-10T06:34:08.7710871Z 
coverage	Run coverage suite	2026-09-10T06:34:08.7723995Z ##[error]AssertionError: expected 'Status Timeline Current status: Pendi…' to contain 'active → pending_cancellation'
coverage	Run coverage suite	
coverage	Run coverage suite	Expected: "active → pending_cancellation"
coverage	Run coverage suite	Received: "Status Timeline Current status: Pending Cancellation Allowed transitions: active, terminated Active Sep 1, 2026, 12:00 PM active Actor: operator-1 Reason: Created Active → Pending Cancellation Sep 8, 2026, 12:00 PM active Actor: operator-2 Reason: Budget"
coverage	Run coverage suite	
coverage	Run coverage suite	 ❯ packages/mcp-server/test/codegen/component-carries.s189.spec.ts:29:56
coverage	Run coverage suite	
coverage	Run coverage suite	
coverage	Run coverage suite	2026-09-10T06:34:08.7728095Z 
coverage	Run coverage suite	2026-09-10T06:34:08.7734376Z ##[error]AssertionError: expected 'Audit Timeline Active Sep 1, 2026, 12…' to contain 'active → pending_cancellation'
coverage	Run coverage suite	
coverage	Run coverage suite	Expected: "active → pending_cancellation"
coverage	Run coverage suite	Received: "Audit Timeline Active Sep 1, 2026, 12:00 PM active Actor: operator-1 Reason: Created Active → Pending Cancellation Sep 8, 2026, 12:00 PM active Actor: operator-2 Reason: Budget"
coverage	Run coverage suite	
coverage	Run coverage suite	 ❯ packages/mcp-server/test/codegen/component-carries.s189.spec.ts:29:56
coverage	Run coverage suite	
coverage	Run coverage suite	
coverage	Run coverage suite	2026-09-10T06:34:08.7738141Z 
coverage	Run coverage suite	2026-09-10T06:34:08.7754301Z ##[error]AssertionError: expected false to be true // Object.is equality
coverage	Run coverage suite	
coverage	Run coverage suite	- Expected
coverage	Run coverage suite	+ Received
coverage	Run coverage suite	
coverage	Run coverage suite	- true
coverage	Run coverage suite	+ false
coverage	Run coverage suite	
coverage	Run coverage suite	 ❯ packages/mcp-server/test/contracts/fragment-anchor-contract.spec.ts:159:59
coverage	Run coverage suite	
coverage	Run coverage suite	
coverage	Run coverage suite	2026-09-10T06:34:08.7756436Z 
coverage	Run coverage suite	2026-09-10T06:34:08.7764526Z ##[error]AssertionError: expected 'Amount in USD' to be 'Recurring price expressed in minor un…' // Object.is equality
coverage	Run coverage suite	
coverage	Run coverage suite	Expected: "Recurring price expressed in minor units (e.g., cents)."
coverage	Run coverage suite	Received: "Amount in USD"
coverage	Run coverage suite	
coverage	Run coverage suite	 ❯ packages/mcp-server/test/product-reality/billing-composition.s188.spec.ts:102:62
coverage	Run coverage suite	
coverage	Run coverage suite	
coverage	Run coverage suite	2026-09-10T06:34:08.7771280Z ^[[34m % ^[[39m^[[2mCoverage report from ^[[22m^[[33mv8^[[39m
coverage	Run coverage suite	2026-09-10T06:34:08.7772511Z -------------------|---------|----------|---------|---------|-------------------
coverage	Run coverage suite	2026-09-10T06:34:08.7773513Z File               | % Stmts | % Branch | % Funcs | % Lines | Uncovered Line #s 
coverage	Run coverage suite	2026-09-10T06:34:08.7774440Z -------------------|---------|----------|---------|---------|-------------------
coverage	Run coverage suite	2026-09-10T06:34:08.7792478Z All files          |   73.23 |    73.32 |   84.72 |   73.23 |                   
coverage	Run coverage suite	2026-09-10T06:34:08.7798086Z  src               |       0 |       50 |      50 |       0 |                   
coverage	Run coverage suite	2026-09-10T06:34:08.7813070Z   ...Provider.d.ts |       0 |        0 |       0 |       0 | 1-79              
coverage	Run coverage suite	2026-09-10T06:34:08.7814204Z   index.ts         |       0 |      100 |     100 |       0 | 8-19              
coverage	Run coverage suite	2026-09-10T06:34:08.7815371Z  src/components    |   86.44 |    84.61 |   88.88 |   86.44 |                   
coverage	Run coverage suite	2026-09-10T06:34:08.7816546Z   OODS.ts          |       0 |        0 |       0 |       0 | 1-10              
coverage	Run coverage suite	2026-09-10T06:34:08.7817702Z   RenderObject.tsx |   86.52 |     91.3 |     100 |   86.52 | 74-91,116-117     
coverage	Run coverage suite	2026-09-10T06:34:08.7818862Z   renderReport.ts  |   98.43 |       80 |     100 |   98.43 | 37                
coverage	Run coverage suite	2026-09-10T06:34:08.7820005Z  ...extPanelDrawer |   90.36 |    79.16 |     100 |   90.36 |                   
coverage	Run coverage suite	2026-09-10T06:34:08.7821119Z   ...nelDrawer.tsx |     100 |    85.71 |     100 |     100 | 56                
coverage	Run coverage suite	2026-09-10T06:34:08.7822474Z   index.ts         |     100 |      100 |     100 |     100 |                   
coverage	Run coverage suite	2026-09-10T06:34:08.7823596Z   ...inerNarrow.ts |   80.95 |    76.47 |     100 |   80.95 | 41-42,76-79,82-83 
coverage	Run coverage suite	2026-09-10T06:34:08.7824668Z  ...ponents/Dialog |   93.75 |    33.33 |   33.33 |   93.75 |                   
coverage	Run coverage suite	2026-09-10T06:34:08.7825777Z   Dialog.tsx       |   94.93 |    36.36 |      50 |   94.93 | 64-65,100,105     
coverage	Run coverage suite	2026-09-10T06:34:08.7826755Z   index.ts         |       0 |        0 |       0 |       0 | 1                 
coverage	Run coverage suite	2026-09-10T06:34:08.7827823Z  ...onents/Popover |   96.66 |    70.37 |     100 |   96.66 |                   
coverage	Run coverage suite	2026-09-10T06:34:08.7829012Z   Popover.tsx      |   96.66 |    70.37 |     100 |   96.66 | 54-55,103         
coverage	Run coverage suite	2026-09-10T06:34:08.7830134Z  ...mponents/Sheet |   98.36 |    66.66 |   33.33 |   98.36 |                   
coverage	Run coverage suite	2026-09-10T06:34:08.7831193Z   Sheet.tsx        |     100 |       75 |      50 |     100 | 66,94             
coverage	Run coverage suite	2026-09-10T06:34:08.7832454Z   index.ts         |       0 |        0 |       0 |       0 | 1                 
coverage	Run coverage suite	2026-09-10T06:34:08.7833469Z  ...onents/Tooltip |     100 |      100 |     100 |     100 |                   
coverage	Run coverage suite	2026-09-10T06:34:08.7834576Z   index.ts         |     100 |      100 |     100 |     100 |                   
coverage	Run coverage suite	2026-09-10T06:34:08.7835607Z  ...ents/addresses |   81.38 |    67.85 |   70.45 |   81.38 |                   
coverage	Run coverage suite	2026-09-10T06:34:08.7836899Z   ...s-display.tsx |    94.4 |    83.33 |     100 |    94.4 | ...59,123,139-141 
coverage	Run coverage suite	2026-09-10T06:34:08.7839016Z   ...field-set.tsx |    82.2 |    72.05 |   64.28 |    82.2 | ...26,340,369-374 
coverage	Run coverage suite	2026-09-10T06:34:08.7840258Z   address-form.tsx |   82.75 |    60.97 |   88.88 |   82.75 | ...18-227,241-247 
coverage	Run coverage suite	2026-09-10T06:34:08.7841447Z   address-types.ts |   73.73 |    65.21 |      75 |   73.73 | ...16-117,132-133 
coverage	Run coverage suite	2026-09-10T06:34:08.7842740Z   index.ts         |       0 |        0 |       0 |       0 | 1-6               
coverage	Run coverage suite	2026-09-10T06:34:08.7843829Z   ...-selector.tsx |   59.55 |       50 |      20 |   59.55 | ...1,54-68,93-112 
coverage	Run coverage suite	2026-09-10T06:34:08.7844943Z   ...tus-badge.tsx |   94.73 |    52.38 |     100 |   94.73 | 42-43,48-49       
coverage	Run coverage suite	2026-09-10T06:34:08.7846063Z  ...mponents/authz |   44.41 |    49.42 |   72.22 |   44.41 |                   
coverage	Run coverage suite	2026-09-10T06:34:08.7847173Z   ...ipManager.tsx |   82.42 |     42.5 |      80 |   82.42 | ...96-297,302-303 
coverage	Run coverage suite	2026-09-10T06:34:08.7849882Z   ...onChecker.tsx |       0 |        0 |       0 |       0 | 1-176             
coverage	Run coverage suite	2026-09-10T06:34:08.7851030Z   ...ionMatrix.tsx |   84.73 |    59.09 |     100 |   84.73 | ...83-184,238-239 
coverage	Run coverage suite	2026-09-10T06:34:08.7855712Z   ...icyEditor.tsx |       0 |        0 |       0 |       0 | 1-314             
coverage	Run coverage suite	2026-09-10T06:34:08.7857071Z   index.ts         |       0 |        0 |       0 |       0 | 1-4               
coverage	Run coverage suite	2026-09-10T06:34:08.7858222Z  ...omponents/base |   87.65 |    73.13 |   83.33 |   87.65 |                   
coverage	Run coverage suite	2026-09-10T06:34:08.7862801Z   Badge.tsx        |     100 |      100 |     100 |     100 |                   
coverage	Run coverage suite	2026-09-10T06:34:08.7863939Z   Banner.tsx       |     100 |      100 |     100 |     100 |                   
coverage	Run coverage suite	2026-09-10T06:34:08.7865045Z   Button.tsx       |     100 |      100 |     100 |     100 |                   
coverage	Run coverage suite	2026-09-10T06:34:08.7866105Z   Card.tsx         |     100 |      100 |     100 |     100 |                   
coverage	Run coverage suite	2026-09-10T06:34:08.7867183Z   Checkbox.tsx     |     100 |      100 |     100 |     100 |                   
coverage	Run coverage suite	2026-09-10T06:34:08.7868269Z   DatePicker.tsx   |     100 |      100 |     100 |     100 |                   
coverage	Run coverage suite	2026-09-10T06:34:08.7869301Z   Grid.tsx         |       0 |      100 |     100 |       0 | 2                 
coverage	Run coverage suite	2026-09-10T06:34:08.7870320Z   Input.tsx        |       0 |      100 |     100 |       0 | 2                 
coverage	Run coverage suite	2026-09-10T06:34:08.7871365Z   Select.tsx       |     100 |      100 |     100 |     100 |                   
coverage	Run coverage suite	2026-09-10T06:34:08.7872631Z   Stack.tsx        |       0 |      100 |     100 |       0 | 2                 
coverage	Run coverage suite	2026-09-10T06:34:08.7873608Z   Table.tsx        |     100 |      100 |     100 |     100 |                   
coverage	Run coverage suite	2026-09-10T06:34:08.7874588Z   Text.tsx         |     100 |      100 |     100 |     100 |                   
coverage	Run coverage suite	2026-09-10T06:34:08.7875570Z   TextField.tsx    |     100 |      100 |     100 |     100 |                   
coverage	Run coverage suite	2026-09-10T06:34:08.7876617Z   Textarea.tsx     |     100 |      100 |     100 |     100 |                   
coverage	Run coverage suite	2026-09-10T06:34:08.7877663Z   Toast.tsx        |   93.49 |    80.76 |   85.71 |   93.49 | ...29,176-177,188 
coverage	Run coverage suite	2026-09-10T06:34:08.7878748Z   fieldUtils.ts    |   66.66 |    33.33 |      50 |   66.66 | 38-52,61,64       
coverage	Run coverage suite	2026-09-10T06:34:08.7879830Z  ...ts/breadcrumbs |   88.31 |    77.64 |   84.61 |   88.31 |                   
coverage	Run coverage suite	2026-09-10T06:34:08.7880944Z   Breadcrumbs.tsx  |   88.18 |    76.82 |      80 |   88.18 | ...55,401-405,430 
coverage	Run coverage suite	2026-09-10T06:34:08.7882237Z   index.ts         |       0 |      100 |     100 |       0 | 6-8               
coverage	Run coverage suite	2026-09-10T06:34:08.7883325Z   tokens.ts        |     100 |      100 |     100 |     100 |                   
coverage	Run coverage suite	2026-09-10T06:34:08.7884380Z   types.ts         |       0 |        0 |       0 |       0 |                   
coverage	Run coverage suite	2026-09-10T06:34:08.7885435Z  ...classification |   70.15 |    63.55 |   60.46 |   70.15 |                   
coverage	Run coverage suite	2026-09-10T06:34:08.7886568Z   ...readcrumb.tsx |   80.48 |    28.57 |      50 |   80.48 | 26-27,38-44       
coverage	Run coverage suite	2026-09-10T06:34:08.7888633Z   CategoryNode.tsx |   93.44 |    83.33 |   66.66 |   93.44 | ...,73-74,149,160 
coverage	Run coverage suite	2026-09-10T06:34:08.7890019Z   ...oryPicker.tsx |   92.93 |    74.19 |      50 |   92.93 | ...19-221,224-231 
coverage	Run coverage suite	2026-09-10T06:34:08.7891458Z   CategoryTree.tsx |   90.38 |    67.44 |   71.42 |   90.38 | ...85,207-208,247 
coverage	Run coverage suite	2026-09-10T06:34:08.7892837Z   ...ocomplete.tsx |   92.53 |    86.66 |      60 |   92.53 | 23-24,42-44       
coverage	Run coverage suite	2026-09-10T06:34:08.7893919Z   ...Dashboard.tsx |       0 |        0 |       0 |       0 | 1-198             
coverage	Run coverage suite	2026-09-10T06:34:08.7894983Z   TagInput.tsx     |    76.6 |    54.28 |   78.57 |    76.6 | ...83-387,390-392 
coverage	Run coverage suite	2026-09-10T06:34:08.7895991Z   TagList.tsx      |       0 |        0 |       0 |       0 | 1-80              
coverage	Run coverage suite	2026-09-10T06:34:08.7896991Z   TagPill.tsx      |   61.76 |    11.11 |   33.33 |   61.76 | ...51-53,73,78-95 
coverage	Run coverage suite	2026-09-10T06:34:08.7897964Z   index.ts         |       0 |        0 |       0 |       0 | 1-8               
coverage	Run coverage suite	2026-09-10T06:34:08.7899358Z  .../communication |   85.38 |    65.26 |   95.65 |   85.38 |                   
coverage	Run coverage suite	2026-09-10T06:34:08.7900446Z   ...lanEditor.tsx |    75.6 |    44.44 |     100 |    75.6 | ...13-224,238-243 
coverage	Run coverage suite	2026-09-10T06:34:08.7901520Z   ...ionThread.tsx |   95.32 |    85.71 |     100 |   95.32 | 107-109,133-134   
coverage	Run coverage suite	2026-09-10T06:34:08.7902884Z   ...lthWidget.tsx |   90.32 |    36.84 |     100 |   90.32 | ...61-162,166-167 
coverage	Run coverage suite	2026-09-10T06:34:08.7903949Z   ...eTimeline.tsx |   87.34 |    71.73 |   91.66 |   87.34 | ...83-184,201-207 
coverage	Run coverage suite	2026-09-10T06:34:08.7905012Z  ...ts/empty-state |   98.79 |    91.42 |      50 |   98.79 |                   
coverage	Run coverage suite	2026-09-10T06:34:08.7906144Z   EmptyState.tsx   |     100 |    93.93 |     100 |     100 | 64,69             
coverage	Run coverage suite	2026-09-10T06:34:08.7907198Z   index.ts         |       0 |        0 |       0 |       0 | 1-3               
coverage	Run coverage suite	2026-09-10T06:34:08.7908220Z   tokens.ts        |     100 |      100 |     100 |     100 |                   
coverage	Run coverage suite	2026-09-10T06:34:08.7909267Z  ...nts/navigation |       0 |      100 |     100 |       0 |                   
coverage	Run coverage suite	2026-09-10T06:34:08.7910322Z   a11y.ts          |       0 |      100 |     100 |       0 | 27-121            
coverage	Run coverage suite	2026-09-10T06:34:08.7911332Z  ...omponents/page |   96.84 |    81.81 |     100 |   96.84 |                   
coverage	Run coverage suite	2026-09-10T06:34:08.7912643Z   PageHeader.tsx   |   96.84 |    81.81 |     100 |   96.84 | 88,120,123        
coverage	Run coverage suite	2026-09-10T06:34:08.7913769Z  ...nts/pagination |   97.51 |    89.77 |     100 |   97.51 |                   
coverage	Run coverage suite	2026-09-10T06:34:08.7914878Z   Pagination.tsx   |   98.22 |    89.18 |     100 |   98.22 | 63-64,152         
coverage	Run coverage suite	2026-09-10T06:34:08.7915955Z   index.ts         |       0 |      100 |     100 |       0 | 6-7               
coverage	Run coverage suite	2026-09-10T06:34:08.7916980Z   tokens.ts        |     100 |      100 |     100 |     100 |                   
coverage	Run coverage suite	2026-09-10T06:34:08.7917995Z   types.ts         |       0 |        0 |       0 |       0 |                   
coverage	Run coverage suite	2026-09-10T06:34:08.7919067Z   usePagination.ts |   97.61 |    89.58 |     100 |   97.61 | 48,53,182-183     
coverage	Run coverage suite	2026-09-10T06:34:08.7920224Z  ...ts/preferences |   75.18 |    70.37 |   65.78 |   75.18 |                   
coverage	Run coverage suite	2026-09-10T06:34:08.7921355Z   ...nelToggle.tsx |   96.07 |    72.72 |     100 |   96.07 | 37-38             
coverage	Run coverage suite	2026-09-10T06:34:08.7922890Z   ...ionMatrix.tsx |    96.1 |    83.87 |     100 |    96.1 | 55-57,62,118,186  
coverage	Run coverage suite	2026-09-10T06:34:08.7923999Z   ...renceForm.tsx |   94.61 |    53.84 |     100 |   94.61 | ...29-130,186-187 
coverage	Run coverage suite	2026-09-10T06:34:08.7925094Z   ...cePreview.tsx |       0 |        0 |       0 |       0 | 1-188             
coverage	Run coverage suite	2026-09-10T06:34:08.7926102Z   index.ts         |       0 |        0 |       0 |       0 | 1-19              
coverage	Run coverage suite	2026-09-10T06:34:08.7927109Z   ...jsf-theme.tsx |   86.76 |     72.3 |   62.06 |   86.76 | ...98,203-206,342 
coverage	Run coverage suite	2026-09-10T06:34:08.7928181Z  ...nents/progress |   98.06 |    91.66 |     100 |   98.06 |                   
coverage	Run coverage suite	2026-09-10T06:34:08.7929231Z   ...sCircular.tsx |   99.03 |    93.75 |     100 |   99.03 | 80                
coverage	Run coverage suite	2026-09-10T06:34:08.7930310Z   ...essLinear.tsx |    98.8 |    93.75 |     100 |    98.8 | 80                
coverage	Run coverage suite	2026-09-10T06:34:08.7931341Z   index.ts         |       0 |      100 |     100 |       0 | 6-7               
coverage	Run coverage suite	2026-09-10T06:34:08.7932870Z   tokens.ts        |     100 |       50 |     100 |     100 | 28                
coverage	Run coverage suite	2026-09-10T06:34:08.7933891Z   types.ts         |       0 |        0 |       0 |       0 |                   
coverage	Run coverage suite	2026-09-10T06:34:08.7936033Z  ...ts/statusables |     100 |      100 |     100 |     100 |                   
coverage	Run coverage suite	2026-09-10T06:34:08.7937196Z   statusGlyph.ts   |     100 |      100 |     100 |     100 |                   
coverage	Run coverage suite	2026-09-10T06:34:08.7938277Z   ...usRegistry.ts |     100 |      100 |     100 |     100 |                   
coverage	Run coverage suite	2026-09-10T06:34:08.7939348Z  ...onents/stepper |   93.59 |    94.73 |      60 |   93.59 |                   
coverage	Run coverage suite	2026-09-10T06:34:08.7940533Z   Stepper.tsx      |   94.05 |    94.54 |   33.33 |   94.05 | ...05,108-114,225 
coverage	Run coverage suite	2026-09-10T06:34:08.7941821Z   index.ts         |       0 |      100 |     100 |       0 | 6                 
coverage	Run coverage suite	2026-09-10T06:34:08.7943158Z   types.ts         |       0 |        0 |       0 |       0 |                   
coverage	Run coverage suite	2026-09-10T06:34:08.7944232Z  ...omponents/tabs |    0.31 |      100 |     100 |    0.31 |                   
coverage	Run coverage suite	2026-09-10T06:34:08.7945287Z   Tabs.tsx         |     100 |      100 |     100 |     100 |                   
coverage	Run coverage suite	2026-09-10T06:34:08.7946284Z   index.ts         |       0 |      100 |     100 |       0 | 6-8               
coverage	Run coverage suite	2026-09-10T06:34:08.7947250Z   tokens.ts        |       0 |      100 |     100 |       0 | 8-36              
coverage	Run coverage suite	2026-09-10T06:34:08.7948244Z   types.ts         |       0 |      100 |     100 |       0 | 92                
coverage	Run coverage suite	2026-09-10T06:34:08.7949276Z   ...erflowMenu.ts |       0 |      100 |     100 |       0 | 6-156             
coverage	Run coverage suite	2026-09-10T06:34:08.7950325Z   useTabs.ts       |       0 |      100 |     100 |       0 | 6-213             
coverage	Run coverage suite	2026-09-10T06:34:08.7951379Z  ...mponents/toast |   93.48 |    86.56 |   96.55 |   93.48 |                   
coverage	Run coverage suite	2026-09-10T06:34:08.7952690Z   ToastPortal.tsx  |    87.9 |    68.18 |      75 |    87.9 | ...31-132,161-164 
coverage	Run coverage suite	2026-09-10T06:34:08.7953902Z   toastService.ts  |   98.54 |    95.55 |     100 |   98.54 | 179-180           
coverage	Run coverage suite	2026-09-10T06:34:08.7955302Z  ...components/viz |   79.38 |    68.26 |   90.81 |   79.38 |                   
coverage	Run coverage suite	2026-09-10T06:34:08.7956387Z   ...ibleTable.tsx |   95.18 |       80 |     100 |   95.18 | 82-83,104-105     
coverage	Run coverage suite	2026-09-10T06:34:08.7957458Z   AreaChart.tsx    |   75.27 |     62.6 |      80 |   75.27 | ...26-529,531-532 
coverage	Run coverage suite	2026-09-10T06:34:08.7958514Z   BarChart.tsx     |   71.95 |       80 |     100 |   71.95 | ...68,78-79,91-97 
coverage	Run coverage suite	2026-09-10T06:34:08.7982588Z   BubbleChart.tsx  |       0 |      100 |     100 |       0 | 3-9               
coverage	Run coverage suite	2026-09-10T06:34:08.8002439Z   ...scription.tsx |      96 |    33.33 |     100 |      96 | 32                
coverage	Run coverage suite	2026-09-10T06:34:08.8022391Z   ForceGraph.tsx   |   80.31 |    51.61 |     100 |   80.31 | ...77,297,320-326 
coverage	Run coverage suite	2026-09-10T06:34:08.8042417Z   Heatmap.tsx      |   79.53 |       66 |      96 |   79.53 | ...71-772,785-786 
coverage	Run coverage suite	2026-09-10T06:34:08.8043541Z   LineChart.tsx    |   74.61 |    78.57 |     100 |   74.61 | ...12-218,235-236 
coverage	Run coverage suite	2026-09-10T06:34:08.8062473Z   Sankey.tsx       |   86.84 |     64.7 |     100 |   86.84 | ...55,268-271,291 
coverage	Run coverage suite	2026-09-10T06:34:08.8082458Z   ScatterChart.tsx |   74.11 |    70.96 |      90 |   74.11 | ...33-334,347-348 
coverage	Run coverage suite	2026-09-10T06:34:08.8102576Z   SharedLegend.tsx |   82.41 |       60 |     100 |   82.41 | ...02-107,113-114 
coverage	Run coverage suite	2026-09-10T06:34:08.8103704Z   Sunburst.tsx     |   78.52 |    65.38 |     100 |   78.52 | ...01,221,244-250 
coverage	Run coverage suite	2026-09-10T06:34:08.8122404Z   Treemap.tsx      |   79.48 |       60 |     100 |   79.48 | ...12,232,255-261 
coverage	Run coverage suite	2026-09-10T06:34:08.8190253Z   VizContainer.tsx |     100 |    55.55 |     100 |     100 | 29-51             
coverage	Run coverage suite	2026-09-10T06:34:08.8191987Z   VizFacetGrid.tsx |    86.3 |    90.74 |    87.5 |    86.3 | ...55,168,234-242 
coverage	Run coverage suite	2026-09-10T06:34:08.8193589Z   ...yeredView.tsx |   81.76 |    73.33 |   83.33 |   81.76 | ...84-189,214-222 
coverage	Run coverage suite	2026-09-10T06:34:08.8194866Z   index.ts         |       0 |        0 |       0 |       0 | 1-12              
coverage	Run coverage suite	2026-09-10T06:34:08.8196108Z   network-index.ts |       0 |      100 |     100 |       0 | 26-50             
coverage	Run coverage suite	2026-09-10T06:34:08.8197088Z  ...nents/viz/a11y |   98.09 |    81.81 |   93.75 |   98.09 |                   
coverage	Run coverage suite	2026-09-10T06:34:08.8198095Z   ...yFallback.tsx |     100 |    88.23 |     100 |     100 | 138-141           
coverage	Run coverage suite	2026-09-10T06:34:08.8199056Z   ...yFallback.tsx |     100 |       90 |     100 |     100 | 54,68             
coverage	Run coverage suite	2026-09-10T06:34:08.8200038Z   ...yFallback.tsx |   94.96 |    65.38 |      80 |   94.96 | 93-99             
coverage	Run coverage suite	2026-09-10T06:34:08.8201027Z   ...yFallback.tsx |     100 |    84.21 |     100 |     100 | 61-63,91          
coverage	Run coverage suite	2026-09-10T06:34:08.8202241Z   ...at-compact.ts |     100 |      100 |     100 |     100 |                   
coverage	Run coverage suite	2026-09-10T06:34:08.8203207Z   index.ts         |       0 |      100 |     100 |       0 | 9-18              
coverage	Run coverage suite	2026-09-10T06:34:08.8204408Z  ...ts/viz/spatial |   52.83 |    74.05 |   82.75 |   52.83 |                   
coverage	Run coverage suite	2026-09-10T06:34:08.8205374Z   ...k.stories.tsx |       0 |      100 |     100 |       0 | 8-164             
coverage	Run coverage suite	2026-09-10T06:34:08.8206366Z   ...pFallback.tsx |   85.79 |    70.14 |    87.5 |   85.79 | ...44,156,164-166 
coverage	Run coverage suite	2026-09-10T06:34:08.8207342Z   ...p.stories.tsx |       0 |      100 |     100 |       0 | 8-521             
coverage	Run coverage suite	2026-09-10T06:34:08.8208281Z   BubbleMap.tsx    |   90.19 |    71.42 |   83.33 |   90.19 | ...96,733-735,753 
coverage	Run coverage suite	2026-09-10T06:34:08.8209241Z   ...apCluster.tsx |   89.47 |    66.66 |     100 |   89.47 | 54-59,64,68       
coverage	Run coverage suite	2026-09-10T06:34:08.8210238Z   ...eMapPoint.tsx |   98.64 |    86.66 |     100 |   98.64 | 72                
coverage	Run coverage suite	2026-09-10T06:34:08.8211220Z   ...p.stories.tsx |       0 |      100 |     100 |       0 | 9-471             
coverage	Run coverage suite	2026-09-10T06:34:08.8212569Z   ...oplethMap.tsx |   79.14 |    67.91 |   66.66 |   79.14 | ...91,757,797-799 
coverage	Run coverage suite	2026-09-10T06:34:08.8213632Z   ...MapRegion.tsx |   71.33 |       75 |   66.66 |   71.33 | ...59-161,180-181 
coverage	Run coverage suite	2026-09-10T06:34:08.8214628Z   ...s.stories.tsx |       0 |      100 |     100 |       0 | 6-148             
coverage	Run coverage suite	2026-09-10T06:34:08.8215643Z   MapControls.tsx  |   98.61 |    85.29 |     100 |   98.61 | 75-76             
coverage	Run coverage suite	2026-09-10T06:34:08.8216608Z   ...d.stories.tsx |       0 |      100 |     100 |       0 | 7-164             
coverage	Run coverage suite	2026-09-10T06:34:08.8217554Z   MapLegend.tsx    |   90.82 |    83.78 |     100 |   90.82 | ...88,100,170-171 
coverage	Run coverage suite	2026-09-10T06:34:08.8218513Z   ...r.stories.tsx |       0 |      100 |     100 |       0 | 11-454            
coverage	Run coverage suite	2026-09-10T06:34:08.8219470Z   ...Container.tsx |   92.28 |    75.53 |      80 |   92.28 | ...46-247,265-270 
coverage	Run coverage suite	2026-09-10T06:34:08.8220418Z   ...alContext.tsx |   86.66 |       75 |     100 |   86.66 | 54-55             
coverage	Run coverage suite	2026-09-10T06:34:08.8221365Z   index.ts         |       0 |      100 |     100 |       0 | 7-31              
coverage	Run coverage suite	2026-09-10T06:34:08.8222634Z  .../spatial/utils |   71.33 |    73.73 |   84.78 |   71.33 |                   
coverage	Run coverage suite	2026-09-10T06:34:08.8223639Z   ...leth-utils.ts |   37.22 |       80 |      60 |   37.22 | ...11-215,225-229 
coverage	Run coverage suite	2026-09-10T06:34:08.8224723Z   ...ring-utils.ts |   86.11 |    90.47 |     100 |   86.11 | 65-66,69-76       
coverage	Run coverage suite	2026-09-10T06:34:08.8225694Z   ...cale-utils.ts |   70.52 |    70.83 |   72.72 |   70.52 | ...47-148,172-177 
coverage	Run coverage suite	2026-09-10T06:34:08.8226658Z   ...-nav-utils.ts |   81.91 |    74.35 |   83.33 |   81.91 | ...,86,88,120-128 
coverage	Run coverage suite	2026-09-10T06:34:08.8227631Z   layer-utils.ts   |   89.47 |    81.25 |     100 |   89.47 | 77-78,94-95,98-99 
coverage	Run coverage suite	2026-09-10T06:34:08.8228606Z   ...tion-utils.ts |   89.89 |    75.75 |     100 |   89.89 | ...00-101,104-105 
coverage	Run coverage suite	2026-09-10T06:34:08.8229554Z   ...ader-utils.ts |   75.96 |    64.51 |     100 |   75.96 | ...91,104-115,132 
coverage	Run coverage suite	2026-09-10T06:34:08.8230523Z   ...cale-utils.ts |   62.82 |       50 |    87.5 |   62.82 | ...7,81-82,92-109 
coverage	Run coverage suite	2026-09-10T06:34:08.8231472Z  src/compositor    |   91.22 |     87.5 |     100 |   91.22 |                   
coverage	Run coverage suite	2026-09-10T06:34:08.8232798Z   composeDebug.ts  |     100 |      100 |     100 |     100 |                   
coverage	Run coverage suite	2026-09-10T06:34:08.8234090Z   ...Extensions.ts |   90.43 |    86.88 |     100 |   90.43 | ...17,213-214,252 
coverage	Run coverage suite	2026-09-10T06:34:08.8235100Z  ...mpositor/tests |   76.71 |    73.07 |     100 |   76.71 |                   
coverage	Run coverage suite	2026-09-10T06:34:08.8236115Z   purityHarness.ts |   76.71 |    73.07 |     100 |   76.71 | ...63,77-78,89-90 
coverage	Run coverage suite	2026-09-10T06:34:08.8237077Z  src/context       |     100 |      100 |     100 |     100 |                   
coverage	Run coverage suite	2026-09-10T06:34:08.8238018Z   ...derContext.ts |     100 |      100 |     100 |     100 |                   
coverage	Run coverage suite	2026-09-10T06:34:08.8238994Z  src/contexts      |   99.03 |    91.17 |   91.66 |   99.03 |                   
coverage	Run coverage suite	2026-09-10T06:34:08.8240066Z   CardView.tsx     |     100 |       50 |     100 |     100 | 19                
coverage	Run coverage suite	2026-09-10T06:34:08.8241070Z   ChartView.tsx    |     100 |      100 |     100 |     100 |                   
coverage	Run coverage suite	2026-09-10T06:34:08.8242488Z   ...boardView.tsx |     100 |      100 |     100 |     100 |                   
coverage	Run coverage suite	2026-09-10T06:34:08.8243482Z   DetailView.tsx   |     100 |      100 |     100 |     100 |                   
coverage	Run coverage suite	2026-09-10T06:34:08.8244470Z   FormView.tsx     |     100 |      100 |     100 |     100 |                   
coverage	Run coverage suite	2026-09-10T06:34:08.8245442Z   InlineView.tsx   |     100 |      100 |     100 |     100 |                   
coverage	Run coverage suite	2026-09-10T06:34:08.8246424Z   ListView.tsx     |     100 |      100 |     100 |     100 |                   
coverage	Run coverage suite	2026-09-10T06:34:08.8247391Z   TimelineView.tsx |     100 |      100 |     100 |     100 |                   
coverage	Run coverage suite	2026-09-10T06:34:08.8248347Z   index.ts         |   85.71 |       50 |      50 |   85.71 | 43-44,49-50       
coverage	Run coverage suite	2026-09-10T06:34:08.8249298Z   region-slot.tsx  |     100 |       90 |     100 |     100 | 17                
coverage	Run coverage suite	2026-09-10T06:34:08.8250274Z  ...ntexts/regions |   97.45 |       80 |     100 |   97.45 |                   
coverage	Run coverage suite	2026-09-10T06:34:08.8251283Z   ...t-regions.tsx |   97.45 |       80 |     100 |   97.45 | 52,73,78          
coverage	Run coverage suite	2026-09-10T06:34:08.8252478Z  src/core          |   73.58 |    74.63 |   82.14 |   73.58 |                   
coverage	Run coverage suite	2026-09-10T06:34:08.8253454Z   ...n-resolver.ts |   70.42 |    55.42 |   88.88 |   70.42 | ...09,312,354-402 
coverage	Run coverage suite	2026-09-10T06:34:08.8254432Z   ...sed-object.ts |     100 |      100 |     100 |     100 |                   
coverage	Run coverage suite	2026-09-10T06:34:08.8255381Z   compositor.ts    |   76.25 |    83.33 |   83.33 |   76.25 | ...02-408,412-420 
coverage	Run coverage suite	2026-09-10T06:34:08.8256364Z   ...ency-graph.ts |   92.92 |     84.9 |   89.47 |   92.92 | 304-318,324-325   
coverage	Run coverage suite	2026-09-10T06:34:08.8257366Z   ...-validator.ts |   70.22 |    86.11 |   72.72 |   70.22 | ...87-298,304-310 
coverage	Run coverage suite	2026-09-10T06:34:08.8258302Z   index.ts         |     100 |      100 |     100 |     100 |                   
coverage	Run coverage suite	2026-09-10T06:34:08.8259231Z   ...gical-sort.ts |   46.85 |    83.33 |   66.66 |   46.85 | ...22-226,231-235 
coverage	Run coverage suite	2026-09-10T06:34:08.8260215Z   ...definition.ts |   52.63 |    33.33 |      50 |   52.63 | ...40-244,250-254 
coverage	Run coverage suite	2026-09-10T06:34:08.8261231Z  ...rge-strategies |   42.67 |    73.68 |      50 |   42.67 |                   
coverage	Run coverage suite	2026-09-10T06:34:08.8262435Z   ...ons-merger.ts |      38 |    66.66 |      50 |      38 | 45-48,62-93       
coverage	Run coverage suite	2026-09-10T06:34:08.8263382Z   index.ts         |     100 |      100 |     100 |     100 |                   
coverage	Run coverage suite	2026-09-10T06:34:08.8264357Z   schema-merger.ts |   53.65 |     87.5 |      50 |   53.65 | 105-154           
coverage	Run coverage suite	2026-09-10T06:34:08.8265344Z   ...ics-merger.ts |   26.08 |    66.66 |   33.33 |   26.08 | ...0,63-75,88-119 
coverage	Run coverage suite	2026-09-10T06:34:08.8266342Z   tokens-merger.ts |    28.7 |       60 |      50 |    28.7 | ...10-150,159-176 
coverage	Run coverage suite	2026-09-10T06:34:08.8267291Z   ...ons-merger.ts |   61.79 |    73.68 |   66.66 |   61.79 | ...,67-72,148-187 
coverage	Run coverage suite	2026-09-10T06:34:08.8268238Z  src/dashboard     |       0 |      100 |     100 |       0 |                   
coverage	Run coverage suite	2026-09-10T06:34:08.8269136Z   index.ts         |       0 |      100 |     100 |       0 | 8-33              
coverage	Run coverage suite	2026-09-10T06:34:08.8270114Z  ...d/cross-filter |   97.65 |    94.59 |     100 |   97.65 |                   
coverage	Run coverage suite	2026-09-10T06:34:08.8271096Z   ...k-handlers.ts |   97.65 |    94.59 |     100 |   97.65 | 261,464-468       
coverage	Run coverage suite	2026-09-10T06:34:08.8272531Z  ...hboard/widgets |   94.11 |      100 |    87.5 |   94.11 |                   
coverage	Run coverage suite	2026-09-10T06:34:08.8273552Z   ...k-widgets.tsx |   94.11 |      100 |    87.5 |   94.11 | 190-200           
coverage	Run coverage suite	2026-09-10T06:34:08.8274537Z  src/data/authz    |     100 |      100 |     100 |     100 |                   
coverage	Run coverage suite	2026-09-10T06:34:08.8275497Z   ...titlements.ts |     100 |      100 |     100 |     100 |                   
coverage	Run coverage suite	2026-09-10T06:34:08.8276447Z   types.ts         |       0 |        0 |       0 |       0 |                   
coverage	Run coverage suite	2026-09-10T06:34:08.8277408Z  .../communication |   79.29 |    41.17 |   66.66 |   79.29 |                   
coverage	Run coverage suite	2026-09-10T06:34:08.8278413Z   sample-data.ts   |     100 |      100 |     100 |     100 |                   
coverage	Run coverage suite	2026-09-10T06:34:08.8279632Z   seed-channels.ts |   82.75 |       40 |     100 |   82.75 | 14-16,41-42       
coverage	Run coverage suite	2026-09-10T06:34:08.8280625Z   seed-policies.ts |   82.14 |       40 |     100 |   82.14 | 14-16,40-41       
coverage	Run coverage suite	2026-09-10T06:34:08.8281825Z   ...-templates.ts |   83.33 |       40 |     100 |   83.33 | 14-16,44-45       
coverage	Run coverage suite	2026-09-10T06:34:08.8282823Z   seed-utils.ts    |   13.72 |       50 |   33.33 |   13.72 | 20-66,70-71       
coverage	Run coverage suite	2026-09-10T06:34:08.8283785Z  src/diagnostics   |       0 |        0 |       0 |       0 |                   
coverage	Run coverage suite	2026-09-10T06:34:08.8284829Z   ...iagnostics.ts |       0 |        0 |       0 |       0 | 1-62              
coverage	Run coverage suite	2026-09-10T06:34:08.8285810Z  ...omain/accounts |   98.36 |     92.3 |     100 |   98.36 |                   
coverage	Run coverage suite	2026-09-10T06:34:08.8286748Z   core.ts          |     100 |      100 |     100 |     100 |                   
coverage	Run coverage suite	2026-09-10T06:34:08.8287636Z   index.ts         |     100 |      100 |     100 |     100 |                   
coverage	Run coverage suite	2026-09-10T06:34:08.8288545Z   ...ata-policy.ts |   98.25 |    91.66 |     100 |   98.25 | 152,194,262       
coverage	Run coverage suite	2026-09-10T06:34:08.8289538Z  ...domain/billing |   83.33 |    80.85 |      80 |   83.33 |                   
coverage	Run coverage suite	2026-09-10T06:34:08.8290457Z   core.ts          |       0 |      100 |     100 |       0 | 454-492           
coverage	Run coverage suite	2026-09-10T06:34:08.8291320Z   events.ts        |   80.16 |    63.33 |   76.92 |   80.16 | ...65-366,368-369 
coverage	Run coverage suite	2026-09-10T06:34:08.8292493Z   states.ts        |   87.73 |    87.75 |      80 |   87.73 | ...51-454,463-470 
coverage	Run coverage suite	2026-09-10T06:34:08.8293419Z   usage.ts         |    93.9 |    92.85 |   83.33 |    93.9 | 236-237,306-308   
coverage	Run coverage suite	2026-09-10T06:34:08.8294377Z  ...ain/compliance |      85 |       80 |   55.55 |      85 |                   
coverage	Run coverage suite	2026-09-10T06:34:08.8295322Z   audit.ts         |   80.55 |    78.57 |   66.66 |   80.55 | 148-159,202-203   
coverage	Run coverage suite	2026-09-10T06:34:08.8296219Z   rbac.ts          |   91.66 |      100 |   33.33 |   91.66 | 147-148,154-155   
coverage	Run coverage suite	2026-09-10T06:34:08.8297168Z  ...domain/tenancy |       0 |      100 |     100 |       0 |                   
coverage	Run coverage suite	2026-09-10T06:34:08.8298109Z   index.ts         |       0 |      100 |     100 |       0 | 16                
coverage	Run coverage suite	2026-09-10T06:34:08.8298992Z   tenant.ts        |       0 |      100 |     100 |       0 | 150-191           
coverage	Run coverage suite	2026-09-10T06:34:08.8299897Z  .../contributions |      90 |     87.8 |   88.88 |      90 |                   
coverage	Run coverage suite	2026-09-10T06:34:08.8300813Z   index.ts         |      90 |     87.8 |   88.88 |      90 | ...28-129,179-185 
coverage	Run coverage suite	2026-09-10T06:34:08.8301932Z  src/engine/render |     100 |      100 |     100 |     100 |                   
coverage	Run coverage suite	2026-09-10T06:34:08.8302906Z   ...Container.tsx |     100 |      100 |     100 |     100 |                   
coverage	Run coverage suite	2026-09-10T06:34:08.8303851Z  src/hooks         |   49.78 |    63.94 |   79.41 |   49.78 |                   
coverage	Run coverage suite	2026-09-10T06:34:08.8304841Z   ...tegoryTree.ts |   75.74 |    61.67 |     100 |   75.74 | ...89-690,701-702 
coverage	Run coverage suite	2026-09-10T06:34:08.8305825Z   ...versations.ts |   68.54 |    63.63 |   66.66 |   68.54 | ...51-153,158-165 
coverage	Run coverage suite	2026-09-10T06:34:08.8306773Z   ...veryStatus.ts |   79.79 |    53.33 |     100 |   79.79 | ...-87,90,141-146 
coverage	Run coverage suite	2026-09-10T06:34:08.8314915Z   ...emberships.ts |       0 |        0 |       0 |       0 | 1-223             
coverage	Run coverage suite	2026-09-10T06:34:08.8316233Z   useMessages.ts   |   83.83 |    72.22 |     100 |   83.83 | ...22-123,130-132 
coverage	Run coverage suite	2026-09-10T06:34:08.8317256Z   ...erenceForm.ts |       0 |        0 |       0 |       0 | 1-170             
coverage	Run coverage suite	2026-09-10T06:34:08.8318250Z   ...ermissions.ts |       0 |        0 |       0 |       0 | 1-344             
coverage	Run coverage suite	2026-09-10T06:34:08.8319243Z   ...tocomplete.ts |   78.04 |    77.27 |   85.71 |   78.04 | ...68-169,193-206 
coverage	Run coverage suite	2026-09-10T06:34:08.8320235Z   ...uggestions.ts |    3.94 |      100 |       0 |    3.94 | 29-108            
coverage	Run coverage suite	2026-09-10T06:34:08.8321225Z  ...ations/billing |   86.98 |    51.61 |   84.21 |   86.98 |                   
coverage	Run coverage suite	2026-09-10T06:34:08.8322564Z   adapter.ts       |   51.47 |    66.66 |      50 |   51.47 | ...46-148,164-169 
coverage	Run coverage suite	2026-09-10T06:34:08.8323480Z   ...ee-adapter.ts |   89.16 |    36.36 |     100 |   89.16 | ...86-287,306-310 
coverage	Run coverage suite	2026-09-10T06:34:08.8324669Z   index.ts         |     100 |      100 |     100 |     100 |                   
coverage	Run coverage suite	2026-09-10T06:34:08.8325609Z   ...pe-adapter.ts |   90.06 |    59.45 |     100 |   90.06 | ...56,373,379-383 
coverage	Run coverage suite	2026-09-10T06:34:08.8326603Z   zuora-adapter.ts |    90.9 |    45.45 |     100 |    90.9 | ...79-280,298-302 
coverage	Run coverage suite	2026-09-10T06:34:08.8327621Z  ...illing/samples |       0 |       75 |      75 |       0 |                   
coverage	Run coverage suite	2026-09-10T06:34:08.8328587Z   chargebee.ts     |       0 |      100 |     100 |       0 | 8-53              
coverage	Run coverage suite	2026-09-10T06:34:08.8329524Z   index.ts         |       0 |        0 |       0 |       0 | 1-7               
coverage	Run coverage suite	2026-09-10T06:34:08.8330408Z   stripe.ts        |       0 |      100 |     100 |       0 | 9-57              
coverage	Run coverage suite	2026-09-10T06:34:08.8331359Z   zuora.ts         |       0 |      100 |     100 |       0 | 7-58              
coverage	Run coverage suite	2026-09-10T06:34:08.8332528Z  src/modifiers     |   97.64 |     90.9 |     100 |   97.64 |                   
coverage	Run coverage suite	2026-09-10T06:34:08.8333548Z   ...e.modifier.ts |   97.64 |     90.9 |     100 |   97.64 | 84-85             
coverage	Run coverage suite	2026-09-10T06:34:08.8334514Z  src/objects       |       0 |        0 |       0 |       0 |                   
coverage	Run coverage suite	2026-09-10T06:34:08.8335438Z   index.ts         |       0 |        0 |       0 |       0 | 1-10              
coverage	Run coverage suite	2026-09-10T06:34:08.8336375Z  ...bjects/invoice |       0 |      100 |     100 |       0 |                   
coverage	Run coverage suite	2026-09-10T06:34:08.8337314Z   object.ts        |       0 |      100 |     100 |       0 | 2-71              
coverage	Run coverage suite	2026-09-10T06:34:08.8338193Z   types.ts         |       0 |        0 |       0 |       0 |                   
coverage	Run coverage suite	2026-09-10T06:34:08.8339144Z  ...s/subscription |     100 |      100 |     100 |     100 |                   
coverage	Run coverage suite	2026-09-10T06:34:08.8340161Z   object.ts        |     100 |      100 |     100 |     100 |                   
coverage	Run coverage suite	2026-09-10T06:34:08.8341042Z   types.ts         |       0 |        0 |       0 |       0 |                   
coverage	Run coverage suite	2026-09-10T06:34:08.8342298Z  src/objects/user  |     100 |      100 |     100 |     100 |                   
coverage	Run coverage suite	2026-09-10T06:34:08.8343296Z   object.ts        |     100 |      100 |     100 |     100 |                   
coverage	Run coverage suite	2026-09-10T06:34:08.8344203Z   types.ts         |       0 |        0 |       0 |       0 |                   
coverage	Run coverage suite	2026-09-10T06:34:08.8345108Z  ...erlays/manager |    92.3 |    87.09 |    87.5 |    92.3 |                   
coverage	Run coverage suite	2026-09-10T06:34:08.8346041Z   OverlayRoot.tsx  |     100 |      100 |     100 |     100 |                   
coverage	Run coverage suite	2026-09-10T06:34:08.8346969Z   focus.ts         |   97.67 |    64.28 |     100 |   97.67 | 57                
coverage	Run coverage suite	2026-09-10T06:34:08.8347873Z   hooks.tsx        |   95.69 |    93.18 |   88.88 |   95.69 | 90-93             
coverage	Run coverage suite	2026-09-10T06:34:08.8348788Z   index.ts         |     100 |      100 |     100 |     100 |                   
coverage	Run coverage suite	2026-09-10T06:34:08.8349732Z   withOverlay.tsx  |   22.22 |      100 |       0 |   22.22 | 5-12              
coverage	Run coverage suite	2026-09-10T06:34:08.8350684Z  src/pages         |       0 |        0 |       0 |       0 |                   
coverage	Run coverage suite	2026-09-10T06:34:08.8351852Z   ...eSettings.tsx |       0 |        0 |       0 |       0 | 1-159             
coverage	Run coverage suite	2026-09-10T06:34:08.8353035Z   index.ts         |       0 |        0 |       0 |       0 | 1                 
coverage	Run coverage suite	2026-09-10T06:34:08.8353968Z  src/parsers       |   77.44 |     81.6 |   95.34 |   77.44 |                   
coverage	Run coverage suite	2026-09-10T06:34:08.8354897Z   index.ts         |    69.9 |    89.47 |   83.33 |    69.9 | ...83-104,140-141 
coverage	Run coverage suite	2026-09-10T06:34:08.8355850Z   object-parser.ts |   89.17 |    84.82 |     100 |   89.17 | ...17,922,952-953 
coverage	Run coverage suite	2026-09-10T06:34:08.8356841Z   ts-parser.ts     |   55.73 |    58.33 |     100 |   55.73 | ...96-306,313-325 
coverage	Run coverage suite	2026-09-10T06:34:08.8357819Z   yaml-parser.ts   |    63.6 |    72.72 |   83.33 |    63.6 | ...41-246,266-272 
coverage	Run coverage suite	2026-09-10T06:34:08.8358797Z  ...nstrumentation |       0 |    33.33 |   33.33 |       0 |                   
coverage	Run coverage suite	2026-09-10T06:34:08.8359714Z   index.ts         |       0 |        0 |       0 |       0 | 1-10              
coverage	Run coverage suite	2026-09-10T06:34:08.8360805Z   profiler.tsx     |       0 |        0 |       0 |       0 | 1-96              
coverage	Run coverage suite	2026-09-10T06:34:08.8361931Z   userTiming.ts    |       0 |      100 |     100 |       0 | 15-132            
coverage	Run coverage suite	2026-09-10T06:34:08.8362911Z  src/registry      |   79.71 |    78.05 |   84.84 |   79.71 |                   
coverage	Run coverage suite	2026-09-10T06:34:08.8363903Z   ...ct-applier.ts |   61.01 |    55.55 |     100 |   61.01 | 21-22,45-50,53-67 
coverage	Run coverage suite	2026-09-10T06:34:08.8364864Z   indexer.ts       |    78.8 |    84.12 |   83.33 |    78.8 | ...50-251,272-273 
coverage	Run coverage suite	2026-09-10T06:34:08.8365778Z   loader.ts        |   65.67 |    59.25 |      60 |   65.67 | ...56-157,180-182 
coverage	Run coverage suite	2026-09-10T06:34:08.8366748Z   ...t-composer.ts |   89.47 |    74.19 |     100 |   89.47 | ...51,155-156,192 
coverage	Run coverage suite	2026-09-10T06:34:08.8367743Z   ...definition.ts |   51.51 |      100 |   66.66 |   51.51 | 258-277           
coverage	Run coverage suite	2026-09-10T06:34:08.8368748Z   ...er-applier.ts |   88.69 |    88.09 |   83.33 |   88.69 | ...28,140,156-157 
coverage	Run coverage suite	2026-09-10T06:34:08.8369754Z   registry.ts      |   77.08 |    75.58 |   82.75 |   77.08 | ...05-506,521-522 
coverage	Run coverage suite	2026-09-10T06:34:08.8370727Z   resolver.ts      |   91.04 |    78.57 |     100 |   91.04 | ...69-170,189-190 
coverage	Run coverage suite	2026-09-10T06:34:08.8371899Z   trait-loader.ts  |   88.28 |    83.87 |   83.33 |   88.28 | ...19-120,152-155 
coverage	Run coverage suite	2026-09-10T06:34:08.8372877Z  src/schemas       |     100 |      100 |     100 |     100 |                   
coverage	Run coverage suite	2026-09-10T06:34:08.8373867Z   ...s-metadata.ts |     100 |      100 |     100 |     100 |                   
coverage	Run coverage suite	2026-09-10T06:34:08.8374809Z   address.ts       |     100 |      100 |     100 |     100 |                   
coverage	Run coverage suite	2026-09-10T06:34:08.8375738Z   ...on-verdict.ts |     100 |      100 |     100 |     100 |                   
coverage	Run coverage suite	2026-09-10T06:34:08.8376736Z  src/schemas/authz |   93.24 |    71.42 |     100 |   93.24 |                   
coverage	Run coverage suite	2026-09-10T06:34:08.8377724Z   ...hip.schema.ts |   82.22 |    77.77 |     100 |   82.22 | 31-36,63-64       
coverage	Run coverage suite	2026-09-10T06:34:08.8378677Z   ...ion.schema.ts |   97.72 |    66.66 |     100 |   97.72 | 50                
coverage	Run coverage suite	2026-09-10T06:34:08.8379615Z   ...chy.schema.ts |     100 |      100 |     100 |     100 |                   
coverage	Run coverage suite	2026-09-10T06:34:08.8380618Z   role.schema.ts   |   96.87 |    33.33 |     100 |   96.87 | 41                
coverage	Run coverage suite	2026-09-10T06:34:08.8381822Z  ...classification |    93.5 |     73.5 |     100 |    93.5 |                   
coverage	Run coverage suite	2026-09-10T06:34:08.8382849Z   category-node.ts |   96.39 |    76.19 |     100 |   96.39 | 107-108,112-113   
coverage	Run coverage suite	2026-09-10T06:34:08.8383860Z   ...n-metadata.ts |     100 |      100 |     100 |     100 |                   
coverage	Run coverage suite	2026-09-10T06:34:08.8384818Z   constants.ts     |     100 |      100 |     100 |     100 |                   
coverage	Run coverage suite	2026-09-10T06:34:08.8385755Z   tag.ts           |   94.87 |    69.23 |     100 |   94.87 | 77-78,82-83       
coverage	Run coverage suite	2026-09-10T06:34:08.8386699Z   ...lationship.ts |   94.44 |    33.33 |     100 |   94.44 | 40-41             
coverage	Run coverage suite	2026-09-10T06:34:08.8387686Z   term-taxonomy.ts |   90.27 |       60 |     100 |   90.27 | ...59-60,63-64,74 
coverage	Run coverage suite	2026-09-10T06:34:08.8388647Z   term.ts          |   92.85 |     12.5 |     100 |   92.85 | 52-53,57-58       
coverage	Run coverage suite	2026-09-10T06:34:08.8389763Z   utils.ts         |   83.13 |    75.86 |     100 |   83.13 | ...62,75-76,84-85 
coverage	Run coverage suite	2026-09-10T06:34:08.8390726Z  .../communication |   82.77 |    63.41 |   69.23 |   82.77 |                   
coverage	Run coverage suite	2026-09-10T06:34:08.8391944Z   channel.ts       |   89.74 |       50 |     100 |   89.74 | ...28-133,149-150 
coverage	Run coverage suite	2026-09-10T06:34:08.8392911Z   common.ts        |   92.15 |    71.42 |     100 |   92.15 | 47-48,67-68       
coverage	Run coverage suite	2026-09-10T06:34:08.8393872Z   conversation.ts  |   70.96 |      100 |       0 |   70.96 | 31-32,35-41       
coverage	Run coverage suite	2026-09-10T06:34:08.8394849Z   ...ery-policy.ts |     100 |      100 |     100 |     100 |                   
coverage	Run coverage suite	2026-09-10T06:34:08.8395825Z   ...age-status.ts |   86.66 |      100 |       0 |   86.66 | 19-20             
coverage	Run coverage suite	2026-09-10T06:34:08.8396792Z   message.ts       |   72.26 |    55.55 |   66.66 |   72.26 | ...15-120,128-129 
coverage	Run coverage suite	2026-09-10T06:34:08.8397912Z   template.ts      |      75 |       75 |     100 |      75 | 42-47,51-56       
coverage	Run coverage suite	2026-09-10T06:34:08.8398889Z  ...as/preferences |   97.14 |    75.75 |     100 |   97.14 |                   
coverage	Run coverage suite	2026-09-10T06:34:08.8399898Z   ...e-document.ts |   94.73 |    68.18 |     100 |   94.73 | 98-99,107-108     
coverage	Run coverage suite	2026-09-10T06:34:08.8400866Z   ...e-metadata.ts |     100 |     90.9 |     100 |     100 | 70                
coverage	Run coverage suite	2026-09-10T06:34:08.8402052Z  src/search        |   76.28 |     57.4 |   83.33 |   76.28 |                   
coverage	Run coverage suite	2026-09-10T06:34:08.8403042Z   ...ted-search.ts |   76.68 |    58.49 |    90.9 |   76.68 | ...34-235,237-238 
coverage	Run coverage suite	2026-09-10T06:34:08.8403987Z   index.ts         |       0 |        0 |       0 |       0 | 1                 
coverage	Run coverage suite	2026-09-10T06:34:08.8404911Z  ...rvices/billing |   80.72 |    78.35 |   74.54 |   80.72 |                   
coverage	Run coverage suite	2026-09-10T06:34:08.8405906Z   ...-ingestion.ts |   90.52 |    85.71 |      50 |   90.52 | ...96-197,203-204 
coverage	Run coverage suite	2026-09-10T06:34:08.8406905Z   ...ce-builder.ts |   93.63 |    56.25 |     100 |   93.63 | ...,91,94,146,155 
coverage	Run coverage suite	2026-09-10T06:34:08.8407858Z   ...aggregator.ts |      93 |    77.08 |     100 |      93 | ...09-310,322-325 
coverage	Run coverage suite	2026-09-10T06:34:08.8408834Z   ...positories.ts |   50.82 |    96.96 |   54.54 |   50.82 | ...49-254,257-262 
coverage	Run coverage suite	2026-09-10T06:34:08.8409839Z  ...classification |   77.08 |    50.42 |    92.1 |   77.08 |                   
coverage	Run coverage suite	2026-09-10T06:34:08.8410801Z   ...rm-adapter.ts |   88.13 |    53.03 |     100 |   88.13 | ...42-343,350-351 
coverage	Run coverage suite	2026-09-10T06:34:08.8411954Z   ...ry-service.ts |   68.15 |    47.05 |   83.33 |   68.15 | ...10-411,413-414 
coverage	Run coverage suite	2026-09-10T06:34:08.8412981Z  ...ces/compliance |   90.33 |    85.84 |    93.1 |   90.33 |                   
coverage	Run coverage suite	2026-09-10T06:34:08.8413990Z   audit-service.ts |   88.88 |     92.3 |    90.9 |   88.88 | ...38-140,246-250 
coverage	Run coverage suite	2026-09-10T06:34:08.8414988Z   rbac-service.ts  |   91.18 |    82.43 |   94.44 |   91.18 | ...29,398,410-414 
coverage	Run coverage suite	2026-09-10T06:34:08.8415991Z  ...rvices/tenancy |    59.4 |    88.37 |   72.88 |    59.4 |                   
coverage	Run coverage suite	2026-09-10T06:34:08.8416975Z   ...e-adapters.ts |   85.16 |    95.23 |   70.73 |   85.16 | ...09,315,319-320 
coverage	Run coverage suite	2026-09-10T06:34:08.8417923Z   index.ts         |       0 |      100 |     100 |       0 | 10-13             
coverage	Run coverage suite	2026-09-10T06:34:08.8418870Z   ...cy-context.ts |   75.44 |    80.95 |      75 |   75.44 | ...47-253,260-272 
coverage	Run coverage suite	2026-09-10T06:34:08.8419846Z   ...t-resolver.ts |       0 |      100 |     100 |       0 | 43-242            
coverage	Run coverage suite	2026-09-10T06:34:08.8420902Z  src/services/time |   94.36 |    88.23 |   95.83 |   94.36 |                   
coverage	Run coverage suite	2026-09-10T06:34:08.8422070Z   index.ts         |   94.36 |    88.23 |   95.83 |   94.36 | ...04-205,215-216 
coverage	Run coverage suite	2026-09-10T06:34:08.8423045Z  src/styles        |   66.66 |    33.33 |     100 |   66.66 |                   
coverage	Run coverage suite	2026-09-10T06:34:08.8424014Z   breakpoints.ts   |   66.66 |    33.33 |     100 |   66.66 | 23-26             
coverage	Run coverage suite	2026-09-10T06:34:08.8425009Z  ...tooling/tokens |      76 |    65.95 |   88.88 |      76 |                   
coverage	Run coverage suite	2026-09-10T06:34:08.8425956Z   dtcg.ts          |      76 |    65.95 |   88.88 |      76 | ...23-226,240-242 
coverage	Run coverage suite	2026-09-10T06:34:08.8427101Z  src/traits        |   82.08 |    66.66 |     100 |   82.08 |                   
coverage	Run coverage suite	2026-09-10T06:34:08.8428029Z   adapter.ts       |   82.08 |    66.66 |     100 |   82.08 | ...62,71-72,83-84 
coverage	Run coverage suite	2026-09-10T06:34:08.8428992Z  ...onable/contrib |    87.5 |    85.71 |     100 |    87.5 |                   
coverage	Run coverage suite	2026-09-10T06:34:08.8429985Z   ...ributions.tsx |    87.5 |    85.71 |     100 |    87.5 | 25-29,48-49       
coverage	Run coverage suite	2026-09-10T06:34:08.8430973Z  ...itable/contrib |   87.27 |    45.45 |     100 |   87.27 |                   
coverage	Run coverage suite	2026-09-10T06:34:08.8432196Z   ...ributions.tsx |   87.27 |    45.45 |     100 |   87.27 | 12-13,25-30,49    
coverage	Run coverage suite	2026-09-10T06:34:08.8433216Z  ...raits/Billable |   92.45 |    61.11 |     100 |   92.45 |                   
coverage	Run coverage suite	2026-09-10T06:34:08.8434201Z   view.tsx         |   92.45 |    61.11 |     100 |   92.45 | ...42,62-63,85,95 
coverage	Run coverage suite	2026-09-10T06:34:08.8435359Z  ...ts/Cancellable |   90.74 |    66.66 |     100 |   90.74 |                   
coverage	Run coverage suite	2026-09-10T06:34:08.8436336Z   view.tsx         |   90.74 |    66.66 |     100 |   90.74 | 20-21,53-55,61    
coverage	Run coverage suite	2026-09-10T06:34:08.8437317Z  ...ts/SaaSBilling |       0 |        0 |       0 |       0 |                   
coverage	Run coverage suite	2026-09-10T06:34:08.8438269Z   index.ts         |       0 |        0 |       0 |       0 | 1-2               
coverage	Run coverage suite	2026-09-10T06:34:08.8439218Z  ...illing/Payable |    96.5 |    63.75 |     100 |    96.5 |                   
coverage	Run coverage suite	2026-09-10T06:34:08.8440238Z   view.tsx         |    96.5 |    63.75 |     100 |    96.5 | ...41,551,564,572 
coverage	Run coverage suite	2026-09-10T06:34:08.8441222Z  ...ing/Refundable |     100 |      100 |     100 |     100 |                   
coverage	Run coverage suite	2026-09-10T06:34:08.8442404Z   view.tsx         |     100 |      100 |     100 |     100 |                   
coverage	Run coverage suite	2026-09-10T06:34:08.8443434Z  ...raits/Stateful |    92.2 |    79.31 |     100 |    92.2 |                   
coverage	Run coverage suite	2026-09-10T06:34:08.8444406Z   view.tsx         |    92.2 |    79.31 |     100 |    92.2 | ...35-136,156-157 
coverage	Run coverage suite	2026-09-10T06:34:08.8445357Z  ...its/Statusable |   69.23 |    59.09 |     100 |   69.23 |                   
coverage	Run coverage suite	2026-09-10T06:34:08.8446296Z   types.ts         |       0 |        0 |       0 |       0 |                   
coverage	Run coverage suite	2026-09-10T06:34:08.8447230Z   utils.ts         |   69.23 |    57.14 |     100 |   69.23 | ...68,79-85,93-99 
coverage	Run coverage suite	2026-09-10T06:34:08.8448195Z  ...usable/contrib |   79.77 |    52.63 |   77.77 |   79.77 |                   
coverage	Run coverage suite	2026-09-10T06:34:08.8449199Z   ...ributions.tsx |   79.77 |    52.63 |   77.77 |   79.77 | ...32,147,155-180 
coverage	Run coverage suite	2026-09-10T06:34:08.8450191Z  ...raits/Taggable |     100 |      100 |     100 |     100 |                   
coverage	Run coverage suite	2026-09-10T06:34:08.8451135Z   types.ts         |       0 |        0 |       0 |       0 |                   
coverage	Run coverage suite	2026-09-10T06:34:08.8452245Z   view.tsx         |     100 |      100 |     100 |     100 |                   
coverage	Run coverage suite	2026-09-10T06:34:08.8453211Z  ...ggable/contrib |   92.18 |    64.28 |     100 |   92.18 |                   
coverage	Run coverage suite	2026-09-10T06:34:08.8454213Z   ...ributions.tsx |   92.18 |    64.28 |     100 |   92.18 | 23-24,30,46-47    
coverage	Run coverage suite	2026-09-10T06:34:08.8455195Z  .../Timestampable |   93.58 |    46.51 |     100 |   93.58 |                   
coverage	Run coverage suite	2026-09-10T06:34:08.8456122Z   view.tsx         |   93.58 |    46.51 |     100 |   93.58 | ...31,234-235,285 
coverage	Run coverage suite	2026-09-10T06:34:08.8457060Z  ...ts/addressable |   80.46 |     66.1 |   95.61 |   80.46 |                   
coverage	Run coverage suite	2026-09-10T06:34:08.8458046Z   address-entry.ts |   73.33 |    72.72 |      80 |   73.33 | ...43,46-49,92-99 
coverage	Run coverage suite	2026-09-10T06:34:08.8459019Z   ...-formatter.ts |   83.75 |    67.44 |     100 |   83.75 | ...04-205,213-214 
coverage	Run coverage suite	2026-09-10T06:34:08.8459998Z   address-store.ts |   88.27 |    73.58 |     100 |   88.27 | ...51,169-170,206 
coverage	Run coverage suite	2026-09-10T06:34:08.8460990Z   ...able-trait.ts |   96.49 |    84.21 |     100 |   96.49 | 115-116           
coverage	Run coverage suite	2026-09-10T06:34:08.8462178Z   ...-extractor.ts |   65.42 |    61.22 |     100 |   65.42 | ...64-266,277-278 
coverage	Run coverage suite	2026-09-10T06:34:08.8463182Z   ...t-resolver.ts |   94.44 |    94.44 |     100 |   94.44 | 45-46             
coverage	Run coverage suite	2026-09-10T06:34:08.8464165Z   ...-templates.ts |   79.66 |       75 |     100 |   79.66 | 31-32,53-54,71-79 
coverage	Run coverage suite	2026-09-10T06:34:08.8465329Z   geocoder.ts      |   77.77 |       25 |     100 |   77.77 | 24-25,32-33,37-38 
coverage	Run coverage suite	2026-09-10T06:34:08.8466304Z   ...av-adapter.ts |   75.94 |    42.66 |    87.5 |   75.94 | ...22,424-425,428 
coverage	Run coverage suite	2026-09-10T06:34:08.8467302Z   role-manager.ts  |   95.74 |    82.35 |    87.5 |   95.74 | 61-62             
coverage	Run coverage suite	2026-09-10T06:34:08.8468287Z   ...ate-parser.ts |   79.43 |    56.09 |     100 |   79.43 | ...10-211,217-218 
coverage	Run coverage suite	2026-09-10T06:34:08.8469262Z   ...-lifecycle.ts |   90.17 |    84.31 |     100 |   90.17 | ...22-127,158-159 
coverage	Run coverage suite	2026-09-10T06:34:08.8470235Z   ...on-service.ts |    88.5 |    66.66 |    87.5 |    88.5 | ...52-153,167-168 
coverage	Run coverage suite	2026-09-10T06:34:08.8471221Z  src/traits/authz  |   73.43 |    69.95 |   83.33 |   73.43 |                   
coverage	Run coverage suite	2026-09-10T06:34:08.8472456Z   authz-trait.ts   |   83.96 |    81.42 |   81.25 |   83.96 | ...56-257,310-312 
coverage	Run coverage suite	2026-09-10T06:34:08.8473637Z   ...nt-service.ts |   75.13 |    66.66 |   86.66 |   75.13 | ...04-209,231-232 
coverage	Run coverage suite	2026-09-10T06:34:08.8474598Z   ...ip-service.ts |   81.15 |     64.7 |     100 |   81.15 | 64-65,68-72,80-85 
coverage	Run coverage suite	2026-09-10T06:34:08.8475579Z   ...h-resolver.ts |   71.01 |    57.14 |   66.66 |   71.01 | ...32-136,139-143 
coverage	Run coverage suite	2026-09-10T06:34:08.8476566Z   runtime-types.ts |      80 |    66.66 |     100 |      80 | 27-28             
coverage	Run coverage suite	2026-09-10T06:34:08.8477537Z   ...a-registry.ts |   82.78 |    81.81 |   76.47 |   82.78 | ...71-175,178-179 
coverage	Run coverage suite	2026-09-10T06:34:08.8478509Z   ...-validator.ts |   54.02 |    57.14 |      50 |   54.02 | ...18-124,127-130 
coverage	Run coverage suite	2026-09-10T06:34:08.8479510Z   ...cy-builder.ts |   83.51 |    60.86 |     100 |   83.51 | ...93-294,301-302 
coverage	Run coverage suite	2026-09-10T06:34:08.8480487Z   sod-validator.ts |   86.02 |    66.66 |     100 |   86.02 | ...06-207,211-217 
coverage	Run coverage suite	2026-09-10T06:34:08.8481494Z   ...-generator.ts |       0 |        0 |       0 |       0 | 1-112             
coverage	Run coverage suite	2026-09-10T06:34:08.8482718Z  ...ts/authz/cache |       0 |    33.33 |   33.33 |       0 |                   
coverage	Run coverage suite	2026-09-10T06:34:08.8483709Z   cache-warmer.ts  |       0 |      100 |     100 |       0 | 31-92             
coverage	Run coverage suite	2026-09-10T06:34:08.8484669Z   ...sion-cache.ts |       0 |        0 |       0 |       0 | 1-402             
coverage	Run coverage suite	2026-09-10T06:34:08.8485655Z   redis-adapter.ts |       0 |        0 |       0 |       0 | 1-128             
coverage	Run coverage suite	2026-09-10T06:34:08.8486643Z  ...assifiable/tag |   77.69 |    65.85 |   77.41 |   77.69 |                   
coverage	Run coverage suite	2026-09-10T06:34:08.8487651Z   spam-detector.ts |   83.87 |    77.77 |      90 |   83.87 | ...50-151,156-157 
coverage	Run coverage suite	2026-09-10T06:34:08.8488657Z   ...nym-mapper.ts |   53.33 |     64.7 |    62.5 |   53.33 | ...72,75-80,85-88 
coverage	Run coverage suite	2026-09-10T06:34:08.8489611Z   tag-manager.ts   |      80 |    66.66 |   66.66 |      80 | ...22-135,142-143 
coverage	Run coverage suite	2026-09-10T06:34:08.8490588Z   tag-merger.ts    |   88.31 |    35.71 |     100 |   88.31 | ...82-83,85-86,97 
coverage	Run coverage suite	2026-09-10T06:34:08.8491775Z  .../communication |   75.48 |    69.93 |   79.83 |   75.48 |                   
coverage	Run coverage suite	2026-09-10T06:34:08.8492812Z   ...l-resolver.ts |   84.93 |    82.75 |     100 |   84.93 | ...55,73-74,92-96 
coverage	Run coverage suite	2026-09-10T06:34:08.8493857Z   ...tion-trait.ts |   66.66 |    70.73 |   69.56 |   66.66 | ...18-219,223-237 
coverage	Run coverage suite	2026-09-10T06:34:08.8494820Z   ...ry-service.ts |   83.62 |    62.06 |     100 |   83.62 | ...37,151,153,155 
coverage	Run coverage suite	2026-09-10T06:34:08.8495756Z   ...cy-builder.ts |    88.8 |    78.78 |   84.21 |    88.8 | ...65-166,183-185 
coverage	Run coverage suite	2026-09-10T06:34:08.8496682Z   ...rs-checker.ts |   55.17 |       40 |    87.5 |   55.17 | ...20-123,128-129 
coverage	Run coverage suite	2026-09-10T06:34:08.8497576Z   ...-scheduler.ts |   88.23 |    52.94 |     100 |   88.23 | 32,35,44-45       
coverage	Run coverage suite	2026-09-10T06:34:08.8498533Z   runtime-types.ts |   84.09 |       20 |     100 |   84.09 | 169-170,172-176   
coverage	Run coverage suite	2026-09-10T06:34:08.8499488Z   ...a-registry.ts |   86.79 |       80 |   91.66 |   86.79 | ...09-110,152-155 
coverage	Run coverage suite	2026-09-10T06:34:08.8500449Z   ...-validator.ts |   71.97 |    66.66 |   55.55 |   71.97 | ...03-204,208-214 
coverage	Run coverage suite	2026-09-10T06:34:08.8501399Z   sla-monitor.ts   |   94.73 |    87.87 |     100 |   94.73 | ...80-181,187-188 
coverage	Run coverage suite	2026-09-10T06:34:08.8502836Z   ...g-enforcer.ts |   75.83 |    70.37 |   88.88 |   75.83 | ...16-117,154-161 
coverage	Run coverage suite	2026-09-10T06:34:08.8503802Z   ...ling-store.ts |   48.96 |    77.27 |   46.66 |   48.96 | ...26,169-170,181 
coverage	Run coverage suite	2026-09-10T06:34:08.8504714Z  ...cation/bridges |   81.97 |    54.76 |   93.33 |   81.97 |                   
coverage	Run coverage suite	2026-09-10T06:34:08.8505721Z   ...ble-bridge.ts |   95.45 |    81.81 |     100 |   95.45 | 46-47             
coverage	Run coverage suite	2026-09-10T06:34:08.8506748Z   ...ble-bridge.ts |   77.34 |    45.16 |   88.88 |   77.34 | ...38-139,143-144 
coverage	Run coverage suite	2026-09-10T06:34:08.8507753Z  ...nication/queue |   18.08 |       75 |      60 |   18.08 |                   
coverage	Run coverage suite	2026-09-10T06:34:08.8508721Z   ...ry-adapter.ts |   45.29 |    78.57 |   61.53 |   45.29 | ...00-117,120-124 
coverage	Run coverage suite	2026-09-10T06:34:08.8509720Z   queue-adapter.ts |       0 |        0 |       0 |       0 |                   
coverage	Run coverage suite	2026-09-10T06:34:08.8510906Z   redis-adapter.ts |       0 |        0 |       0 |       0 | 1-237             
coverage	Run coverage suite	2026-09-10T06:34:08.8512126Z  ...preferenceable |   81.14 |    69.51 |   78.75 |   81.14 |                   
coverage	Run coverage suite	2026-09-10T06:34:08.8513171Z   ...ty-checker.ts |   85.49 |     87.8 |     100 |   85.49 | ...63-165,167-176 
coverage	Run coverage suite	2026-09-10T06:34:08.8514164Z   ...e-migrator.ts |   65.31 |    57.14 |   77.77 |   65.31 | ...83-187,190-223 
coverage	Run coverage suite	2026-09-10T06:34:08.8515147Z   ...ion-logger.ts |   67.14 |    55.55 |      50 |   67.14 | ...13-119,122-134 
coverage	Run coverage suite	2026-09-10T06:34:08.8516128Z   ...ence-store.ts |      87 |    69.81 |   81.25 |      87 | ...30-231,241-244 
coverage	Run coverage suite	2026-09-10T06:34:08.8517082Z   ...able-trait.ts |   81.81 |      100 |   66.66 |   81.81 | 46-47,54-55,62-63 
coverage	Run coverage suite	2026-09-10T06:34:08.8518039Z   read-repair.ts   |   84.93 |       70 |     100 |   84.93 | ...84-185,192-193 
coverage	Run coverage suite	2026-09-10T06:34:08.8519026Z   ...a-registry.ts |   82.14 |    60.86 |      70 |   82.14 | ...47-148,156-158 
coverage	Run coverage suite	2026-09-10T06:34:08.8520014Z   ...-validator.ts |   93.87 |      100 |   66.66 |   93.87 | 41-43             
coverage	Run coverage suite	2026-09-10T06:34:08.8520997Z   ...-generator.ts |     100 |      100 |     100 |     100 |                   
coverage	Run coverage suite	2026-09-10T06:34:08.8522222Z   ...on-tracker.ts |      82 |       50 |     100 |      82 | ...04-107,142-143 
coverage	Run coverage suite	2026-09-10T06:34:08.8523239Z  ...enceable/cache |   78.66 |     74.6 |   90.62 |   78.66 |                   
coverage	Run coverage suite	2026-09-10T06:34:08.8524228Z   cache-warmer.ts  |   94.91 |    68.75 |     100 |   94.91 | 57-59             
coverage	Run coverage suite	2026-09-10T06:34:08.8525230Z   ...ence-cache.ts |    85.3 |    78.26 |   91.66 |    85.3 | ...59-260,262-263 
coverage	Run coverage suite	2026-09-10T06:34:08.8526184Z   redis-adapter.ts |       0 |        0 |       0 |       0 | 1-49              
coverage	Run coverage suite	2026-09-10T06:34:08.8527165Z  ...e/notification |   83.28 |    78.87 |   74.07 |   83.28 |                   
coverage	Run coverage suite	2026-09-10T06:34:08.8528125Z   ...nel-router.ts |   77.77 |       75 |      50 |   77.77 | ...60,63-64,67-68 
coverage	Run coverage suite	2026-09-10T06:34:08.8529096Z   ...ion-matrix.ts |   90.03 |    79.62 |   92.85 |   90.03 | ...22-323,326-327 
coverage	Run coverage suite	2026-09-10T06:34:08.8530056Z   ...nce-filter.ts |      54 |    77.77 |   57.14 |      54 | ...60,65-74,78-84 
coverage	Run coverage suite	2026-09-10T06:34:08.8531041Z  ...enceable/query |    86.2 |    64.28 |   88.88 |    86.2 |                   
coverage	Run coverage suite	2026-09-10T06:34:08.8532348Z   ...ed-queries.ts |    86.2 |    64.28 |   88.88 |    86.2 | ...03-104,140-141 
coverage	Run coverage suite	2026-09-10T06:34:08.8533356Z  ...ts/viz/spatial |   95.88 |    90.86 |     100 |   95.88 |                   
coverage	Run coverage suite	2026-09-10T06:34:08.8534342Z   ...tion.trait.ts |     100 |      100 |     100 |     100 |                   
coverage	Run coverage suite	2026-09-10T06:34:08.8535296Z   ...rlay.trait.ts |     100 |      100 |     100 |     100 |                   
coverage	Run coverage suite	2026-09-10T06:34:08.8536293Z   ...d-detector.ts |    97.2 |    94.95 |     100 |    97.2 | ...96-297,384-387 
coverage	Run coverage suite	2026-09-10T06:34:08.8537248Z   index.ts         |       0 |      100 |     100 |       0 | 8-47              
coverage	Run coverage suite	2026-09-10T06:34:08.8538201Z   ...compositor.ts |   97.14 |    89.47 |     100 |   97.14 | 62-64             
coverage	Run coverage suite	2026-09-10T06:34:08.8539190Z   ...-generator.ts |   84.96 |    79.48 |     100 |   84.96 | ...42-151,243-244 
coverage	Run coverage suite	2026-09-10T06:34:08.8540421Z  src/utils         |   80.98 |    67.74 |    87.5 |   80.98 |                   
coverage	Run coverage suite	2026-09-10T06:34:08.8541395Z   design-tokens.ts |     100 |        0 |     100 |     100 | 22-30             
coverage	Run coverage suite	2026-09-10T06:34:08.8542621Z   format.ts        |      90 |    84.61 |     100 |      90 | ...,94-95,129-130 
coverage	Run coverage suite	2026-09-10T06:34:08.8543603Z   token-values.ts  |   64.51 |    52.94 |      75 |   64.51 | ...57,62-66,78-84 
coverage	Run coverage suite	2026-09-10T06:34:08.8544630Z  src/utils/billing |   96.02 |    87.09 |     100 |   96.02 |                   
coverage	Run coverage suite	2026-09-10T06:34:08.8545673Z   state-guards.ts  |   96.02 |    87.09 |     100 |   96.02 | 174-175,261-264   
coverage	Run coverage suite	2026-09-10T06:34:08.8546653Z  src/utils/hash    |   15.21 |       75 |      50 |   15.21 |                   
coverage	Run coverage suite	2026-09-10T06:34:08.8547617Z   sha256.ts        |   15.21 |       75 |      50 |   15.21 | 19,32-128         
coverage	Run coverage suite	2026-09-10T06:34:08.8548775Z  src/validation    |   79.28 |    82.75 |   70.43 |   79.28 |                   
coverage	Run coverage suite	2026-09-10T06:34:08.8549777Z   ...ransformer.ts |   85.45 |    85.41 |     100 |   85.45 | ...93,125,140-141 
coverage	Run coverage suite	2026-09-10T06:34:08.8550771Z   ...tion-rules.ts |   73.07 |    57.14 |     100 |   73.07 | 32-45             
coverage	Run coverage suite	2026-09-10T06:34:08.8551961Z   ...-validator.ts |   86.66 |      100 |   71.42 |   86.66 | 59-60,102-107     
coverage	Run coverage suite	2026-09-10T06:34:08.8552959Z   formatter.ts     |   77.59 |    82.52 |   60.34 |   77.59 | ...54,368,427-452 
coverage	Run coverage suite	2026-09-10T06:34:08.8553908Z   index.ts         |     100 |      100 |     100 |     100 |                   
coverage	Run coverage suite	2026-09-10T06:34:08.8554836Z   ...-validator.ts |   90.96 |    87.87 |   84.61 |   90.96 | ...45-146,225-230 
coverage	Run coverage suite	2026-09-10T06:34:08.8555802Z   pipeline.ts      |    63.9 |    77.14 |   73.68 |    63.9 | ...28-337,361-362 
coverage	Run coverage suite	2026-09-10T06:34:08.8556777Z   schema-loader.ts |   72.41 |    64.28 |   77.77 |   72.41 | ...18-119,127-138 
coverage	Run coverage suite	2026-09-10T06:34:08.8557755Z   types.ts         |     100 |      100 |     100 |     100 |                   
coverage	Run coverage suite	2026-09-10T06:34:08.8558689Z   ...ransformer.ts |   88.65 |    85.29 |     100 |   88.65 | ...11-115,153-154 
coverage	Run coverage suite	2026-09-10T06:34:08.8559701Z  ...tion/reporters |   83.08 |    36.73 |   91.66 |   83.08 |                   
coverage	Run coverage suite	2026-09-10T06:34:08.8560658Z   github.ts        |    87.5 |    44.44 |     100 |    87.5 | ...,84-85,117-118 
coverage	Run coverage suite	2026-09-10T06:34:08.8561742Z   index.ts         |     100 |      100 |     100 |     100 |                   
coverage	Run coverage suite	2026-09-10T06:34:08.8562703Z   json.ts          |     100 |    66.66 |     100 |     100 | 38                
coverage	Run coverage suite	2026-09-10T06:34:08.8563605Z   text.ts          |   78.26 |    28.57 |      80 |   78.26 | ...68-171,180-184 
coverage	Run coverage suite	2026-09-10T06:34:08.8564538Z  ...lidation/rules |   80.61 |    67.11 |     100 |   80.61 |                   
coverage	Run coverage suite	2026-09-10T06:34:08.8565522Z   collisions.ts    |   95.23 |       68 |     100 |   95.23 | 15,24             
coverage	Run coverage suite	2026-09-10T06:34:08.8566485Z   dependencies.ts  |   71.92 |       80 |     100 |   71.92 | 16-17,23-36       
coverage	Run coverage suite	2026-09-10T06:34:08.8567424Z   index.ts         |     100 |      100 |     100 |     100 |                   
coverage	Run coverage suite	2026-09-10T06:34:08.8568382Z   semantics.ts     |   78.94 |       52 |     100 |   78.94 | ...25,45-54,61-62 
coverage	Run coverage suite	2026-09-10T06:34:08.8569345Z   state-machine.ts |   57.29 |    71.42 |     100 |   57.29 | ...92-101,104-113 
coverage	Run coverage suite	2026-09-10T06:34:08.8570288Z   tokens.ts        |   95.52 |    66.66 |     100 |   95.52 | 24,28-29          
coverage	Run coverage suite	2026-09-10T06:34:08.8571198Z   types.ts         |       0 |        0 |       0 |       0 |                   
coverage	Run coverage suite	2026-09-10T06:34:08.8572368Z   ...extensions.ts |   94.93 |    68.75 |     100 |   94.93 | 24,28,32-33       
coverage	Run coverage suite	2026-09-10T06:34:08.8573324Z  src/view          |   97.18 |    86.36 |     100 |   97.18 |                   
coverage	Run coverage suite	2026-09-10T06:34:08.8574280Z   context.ts       |     100 |      100 |     100 |     100 |                   
coverage	Run coverage suite	2026-09-10T06:34:08.8575221Z   extensions.ts    |   96.61 |    85.71 |     100 |   96.61 | 42-43             
coverage	Run coverage suite	2026-09-10T06:34:08.8576216Z  ...iew/compositor |   94.66 |    84.21 |     100 |   94.66 |                   
coverage	Run coverage suite	2026-09-10T06:34:08.8577415Z   composeDebug.ts  |   96.61 |    83.33 |     100 |   96.61 | 46-47             
coverage	Run coverage suite	2026-09-10T06:34:08.8578382Z   ...Extensions.ts |   93.87 |    84.37 |     100 |   93.87 | ...25,188-189,192 
coverage	Run coverage suite	2026-09-10T06:34:08.8579288Z  src/viz           |       0 |      100 |     100 |       0 |                   
coverage	Run coverage suite	2026-09-10T06:34:08.8580194Z   index.ts         |       0 |      100 |     100 |       0 | 4-131             
coverage	Run coverage suite	2026-09-10T06:34:08.8581135Z  ...apters/echarts |    90.7 |    73.92 |   96.34 |    90.7 |                   
coverage	Run coverage suite	2026-09-10T06:34:08.8582367Z   graph-adapter.ts |   96.56 |    85.03 |     100 |   96.56 | ...10-411,427-428 
coverage	Run coverage suite	2026-09-10T06:34:08.8583367Z   ...rchy-utils.ts |   87.25 |    71.79 |     100 |   87.25 | ...12-113,122-125 
coverage	Run coverage suite	2026-09-10T06:34:08.8584351Z   ...ey-adapter.ts |   85.32 |    78.02 |   85.71 |   85.32 | ...92-393,409-410 
coverage	Run coverage suite	2026-09-10T06:34:08.8585491Z   ...st-adapter.ts |   90.32 |    51.21 |     100 |   90.32 | ...95-196,212-213 
coverage	Run coverage suite	2026-09-10T06:34:08.8586479Z   ...ap-adapter.ts |   91.26 |    58.82 |     100 |   91.26 | ...23-224,240-241 
coverage	Run coverage suite	2026-09-10T06:34:08.8587473Z  ...apters/spatial |   80.97 |    74.52 |   92.68 |   80.97 |                   
coverage	Run coverage suite	2026-09-10T06:34:08.8588445Z   ...le-adapter.ts |   67.09 |    53.33 |   83.33 |   67.09 | ...18-228,234-282 
coverage	Run coverage suite	2026-09-10T06:34:08.8589449Z   ...th-adapter.ts |    63.8 |     42.3 |    87.5 |    63.8 | ...84,107,149-193 
coverage	Run coverage suite	2026-09-10T06:34:08.8590439Z   ...gistration.ts |   64.15 |    61.53 |      60 |   64.15 | ...63,70-71,74-75 
coverage	Run coverage suite	2026-09-10T06:34:08.8591419Z   ...al-adapter.ts |   93.25 |    77.14 |     100 |   93.25 | 51-52,62-63,83-84 
coverage	Run coverage suite	2026-09-10T06:34:08.8592633Z   ...-generator.ts |    76.4 |     62.5 |   83.33 |    76.4 | ...-65,76,101-102 
coverage	Run coverage suite	2026-09-10T06:34:08.8593624Z   ...ata-joiner.ts |   92.37 |    78.94 |     100 |   92.37 | 31-32,57-58,88-92 
coverage	Run coverage suite	2026-09-10T06:34:08.8594601Z   ...a-resolver.ts |   93.58 |    81.81 |     100 |   93.58 | 70-71,99-101      
coverage	Run coverage suite	2026-09-10T06:34:08.8595559Z   geo-fetch.ts     |   91.86 |     87.5 |     100 |   91.86 | ...03-104,126-127 
coverage	Run coverage suite	2026-09-10T06:34:08.8596574Z   ...mat-parser.ts |   92.43 |    94.64 |     100 |   92.43 | ...11-113,130-131 
coverage	Run coverage suite	2026-09-10T06:34:08.8597519Z   index.ts         |       0 |      100 |     100 |       0 | 7-22              
coverage	Run coverage suite	2026-09-10T06:34:08.8598438Z   ...le-adapter.ts |   78.35 |    66.66 |     100 |   78.35 | ...02-110,117-129 
coverage	Run coverage suite	2026-09-10T06:34:08.8599421Z   ...th-adapter.ts |   89.61 |    88.23 |     100 |   89.61 | 55-63             
coverage	Run coverage suite	2026-09-10T06:34:08.8600396Z   ...ection-map.ts |     100 |       80 |     100 |     100 | 28                
coverage	Run coverage suite	2026-09-10T06:34:08.8601359Z   ...-scale-map.ts |   93.33 |       80 |     100 |   93.33 | 34-35             
coverage	Run coverage suite	2026-09-10T06:34:08.8602613Z   ...al-adapter.ts |   92.25 |    82.45 |     100 |   92.25 | ...,98-99,137-138 
coverage	Run coverage suite	2026-09-10T06:34:08.8603632Z  src/viz/contexts  |   81.81 |      100 |      75 |   81.81 |                   
coverage	Run coverage suite	2026-09-10T06:34:08.8604626Z   ...l-context.tsx |   81.81 |      100 |      75 |   81.81 | 97-107            
coverage	Run coverage suite	2026-09-10T06:34:08.8605617Z  src/viz/hooks     |   89.89 |    77.41 |   94.44 |   89.89 |                   
coverage	Run coverage suite	2026-09-10T06:34:08.8606572Z   index.ts         |       0 |        0 |       0 |       0 | 1-5               
coverage	Run coverage suite	2026-09-10T06:34:08.8619751Z   useBrush.ts      |   95.12 |    85.71 |     100 |   95.12 | 52-53             
coverage	Run coverage suite	2026-09-10T06:34:08.8620795Z   useFilter.ts     |   95.12 |    66.66 |     100 |   95.12 | 52-53             
coverage	Run coverage suite	2026-09-10T06:34:08.8622047Z   useHighlight.ts  |   94.28 |       80 |     100 |   94.28 | 15-16             
coverage	Run coverage suite	2026-09-10T06:34:08.8623104Z   ...Projection.ts |   91.52 |    94.44 |     100 |   91.52 | 79-83             
coverage	Run coverage suite	2026-09-10T06:34:08.8624110Z   ...patialSpec.ts |   86.02 |    73.33 |     100 |   86.02 | ...44-145,172-173 
coverage	Run coverage suite	2026-09-10T06:34:08.8625065Z   useTooltip.ts    |   92.59 |       80 |     100 |   92.59 | 12-13             
coverage	Run coverage suite	2026-09-10T06:34:08.8626021Z   useZoom.ts       |   95.23 |    66.66 |     100 |   95.23 | 52-53             
coverage	Run coverage suite	2026-09-10T06:34:08.8626978Z  ...z/interactions |   78.73 |    45.94 |    90.9 |   78.73 |                   
coverage	Run coverage suite	2026-09-10T06:34:08.8628195Z   ...er-actions.ts |   83.53 |    47.22 |     100 |   83.53 | ...03-204,210-215 
coverage	Run coverage suite	2026-09-10T06:34:08.8629181Z   ...er-reducer.ts |       0 |        0 |       0 |       0 | 1-27              
coverage	Run coverage suite	2026-09-10T06:34:08.8630155Z  src/viz/layout    |   71.69 |    57.89 |     100 |   71.69 |                   
coverage	Run coverage suite	2026-09-10T06:34:08.8631167Z   keyboard-nav.ts  |   71.69 |    57.89 |     100 |   71.69 | ...48,56-57,61-62 
coverage	Run coverage suite	2026-09-10T06:34:08.8633587Z  src/viz/patterns  |   55.18 |     69.6 |   94.59 |   55.18 |                   
coverage	Run coverage suite	2026-09-10T06:34:08.8634641Z   ...k-scaffold.ts |   99.24 |    97.22 |     100 |   99.24 | 46                
coverage	Run coverage suite	2026-09-10T06:34:08.8635609Z   ...-generator.ts |   72.49 |    50.57 |     100 |   72.49 | ...76-477,487-488 
coverage	Run coverage suite	2026-09-10T06:34:08.8636570Z   ...-detection.ts |    92.1 |    86.76 |   91.66 |    92.1 | ...2,36-37,93-100 
coverage	Run coverage suite	2026-09-10T06:34:08.8637747Z   ...l-scaffold.ts |     100 |    33.33 |     100 |     100 | 20-22,112-115     
coverage	Run coverage suite	2026-09-10T06:34:08.8638713Z   ...-chart-cli.ts |       0 |        0 |       0 |       0 | 1-458             
coverage	Run coverage suite	2026-09-10T06:34:08.8639735Z  src/viz/perf      |       0 |        0 |       0 |       0 |                   
coverage	Run coverage suite	2026-09-10T06:34:08.8640686Z   ...benchmarks.ts |       0 |        0 |       0 |       0 | 1-803             
coverage	Run coverage suite	2026-09-10T06:34:08.8641910Z  src/viz/resolver  |     100 |      100 |     100 |     100 |                   
coverage	Run coverage suite	2026-09-10T06:34:08.8642944Z   ...w-resolver.ts |     100 |      100 |     100 |     100 |                   
coverage	Run coverage suite	2026-09-10T06:34:08.8643901Z  src/viz/runtime   |      68 |       60 |   66.66 |      68 |                   
coverage	Run coverage suite	2026-09-10T06:34:08.8644928Z   ...bed-loader.ts |      68 |       60 |   66.66 |      68 | ...20,25-26,33-34 
coverage	Run coverage suite	2026-09-10T06:34:08.8645910Z  src/viz/tooltip   |   42.97 |    83.33 |   55.55 |   42.97 |                   
coverage	Run coverage suite	2026-09-10T06:34:08.8646890Z   ...tip-config.ts |   42.97 |    83.33 |   55.55 |   42.97 | ...92-132,141-166 
coverage	Run coverage suite	2026-09-10T06:34:08.8647886Z  ...viz/validation |   89.11 |    82.35 |     100 |   89.11 |                   
coverage	Run coverage suite	2026-09-10T06:34:08.8648873Z   ...validators.ts |   89.11 |    82.35 |     100 |   89.11 | ...12,139,147-150 
coverage	Run coverage suite	2026-09-10T06:34:08.8649935Z -------------------|---------|----------|---------|---------|-------------------
coverage	Run coverage suite	2026-09-10T06:34:09.4553034Z  ELIFECYCLE  Command failed with exit code 1.
coverage	Run coverage suite	2026-09-10T06:34:09.4853995Z ##[error]Process completed with exit code 1.
