$ pnpm exec vitest run --project core --reporter=default --reporter=json --outputFile=/var/folders/gd/rty3217130vdbr9_q713nvg80000gn/T/oods-s185-m01-baseline-JGqy8q/run-2-root-core.json
exitCode=1
startedAt=2026-09-06T01:39:32.137Z
endedAt=2026-09-06T01:42:11.330Z
durationMs=159190.642
[stdout]

 RUN  v3.2.4 /Users/systemsystems/.codex/worktrees/s185-proof/OODS-Forge

 ❯ |core| tests/verification/s177-prose-carriers.contract.test.ts (6 tests | 1 failed) 24ms
   ✓ Sprint 177 prose truth carriers > documents the caller-owned wrapper required by brand-relative presets 1ms
   ✓ Sprint 177 prose truth carriers > routes token-helper consumers through the public viz-core export 1ms
   ✓ Sprint 177 prose truth carriers > records the shipped BUILD_STALE fix without reviving its workaround 1ms
   × Sprint 177 prose truth carriers > keeps current roadmap authority separate from frozen history and sibling execution 18ms
     → expected '# Near Roadmap\n\n**Status:** ACTIVE …' to contain '**Status:** ACTIVE — program decision…'
   ✓ Sprint 177 prose truth carriers > closes the historical Sprint 41 plan header 1ms
   ✓ Sprint 177 prose truth carriers > keeps the open-arcs ledger aligned with the atomic Viz flagship closure 2ms
 ❯ |core| tests/verification/how-forge-works.contract.test.ts (5 tests | 1 failed) 31ms
   ✓ how Forge works narrative truth > derives the registered tool counts and roster split from registry.json 3ms
   ✓ how Forge works narrative truth > names all four certification pillars, including accuracy 1ms
   ✓ how Forge works narrative truth > derives the published token, bridge, and brand-contrast counts 2ms
   ✓ how Forge works narrative truth > records that the narrative base has been tracked since 4f64bcf 1ms
   × how Forge works narrative truth > keeps Sprint-182 product-reality claims evidence-scoped and review-gated 24ms
     → expected '# Near Roadmap\n\n**Status:** ACTIVE …' to contain 'Sprint 182 is complete, 7/7 missions'
 ✓ |core| packages/mcp-server/test/scale/map.apply.scale.spec.ts (5 tests) 26164ms
   ✓ map.apply at scale (dry-run) > tier=100: dry-run handler returns, diff totals match, registry unchanged  797ms
   ✓ map.apply at scale (dry-run) > tier=500: dry-run handler returns, diff totals match, registry unchanged  7523ms
   ✓ map.apply at scale (dry-run) > tier=1000: dry-run handler returns, diff totals match, registry unchanged  14468ms
   ✓ map.apply at scale (apply=true at 100-tier only) > apply=true persists the create count; snapshot reflects the mutation  1774ms
   ✓ map.apply determinism across runs > tier=100: two consecutive dry-runs with the same seed produce identical diff summaries  1599ms
 ✓ |core| packages/mcp-server/test/product-reality/patch-disposition.s184.spec.ts (5 tests) 39297ms
   ✓ Sprint 184 M07 tracked mutation patch disposition > classifies the exact 38-patch frozen population and binds every row to immutable bytes and a source-derived baseline  10758ms
   ✓ Sprint 184 M07 tracked mutation patch disposition > executes the s183-m06-sc02 replacement over every tracked patch, with only the five invalid archives taking an explicit machine-readable non-apply path  20267ms
   ✓ Sprint 184 M07 tracked mutation patch disposition > preserves all five Class 1 archives, proves the M03 canonical twins at two real commits, and uses the Sprint 183 M01b repair  3651ms
   ✓ Sprint 184 M07 tracked mutation patch disposition > replays the three Class 2 patches at the receipt baseline and confirms their context drift at the frozen audit head  1848ms
   ✓ Sprint 184 M07 tracked mutation patch disposition > keeps all four Class 3 patches scoped to their generated consumer roots  2761ms

[s184-m05] state parity differences=0; allowlist=0
[s184-m05:parity] {"states":["loading","empty","error","success"],"react":{"loading":{"markersInDocumentOrder":["loading"],"visibleText":"Loading subscriptions."},"empty":{"markersInDocumentOrder":["empty"],"visibleText":"No subscriptions found."},"error":{"markersInDocumentOrder":["error"],"visibleText":"Subscriptions could not be loaded."},"success":{"markersInDocumentOrder":["success"],"visibleText":"Subscriptions loaded."}},"vue":{"loading":{"markersInDocumentOrder":["loading"],"visibleText":"Loading subscriptions."},"empty":{"markersInDocumentOrder":["empty"],"visibleText":"No subscriptions found."},"error":{"markersInDocumentOrder":["error"],"visibleText":"Subscriptions could not be loaded."},"success":{"markersInDocumentOrder":["success"],"visibleText":"Subscriptions loaded."}},"computedDifferences":[],"allowlist":[]}
[s184-m05:mutation] target=react removed=loading red=react/loading green=7
[s184-m05:mutation] target=react removed=empty red=react/empty green=7
[s184-m05:mutation] target=react removed=error red=react/error green=7
[s184-m05:mutation] target=react removed=success red=react/success green=7
[s184-m05:mutation] target=vue removed=loading red=vue/loading green=7
[s184-m05:mutation] target=vue removed=empty red=vue/empty green=7
[s184-m05:mutation] target=vue removed=error red=vue/error green=7
[s184-m05:mutation] target=vue removed=success red=vue/success green=7
[s184-m05:restore] target=react source=sha256:8b17d59119e49b4bb2c2a03be0b08c3d8771cef91df1addb6d45483983ff2879 green=4
 ✓ |core| packages/mcp-server/test/product-reality/closeout.s184.spec.ts (10 tests) 66238ms
   ✓ Sprint 184 M07 closeout accounting > accounts for added and removed suite files and independently audits every claim  6364ms
   ✓ Sprint 184 M07 closeout accounting > rejects CMOS text drift and any frozen evidence path that is missing  8793ms
   ✓ Sprint 184 M07 closeout accounting > rejects a handoff whose frozen CMOS source does not leave the sprint Active  2482ms
   ✓ Sprint 184 M07 closeout accounting > rejects an execution rolled up under two rows  4527ms
   ✓ Sprint 184 M07 closeout accounting > rejects malformed frozen reconnect evidence despite a passed criterion 7 manifest status  7512ms
   ✓ Sprint 184 M07 closeout accounting > rejects criterion 7 when its execution does not bind the frozen reconnect inputs  3269ms
   ✓ Sprint 184 M07 closeout accounting > counts only proven claim rows in the headline  4299ms
   ✓ Sprint 184 M07 closeout accounting > accepts collection-only populations only when they reconcile to executed historical totals  11956ms
   ✓ Sprint 184 M07 closeout accounting > attributes historical added and removed rows to Sprint 183 missions  7647ms
   ✓ Sprint 184 M07 closeout accounting > uses frozen commit bytes rather than mutable working-tree bytes  9385ms
[s184-m05:restore] target=vue source=sha256:d341604855e0542712bf34d9722596ab9d403b25793cbc55fa4cb31d5a457198 green=4
 ✓ |core| packages/mcp-server/test/product-reality/state-axis.s184.spec.ts (22 tests) 33510ms
   ✓ Sprint 184 m05 workflow state axis > restores the exact emitted bytes and all eight runtime cells after the mutation matrix  3368ms
 ❯ |core| packages/mcp-server/test/product-reality/packed-ported-consumers.s184.spec.ts (1 test | 1 failed) 73327ms
   × Sprint 184 m04 packed ported consumers > installs only built OODS tarballs in fresh React and Vue consumers and resolves every new subpath externally 73326ms
     → Packed manifest for @oods/component-styles contains a workspace-only protocol.
 ❯ |core| packages/mcp-server/test/product-reality/live-workflow-consumers.s184.spec.ts (4 tests | 4 skipped) 72943ms
   ↓ Sprint 184 m06 live Subscription workflow consumers > invokes code.generate live once for every immutable schema/target cell and consumes that output
   ↓ Sprint 184 m06 live Subscription workflow consumers > holds all four cells to the same eight named gates and retains every raw log
   ↓ Sprint 184 m06 live Subscription workflow consumers > makes the generated component the sole owner of every clicked selector and action callsite
   ↓ Sprint 184 m06 live Subscription workflow consumers > clicks generated controls with the exact schema-derived runtime operands
 ❯ |core| packages/mcp-server/test/product-reality/m06-gate-bites.s184.spec.ts (1 test | 1 failed) 72954ms
   × Sprint 184 m06 real consumer gate bites > executes one unique red mutation for every gate on both framework targets 72948ms
     → Packed manifest for @oods/component-styles contains a workspace-only protocol.
 ✓ |core| packages/mcp-server/test/product-reality/ported-workflow.s184.spec.ts (5 tests) 74080ms
   ✓ Sprint 184 m04 ported Subscription workflow > strict-checks every generated React and Vue artifact against the built packages  73823ms
 ✓ |core| packages/mcp-server/test/product-reality/reconnect.s184.spec.ts (13 tests) 8571ms
   ✓ Sprint 184 M07 reconnect derivation and receipt validation > re-derives all ten Sprint 183 advertised movers and exposes the catalog schema omitted from the prior notice  2486ms
   ✓ Sprint 184 M07 reconnect derivation and receipt validation > independently compares the M03, M04, and M05 records with their committed operands and recorded scopes  488ms
   ✓ Sprint 184 M07 reconnect derivation and receipt validation > derives the eight M06 movers and the 48-path Sprint 184 union from execution  397ms
   ✓ Sprint 184 M07 reconnect derivation and receipt validation > retains a machine-checked disposition for two sends and the explicitly retired archived consumer  3318ms
   ✓ Sprint 184 M07 reconnect derivation and receipt validation > rejects a rewritten retirement, derivation, summary, or implementation-head plan binding  1864ms
 ✓ |core| packages/mcp-server/test/product-reality/emitter-directives.s184.spec.ts (26 tests) 30778ms
   ✓ Sprint 184 m03 target contract and emitter movement > emits explicit React coercion and joining expressions that strict-check against the built package  16611ms
   ✓ Sprint 184 m03 target contract and emitter movement > emits readonly-safe Vue coercion and joining expressions that strict-check against the built package  14020ms
 ✓ |core| tests/governance-gates/state-assessment-tokens-red-paths.test.ts (11 tests) 3580ms
   ✓ runTokenGovernanceCheck — the red paths (s175 m02, C3) > U1 fail-closed: a supplied base ref the diff cannot satisfy → failClosed=true, RED, no report  605ms
   ✓ runTokenGovernanceCheck — the red paths (s175 m02, C3) > U1 positive control: a supplied ref the diff satisfies → failClosed=false, both reports, measuredPrDelta=true  592ms
   ✓ runTokenGovernanceCheck — the red paths (s175 m02, C3) > U2 named SKIP, variant "nothing was diffed": no ref and no report → the SKIP note, measuredPrDelta=false  487ms
   ✓ runTokenGovernanceCheck — the red paths (s175 m02, C3) > U2 named SKIP, variant "measured NO PR DELTA": no ref but the tool fell back → the fell-back note naming the base  512ms
   ✓ runTokenGovernanceCheck — the red paths (s175 m02, C3) > discriminator: the SAME failing diff is fail-closed with a ref and a named skip without one — only env.TOKEN_GOV_BASE_REF differs  545ms
   ✓ runTokenGovernanceCheck — the red paths (s175 m02, C3) > the env seam is the injected context, not process.env (a stray TOKEN_GOV_BASE_REF in the parent cannot turn a skip into a fail-closed)  500ms
 ✓ |core| tests/tools/stage1-dtcg-cli-containment.test.ts (5 tests) 9993ms
   ✓ stage1-dtcg CLI --out containment (s169 m05) > the ORIGINAL escape is rejected with exit 2 and writes nothing outside --out  2155ms
   ✓ stage1-dtcg CLI --out containment (s169 m05) > rejects every ESCAPING --name shape, not just the one that was reported  3696ms
   ✓ stage1-dtcg CLI --out containment (s169 m05) > a LEADING SLASH is not an escape, and the guard correctly allows it  1278ms
   ✓ stage1-dtcg CLI --out containment (s169 m05) > a legitimate --name still writes all its files, in --out  1578ms
   ✓ stage1-dtcg CLI --out containment (s169 m05) > a --name that traverses but RESOLVES back inside --out is allowed  1277ms
 ✓ |core| packages/mcp-server/test/tools/artifact.certify.spec.ts (72 tests) 2564ms
   ✓ artifact.certify — conformance verdict (cartesian) > a conformant cartesian IR → certified, conformant:true, no findings, stable contentHash  687ms
 ✓ |core| packages/mcp-server/test/contracts/portable-boundary.s181.spec.ts (7 tests) 4134ms
   ✓ s181 portable-runtime publish boundary > B-12 starts from dist plus package metadata only and answers degraded health without planning data  1984ms
   ✓ s181 portable-runtime publish boundary > B-12 proves the relocated schema is load-bearing by deleting it from the staged dist  1767ms
   ✓ s181 portable-runtime publish boundary > derives the adapter wire version from package.json and no longer stages planning files for fresh installs  332ms
 ✓ |core| packages/mcp-server/test/tools/dashboard-identity-lifts.s180.spec.ts (4 tests) 2068ms
   ✓ dashboard.render Shape-B identity lifts (s180 m02) > R-C: lifted cartesian and ECharts IR certify with the required operand shape and preserve contentHash parity  1930ms
 ✓ |core| tests/governance-gates/state-assessment-exit.test.ts (2 tests) 1859ms
   ✓ state-assessment.mjs main() carries deriveProcessExit into the process exit (s175 m02) > a base ref the diff cannot satisfy → exit 1 and the FAIL-CLOSED line on stderr  935ms
   ✓ state-assessment.mjs main() carries deriveProcessExit into the process exit (s175 m02) > a resolvable stub ref → exit 0, a GREEN overall status, both brand reports under the scratch root  920ms
 ✓ |core| tests/viz/mark-options-schema-validity-s167.test.ts (49 tests) 2056ms
   ✓ s168 m02 — allowlist + translation table (FF#22 corrective) > every committed mark-bearing fixture emits schema-valid mark defs  1318ms
   ✓ s177 m06 — whole-spec fixture validity reconciliation > leaves zero unannotated whole-spec failures across the exact 42-fixture corpus  475ms
 ✓ |core| tests/verification/s178-viz-twin-retirement.contract.test.ts (3 tests) 2842ms
   ✓ Sprint 178 viz twin retirement rung 1 > rejects external import/export/require/vi.mock references to retired paths  2834ms
 ✓ |core| packages/mcp-server/test/contracts/api-docs-generator.spec.ts (7 tests) 2951ms
   ✓ API reference generator > regeneration is idempotent  2929ms
 ✓ |core| tests/governance-gates/build-stories-ratchet.test.ts (4 tests) 1452ms
   ✓ build:stories exact-pin ratchet > accepts an exact diagnostic count even though tsc reports a nonzero status  391ms
   ✓ build:stories exact-pin ratchet > rejects a count above the pin as a regression  344ms
   ✓ build:stories exact-pin ratchet > rejects a count below the pin so headroom cannot accumulate  385ms
   ✓ build:stories exact-pin ratchet > never treats a failed compiler with no parsed diagnostics as zero errors  330ms
 ✓ |core| packages/mcp-server/test/tools/artifact.certify.render-determinism.spec.ts (5 tests) 1883ms
   ✓ artifact.certify — render-backed determinism (s176 m02) > a rendered-graded cartesian chart carries renderHash (64-hex), stable, conformant, schema-valid  707ms
   ✓ artifact.certify — render-backed determinism (s176 m02) > ECharts {spec}-only has no determinism while a renderable operand carries the option and normalized-render hashes  1081ms
 ✓ |core| packages/mcp-server/test/product-reality/closeout.s183.spec.ts (7 tests) 3577ms
   ✓ Sprint 183 M06 deterministic closeout > reconciles the exact 38 CMOS criteria and writes an acyclic review handoff  840ms
   ✓ Sprint 183 M06 deterministic closeout > turns a missing gate result and a tampered gate log red  915ms
   ✓ Sprint 183 M06 deterministic closeout > rejects a direct content-addressed evidence mismatch  438ms
   ✓ Sprint 183 M06 deterministic closeout > rejects CMOS contract drift and a duplicated R-02 target/component cell  1142ms
 ✓ |core| packages/mcp-server/test/tools/artifact.certify.echarts-determinism.spec.ts (45 tests) 2941ms
   ✓ artifact.certify — live cross-tool contentHash parity, same (spec, data) (s172 m02) > treemap: certify.determinism.contentHash === viz.render.contentHash  1037ms
   ✓ artifact.certify — the cartesian determinism path is untouched (s172 m02) > a cartesian IR still proves determinism through the Vega-Lite compile, with no operand involved  753ms
 ✓ |core| tests/contracts/tokens-governance-entry-guard.spec.ts (2 tests) 2529ms
   ✓ tokens-governance entry guard (s176 m04 realpath fold, #1250) > direct invocation runs main(): the usage surface prints and the exit code is 1  1252ms
   ✓ tokens-governance entry guard (s176 m04 realpath fold, #1250) > SYMLINKED invocation runs main() too — the pre-s176 guard silently no-opped here — and its usage surface is byte-identical to the direct one  1275ms
 ✓ |core| packages/mcp-server/test/contracts/catalog.list.spec.ts (28 tests) 3788ms
   ✓ catalog.list > should allow explicit full detail without default pagination  306ms
   ✓ catalog.list > should filter by category  367ms
   ✓ catalog.list > suggests traits when a trait filter returns zero results  305ms
   ✓ catalog.list > should filter by context  303ms
   ✓ catalog.list > should return totalCount matching filtered results  341ms
   ✓ catalog.list > keeps the legacy status census scoped to the 98 mapped / 11 fallback HTML surface  760ms
 ✓ |core| packages/mcp-server/test/contracts/brand.intake.s181.spec.ts (6 tests) 3074ms
   ✓ brand.intake s181 advertised dry-run contract > spawns dist/index.js, returns the full inline receipt, and leaves the review-kit tree byte-identical  1359ms
   ✓ brand.intake s181 advertised dry-run contract > B-09 rejects apply:true and consumer-local paths at index-level AJV before the handler  1517ms
 ✓ |core| packages/mcp-server/test/tools/echarts-render-worker.startup.spec.ts (1 test) 1919ms
   ✓ MCP startup ECharts render boundary > registers the server without importing ECharts or evaluating the render worker  1918ms
 ✓ |core| packages/mcp-server/test/sprint68-behavioral-traits.spec.ts (62 tests) 1617ms
 ✓ |core| packages/mcp-server/test/e2e/mapping-versioning.e2e.spec.ts (3 tests) 1971ms
   ✓ mapping + versioning bridge E2E > map.create → map.list → map.resolve round-trip via bridge (multi-system)  1468ms
 ✓ |core| packages/mcp-server/test/e2e/design-compose.e2e.spec.ts (3 tests) 2092ms
   ✓ design.compose bridge E2E > compose via bridge produces valid schema with selections  1384ms
 ✓ |core| packages/mcp-server/test/e2e/registry-gaps.e2e.spec.ts (3 tests) 1905ms
   ✓ registry gaps e2e verification > Workbench S44 fixture with Grid + known components renders all fragments via bridge  1438ms
 ✓ |core| packages/mcp-server/test/tools/artifact.certify.echarts-accuracy.spec.ts (28 tests) 2666ms
   ✓ artifact.certify — the ECharts accuracy pillar is wired (s172 m03) > treemap: a clean operand yields no findings, and accuracy:pass EXACTLY when a rule actually ran  1158ms
   ✓ artifact.certify — the cartesian accuracy path is untouched (s172 m03) > a cartesian IR still reports the FOUR cartesian rules, with the s170 summary shape  814ms
 ✓ |core| packages/mcp-server/test/e2e/a11y-pipeline.e2e.spec.ts (3 tests) 2059ms
   ✓ a11y pipeline e2e > validate with checkA11y=true returns a11y warnings through bridge  1626ms
 ✓ |core| packages/mcp-server/test/compose/design-compose.spec.ts (48 tests) 1292ms
 ✓ |core| packages/mcp-server/test/e2e/fragment-integration.e2e.spec.ts (9 tests) 2233ms
   ✓ fragment integration e2e > { name: 'dashboard', file: 'dashboard-page.ui-schema.json', minFragments: 3, minComponentCount: 15 } bridge transport returns fragment output equivalent to direct handler  1773ms
 ✓ |core| tests/verification/purity.contract.test.ts (4 tests) 1579ms
   ✓ B3.3 — Purity Harness > enforces the oods/no-hooks-in-modifiers ESLint rule for modifier modules  1542ms
 ✓ |core| packages/mcp-server/test/product-reality/b2-legacy-inputs.s184.spec.ts (7 tests) 1203ms
   ✓ Sprint 184 m07 B2 legacy-input compatibility disclosure > binds all 13 retained repoints to a source selector and a non-empty reason  699ms
 ✓ |core| packages/mcp-server/test/product-reality/s183-m06-replay-r02.spec.ts (4 tests) 2242ms
   ✓ Sprint 183 M06 mutation replay and R-02 resolution > replays exactly four M05 patches plus the repaired M01b patch from committed baselines  2012ms
 ✓ |core| packages/mcp-server/test/bridge/fragment-parity.spec.ts (1 test) 2224ms
   ✓ bridge fragment parity > supports fragment mode via bridge /run and matches direct MCP transport semantics  1635ms
 ✓ |core| tests/integration/type-generation.test.ts (2 tests) 2318ms
   ✓ Object type generation integration > generates TypeScript definitions that are directly importable  2277ms
 ✓ |core| packages/mcp-server/test/contracts/mapping.spec.ts (65 tests) 796ms
 ✓ |core| tests/governance-gates/storycap-lightdark-compare.test.ts (7 tests) 1157ms
 ✓ |core| packages/mcp-server/test/compose/object-aware-compose.spec.ts (26 tests) 656ms
 ✓ |core| packages/mcp-server/test/contracts/object.show.spec.ts (12 tests) 772ms
   ✓ object.show contract > output validates for every known object  419ms
 ✓ |core| tests/compose/compose-integration.contract.test.ts (44 tests) 655ms
 ✓ |core| tests/contracts/upstream-trait-sync.contract.test.ts (20 tests) 788ms
   ✓ contract: Taggable v2 enriched params visible in catalog > catalog.list returns components with Taggable trait  448ms
 ✓ |core| tests/governance-gates/tracked-report-hermeticity.test.ts (5 tests) 1186ms
   ✓ diagnostics.json check-mode policy > runs pkg:compat twice without moving diagnostics; explicit recording still works  925ms
 ✓ |core| packages/mcp-server/test/tools/artifact.certify.geo-id-parity.spec.ts (26 tests) 1388ms
   ✓ geo identity parity — viz.render and artifact.certify emit the SAME option (s173 m01) > choropleth with id absent: the certify VERDICT agrees with the render hash (live, both handlers)  1051ms
 ✓ |core| packages/mcp-server/test/contracts/object.schema.contract.spec.ts (11 tests) 701ms
   ✓ object schema contracts > object.show > output validates for every known object  429ms
 ✓ |core| tests/lint/no-unsafe-tenancy-override.spec.ts (3 tests) 1025ms
   ✓ no-unsafe-tenancy-override > flags TenancyContext.setCurrentTenant in application code  1012ms
 ✓ |core| packages/mcp-server/test/contracts/fragment-anchor-contract.spec.ts (3 tests) 589ms
   ✓ fragment-anchor contract: data-oods-label durable, data-oods-node-id best-effort > is deterministic — identical input yields identical label->node-id map  343ms
 ✓ |core| packages/mcp-server/test/contracts/registry-snapshot.spec.ts (5 tests) 1487ms
   ✓ registry.snapshot handler > benchmarks the snapshot p99 within a relative warmup budget at 100, 500, and 1000 mappings  1365ms
 ✓ |core| packages/mcp-server/test/compose/design-compose-object.spec.ts (27 tests) 694ms
 ✓ |core| packages/mcp-server/test/tools/certify-contrast.spec.ts (26 tests) 1291ms
   ✓ certify-contrast — role-C (WCAG mark-vs-canvas) + default palette > a single-series chart (no color encoding) -> pass on categorical-01 (baked mark.color, rendered) vs the canvas  557ms
 ✓ |core| packages/mcp-server/test/tools/artifact.certify.echarts-render-grading.s179.spec.ts (13 tests) 1666ms
   ✓ artifact.certify — operand-backed ECharts render grading (s179 m05) > 'treemap': keeps option identity and adds a stable first-render hash  1090ms
 ✓ |core| tests/lint/no-account-unsafe-metadata.spec.ts (4 tests) 818ms
   ✓ no-account-unsafe-metadata > flags direct metadata writes with no validation  769ms
 ✓ |core| packages/mcp-server/test/tools/artifact.certify.data-operand.spec.ts (33 tests) 1199ms
   ✓ artifact.certify — the operand is validated by the RENDER path validators (s172 m01) > MarkTreemap: a VALID operand is accepted (status ok, schema-valid)  972ms
 ✓ |core| packages/mcp-server/test/product-reality/contract-resolution.s184.spec.ts (9 tests) 1402ms
   ✓ Sprint 184 m03 contract-resolution closeout > preserves the historical readiness manifests while all 178 live refs resolve  1104ms
 ✓ |core| packages/mcp-server/test/tools/artifact.certify.echarts-s179-baseline.spec.ts (10 tests) 1427ms
   ✓ artifact.certify — s179 operand-backed baseline at 1be93f8 > treemap: projected option hash, render hash, and the bounded full-response delta stay pinned  1063ms
 ✓ |core| packages/mcp-server/test/contracts/contract-alignment.spec.ts (20 tests) 475ms
 ✓ |core| packages/mcp-server/test/compose/intent-object-resolver.spec.ts (38 tests) 611ms
 ✓ |core| tests/tokens/collision-guard.test.ts (6 tests) 669ms
 ✓ |core| tests/traits/preferenceable/schema-registry.test.ts (5 tests) 336ms
 ✓ |core| packages/mcp-server/test/compose/object-slot-filler.spec.ts (25 tests) 297ms
 ✓ |core| tests/governance-gates/triage-resolve-base-ref.test.ts (3 tests) 777ms
   ✓ resolveBaseRef (U4, s175 m02) > the masking, documented: once refs/remotes/origin/OODS-pro exists a bad ref resolves to origin/OODS-pro  311ms
 ✓ |core| packages/mcp-server/test/tools/certify-echarts-render-contrast.s179.spec.ts (13 tests) 1219ms
   ✓ ECharts rendered categorical contrast (s179 m04) > 'treemap': composes actual carriers with the family semantic assignment  922ms
 ✓ |core| packages/mcp-server/test/product-reality/history-pins.s185.spec.ts (13 tests) 867ms
 ✓ |core| tests/integration/universal-quintet.integration.test.ts (5 tests) 349ms
 ✓ |core| packages/mcp-server/test/tools/artifact.certify.echarts-option-stability.s179.spec.ts (2 tests) 964ms
   ✓ artifact.certify — option stability remains load-bearing (s179 m05) > fails the combined proof when emissions differ even though both renders agree  904ms
 ✓ |core| packages/mcp-server/test/tools/artifact.certify.spec-only-bytes.spec.ts (32 tests) 919ms
   ✓ artifact.certify — {spec}-only byte compatibility, cartesian half (baseline 85004fe) > MarkBar: the {spec}-only response moves only by the declared set vs pristine HEAD 85004fe  573ms
 ✓ |core| packages/mcp-server/test/tools/certify-echarts-role-c.spec.ts (16 tests) 1138ms
   ✓ ECharts Role-C structural paint extraction > 'treemap': extracts only visible chart carriers from the exact served option  925ms
 ✓ |core| packages/mcp-server/test/tools/artifact.certify.ten-series-collision.spec.ts (4 tests) 1044ms
   ✓ artifact.certify — the §0 ten-series palette-recycling collision (RED-first, s176 m01) > a 10-series chart with four recycled series pairs must NOT certify conformant (RED at 4f64bcf)  889ms
 ✓ |core| tests/database/communication-seeds.test.ts (1 test) 255ms
 ✓ |core| packages/mcp-server/test/compose/token-injection.spec.ts (11 tests) 313ms
 ✓ |core| packages/mcp-server/test/e2e/object-codegen-pipeline.spec.ts (5 tests) 263ms
 ✓ |core| tests/database/communication-migrations.test.ts (4 tests) 217ms
 ✓ |core| packages/mcp-server/test/compose/slot-content-distributor.spec.ts (7 tests) 221ms
 ✓ |core| packages/mcp-server/test/objects/object.show.spec.ts (14 tests) 681ms
 ✓ |core| packages/mcp-server/test/tools/artifact.certify.unchecked-tristate.spec.ts (6 tests) 679ms
   ✓ artifact.certify — contrast tri-state: 'ungradeable' (tried and failed) vs 'unchecked' (nothing to grade) > poisoned canvas — grading was attempted on a colour-bearing unit and could not resolve the canvas > pillars.contrast is 'ungradeable' (not 'unchecked') on the certified path  536ms
 ✓ |core| packages/mcp-server/test/contracts/s71-fixes.spec.ts (10 tests) 484ms
   ✓ Sprint 71 fixes > catalog.list availableCategories > returns same availableCategories regardless of filter  338ms
 ✓ |core| packages/mcp-server/test/tools/artifact.certify.accuracy-fault.spec.ts (3 tests) 742ms
   ✓ artifact.certify — certified-path accuracy engine fault (s170 review LOW carry) > an accuracy-engine throw degrades the pillar to 'ungradeable' with the offered-rules note; the verdict stays ok/certified and 'ungradeable' pulls conformant false (s175 m04, #781)  623ms
 ✓ |core| packages/mcp-server/test/codegen/prop-enrichment.spec.ts (4 tests) 287ms
 ✓ |core| packages/mcp-server/test/e2e/tier1-acceptance.e2e.spec.ts (4 tests) 322ms
 ✓ |core| packages/mcp-server/test/product-reality/runnable-artifact.s183.spec.ts (28 tests) 678ms
 ✓ |core| tests/domain/billing/states.spec.ts (61 tests) 56ms
 ✓ |core| packages/mcp-server/test/contracts/dtcg-intake.s180.spec.ts (21 tests) 270ms
 ✓ |core| packages/mcp-server/test/scale/dashboard-determinism.spec.ts (6 tests) 455ms
 ✓ |core| tests/integration/universal-quintet-objects.integration.test.ts (6 tests) 335ms
 ✓ |core| packages/mcp-server/test/e2e/action-mappings.e2e.spec.ts (12 tests | 9 skipped) 386ms
 ✓ |core| packages/mcp-server/test/tools/artifact.certify.contrast-fault.spec.ts (3 tests) 712ms
   ✓ artifact.certify — contrast engine fault degrades, never errors > disarmed control — both routes grade contrast:'pass' through the same import graph (the forced throw is the only difference)  687ms
 ✓ |core| packages/mcp-server/test/compose/confidence-scoring.spec.ts (12 tests) 333ms
 ✓ |core| packages/mcp-server/test/objects/loaders.spec.ts (24 tests) 459ms
 ✓ |core| packages/mcp-server/test/product-reality/validation-profiles.s183.spec.ts (72 tests) 470ms
 ✓ |core| packages/mcp-server/test/objects/trait-loader.spec.ts (17 tests) 429ms
 ✓ |core| packages/mcp-server/test/contracts/error-observability.contract.spec.ts (19 tests) 346ms
 ✓ |core| packages/mcp-server/test/contracts/stage1-integration.spec.ts (32 tests) 473ms
 ✓ |core| packages/mcp-server/test/scale/viz-determinism.spec.ts (42 tests) 688ms
 ✓ |core| packages/mcp-server/test/e2e/a2ui-runtime-q3.e2e.spec.ts (98 tests) 220ms
 ✓ |core| tests/codegen/vue-emitter.test.ts (31 tests) 47ms
 ✓ |core| packages/mcp-server/test/objects/trait-composer.spec.ts (14 tests) 537ms
 ✓ |core| packages/mcp-server/test/product-reality/m06-evidence-controls.s184.spec.ts (6 tests) 529ms
 ✓ |core| packages/mcp-server/test/compose/landing-template.spec.ts (10 tests) 507ms
 ✓ |core| tests/integration/object-registry.test.ts (3 tests) 319ms
 ✓ |core| packages/mcp-server/test/compose/selection-tree-bridge.spec.ts (9 tests) 342ms
 ✓ |core| tests/compose/compose-semantic-guardrails.test.ts (5 tests) 288ms
 ✓ |core| packages/mcp-server/test/product-reality/m06-evidence.s184.spec.ts (4 tests) 552ms
   ✓ Sprint 184 m06 retained live workflow evidence > covers every retained file with checksums and every raw log with the tracked-log audit  345ms
 ✓ |core| packages/mcp-server/test/product-reality/readiness-ref-enforcement.s184.spec.ts (21 tests) 262ms
 ✓ |core| packages/mcp-server/test/product-reality/ported-mutation-matrix.s184.spec.ts (5 tests) 310ms
 ✓ |core| tests/tools/stage1-dtcg-adapter.test.ts (11 tests) 179ms
 ✓ |core| tests/tokens/breakpoint-keep-in-step.test.ts (15 tests) 247ms
 ✓ |core| packages/mcp-server/test/product-reality/evidence-retention.s184.spec.ts (10 tests) 281ms
 ✓ |core| tests/validation/error-code-coverage.test.ts (20 tests) 228ms
 ✓ |core| packages/mcp-server/test/contracts/map-apply.spec.ts (18 tests) 135ms
 ✓ |core| packages/mcp-server/test/e2e/a2ui-image-q3.e2e.spec.ts (24 tests) 94ms
 ✓ |core| tests/governance-gates/import-side-effect-guard.test.ts (3 tests) 252ms
 ✓ |core| packages/mcp-server/test/objects/object-loader.spec.ts (14 tests) 184ms
 ✓ |core| packages/mcp-server/test/compose/form-field-differentiation.spec.ts (2 tests) 181ms
 ✓ |core| tests/validation/boundary-conditions.test.ts (17 tests) 38ms
 ✓ |core| packages/mcp-server/test/product-reality/nucleus-pins.s185.spec.ts (4 tests) 121ms
 ✓ |core| tests/validation/parameter-validator.test.ts (6 tests) 248ms
 ✓ |core| packages/mcp-server/test/compose/design-compose-actions.spec.ts (7 tests) 273ms
 ✓ |core| packages/mcp-server/test/contracts/schema.list-delete.spec.ts (2 tests) 117ms
 ✓ |core| packages/mcp-server/test/tools/pipeline.compact.spec.ts (6 tests) 397ms
 ✓ |core| packages/mcp-server/test/contracts/diag.snapshot-counts.spec.ts (1 test) 161ms
 ✓ |core| packages/mcp-server/test/compose/component-selector.spec.ts (56 tests) 243ms
 ✓ |core| packages/mcp-server/test/objects/object.list.spec.ts (10 tests) 111ms
 ✓ |core| packages/mcp-server/test/compose/intent-synonyms.spec.ts (35 tests) 162ms
 ✓ |core| tests/integration/classifiable-composition.test.ts (3 tests) 173ms
 ✓ |core| packages/mcp-server/test/contracts/schema-ref.workflow.spec.ts (4 tests) 205ms
 ✓ |core| tests/traits/Taggable.test.ts (4 tests) 108ms
 ✓ |core| tests/governance-gates/enforce-preserves-build-inputs.test.ts (4 tests) 184ms
 ✓ |core| tests/services/billing/usage-invoice-builder.spec.ts (2 tests) 51ms
 ✓ |core| tests/services/classification/hybrid-term-adapter.spec.ts (2 tests) 136ms
 ✓ |core| packages/mcp-server/test/contracts/layout-single-source.spec.ts (5 tests) 147ms
 ✓ |core| tests/traits/addressable/international-formatting.test.ts (5 tests) 42ms
 ✓ |core| packages/mcp-server/test/e2e/apply-summary-q3.e2e.spec.ts (94 tests) 117ms
 ✓ |core| packages/mcp-server/test/contracts/versioning.spec.ts (22 tests) 180ms
 ✓ |core| tests/compose/compose-intent-sections.test.ts (2 tests) 179ms
 ✓ |core| tests/registry/composition-integration.test.ts (1 test) 44ms
 ✓ |core| packages/mcp-server/test/compose/slot-vocabulary-unification.spec.ts (2 tests) 179ms
 ✓ |core| tests/integration/communicable-composition.test.ts (3 tests) 190ms
 ✓ |core| tests/traits/Labelled.test.ts (4 tests) 74ms
 ✓ |core| packages/mcp-server/test/e2e/review-resolve-q3.e2e.spec.ts (25 tests) 66ms
 ✓ |core| tests/registry/registry.test.ts (3 tests) 218ms
 ✓ |core| tests/tokens/tailwind-screens.test.ts (7 tests) 109ms
 ✓ |core| tests/traits/viz/mark-point.test.ts (4 tests) 108ms
 ✓ |core| tests/integration/addressable-composition.test.ts (2 tests) 188ms
 ✓ |core| tests/integrations/billing/zuora.spec.ts (7 tests) 65ms
 ✓ |core| tests/schemas/authz-registry.test.ts (5 tests) 46ms
 ✓ |core| tests/traits/addressable.test.ts (6 tests) 124ms
 ✓ |core| tests/viz/adapters/spatial/echarts-visual-regression.test.ts (2 tests) 138ms
 ✓ |core| packages/mcp-server/test/product-reality/saved-schema-compiler.s183.spec.ts (4 tests) 110ms
 ✓ |core| tests/integration/authable-composition.test.ts (4 tests) 131ms
 ✓ |core| tests/traits/Statusable.test.ts (6 tests) 186ms
 ✓ |core| tests/e2e/schema-ref-pipeline.test.ts (2 tests) 153ms
 ✓ |core| tests/components/dashboard-context.integration.test.tsx (5 tests) 196ms
 ✓ |core| tests/traits/communication/communication-trait.test.ts (3 tests) 53ms
 ✓ |core| tests/traits/viz/mark-area.test.ts (4 tests) 115ms
 ✓ |core| packages/mcp-server/test/contracts/registry-v14-roundtrip.spec.ts (13 tests) 184ms
 ✓ |core| packages/mcp-server/test/e2e/branded-mockup-q3.e2e.spec.ts (66 tests) 116ms
 ✓ |core| tests/traits/authable.test.ts (4 tests) 138ms
 ✓ |core| tests/validation/pipeline.test.ts (7 tests) 91ms
 ✓ |core| tests/traits/viz/encoding-position-y.test.ts (4 tests) 88ms
 ✓ |core| packages/mcp-server/test/contracts/repl.tools.spec.ts (39 tests) 61ms
 ✓ |core| tests/tokens/bridged-slot-specificity-census.test.ts (5 tests) 151ms
 ✓ |core| tests/traits/Cancellable.test.ts (4 tests) 85ms
 ✓ |core| tests/traits/viz/encoding-position-x.test.ts (4 tests) 81ms
 ✓ |core| tests/viz/adapters/spatial/echarts-spatial-adapter.test.ts (3 tests) 112ms
 ✓ |core| packages/mcp-server/test/e2e/map-apply.test.ts (1 test) 120ms
 ✓ |core| packages/mcp-server/test/tools/echarts-role-a-assignment.s179.spec.ts (14 tests) 93ms
 ✓ |core| packages/mcp-server/test/e2e/review-q3.e2e.spec.ts (62 tests) 96ms
 ✓ |core| tests/integrations/billing/chargebee.spec.ts (7 tests) 52ms
 ✓ |core| packages/mcp-server/test/tools/certify-echarts-projected-render-s179.spec.ts (2 tests) 123ms
 ✓ |core| tests/viz/spatial/geo-fetch.test.ts (9 tests) 166ms
 ✓ |core| tests/traits/Auditable.test.ts (5 tests) 91ms
 ✓ |core| packages/mcp-server/test/contracts/upstream-trait-sync.contract.spec.ts (10 tests) 172ms
 ✓ |core| tests/traits/Archivable.test.ts (4 tests) 133ms
 ✓ |core| packages/mcp-server/test/contracts/object.list.spec.ts (13 tests) 212ms
 ✓ |core| tests/tokens/mobile-output.test.ts (25 tests) 88ms
 ✓ |core| tests/traits/Colorized.test.ts (4 tests) 98ms
 ✓ |core| packages/mcp-server/test/product-reality/screen-action-surface.s184.spec.ts (6 tests) 66ms
 ✓ |core| tests/viz/adapters/spatial/vega-lite-visual-regression.test.ts (2 tests) 141ms
 ✓ |core| tests/integrations/billing/stripe.spec.ts (9 tests) 39ms
 ✓ |core| packages/mcp-server/test/codegen/react-emitter.spec.ts (34 tests) 39ms
 ✓ |core| tests/traits/viz/layout-facet.test.ts (3 tests) 56ms
 ✓ |core| packages/mcp-server/test/compose/view-extension-collector.spec.ts (16 tests) 109ms
 ✓ |core| tests/traits/viz/scale-linear.test.ts (4 tests) 122ms
 ✓ |core| tests/traits/viz/mark-line.test.ts (4 tests) 115ms
 ✓ |core| tests/traits/viz/encoding-color.test.ts (4 tests) 106ms
 ✓ |core| tests/codegen/code-generate.contract.test.ts (24 tests) 86ms
 ✓ |core| tests/integration/preferenceable-composition.test.ts (2 tests) 164ms
 ✓ |core| tests/services/classification/ltree-query-service.spec.ts (4 tests) 212ms
 ✓ |core| tests/governance-gates/enforce-report-floor.test.ts (6 tests) 166ms
 ✓ |core| tests/integration/failure-scenarios.integration.test.ts (4 tests) 237ms
 ✓ |core| packages/mcp-server/test/e2e/conflict-detail-q3.e2e.spec.ts (83 tests) 73ms
 ✓ |core| tests/registry/resolver.test.ts (5 tests) 52ms
 ✓ |core| tests/schemas/preferences.test.ts (4 tests) 33ms
 ✓ |core| tests/traits/communication/throttling-enforcer.test.ts (3 tests) 40ms
 ✓ |core| tests/validation/formatter.test.ts (5 tests) 62ms
 ✓ |core| packages/mcp-server/test/contracts/tokens.build.apply.spec.ts (1 test) 94ms
 ✓ |core| packages/mcp-server/test/schema-store/schema-store.spec.ts (6 tests) 136ms
 ✓ |core| tests/e2e/code-generate.test.ts (7 tests) 80ms
 ✓ |core| packages/mcp-server/test/contracts/pragmatic-role-ia.spec.ts (4 tests) 142ms
 ✓ |core| packages/mcp-server/test/contracts/structuredData.fetch.spec.ts (11 tests) 56ms
 ✓ |core| tests/traits/viz/interaction-tooltip.test.ts (3 tests) 52ms
 ✓ |core| packages/mcp-server/test/a11y/a11y.contract.spec.ts (20 tests) 108ms
 ✓ |core| tests/viz/adapters/spatial/vega-lite-spatial-adapter.test.ts (3 tests) 105ms
 ✓ |core| packages/mcp-server/test/e2e/wireframe-q3.e2e.spec.ts (40 tests) 70ms
 ✓ |core| tests/utils/format.test.ts (2 tests) 42ms
 ✓ |core| tests/traits/viz/encoding-size.test.ts (4 tests) 87ms
 ✓ |core| tests/components/user.render-object.test.tsx (2 tests) 55ms
 ✓ |core| tests/traits/viz/scale-temporal.test.ts (4 tests) 99ms
 ✓ |core| packages/mcp-server/test/compose/label-generator.spec.ts (13 tests) 77ms
 ✓ |core| packages/mcp-server/test/compose/viz-compose.spec.ts (53 tests) 143ms
 ✓ |core| tests/tokens/transform.test.ts (3 tests) 42ms
 ✓ |core| packages/mcp-server/test/product-reality/advertised-movers.s184.spec.ts (1 test) 54ms
 ✓ |core| packages/mcp-server/test/compose/viz-auto-binding.spec.ts (10 tests) 75ms
 ✓ |core| packages/mcp-server/test/e2e/review-queue-q3.e2e.spec.ts (66 tests) 99ms
 ✓ |core| packages/mcp-server/test/compose/templates.spec.ts (68 tests) 62ms
 ✓ |core| tests/schemas/spatial-spec.test.ts (24 tests) 89ms
 ✓ |core| tests/traits/preferenceable.test.ts (5 tests) 72ms
 ✓ |core| tests/traits/Stateful.test.ts (4 tests) 93ms
 ✓ |core| packages/mcp-server/test/codegen/responsive-tailwind.spec.ts (20 tests) 57ms
 ✓ |core| packages/mcp-server/test/codegen/vue-emitter.spec.ts (29 tests) 38ms
 ✓ |core| tests/components/subscription.render-object.test.tsx (5 tests) 97ms
 ✓ |core| packages/mcp-server/test/product-reality/input-validation-state.s184.spec.ts (4 tests) 55ms
 ✓ |core| tests/core/compositor.test.ts (21 tests) 60ms
 ✓ |core| tests/traits/preferenceable/cache.test.ts (4 tests) 50ms
 ✓ |core| tests/dashboard/network-cross-filter.test.ts (36 tests) 24ms
 ✓ |core| tests/traits/viz/mark-bar.test.ts (4 tests) 106ms
 ✓ |core| tests/schemas/authz.test.ts (8 tests) 94ms
 ✓ |core| packages/mcp-server/test/tools/viz-a11y-equivalence-emission.spec.ts (14 tests) 90ms
 ✓ |core| packages/mcp-server/test/e2e/boxes-arrows-q3.e2e.spec.ts (44 tests) 142ms
 ✓ |core| packages/mcp-server/test/contracts/doc-retirement-gate.spec.ts (1 test) 56ms
 ✓ |core| tests/components/stepper.test.tsx (19 tests) 48ms
 ✓ |core| packages/mcp-server/test/render/fragment-edge-cases.spec.ts (48 tests) 37ms
 ✓ |core| tests/viz/spatial/geo-data-resolver.test.ts (15 tests) 40ms
 ✓ |core| tests/verification/contexts.contract.test.tsx (16 tests) 27ms
 ✓ |core| packages/mcp-server/test/contracts/registry-gaps.contract.spec.ts (10 tests) 32ms
 ✓ |core| packages/mcp-server/test/contracts/code.generate-parity.spec.ts (2 tests) 86ms
 ✓ |core| tests/traits/authz/sod-validator.test.ts (5 tests) 31ms
 ✓ |core| tests/compliance/audit-log.spec.ts (15 tests) 46ms
 ✓ |core| tests/traits/viz/layout-concat.test.ts (3 tests) 84ms
 ✓ |core| tests/traits/communication/schema-validator.test.ts (4 tests) 27ms
 ✓ |core| tests/traits/addressable/validation-lifecycle.test.ts (4 tests) 131ms
 ✓ |core| packages/mcp-server/test/contracts/stage1-v14-stubs.spec.ts (4 tests) 183ms
 ✓ |core| tests/generators/object-type-generator.test.ts (2 tests) 84ms
 ✓ |core| packages/mcp-server/test/contracts/brand.apply.rfc6902-wording.spec.ts (2 tests) 63ms
 ✓ |core| packages/mcp-server/test/render/xss-security.spec.ts (51 tests) 113ms
 ✓ |core| tests/integration/communication-export.test.ts (3 tests) 66ms
 ✓ |core| tests/schemas/viz/hierarchy-input.test.ts (5 tests) 61ms
 ✓ |core| tests/compliance/rbac.spec.ts (11 tests) 138ms
 ✓ |core| tests/schemas/viz/transform-outputs.test.ts (4 tests) 47ms
 ✓ |core| tests/time/temporal-hygiene.spec.ts (34 tests) 70ms
 ✓ |core| tests/traits/viz/interaction-highlight.test.ts (3 tests) 95ms
 ✓ |core| tests/traits/communication/sla-monitor.test.ts (2 tests) 62ms
 ✓ |core| tests/traits/authz/entitlement.test.ts (4 tests) 109ms
 ✓ |core| tests/traits/viz/layout-layer.test.ts (3 tests) 209ms
 ✓ |core| tests/traits/preferenceable/performance.test.ts (4 tests) 51ms
 ✓ |core| tests/traits/viz/spatial/geocodable.test.ts (79 tests) 57ms
 ✓ |core| packages/mcp-server/test/tools/repl.render.fragment.spec.ts (4 tests) 20ms
 ✓ |core| tests/billing/usage-aggregate.spec.ts (16 tests) 72ms
 ✓ |core| tests/codegen/react-emitter.test.ts (26 tests) 38ms
 ✓ |core| packages/mcp-server/test/product-reality/ported-freeze.s184.spec.ts (2 tests) 108ms
 ✓ |core| tests/traits/communication/retry-scheduler.test.ts (3 tests) 81ms
 ✓ |core| packages/mcp-server/test/contracts/security.model.spec.ts (17 tests) 69ms
 ✓ |core| packages/mcp-server/test/tools/dashboard-a11y-equivalence-emission.spec.ts (9 tests) 111ms
 ✓ |core| packages/mcp-server/test/compose/wire-field-props.spec.ts (9 tests) 39ms
 ✓ |core| tests/traits/classifiable/tag-governance.test.ts (3 tests) 64ms
 ✓ |core| packages/mcp-server/test/contracts/schema-pattern-anchoring.spec.ts (8 tests) 109ms
 ✓ |core| tests/traits/classifiable/spam-detection.test.ts (3 tests) 65ms
 ✓ |core| tests/validation/error-context-enrichment.test.ts (16 tests) 156ms
 ✓ |core| packages/mcp-server/test/compose/field-patterns.spec.ts (31 tests) 43ms
 ✓ |core| tests/integration/entitlement-export.test.ts (4 tests) 42ms
 ✓ |core| packages/mcp-server/test/scale/determinism.spec.ts (9 tests) 48ms
 ✓ |core| packages/mcp-server/test/codegen/vue-reactivity.spec.ts (12 tests) 40ms
 ✓ |core| tests/cli/refresh-data.test.ts (4 tests) 54ms
 ✓ |core| tests/viz/integration/spatial-crossfilter.test.ts (5 tests) 5ms
 ✓ |core| packages/mcp-server/test/render/fragment-errors.spec.ts (5 tests) 21ms
stdout | tests/tokens/brand-root-and-containment.test.ts > s168 m06 — :root value audit + the two discriminating brand-axis oracles > (d) every non-base cell genuinely differs from :root — the blocks are not no-ops
A/base: 0/44 differ from :root
A/dark: 43/44 differ from :root
A/hc: 44/44 differ from :root
B/base: 0/44 differ from :root
B/dark: 44/44 differ from :root
B/hc: 44/44 differ from :root

 ✓ |core| tests/tokens/brand-root-and-containment.test.ts (9 tests) 65ms
 ✓ |core| tests/viz/adapters/echarts/sankey-adapter-edge-cases.test.ts (21 tests) 15ms
 ✓ |core| tests/integration/communication-authable-integration.test.ts (1 test) 48ms
 ✓ |core| packages/mcp-server/test/codegen/prop-destructuring.spec.ts (9 tests) 36ms
 ✓ |core| tests/integration/communication-audit.test.ts (2 tests) 36ms
 ✓ |core| tests/integration/communication-preferenceable-integration.test.ts (1 test) 36ms
 ✓ |core| tests/traits/preferenceable/read-repair.test.ts (3 tests) 41ms
 ✓ |core| packages/mcp-server/test/contracts/schema.load.spec.ts (3 tests) 120ms
 ✓ |core| tests/validation/composition-validator.test.ts (6 tests) 61ms
 ✓ |core| tests/components/RenderObject.test.tsx (3 tests) 19ms
 ✓ |core| tests/traits/addressable/default-management.test.ts (3 tests) 155ms
 ✓ |core| packages/mcp-server/test/contracts/layout-align.spec.ts (8 tests) 80ms
 ✓ |core| tests/contexts/context-templates.test.tsx (16 tests) 58ms
 ✓ |core| packages/mcp-server/test/contracts/dashboard.render.duplicate-panel-id.s181.spec.ts (3 tests) 87ms
 ✓ |core| tests/compliance/integration.spec.ts (7 tests) 57ms
 ✓ |core| tests/traits/addressable/multi-role.test.ts (2 tests) 79ms
 ✓ |core| tests/integration/communication-throttling-integration.test.ts (1 test) 83ms
 ✓ |core| tests/tokens-governance/token-map-and-diff.test.ts (14 tests) 65ms
 ✓ |core| tests/traits/communication/delivery-service.test.ts (4 tests) 74ms
 ✓ |core| packages/mcp-server/test/contracts/brand.apply.cross-brand-delta.spec.ts (7 tests) 28ms
 ✓ |core| tests/viz/adapters/echarts/hierarchy-utils.test.ts (3 tests) 64ms
 ✓ |core| tests/traits/authz/role-graph.test.ts (3 tests) 41ms
 ✓ |core| packages/mcp-server/test/contracts/repl.e2e.integration.spec.ts (4 tests) 33ms
 ✓ |core| tests/components/RenderObject.edge-cases.test.tsx (4 tests) 29ms
 ✓ |core| tests/viz/resolver/network-flow-resolver.test.ts (6 tests) 7ms
 ✓ |core| tests/traits/authz/sod-policy.test.ts (5 tests) 31ms
 ✓ |core| packages/mcp-server/test/contracts/schema.save.spec.ts (3 tests) 56ms
 ✓ |core| packages/mcp-server/test/tools/repl.render.compact.spec.ts (8 tests) 62ms
 ✓ |core| packages/mcp-server/test/contracts/fragment-api.contract.spec.ts (5 tests) 20ms
 ✓ |core| packages/mcp-server/test/tools/certify-contrast.echarts-caveat-pin.spec.ts (2 tests) 44ms
 ✓ |core| packages/mcp-server/test/codegen/styling-mode-coverage.spec.ts (54 tests) 16ms
 ✓ |core| tests/parsers/object-parser.test.ts (13 tests) 38ms
 ✓ |core| tests/components/progress.test.tsx (18 tests) 35ms
 ✓ |core| packages/mcp-server/test/presets/brand-presets.spec.ts (29 tests) 9ms
 ✓ |core| tests/view/compositor/composeExtensions.test.ts (6 tests) 8ms
 ✓ |core| tests/tokens/viz-scales.test.ts (2 tests) 33ms
 ✓ |core| tests/viz/vega-lite-adapter.test.ts (8 tests) 19ms
 ✓ |core| packages/mcp-server/test/render/renderer-edge-cases.spec.ts (25 tests) 69ms
 ✓ |core| tests/base/date-picker.test.tsx (2 tests) 25ms
 ✓ |core| packages/mcp-server/test/contracts/emitter-data-attr-parity.spec.ts (6 tests) 29ms
 ✓ |core| tests/tokens/brand-css-no-tie.test.ts (6 tests) 11ms
 ✓ |core| tests/contracts/public-api.contract.test.ts (3 tests) 27ms
 ✓ |core| tests/traits/viz/spatial/layered-overlay.test.ts (25 tests) 31ms
 ✓ |core| tests/viz/normalized-viz-spec.test.ts (6 tests) 20ms
 ✓ |core| tests/verification/compositor.contract.test.ts (4 tests) 97ms
 ✓ |core| tests/schemas/viz/sankey-input.test.ts (3 tests) 18ms
 ✓ |core| tests/base/select.test.tsx (2 tests) 11ms
 ✓ |core| packages/mcp-server/test/codegen/codegen-invalid-schema.spec.ts (2 tests) 43ms
 ✓ |core| packages/mcp-server/test/contracts/code.generate-golden.spec.ts (6 tests) 23ms
 ✓ |core| tests/viz/adapters/echarts/sankey-adapter.test.ts (43 tests) 15ms
 ✓ |core| tests/accounts/metadata-policy.spec.ts (23 tests) 13ms
 ✓ |core| tests/viz/adapters/echarts/graph-adapter.test.ts (35 tests) 12ms
 ✓ |core| tests/core/dependency-graph.test.ts (40 tests) 18ms
 ✓ |core| tests/viz/a11y/facet-table-generator.test.ts (4 tests) 9ms
 ✓ |core| packages/mcp-server/test/contracts/preview.compaction.spec.ts (3 tests) 38ms
 ✓ |core| tests/base/textarea.test.tsx (2 tests) 22ms
 ✓ |core| tests/integration/network-flow-full.test.ts (21 tests) 18ms
 ✓ |core| tests/base/button.test.tsx (3 tests) 14ms
 ✓ |core| tests/tokens/brand-theme-matrix.test.ts (10 tests) 13ms
 ✓ |core| packages/mcp-server/test/render/confidence-affordance.spec.ts (15 tests) 60ms
 ✓ |core| tests/schemas/viz/network-input.test.ts (4 tests) 23ms
 ✓ |core| tests/e2e/network-dashboard.test.ts (14 tests) 9ms
 ✓ |core| tests/compositor/composeExtensions.test.ts (4 tests) 17ms
 ✓ |core| tests/tokens/brand-semantic-bridge.test.ts (14 tests) 21ms
 ✓ |core| packages/mcp-server/test/codegen/prop-binding.spec.ts (33 tests) 20ms
 ✓ |core| tests/domain/billing/state-set-convergence.spec.ts (7 tests) 31ms
 ✓ |core| tests/components/page-header.test.tsx (1 test) 13ms
 ✓ |core| tests/traits/addressable/validation.test.ts (3 tests) 36ms
 ✓ |core| tests/validation/cli.test.ts (4 tests) 12ms
 ✓ |core| tests/generators/composer.test.ts (24 tests) 8ms
 ✓ |core| tests/generators/type-generator.test.ts (26 tests) 8ms
stdout | tests/tenancy/isolated.spec.ts > Schema-Per-Tenant Isolation > Schema Isolation > should route queries to tenant-specific schema
[SchemaPerTenant] Using schema: tenant_tenant_alice

stdout | tests/tenancy/isolated.spec.ts > Schema-Per-Tenant Isolation > Schema Isolation > should route queries to tenant-specific schema
[SchemaPerTenant] Query in tenant_tenant_alice: SELECT * FROM subscriptions

stdout | tests/tenancy/isolated.spec.ts > Schema-Per-Tenant Isolation > Schema Isolation > should route queries to tenant-specific schema
[SchemaPerTenant] Using schema: tenant_tenant_bob

stdout | tests/tenancy/isolated.spec.ts > Schema-Per-Tenant Isolation > Schema Isolation > should route queries to tenant-specific schema
[SchemaPerTenant] Query in tenant_tenant_bob: SELECT * FROM subscriptions

stdout | tests/tenancy/isolated.spec.ts > Schema-Per-Tenant Isolation > Schema Isolation > should prevent cross-schema data access
[SchemaPerTenant] Using schema: tenant_tenant_alice

stdout | tests/tenancy/isolated.spec.ts > Schema-Per-Tenant Isolation > Schema Isolation > should prevent cross-schema data access
[SchemaPerTenant] Query in tenant_tenant_alice: SELECT * FROM subscriptions

stdout | tests/tenancy/isolated.spec.ts > Schema-Per-Tenant Isolation > Transaction Isolation > should maintain schema context across transaction
[SchemaPerTenant] Using schema: tenant_tenant_alice

stdout | tests/tenancy/isolated.spec.ts > Schema-Per-Tenant Isolation > Transaction Isolation > should maintain schema context across transaction
[SchemaPerTenant] BEGIN in tenant_tenant_alice

stdout | tests/tenancy/isolated.spec.ts > Schema-Per-Tenant Isolation > Transaction Isolation > should maintain schema context across transaction
[SchemaPerTenant] Execute in tenant_tenant_alice: INSERT INTO subscriptions (id, status) VALUES (?, ?)

stdout | tests/tenancy/isolated.spec.ts > Schema-Per-Tenant Isolation > Transaction Isolation > should maintain schema context across transaction
[SchemaPerTenant] COMMIT in tenant_tenant_alice

stdout | tests/tenancy/isolated.spec.ts > Schema-Per-Tenant Isolation > Transaction Isolation > should not leak data across schema transactions
[SchemaPerTenant] Using schema: tenant_tenant_alice

stdout | tests/tenancy/isolated.spec.ts > Schema-Per-Tenant Isolation > Transaction Isolation > should not leak data across schema transactions
[SchemaPerTenant] BEGIN in tenant_tenant_alice

stdout | tests/tenancy/isolated.spec.ts > Schema-Per-Tenant Isolation > Transaction Isolation > should not leak data across schema transactions
[SchemaPerTenant] Execute in tenant_tenant_alice: INSERT INTO subscriptions (id, status) VALUES (?, ?)

stdout | tests/tenancy/isolated.spec.ts > Schema-Per-Tenant Isolation > Transaction Isolation > should not leak data across schema transactions
[SchemaPerTenant] Using schema: tenant_tenant_bob

stdout | tests/tenancy/isolated.spec.ts > Schema-Per-Tenant Isolation > Transaction Isolation > should not leak data across schema transactions
[SchemaPerTenant] Query in tenant_tenant_bob: SELECT * FROM subscriptions

stdout | tests/tenancy/isolated.spec.ts > Schema-Per-Tenant Isolation > Concurrent Access > should handle multiple tenants querying simultaneously
[SchemaPerTenant] Using schema: tenant_tenant_alice
[SchemaPerTenant] Using schema: tenant_tenant_bob
[SchemaPerTenant] Using schema: tenant_tenant_charlie
[SchemaPerTenant] Query in tenant_tenant_alice: SELECT * FROM subscriptions
[SchemaPerTenant] Query in tenant_tenant_bob: SELECT * FROM subscriptions
[SchemaPerTenant] Query in tenant_tenant_charlie: SELECT * FROM subscriptions

stdout | tests/tenancy/isolated.spec.ts > Schema-Per-Tenant Isolation > Per-Tenant Migrations > should support independent schema versions
[SchemaPerTenant] Using schema: tenant_tenant_alice

stdout | tests/tenancy/isolated.spec.ts > Schema-Per-Tenant Isolation > Per-Tenant Migrations > should support independent schema versions
[SchemaPerTenant] Query in tenant_tenant_alice: SELECT * FROM subscriptions

stdout | tests/tenancy/isolated.spec.ts > Schema-Per-Tenant Isolation > Per-Tenant Migrations > should support independent schema versions
[SchemaPerTenant] Using schema: tenant_tenant_bob

stdout | tests/tenancy/isolated.spec.ts > Schema-Per-Tenant Isolation > Per-Tenant Migrations > should support independent schema versions
[SchemaPerTenant] Query in tenant_tenant_bob: SELECT * FROM subscriptions

 ✓ |core| tests/tenancy/isolated.spec.ts (10 tests) 11ms
 ✓ |core| packages/mcp-server/test/render/css-extractor.spec.ts (3 tests) 5ms
 ✓ |core| tests/base/badge.test.tsx (2 tests) 12ms
 ✓ |core| packages/mcp-server/test/contracts/repl.registry.contract.spec.ts (2 tests) 13ms
 ✓ |core| packages/mcp-server/test/tools/viz.render.bubble-symbolsize-s172.spec.ts (6 tests) 12ms
 ✓ |core| tests/tokens/viz-map.test.ts (20 tests) 9ms
 ✓ |core| tests/viz/adapters/layout-parity.test.ts (2 tests) 8ms
 ✓ |core| tests/traits/viz/spatial/spatial-composition.test.ts (15 tests) 23ms
 ✓ |core| packages/mcp-server/test/contracts/s90-registration-audit.spec.ts (35 tests) 16ms
 ✓ |core| packages/mcp-server/test/contracts/schema.contract.spec.ts (24 tests) 11ms
 ✓ |core| tests/cli/network-scaffold.test.ts (24 tests) 21ms
 ✓ |core| tests/parsers/ts-parser.test.ts (7 tests) 8ms
 ✓ |core| tests/viz/a11y-equivalence.test.ts (12 tests) 43ms
 ✓ |core| packages/mcp-server/test/product-reality/state-evidence.s184.spec.ts (2 tests) 12ms
 ✓ |core| tests/viz/spatial/geo-data-joiner.test.ts (13 tests) 31ms
 ✓ |core| tests/parsers/yaml-parser.test.ts (12 tests) 29ms
 ✓ |core| tests/services/billing/event-ingestion.spec.ts (3 tests) 31ms
 ✓ |core| tests/viz/spatial/geo-format-parser.test.ts (22 tests) 17ms
 ✓ |core| tests/viz/integration/spatial-dashboard.test.tsx (2 tests) 43ms
 ✓ |core| tests/schemas/classification.test.ts (5 tests) 31ms
 ✓ |core| tests/traits/preferenceable/dual-write-migration.test.ts (2 tests) 8ms
 ✓ |core| packages/mcp-server/test/render/render-preview-messaging.spec.ts (2 tests) 16ms
 ✓ |core| tests/compositor/withStatusBadge.modifier.test.ts (6 tests) 7ms
 ✓ |core| tests/base/table.test.tsx (2 tests) 37ms
 ✓ |core| tests/schemas/address.test.ts (4 tests) 21ms
 ✓ |core| tests/base/banner.test.tsx (2 tests) 14ms
 ✓ |core| tests/base/text-field.test.tsx (2 tests) 13ms
 ✓ |core| tests/viz/echarts-adapter.test.ts (8 tests) 28ms
 ✓ |core| packages/mcp-server/test/contracts/artifact-certify-render-prose.s179.spec.ts (13 tests) 5ms
 ✓ |core| tests/base/checkbox.test.tsx (2 tests) 33ms
stdout | tests/tenancy/shared.spec.ts > Shared-Schema Tenancy > Tenant Isolation > should isolate queries to current tenant
[SharedSchema] Query for tenant tenant-alice: SELECT * FROM subscriptions WHERE tenant_id = 'tenant-alice'

stdout | tests/tenancy/shared.spec.ts > Shared-Schema Tenancy > Tenant Isolation > should isolate queries to current tenant
[SharedSchema] Query for tenant tenant-bob: SELECT * FROM subscriptions WHERE tenant_id = 'tenant-bob'

stdout | tests/tenancy/shared.spec.ts > Shared-Schema Tenancy > Tenant Isolation > should prevent cross-tenant data access
[SharedSchema] Query for tenant tenant-alice: SELECT * FROM subscriptions WHERE tenant_id = 'tenant-alice'

stdout | tests/tenancy/shared.spec.ts > Shared-Schema Tenancy > Transaction Isolation > should maintain tenant context across transaction
[SharedSchema] BEGIN for tenant tenant-alice

stdout | tests/tenancy/shared.spec.ts > Shared-Schema Tenancy > Transaction Isolation > should maintain tenant context across transaction
[SharedSchema] Execute for tenant tenant-alice: INSERT INTO subscriptions (id, status) VALUES (?, ?)

stdout | tests/tenancy/shared.spec.ts > Shared-Schema Tenancy > Transaction Isolation > should maintain tenant context across transaction
[SharedSchema] COMMIT for tenant tenant-alice

stdout | tests/tenancy/shared.spec.ts > Shared-Schema Tenancy > Transaction Isolation > should restore context after rollback
[SharedSchema] BEGIN for tenant tenant-bob

stdout | tests/tenancy/shared.spec.ts > Shared-Schema Tenancy > Transaction Isolation > should restore context after rollback
[SharedSchema] Execute for tenant tenant-bob: INSERT INTO subscriptions (id, status) VALUES (?, ?)

stdout | tests/tenancy/shared.spec.ts > Shared-Schema Tenancy > Transaction Isolation > should restore context after rollback
[SharedSchema] ROLLBACK for tenant tenant-bob

 ✓ |core| tests/tenancy/shared.spec.ts (11 tests) 26ms
 ✓ |core| tests/system-protocols/semantic-protocol.test.ts (3 tests) 8ms
 ✓ |core| tests/viz/adapters/echarts/graph-adapter-interaction.test.ts (24 tests) 87ms
 ✓ |core| packages/mcp-adapter/sanitize-schema.test.js (27 tests) 9ms
 ✓ |core| tests/verification/agent-docs-registry.contract.test.ts (5 tests) 9ms
 ✓ |core| tests/traits/communication/policy-builder.test.ts (3 tests) 9ms
 ✓ |core| packages/mcp-server/test/contracts/dsl-version.spec.ts (9 tests) 8ms
 ✓ |core| packages/mcp-server/test/contracts/brand.apply.patch.spec.ts (1 test) 15ms
 ✓ |core| tests/verification/closeout-checklist.contract.test.ts (8 tests) 8ms
 ✓ |core| packages/mcp-server/test/contracts/viz-compose.contract.spec.ts (10 tests) 14ms
 ✓ |core| tests/dashboard/network-widgets.test.ts (28 tests) 34ms
 ✓ |core| tests/viz/patterns/pattern-library-v2.test.ts (6 tests) 5ms
 ✓ |core| tests/styles/view-context-collapse.test.ts (13 tests) 7ms
 ✓ |core| tests/engine/contributions.registry.spec.ts (3 tests) 12ms
 ✓ |core| packages/mcp-server/test/tools/dashboard-contrast-alpha-s170.spec.ts (7 tests) 7ms
 ✓ |core| tests/traits/viz/spatial/has-projection.test.ts (19 tests) 10ms
 ✓ |core| tests/viz/echarts-interactions.test.ts (5 tests) 8ms
 ✓ |core| tests/viz/adapters/layout-adapter.test.ts (2 tests) 11ms
 ✓ |core| packages/mcp-server/test/a2ui-host-conformance/host-conformance-emitter.spec.ts (32 tests) 16ms
 ✓ |core| tests/contracts/schema-types.contract.test.ts (2 tests) 8ms
 ✓ |core| packages/mcp-server/test/tools/dashboard-token-css-ref-honor.s179.spec.ts (3 tests) 8ms
stdout | tests/tenancy/external.spec.ts > External Adapter Tenancy > Isolation > should route queries to dedicated databases
[ExternalAdapter] Tenant Alice Corp (tenant-alice) → alice.db.internal:5432/oods_alice

stdout | tests/tenancy/external.spec.ts > External Adapter Tenancy > Isolation > should route queries to dedicated databases
[ExternalAdapter] Query in oods_alice: SELECT * FROM subscriptions

stdout | tests/tenancy/external.spec.ts > External Adapter Tenancy > Isolation > should route queries to dedicated databases
[ExternalAdapter] Tenant Bob Industries (tenant-bob) → bob.db.internal:5432/oods_bob

stdout | tests/tenancy/external.spec.ts > External Adapter Tenancy > Isolation > should route queries to dedicated databases
[ExternalAdapter] Query in oods_bob: SELECT * FROM subscriptions

 ✓ |core| tests/tenancy/external.spec.ts (3 tests) 9ms
 ✓ |core| tests/database/authz-migrations.test.ts (6 tests) 6ms
 ✓ |core| tests/traits/preferenceable/notification-routing.test.ts (4 tests) 9ms
 ✓ |core| tests/traits/communication/schema-registry.test.ts (3 tests) 7ms
 ✓ |core| tests/verification/standing-rules.contract.test.ts (3 tests) 11ms
 ✓ |core| tests/parsers/index.test.ts (5 tests) 10ms
 ✓ |core| tests/accounts/account-archetypes.spec.ts (12 tests) 17ms
 ✓ |core| tests/viz/layout/keyboard-nav.test.ts (3 tests) 6ms
 ✓ |core| tests/view/extensions.test.ts (6 tests) 34ms
 ✓ |core| tests/viz/patterns/scaffold-generator.test.ts (1 test) 33ms
 ✓ |core| tests/viz/adapters/echarts/treemap-adapter.test.ts (2 tests) 10ms
 ✓ |core| tests/database/authz-seeds.test.ts (3 tests) 5ms
 ✓ |core| tests/verification/regions.contract.test.ts (3 tests) 4ms
 ✓ |core| packages/mcp-server/test/tools/cvd-machado.spec.ts (8 tests) 12ms
 ✓ |core| tests/view/compositor/modifierPurity.test.ts (5 tests) 4ms
 ✓ |core| tests/viz/patterns/suggest-chart-v2.test.ts (2 tests) 4ms
 ✓ |core| tests/viz/adapters/echarts/sunburst-adapter.test.ts (2 tests) 5ms
 ✓ |core| tests/viz/integration/renderer-selection-spatial.test.ts (5 tests) 5ms
 ✓ |core| tests/verification/docs.contract.test.ts (2 tests) 3ms
 ✓ |core| tests/viz/stack-transform.test.ts (2 tests) 5ms
 ✓ |core| packages/mcp-server/test/contracts/tool.registry.spec.ts (3 tests) 6ms
 ✓ |core| tests/verification/pkg-compat-workflow.contract.test.ts (2 tests) 3ms
 ✓ |core| tests/traits/addressable/format-templates.test.ts (4 tests) 4ms
 ✓ |core| tests/verification/ci-token-governance-event.contract.test.ts (2 tests) 3ms
 ✓ |core| tests/viz/patterns/suggest-chart.test.ts (4 tests) 6ms
 ✓ |core| tests/cli/spatial-detection.test.ts (4 tests) 17ms
 ✓ |core| tests/mcp/bridge-policy-and-tool-names.test.ts (3 tests) 4ms
 ✓ |core| tests/traits/preferenceable/migration-logger.test.ts (1 test) 6ms
 ✓ |core| tests/traits/communication/channel-resolver.test.ts (3 tests) 3ms
 ✓ |core| tests/view/context.test.ts (2 tests) 2ms
 ✓ |core| packages/mcp-server/test/compose/position-affinity.spec.ts (5 tests) 4ms
 ✓ |core| tests/validation/reporters.test.ts (3 tests) 5ms
 ✓ |core| tests/viz/renderer-selector.test.ts (7 tests) 8ms
 ✓ |core| tests/cli/spatial-scaffold.test.ts (2 tests) 5ms
 ↓ |core| packages/mcp-server/test/e2e/stage1-rollups.e2e.spec.ts (7 tests | 7 skipped)
 ✓ |core| tests/components/breadcrumbs.spec.tsx (32 tests) 1121ms
 ✓ |core| tests/traits/preferenceable/rjsf-integration.test.tsx (2 tests) 1148ms
   ✓ PreferenceForm (RJSF integration) > renders schema-driven inputs for older versions  817ms
   ✓ PreferenceForm (RJSF integration) > defaults to the latest schema when version is omitted  330ms
 ✓ |core| tests/components/tabs.spec.tsx (24 tests) 1046ms
 ✓ |core| tests/viz/spatial/performance.test.tsx (3 tests) 1631ms
   ✓ Spatial Performance Benchmarks > meets choropleth render budgets  425ms
   ✓ Spatial Performance Benchmarks > meets bubble render budgets  1047ms
 ✓ |core| tests/components/preferences/PreferenceForm.a11y.test.tsx (1 test) 1499ms
   ✓ PreferenceForm accessibility > renders without axe violations  1497ms
 ✓ |core| tests/components/preferences/PreferenceForm.test.tsx (4 tests) 1871ms
   ✓ PreferenceForm > emits document changes when schema-driven fields update  785ms
   ✓ PreferenceForm > reports validation issues for invalid inputs via onValidationChange  851ms
 ✓ |core| tests/components/viz/ScatterChart.test.tsx (2 tests) 903ms
   ✓ ScatterChart > selects the ECharts renderer for dense datasets and wires interactions  682ms
 ✓ |core| tests/components/classification/CategoryTree.test.tsx (4 tests) 347ms
 ✓ |core| tests/components/viz/spatial/ChoroplethMap.test.tsx (15 tests) 257ms
 ✓ |core| tests/components/viz/spatial/AccessibleMapFallback.test.tsx (3 tests) 156ms
 ✓ |core| tests/apps/playground.app.test.tsx (2 tests) 487ms
 ✓ |core| tests/components/authz/MembershipManager.a11y.test.tsx (2 tests) 395ms
 ✓ |core| tests/components/viz/Heatmap.a11y.test.tsx (1 test) 289ms
 ✓ |core| tests/components/viz/ScatterChart.a11y.test.tsx (1 test) 333ms
   ✓ ScatterChart accessibility > has no axe violations  332ms
 ✓ |core| tests/components/toast.spec.tsx (17 tests) 468ms
   ✓ ToastPortal > removes toasts after dismissal  312ms
 ✓ |core| tests/components/preferences/NotificationMatrix.test.tsx (3 tests) 379ms
 ✓ |core| tests/viz/spatial/e2e-spatial.test.tsx (3 tests) 449ms
 ✓ |core| tests/components/viz/VizFacetGrid.test.tsx (3 tests) 455ms
 ✓ |core| tests/components/pagination.spec.tsx (33 tests) 478ms
 ✓ |core| tests/components/addresses/address-form.a11y.test.tsx (1 test) 340ms
   ✓ AddressForm accessibility > has no axe violations  339ms
 ✓ |core| tests/components/viz/VizFacetGrid.a11y.test.tsx (1 test) 425ms
   ✓ VizFacetGrid accessibility > has no axe violations  423ms
 ✓ |core| tests/components/addresses/address-display.test.tsx (3 tests) 242ms
 ✓ |core| tests/components/classification/CategoryPicker.test.tsx (4 tests) 743ms
   ✓ CategoryPicker > renders label, search, and tree  430ms
 ✓ |core| tests/components/viz/Heatmap.test.tsx (3 tests) 355ms
 ✓ |core| tests/components/empty-state.spec.tsx (12 tests) 214ms
 ✓ |core| tests/components/viz/Sankey.test.tsx (12 tests) 242ms
 ✓ |core| tests/viz/spatial/a11y-integration.test.tsx (4 tests) 475ms
 ✓ |core| tests/components/viz/VizLayeredView.a11y.test.tsx (1 test) 389ms
   ✓ VizLayeredView accessibility > has no axe violations  387ms
 ✓ |core| tests/components/addresses/address-form.test.tsx (4 tests) 414ms
 ✓ |core| tests/components/classification/TagInput.test.tsx (4 tests) 414ms
 ✓ |core| tests/panel/artifact-list.test.tsx (2 tests) 270ms
 ✓ |core| tests/viz/hooks/useSpatialSpec.test.ts (5 tests) 321ms
 ✓ |core| tests/components/viz/spatial/spatial-integration.test.tsx (2 tests) 141ms
 ✓ |core| tests/components/viz/AreaChart.test.tsx (3 tests) 380ms
 ✓ |core| tests/panel/diff-viewer.test.tsx (3 tests) 218ms
 ✓ |core| tests/components/viz/BarChart.a11y.test.tsx (1 test) 282ms
 ✓ |core| tests/components/viz/a11y/a11y-fallbacks.test.tsx (5 tests) 198ms
 ✓ |core| tests/components/authz/RolePermissionMatrix.test.tsx (3 tests) 191ms
 ✓ |core| tests/components/viz/LineChart.test.tsx (3 tests) 416ms
 ✓ |core| tests/components/viz/AreaChart.a11y.test.tsx (1 test) 376ms
   ✓ AreaChart accessibility > has no axe violations  375ms
 ✓ |core| tests/components/viz/BarChart.test.tsx (2 tests) 311ms
 ✓ |core| tests/components/viz/spatial/ChoroplethMap.a11y.test.tsx (11 tests) 246ms
 ✓ |core| tests/components/viz/VizLayeredView.test.tsx (2 tests) 231ms
 ✓ |core| tests/components/viz/LineChart.a11y.test.tsx (1 test) 309ms
   ✓ LineChart accessibility > has no axe violations  308ms
 ✓ |core| tests/components/viz/spatial/SpatialContainer.a11y.test.tsx (6 tests) 223ms
 ✓ |core| tests/components/viz/spatial/SpatialContainer.test.tsx (7 tests) 249ms
 ✓ |core| tests/components/viz/ForceGraph.test.tsx (10 tests) 526ms
 ✓ |core| tests/components/viz/spatial/MapLegend.test.tsx (3 tests) 211ms
 ✓ |core| tests/components/viz/Sunburst.test.tsx (7 tests) 240ms
 ✓ |core| tests/components/viz/Heatmap.visualmap-dimension-s166.test.tsx (2 tests) 317ms
 ✓ |core| tests/components/viz/spatial/BubbleMap.a11y.test.tsx (3 tests) 279ms
 ✓ |core| tests/components/context-panel-drawer.test.tsx (5 tests) 271ms
 ✓ |core| tests/components/classification/TagInput.a11y.test.tsx (1 test) 268ms
 ✓ |core| tests/components/communication/ConversationThread.test.tsx (2 tests) 200ms
 ✓ |core| tests/components/classification/CategoryTree.a11y.test.tsx (1 test) 310ms
   ✓ CategoryTree accessibility > has no axe violations  307ms
 ✓ |core| tests/viz/spatial/adapter-parity.test.ts (2 tests) 174ms
 ✓ |core| tests/components/communication/MessageTimeline.test.tsx (3 tests) 239ms
 ✓ |core| tests/components/viz/spatial/BubbleMap.test.tsx (6 tests) 149ms
 ✓ |core| tests/components/communication/ChannelPlanEditor.test.tsx (2 tests) 113ms
 ✓ |core| tests/overlays/manager.edges.spec.tsx (4 tests) 140ms
 ✓ |core| tests/traits/SaaSBilling.payable.spec.tsx (4 tests) 97ms
 ✓ |core| tests/base/toast.test.tsx (3 tests) 187ms
 ✓ |core| tests/components/viz/Treemap.test.tsx (9 tests) 308ms
 ✓ |core| tests/hooks/useMessages.test.tsx (1 test) 50ms
 ✓ |core| tests/components/viz/spatial/BubbleMap.renderers.test.tsx (2 tests) 102ms
 ✓ |core| tests/components/communication/DeliveryHealthWidget.test.tsx (1 test) 117ms
 ✓ |core| tests/components/viz/spatial/MapControls.test.tsx (3 tests) 78ms
 ✓ |core| tests/components/viz/spatial/keyboard-nav.test.tsx (3 tests) 49ms
 ✓ |core| tests/traits/SaaSBilling.refundable.spec.tsx (2 tests) 66ms
 ✓ |core| tests/components/viz/SharedLegend.test.tsx (2 tests) 50ms
 ✓ |core| tests/viz/hooks.test.tsx (5 tests) 31ms
 ✓ |core| tests/viz/hooks/useSpatialProjection.test.ts (6 tests) 35ms
 ✓ |core| tests/views/view-profiles.spec.tsx (2 tests) 28ms
 ✓ |core| tests/hooks/useDeliveryStatus.test.tsx (1 test) 28ms
 ✓ |core| tests/components/viz/spatial/BubbleMapClustering.test.tsx (3 tests) 24ms
 ✓ |core| tests/hooks/useConversations.test.tsx (1 test) 47ms
 ✓ |core| tests/components/viz/spatial/projection-utils.test.ts (9 tests) 8ms
 ✓ |core| tests/components/viz/spatial/layer-utils.test.ts (10 tests) 6ms
 ✓ |core| packages/mcp-server/test/a2ui-host-conformance/host-conformance-render.spec.ts (51 tests) 124ms

 Test Files  6 failed | 511 passed | 1 skipped (518)
      Tests  4 failed | 5557 passed | 20 skipped (5581)
     Errors  1 error
   Start at  20:39:32
   Duration  158.21s (transform 18.96s, setup 0ms, collect 193.87s, tests 669.45s, environment 51.10s, prepare 56.50s)

JSON report written to /var/folders/gd/rty3217130vdbr9_q713nvg80000gn/T/oods-s185-m01-baseline-JGqy8q/run-2-root-core.json

[stderr]
stderr | tests/viz/mark-options-schema-validity-s167.test.ts
unknown format "color-hex" ignored in schema at path "#/definitions/HexColor"
unknown format "color-hex" ignored in schema at path "#/definitions/HexColor"
unknown format "color-hex" ignored in schema at path "#/definitions/HexColor"
unknown format "color-hex" ignored in schema at path "#/definitions/HexColor"

stderr | tests/viz/adapters/spatial/vega-lite-spatial-adapter.test.ts
unknown format "color-hex" ignored in schema at path "#/definitions/HexColor"
unknown format "color-hex" ignored in schema at path "#/definitions/HexColor"

stderr | tests/components/toast.spec.tsx > toast service > subscriptions and helpers > exposes useToastQueue hook to subscribers
An update to HookProbe inside a test was not wrapped in act(...).

When testing, code that causes React state updates should be wrapped into act(...):

act(() => {
  /* fire events that update state */
});
/* assert on the output */

This ensures that you're testing the behavior the user would see in the browser. Learn more at https://react.dev/link/wrap-tests-with-act

stderr | tests/components/toast.spec.tsx > ToastPortal > renders role=status toasts from the queue
An update to OODS.ToastPortal inside a test was not wrapped in act(...).

When testing, code that causes React state updates should be wrapped into act(...):

act(() => {
  /* fire events that update state */
});
/* assert on the output */

This ensures that you're testing the behavior the user would see in the browser. Learn more at https://react.dev/link/wrap-tests-with-act

stderr | tests/components/toast.spec.tsx > ToastPortal > stacks multiple toasts without exceeding maxVisible
An update to OODS.ToastPortal inside a test was not wrapped in act(...).

When testing, code that causes React state updates should be wrapped into act(...):

act(() => {
  /* fire events that update state */
});
/* assert on the output */

This ensures that you're testing the behavior the user would see in the browser. Learn more at https://react.dev/link/wrap-tests-with-act

stderr | tests/components/toast.spec.tsx > ToastPortal > applies position modifiers for placement
An update to OODS.ToastPortal inside a test was not wrapped in act(...).

When testing, code that causes React state updates should be wrapped into act(...):

act(() => {
  /* fire events that update state */
});
/* assert on the output */

This ensures that you're testing the behavior the user would see in the browser. Learn more at https://react.dev/link/wrap-tests-with-act

stderr | tests/components/toast.spec.tsx > ToastPortal > removes toasts after dismissal
An update to OODS.ToastPortal inside a test was not wrapped in act(...).

When testing, code that causes React state updates should be wrapped into act(...):

act(() => {
  /* fire events that update state */
});
/* assert on the output */

This ensures that you're testing the behavior the user would see in the browser. Learn more at https://react.dev/link/wrap-tests-with-act

stderr | tests/components/toast.spec.tsx > ToastPortal > renders action buttons when provided
An update to OODS.ToastPortal inside a test was not wrapped in act(...).

When testing, code that causes React state updates should be wrapped into act(...):

act(() => {
  /* fire events that update state */
});
/* assert on the output */

This ensures that you're testing the behavior the user would see in the browser. Learn more at https://react.dev/link/wrap-tests-with-act

stderr | tests/components/toast.spec.tsx > ToastPortal > supports focus shortcut to highlight latest toast
An update to OODS.ToastPortal inside a test was not wrapped in act(...).

When testing, code that causes React state updates should be wrapped into act(...):

act(() => {
  /* fire events that update state */
});
/* assert on the output */

This ensures that you're testing the behavior the user would see in the browser. Learn more at https://react.dev/link/wrap-tests-with-act

stderr | packages/mcp-server/test/a2ui-host-conformance/host-conformance-render.spec.ts
Lit is in dev mode. Not recommended for production! See https://lit.dev/msg/dev-mode for more information.


⎯⎯⎯⎯⎯⎯ Failed Suites 2 ⎯⎯⎯⎯⎯⎯⎯

 FAIL  |core| packages/mcp-server/test/product-reality/live-workflow-consumers.s184.spec.ts > Sprint 184 m06 live Subscription workflow consumers
Error: Packed manifest for @oods/component-styles contains a workspace-only protocol.
 ❯ packFoundationPackages scripts/product-reality/s182-m04-consumer-harness.mjs:206:13
    204|     }
    205|     if (/\b(?:workspace|file|link):/i.test(JSON.stringify(manifest))) {
    206|       throw new Error(`Packed manifest for ${foundation.name} contains…
       |             ^
    207|     }
    208|     records.push({
 ❯ runLiveWorkflowProof scripts/product-reality/s184-m06-live-consumers.ts:1723:41
 ❯ packages/mcp-server/test/product-reality/live-workflow-consumers.s184.spec.ts:27:14

⎯⎯⎯⎯⎯⎯⎯⎯⎯⎯⎯⎯⎯⎯⎯⎯⎯⎯⎯⎯⎯⎯⎯⎯[1/6]⎯

 FAIL  |core| packages/mcp-server/test/tools/artifact.certify.echarts-a11y-warnfirst.spec.ts [ packages/mcp-server/test/tools/artifact.certify.echarts-a11y-warnfirst.spec.ts ]
Error: Cannot find module './tailwind/tokens.json'
Require stack:
- /packages/tokens/dist/index.cjs
⎯⎯⎯⎯⎯⎯⎯⎯⎯⎯⎯⎯⎯⎯⎯⎯⎯⎯⎯⎯⎯⎯⎯⎯[2/6]⎯


⎯⎯⎯⎯⎯⎯⎯ Failed Tests 4 ⎯⎯⎯⎯⎯⎯⎯

 FAIL  |core| tests/verification/how-forge-works.contract.test.ts > how Forge works narrative truth > keeps Sprint-182 product-reality claims evidence-scoped and review-gated
AssertionError: expected '# Near Roadmap\n\n**Status:** ACTIVE …' to contain 'Sprint 182 is complete, 7/7 missions'

- Expected
+ Received

- Sprint 182 is complete, 7/7 missions
+ # Near Roadmap
+
+ **Status:** ACTIVE — program decision `#1652`; Sprint-185 lock decision `#1724`
+
+ **Updated:** 2026-09-05
+
+ **Scope:** The next three independently reviewed increments
+
+ **Program authority:** [Forge Product Reality Program](product-reality-program.md)
+
+ ## Direction
+
+ OODS Foundry and Forge must function as one usable design system and agent toolchain Derek can use to
+ build real work. Greenfield output is a first-class requirement. Mapping into an existing company
+ system remains valuable, but it cannot substitute for Forge-owned components, runtime artifacts, or
+ working generation.
+
+ Two direction decisions from 2026-09-05 govern this queue. The Sprint 182 promotion freeze is void
+ (`#1722`): it was self-imposed, nothing outside our own scripts depends on it, and it is never cited
+ as a constraint again — new components go straight into the nucleus. The binding constraint on the
+ program is component breadth (`#1723`), so the increments after Runnable Generation are breadth waves
+ ordered by how many pre-existing saved schemas each wave makes reachable.
+
+ The current program does not ratify MCP Apps, Figma, Penpot, or a custom canvas; surface selection
+ follows runnable product foundations.
+
+ ## Current measured state — at `1118f436`, the Sprint 185 build base
+
+ | Claim area | Current evidence | Near-horizon obligation |
+ |---|---|---|
+ | Component catalog | 109 unique IDs; 22 governed (14 nucleus + 8 ported on `/ported` subpaths); 5 of 16 saved schemas fully reachable | Sprint 185 takes the nucleus to 19 and reachability to 11/16 |
+ | React | Installable package exports the 14-family nucleus at the root and 8 ported families on a subpath; live generation of two Subscription schemas passes the eight consumer gates | Five more root families with the same evidence bar |
+ | Vue | Same surface, same gates, no React/Radix/RJSF runtime dependency | Same bar as React |
+ | Generation | Versioned file-set artifact, exact dependencies, typed actions with a behavioral forwarding guard, `draft`/`build`/`release` profiles, a `loading`/`empty`/`error`/`success` state axis | Consumers still owe a notice for Sprint 184's Table and diagnostic movers — sent in Sprint 185 |
+ | Saved designs | All 16 records vendored; the 5 reachable ones generate green in both frameworks; 6 fail only on the five components Sprint 185 adds; 5 need 4–6 component clusters each | Breadth waves 2+ take the remaining five |
+ | Visualization | 13 admitted types; five complete the folded certified path | Unchanged; parked behind component breadth |
+
+ Counts describe the named surface only. HTML evidence is not React or Vue evidence, a source emitter
+ is not a runtime package, an admitted chart name is not rendered output, and a preview frame is not a
+ chart.
+
+ ## Increment 1 — Sprint 182: Product Reality Foundation — CLOSED 2026-09-04
+
+ Reviewed by `PS-2026-09-04-004` (decision `#1662`); `foundation-v1` promoted by Derek (decision
+ `#1663`). The 14-component nucleus is real in React and Vue with clean packed-consumer proof. Its build
+ authority was
+ [forge-s182-product-reality-foundation-decision-memo.md](../../planning/forge-s182-product-reality-foundation-decision-memo.md).
+
+ ## Increment 2 — Sprint 183: Runnable Generation — CLOSED 2026-09-05
+
+ Built by `PS-2026-09-04-007` at frozen head `9a4202fe` and independently reviewed by `PS-2026-09-05-001`
+ (decision `#1689`, determination in
+ [forge-s183-review-determination.md](../../planning/forge-s183-review-determination.md)). The exit gate
+ was genuinely met: the six-month-old schema `compose-7d860337` installs, builds, renders, hydrates and
+ passes interactions in clean React and Vue consumers. Two record defects blocked certification — a
+ `passed` claim that five archived mutation patches could not support, and an undisclosed loss of HTML
+ generation for Forge's own detail template absorbed by repointing tests. Both were repaired in
+ `s184-m07`, and the sprint was closed on 2026-09-05.
+
+ ## Increment 3 — Sprint 184: First Greenfield Workflow — CLOSED 2026-09-05, PARTIAL BY DESIGN
+
+ Built from `ab0d712d` and reviewed by `PS-2026-09-05-004`; closed by Derek the same day. Its build
+ authority was
+ [forge-s184-greenfield-workflow-decision-memo.md](../../planning/forge-s184-greenfield-workflow-decision-memo.md).
+
+ It ported the eight components the two March-2026 Subscription schemas needed, resolved six
+ off-contract facts by moving contracts rather than schemas, added the workflow state axis to the
+ schema language and both emitters, reversed the screen-scope binding rule so generated call sites
+ exist, replaced the textual stub guard with a forwarding check, and proved the list → detail slice
+ from live generation in both frameworks.
+
+ **Increment 3 is recorded as partial, in those words.** The four workflow states are proven on a
+ schema the sprint's own script builds; the real Subscription schemas are proven state-neutral. No
+ single artifact demonstrates the program sentence "the same semantic workflow is usable in both
+ frameworks with loading, empty, error, and success states." Edit/cancel and timeline have no
+ pre-existing schema, and authoring one would be the circularity the increment exists to avoid. The
+ review also found that the sprint's per-mission mover accounting missed five consumer-relevant
+ advertised movers, including the nucleus Table's zero-row output; that notice is owed and is sent in
+ Sprint 185.
+
+ ## Increment 4 — Sprint 185: Component Breadth Wave 1
+
+ Numbered because Sprint 184 is independently reviewed and closed. Its build authority is
+ [forge-s185-component-breadth-wave-1-decision-memo.md](../../planning/forge-s185-component-breadth-wave-1-decision-memo.md),
+ locked by decision `#1724` at build base `1118f436`.
+
+ It adds **DetailHeader, CardHeader, ColorSwatch, ColorizedBadge and VizAreaPreview** to the nucleus as
+ real React and Vue components and proves them by running the six pre-existing saved schemas they block
+ through live generation and the consumer gates in both frameworks. Reachable saved schemas go from
+ 5/16 to 11/16.
+
+ Planning measured the starting point by executing the real emitter. All twelve target cells fail today
+ with only `OODS-N015` on exactly those five ids, and with those nodes pruned all twelve generate green.
+ Unlike Sprint 184, no contract defects hide behind the component gap — this is a pure port plus the
+ retirement of the voided freeze from the live gates, which still pin the nucleus at 14 and would red
+ any addition. VizAreaPreview ships honestly as a sized preview frame, not a chart (`#1727`).
+
+ ## Increment 5 — Component Breadth Wave 2
+
+ Number this sprint only after Sprint 185 receives independent review. The remaining five unreachable
+ schemas (the four `user-*` showcases and `test-tagged-schema`) each need a cluster of four to six
+ components — address, membership, preference, tag, role, message and classification families. The
+ Sprint 185 review determines the order, measured by the same reachability census.
+
+ ## Gates that apply to every increment
+
+ - Claims come from executable evidence, never catalog prose or research conclusions.
+ - React and Vue are equal targets; framework-specific behavior stays idiomatic.
+ - Packed-consumer tests use no workspace alias, repository source import, existing `node_modules`, or
+   user registry configuration.
+ - An unsupported target fails with a typed gap; warning-only fallback is not success.
+ - Exploratory work may use advisory validation. Production/release artifacts must pass the declared
+   enforced profile.
+ - Every significant failure mode receives a negative test or mutation bite capable of proving the
+   gate is discriminating, and a bite for a behavioral promise removes the behavior, not a string.
+ - A pre-existing test whose input changes during a sprint carries a stated reason in the closeout.
+ - A claim quantified with "every" is measured against the full tracked population at the review head.
+ - Advertised-surface movement is computed once, sprint-wide, from the final diff — never assembled
+   from per-mission scopes.
+ - Automated snapshots prove stability, not design quality; an independent review inspects responsive
+   craft and interaction states before a greenfield artifact is called usable.
+ - A build session records evidence and stops. A separate review session decides genuine close, and
+   scopes its verification to findings that could flip the determination.
+ - Public publishing, hosting, and paid external API use require explicit later decisions.
+
+ ## Parallel obligations and parks
+
+ Sprint-181 follow-ups `#1315` and `#1318`–`#1322` remain Forge-owned maintenance debt under decision
+ `#1651`; they are named at every closeout and must close before an integrated public release.
+
+ Derek's open call, untouched by any sprint: approve or revise the 98-row proposed runtime census so
+ `approvedRuntimeCensus` stops being null and the 109 denominator can move (`#1331`). Surface-cell
+ edits in the capability baseline are evidence updates and do not move that denominator (`#1726`).
+
+ The following are parked until their named dependency is met:
+
+ - folding the eight ported components into the root export — the next sprint that already moves the
+   root export surface for another reason (`#1729`);
+ - closure of all current visualization recipes, and making VizAreaPreview a real chart — after
+   component breadth, unless independent staffing permits parallel work;
+ - visualization breadth beyond the current 13 — after the public render and certification path is
+   coherent;
+ - Figma, Penpot, MCP Apps, or another design-surface adapter — after Forge artifacts are runnable and
+   the adapter's capabilities, costs, auth, and write semantics can be evaluated honestly;
+ - public package publication or hosted Forge delivery — after licensing, distribution, and operating
+   cost decisions; and
+ - `schema.ingest` — historically shelved by `#1649`; decision `#1652` retains the shelving result
+   while superseding its incorrect surface claim.
+
+ ## Build handoff
+
+ The next fresh session is the Sprint 185 build. It reads `agents.md`, runs `cmos_review()`, reads the
+ locked Sprint 185 memo, creates an exclusive worktree from `1118f436` on a new branch, and begins
+ `s185-m01`. It does not re-plan the sprint, does not build from the Sprint 184 memo, and does not touch
+ the primary checkout. It records evidence and stops; a separate review session decides genuine close.
+

 ❯ tests/verification/how-forge-works.contract.test.ts:214:25
    212|     expect(html).toContain("OODS-N015</span> and no source payload");
    213| 
    214|     expect(nearRoadmap).toContain("Sprint 182 is complete, 7/7 mission…
       |                         ^
    215|     expect(nearRoadmap).toContain("decision `#1662`");
    216|     expect(nearRoadmap).toContain("decision `#1663`");

⎯⎯⎯⎯⎯⎯⎯⎯⎯⎯⎯⎯⎯⎯⎯⎯⎯⎯⎯⎯⎯⎯⎯⎯[3/6]⎯

 FAIL  |core| tests/verification/s177-prose-carriers.contract.test.ts > Sprint 177 prose truth carriers > keeps current roadmap authority separate from frozen history and sibling execution
AssertionError: expected '# Near Roadmap\n\n**Status:** ACTIVE …' to contain '**Status:** ACTIVE — program decision…'

- Expected
+ Received

- **Status:** ACTIVE — program decision `#1652`; Sprint-183 lock decision `#1664`
+ # Near Roadmap
+
+ **Status:** ACTIVE — program decision `#1652`; Sprint-185 lock decision `#1724`
+
+ **Updated:** 2026-09-05
+
+ **Scope:** The next three independently reviewed increments
+
+ **Program authority:** [Forge Product Reality Program](product-reality-program.md)
+
+ ## Direction
+
+ OODS Foundry and Forge must function as one usable design system and agent toolchain Derek can use to
+ build real work. Greenfield output is a first-class requirement. Mapping into an existing company
+ system remains valuable, but it cannot substitute for Forge-owned components, runtime artifacts, or
+ working generation.
+
+ Two direction decisions from 2026-09-05 govern this queue. The Sprint 182 promotion freeze is void
+ (`#1722`): it was self-imposed, nothing outside our own scripts depends on it, and it is never cited
+ as a constraint again — new components go straight into the nucleus. The binding constraint on the
+ program is component breadth (`#1723`), so the increments after Runnable Generation are breadth waves
+ ordered by how many pre-existing saved schemas each wave makes reachable.
+
+ The current program does not ratify MCP Apps, Figma, Penpot, or a custom canvas; surface selection
+ follows runnable product foundations.
+
+ ## Current measured state — at `1118f436`, the Sprint 185 build base
+
+ | Claim area | Current evidence | Near-horizon obligation |
+ |---|---|---|
+ | Component catalog | 109 unique IDs; 22 governed (14 nucleus + 8 ported on `/ported` subpaths); 5 of 16 saved schemas fully reachable | Sprint 185 takes the nucleus to 19 and reachability to 11/16 |
+ | React | Installable package exports the 14-family nucleus at the root and 8 ported families on a subpath; live generation of two Subscription schemas passes the eight consumer gates | Five more root families with the same evidence bar |
+ | Vue | Same surface, same gates, no React/Radix/RJSF runtime dependency | Same bar as React |
+ | Generation | Versioned file-set artifact, exact dependencies, typed actions with a behavioral forwarding guard, `draft`/`build`/`release` profiles, a `loading`/`empty`/`error`/`success` state axis | Consumers still owe a notice for Sprint 184's Table and diagnostic movers — sent in Sprint 185 |
+ | Saved designs | All 16 records vendored; the 5 reachable ones generate green in both frameworks; 6 fail only on the five components Sprint 185 adds; 5 need 4–6 component clusters each | Breadth waves 2+ take the remaining five |
+ | Visualization | 13 admitted types; five complete the folded certified path | Unchanged; parked behind component breadth |
+
+ Counts describe the named surface only. HTML evidence is not React or Vue evidence, a source emitter
+ is not a runtime package, an admitted chart name is not rendered output, and a preview frame is not a
+ chart.
+
+ ## Increment 1 — Sprint 182: Product Reality Foundation — CLOSED 2026-09-04
+
+ Reviewed by `PS-2026-09-04-004` (decision `#1662`); `foundation-v1` promoted by Derek (decision
+ `#1663`). The 14-component nucleus is real in React and Vue with clean packed-consumer proof. Its build
+ authority was
+ [forge-s182-product-reality-foundation-decision-memo.md](../../planning/forge-s182-product-reality-foundation-decision-memo.md).
+
+ ## Increment 2 — Sprint 183: Runnable Generation — CLOSED 2026-09-05
+
+ Built by `PS-2026-09-04-007` at frozen head `9a4202fe` and independently reviewed by `PS-2026-09-05-001`
+ (decision `#1689`, determination in
+ [forge-s183-review-determination.md](../../planning/forge-s183-review-determination.md)). The exit gate
+ was genuinely met: the six-month-old schema `compose-7d860337` installs, builds, renders, hydrates and
+ passes interactions in clean React and Vue consumers. Two record defects blocked certification — a
+ `passed` claim that five archived mutation patches could not support, and an undisclosed loss of HTML
+ generation for Forge's own detail template absorbed by repointing tests. Both were repaired in
+ `s184-m07`, and the sprint was closed on 2026-09-05.
+
+ ## Increment 3 — Sprint 184: First Greenfield Workflow — CLOSED 2026-09-05, PARTIAL BY DESIGN
+
+ Built from `ab0d712d` and reviewed by `PS-2026-09-05-004`; closed by Derek the same day. Its build
+ authority was
+ [forge-s184-greenfield-workflow-decision-memo.md](../../planning/forge-s184-greenfield-workflow-decision-memo.md).
+
+ It ported the eight components the two March-2026 Subscription schemas needed, resolved six
+ off-contract facts by moving contracts rather than schemas, added the workflow state axis to the
+ schema language and both emitters, reversed the screen-scope binding rule so generated call sites
+ exist, replaced the textual stub guard with a forwarding check, and proved the list → detail slice
+ from live generation in both frameworks.
+
+ **Increment 3 is recorded as partial, in those words.** The four workflow states are proven on a
+ schema the sprint's own script builds; the real Subscription schemas are proven state-neutral. No
+ single artifact demonstrates the program sentence "the same semantic workflow is usable in both
+ frameworks with loading, empty, error, and success states." Edit/cancel and timeline have no
+ pre-existing schema, and authoring one would be the circularity the increment exists to avoid. The
+ review also found that the sprint's per-mission mover accounting missed five consumer-relevant
+ advertised movers, including the nucleus Table's zero-row output; that notice is owed and is sent in
+ Sprint 185.
+
+ ## Increment 4 — Sprint 185: Component Breadth Wave 1
+
+ Numbered because Sprint 184 is independently reviewed and closed. Its build authority is
+ [forge-s185-component-breadth-wave-1-decision-memo.md](../../planning/forge-s185-component-breadth-wave-1-decision-memo.md),
+ locked by decision `#1724` at build base `1118f436`.
+
+ It adds **DetailHeader, CardHeader, ColorSwatch, ColorizedBadge and VizAreaPreview** to the nucleus as
+ real React and Vue components and proves them by running the six pre-existing saved schemas they block
+ through live generation and the consumer gates in both frameworks. Reachable saved schemas go from
+ 5/16 to 11/16.
+
+ Planning measured the starting point by executing the real emitter. All twelve target cells fail today
+ with only `OODS-N015` on exactly those five ids, and with those nodes pruned all twelve generate green.
+ Unlike Sprint 184, no contract defects hide behind the component gap — this is a pure port plus the
+ retirement of the voided freeze from the live gates, which still pin the nucleus at 14 and would red
+ any addition. VizAreaPreview ships honestly as a sized preview frame, not a chart (`#1727`).
+
+ ## Increment 5 — Component Breadth Wave 2
+
+ Number this sprint only after Sprint 185 receives independent review. The remaining five unreachable
+ schemas (the four `user-*` showcases and `test-tagged-schema`) each need a cluster of four to six
+ components — address, membership, preference, tag, role, message and classification families. The
+ Sprint 185 review determines the order, measured by the same reachability census.
+
+ ## Gates that apply to every increment
+
+ - Claims come from executable evidence, never catalog prose or research conclusions.
+ - React and Vue are equal targets; framework-specific behavior stays idiomatic.
+ - Packed-consumer tests use no workspace alias, repository source import, existing `node_modules`, or
+   user registry configuration.
+ - An unsupported target fails with a typed gap; warning-only fallback is not success.
+ - Exploratory work may use advisory validation. Production/release artifacts must pass the declared
+   enforced profile.
+ - Every significant failure mode receives a negative test or mutation bite capable of proving the
+   gate is discriminating, and a bite for a behavioral promise removes the behavior, not a string.
+ - A pre-existing test whose input changes during a sprint carries a stated reason in the closeout.
+ - A claim quantified with "every" is measured against the full tracked population at the review head.
+ - Advertised-surface movement is computed once, sprint-wide, from the final diff — never assembled
+   from per-mission scopes.
+ - Automated snapshots prove stability, not design quality; an independent review inspects responsive
+   craft and interaction states before a greenfield artifact is called usable.
+ - A build session records evidence and stops. A separate review session decides genuine close, and
+   scopes its verification to findings that could flip the determination.
+ - Public publishing, hosting, and paid external API use require explicit later decisions.
+
+ ## Parallel obligations and parks
+
+ Sprint-181 follow-ups `#1315` and `#1318`–`#1322` remain Forge-owned maintenance debt under decision
+ `#1651`; they are named at every closeout and must close before an integrated public release.
+
+ Derek's open call, untouched by any sprint: approve or revise the 98-row proposed runtime census so
+ `approvedRuntimeCensus` stops being null and the 109 denominator can move (`#1331`). Surface-cell
+ edits in the capability baseline are evidence updates and do not move that denominator (`#1726`).
+
+ The following are parked until their named dependency is met:
+
+ - folding the eight ported components into the root export — the next sprint that already moves the
+   root export surface for another reason (`#1729`);
+ - closure of all current visualization recipes, and making VizAreaPreview a real chart — after
+   component breadth, unless independent staffing permits parallel work;
+ - visualization breadth beyond the current 13 — after the public render and certification path is
+   coherent;
+ - Figma, Penpot, MCP Apps, or another design-surface adapter — after Forge artifacts are runnable and
+   the adapter's capabilities, costs, auth, and write semantics can be evaluated honestly;
+ - public package publication or hosted Forge delivery — after licensing, distribution, and operating
+   cost decisions; and
+ - `schema.ingest` — historically shelved by `#1649`; decision `#1652` retains the shelving result
+   while superseding its incorrect surface claim.
+
+ ## Build handoff
+
+ The next fresh session is the Sprint 185 build. It reads `agents.md`, runs `cmos_review()`, reads the
+ locked Sprint 185 memo, creates an exclusive worktree from `1118f436` on a new branch, and begins
+ `s185-m01`. It does not re-plan the sprint, does not build from the Sprint 184 memo, and does not touch
+ the primary checkout. It records evidence and stops; a separate review session decides genuine close.
+

 ❯ tests/verification/s177-prose-carriers.contract.test.ts:67:18
     65|     const normalizedIndex = roadmapIndex.replace(/\s+/g, " ");
     66| 
     67|     expect(near).toContain(
       |                  ^
     68|       "**Status:** ACTIVE — program decision `#1652`; Sprint-183 lock …
     69|     );

⎯⎯⎯⎯⎯⎯⎯⎯⎯⎯⎯⎯⎯⎯⎯⎯⎯⎯⎯⎯⎯⎯⎯⎯[4/6]⎯

 FAIL  |core| packages/mcp-server/test/product-reality/m06-gate-bites.s184.spec.ts > Sprint 184 m06 real consumer gate bites > executes one unique red mutation for every gate on both framework targets
Error: Packed manifest for @oods/component-styles contains a workspace-only protocol.
 ❯ packFoundationPackages scripts/product-reality/s182-m04-consumer-harness.mjs:206:13
    204|     }
    205|     if (/\b(?:workspace|file|link):/i.test(JSON.stringify(manifest))) {
    206|       throw new Error(`Packed manifest for ${foundation.name} contains…
       |             ^
    207|     }
    208|     records.push({
 ❯ packages/mcp-server/test/product-reality/m06-gate-bites.s184.spec.ts:25:22

⎯⎯⎯⎯⎯⎯⎯⎯⎯⎯⎯⎯⎯⎯⎯⎯⎯⎯⎯⎯⎯⎯⎯⎯[5/6]⎯

 FAIL  |core| packages/mcp-server/test/product-reality/packed-ported-consumers.s184.spec.ts > Sprint 184 m04 packed ported consumers > installs only built OODS tarballs in fresh React and Vue consumers and resolves every new subpath externally
Error: Packed manifest for @oods/component-styles contains a workspace-only protocol.
 ❯ packFoundationPackages scripts/product-reality/s182-m04-consumer-harness.mjs:206:13
    204|     }
    205|     if (/\b(?:workspace|file|link):/i.test(JSON.stringify(manifest))) {
    206|       throw new Error(`Packed manifest for ${foundation.name} contains…
       |             ^
    207|     }
    208|     records.push({
 ❯ runS184M04PackedConsumers scripts/product-reality/s184-m04-packed-consumers.mjs:371:20
 ❯ packages/mcp-server/test/product-reality/packed-ported-consumers.s184.spec.ts:27:41

⎯⎯⎯⎯⎯⎯⎯⎯⎯⎯⎯⎯⎯⎯⎯⎯⎯⎯⎯⎯⎯⎯⎯⎯[6/6]⎯

⎯⎯⎯⎯⎯⎯ Unhandled Errors ⎯⎯⎯⎯⎯⎯

Vitest caught 1 unhandled error during the test run.
This might cause false positive tests. Resolve unhandled errors to make sure your tests are not affected.

⎯⎯⎯⎯⎯⎯ Unhandled Error ⎯⎯⎯⎯⎯⎯⎯
Error: [vitest-worker]: Timeout calling "onTaskUpdate"
 ❯ Object.onTimeoutError node_modules/.pnpm/vitest@3.2.4_@types+node@20.19.21_@vitest+browser@3.2.4_happy-dom@15.11.7_jiti@1.21.7_jsdom@24.1.3_tsx@4.20.6_yaml@2.8.1/node_modules/vitest/dist/chunks/rpc.-pEldfrD.js:53:10
 ❯ Timeout._onTimeout node_modules/.pnpm/vitest@3.2.4_@types+node@20.19.21_@vitest+browser@3.2.4_happy-dom@15.11.7_jiti@1.21.7_jsdom@24.1.3_tsx@4.20.6_yaml@2.8.1/node_modules/vitest/dist/chunks/index.B521nVV-.js:59:62
 ❯ listOnTimeout node:internal/timers:608:17
 ❯ processTimers node:internal/timers:543:7

⎯⎯⎯⎯⎯⎯⎯⎯⎯⎯⎯⎯⎯⎯⎯⎯⎯⎯⎯⎯⎯⎯⎯⎯⎯⎯⎯⎯⎯⎯

