2026-09-12T06:06:57.9695223Z Current runner version: '2.337.0'
2026-09-12T06:06:57.9732958Z ##[group]Runner Image Provisioner
2026-09-12T06:06:57.9734310Z Hosted Compute Agent
2026-09-12T06:06:57.9735458Z Version: 20260828.587
2026-09-12T06:06:57.9736525Z Commit: abac92662cab4cc7352de4f9f9d2e2419aad9c29
2026-09-12T06:06:57.9738080Z Build Date: 2026-08-28T16:44:25Z
2026-09-12T06:06:57.9739637Z Worker ID: {c02a7f20-a663-4d1c-8f21-e7621de11d50}
2026-09-12T06:06:57.9740910Z Azure Region: westus2
2026-09-12T06:06:57.9742084Z ##[endgroup]
2026-09-12T06:06:57.9744444Z ##[group]Operating System
2026-09-12T06:06:57.9745563Z Ubuntu
2026-09-12T06:06:57.9746563Z 24.04.5
2026-09-12T06:06:57.9747437Z LTS
2026-09-12T06:06:57.9748502Z ##[endgroup]
2026-09-12T06:06:57.9749822Z ##[group]Runner Image
2026-09-12T06:06:57.9751104Z Image: ubuntu-24.04
2026-09-12T06:06:57.9752146Z Version: 20260907.300.1
2026-09-12T06:06:57.9754554Z Included Software: https://github.com/actions/runner-images/blob/ubuntu24/20260907.300/images/ubuntu/Ubuntu2404-Readme.md
2026-09-12T06:06:57.9757383Z Image Release: https://github.com/actions/runner-images/releases/tag/ubuntu24%2F20260907.300
2026-09-12T06:06:57.9759556Z ##[endgroup]
2026-09-12T06:06:57.9761765Z ##[group]GITHUB_TOKEN Permissions
2026-09-12T06:06:57.9764677Z Contents: read
2026-09-12T06:06:57.9765651Z Metadata: read
2026-09-12T06:06:57.9766629Z PullRequests: write
2026-09-12T06:06:57.9767786Z ##[endgroup]
2026-09-12T06:06:57.9771416Z Secret source: Actions
2026-09-12T06:06:57.9773199Z Cache mode: write
2026-09-12T06:06:57.9774380Z Prepare workflow directory
2026-09-12T06:06:58.0392296Z Prepare all required actions
2026-09-12T06:06:58.0468198Z Getting action download info
2026-09-12T06:06:58.5149569Z Download action repository 'actions/checkout@v4' (SHA:11d5960a326750d5838078e36cf38b85af677262)
2026-09-12T06:06:58.6381274Z Download action repository 'pnpm/action-setup@v4' (SHA:b906affcce14559ad1aafd4ab0e942779e9f58b1)
2026-09-12T06:06:58.9837938Z Download action repository 'actions/setup-node@v4' (SHA:49933ea5288caeca8642d1e84afbd3f7d6820020)
2026-09-12T06:06:59.0783442Z Download action repository 'actions/upload-artifact@v4' (SHA:ea165f8d65b6e75b540449e92b4886f43607fa02)
2026-09-12T06:06:59.3226651Z Complete job name: portable-runtime (24)
2026-09-12T06:06:59.4026185Z Node 20 is being deprecated. This workflow is running with Node 24 by default. If you need to temporarily use Node 20, you can set the ACTIONS_ALLOW_USE_UNSECURE_NODE_VERSION=true environment variable. For more information see: https://github.blog/changelog/2025-09-19-deprecation-of-node-20-on-github-actions-runners/
2026-09-12T06:06:59.4035728Z ##[group]Run actions/checkout@v4
2026-09-12T06:06:59.4036658Z with:
2026-09-12T06:06:59.4037251Z   repository: kneelinghorse/OODS-Forge
2026-09-12T06:06:59.4041945Z   token: ***
2026-09-12T06:06:59.4042580Z   ssh-strict: true
2026-09-12T06:06:59.4110090Z   ssh-user: git
2026-09-12T06:06:59.4111013Z   persist-credentials: true
2026-09-12T06:06:59.4112057Z   clean: true
2026-09-12T06:06:59.4112978Z   sparse-checkout-cone-mode: true
2026-09-12T06:06:59.4113912Z   fetch-depth: 1
2026-09-12T06:06:59.4114370Z   fetch-tags: false
2026-09-12T06:06:59.4114817Z   show-progress: true
2026-09-12T06:06:59.4115283Z   lfs: false
2026-09-12T06:06:59.4115737Z   submodules: false
2026-09-12T06:06:59.4116195Z   set-safe-directory: true
2026-09-12T06:06:59.4116715Z   allow-unsafe-pr-checkout: false
2026-09-12T06:06:59.4118020Z env:
2026-09-12T06:06:59.4118461Z   NODE_VERSION: 24
2026-09-12T06:06:59.4119298Z ##[endgroup]
2026-09-12T06:06:59.5358571Z Syncing repository: kneelinghorse/OODS-Forge
2026-09-12T06:06:59.5362026Z ##[group]Getting Git version info
2026-09-12T06:06:59.5363335Z Working directory is '/home/runner/work/OODS-Forge/OODS-Forge'
2026-09-12T06:06:59.5376100Z [command]/usr/bin/git version
2026-09-12T06:06:59.5488143Z git version 2.55.0
2026-09-12T06:06:59.5536614Z ##[endgroup]
2026-09-12T06:06:59.5548437Z Temporarily overriding HOME='/home/runner/work/_temp/37c54b34-6292-4b0c-9f19-646ad895bd0b' before making global git config changes
2026-09-12T06:06:59.5554726Z Adding repository directory to the temporary git global config as a safe directory
2026-09-12T06:06:59.5557289Z [command]/usr/bin/git config --global --add safe.directory /home/runner/work/OODS-Forge/OODS-Forge
2026-09-12T06:06:59.5680173Z Deleting the contents of '/home/runner/work/OODS-Forge/OODS-Forge'
2026-09-12T06:06:59.5683292Z ##[group]Initializing the repository
2026-09-12T06:06:59.5684919Z [command]/usr/bin/git init /home/runner/work/OODS-Forge/OODS-Forge
2026-09-12T06:06:59.5806128Z hint: Using 'master' as the name for the initial branch. This default branch name
2026-09-12T06:06:59.5839486Z hint: will change to "main" in Git 3.0. To configure the initial branch name
2026-09-12T06:06:59.5842223Z hint: to use in all of your new repositories, which will suppress this warning,
2026-09-12T06:06:59.5845677Z hint: call:
2026-09-12T06:06:59.5846379Z hint:
2026-09-12T06:06:59.5847292Z hint: 	git config --global init.defaultBranch <name>
2026-09-12T06:06:59.5848357Z hint:
2026-09-12T06:06:59.5849654Z hint: Names commonly chosen instead of 'master' are 'main', 'trunk' and
2026-09-12T06:06:59.5851298Z hint: 'development'. The just-created branch can be renamed via this command:
2026-09-12T06:06:59.5852647Z hint:
2026-09-12T06:06:59.5853352Z hint: 	git branch -m <name>
2026-09-12T06:06:59.5854173Z hint:
2026-09-12T06:06:59.5855247Z hint: Disable this message with "git config set advice.defaultBranchName false"
2026-09-12T06:06:59.5857063Z Initialized empty Git repository in /home/runner/work/OODS-Forge/OODS-Forge/.git/
2026-09-12T06:06:59.5860403Z [command]/usr/bin/git remote add origin https://github.com/kneelinghorse/OODS-Forge
2026-09-12T06:06:59.5929715Z ##[endgroup]
2026-09-12T06:06:59.6068572Z ##[group]Disabling automatic garbage collection
2026-09-12T06:06:59.6070792Z [command]/usr/bin/git config --local gc.auto 0
2026-09-12T06:06:59.6076993Z ##[endgroup]
2026-09-12T06:06:59.6078109Z ##[group]Setting up auth
2026-09-12T06:06:59.6079475Z [command]/usr/bin/git config --local --name-only --get-regexp core\.sshCommand
2026-09-12T06:06:59.6083434Z [command]/usr/bin/git submodule foreach --recursive sh -c "git config --local --name-only --get-regexp 'core\.sshCommand' && git config --local --unset-all 'core.sshCommand' || :"
2026-09-12T06:06:59.6580462Z [command]/usr/bin/git config --local --name-only --get-regexp http\.https\:\/\/github\.com\/\.extraheader
2026-09-12T06:06:59.6681617Z [command]/usr/bin/git submodule foreach --recursive sh -c "git config --local --name-only --get-regexp 'http\.https\:\/\/github\.com\/\.extraheader' && git config --local --unset-all 'http.https://github.com/.extraheader' || :"
2026-09-12T06:06:59.6945972Z [command]/usr/bin/git config --local --name-only --get-regexp ^includeIf\.gitdir:
2026-09-12T06:06:59.6989680Z [command]/usr/bin/git submodule foreach --recursive git config --local --show-origin --name-only --get-regexp remote.origin.url
2026-09-12T06:06:59.7244419Z [command]/usr/bin/git config --local http.https://github.com/.extraheader AUTHORIZATION: basic ***
2026-09-12T06:06:59.7286821Z ##[endgroup]
2026-09-12T06:06:59.7289013Z ##[group]Fetching the repository
2026-09-12T06:06:59.7299853Z [command]/usr/bin/git -c protocol.version=2 fetch --no-tags --prune --no-recurse-submodules --depth=1 origin +405315b16b109aab8ff4e87f9389888c59d43668:refs/remotes/pull/103/merge
2026-09-12T06:07:18.4234072Z From https://github.com/kneelinghorse/OODS-Forge
2026-09-12T06:07:18.4245155Z  * [new ref]           405315b16b109aab8ff4e87f9389888c59d43668 -> pull/103/merge
2026-09-12T06:07:18.4381273Z ##[endgroup]
2026-09-12T06:07:18.4383180Z ##[group]Determining the checkout info
2026-09-12T06:07:18.4384747Z ##[endgroup]
2026-09-12T06:07:18.4385850Z [command]/usr/bin/git sparse-checkout disable
2026-09-12T06:07:18.4791038Z [command]/usr/bin/git config --local --unset-all extensions.worktreeConfig
2026-09-12T06:07:18.4991930Z ##[group]Checking out the ref
2026-09-12T06:07:18.5190819Z [command]/usr/bin/git checkout --progress --force refs/remotes/pull/103/merge
2026-09-12T06:07:19.5510179Z Updating files:  13% (8832/64803)
2026-09-12T06:07:19.6410636Z Updating files:  14% (9073/64803)
2026-09-12T06:07:19.7100366Z Updating files:  15% (9721/64803)
2026-09-12T06:07:19.7716409Z Updating files:  16% (10369/64803)
2026-09-12T06:07:19.8298232Z Updating files:  17% (11017/64803)
2026-09-12T06:07:19.9221041Z Updating files:  18% (11665/64803)
2026-09-12T06:07:20.0191550Z Updating files:  19% (12313/64803)
2026-09-12T06:07:20.1201383Z Updating files:  20% (12961/64803)
2026-09-12T06:07:20.2034067Z Updating files:  21% (13609/64803)
2026-09-12T06:07:20.2867174Z Updating files:  22% (14257/64803)
2026-09-12T06:07:20.3970500Z Updating files:  23% (14905/64803)
2026-09-12T06:07:20.4590690Z Updating files:  24% (15553/64803)
2026-09-12T06:07:20.5303541Z Updating files:  25% (16201/64803)
2026-09-12T06:07:20.5331290Z Updating files:  25% (16803/64803)
2026-09-12T06:07:20.6066004Z Updating files:  26% (16849/64803)
2026-09-12T06:07:20.7050162Z Updating files:  27% (17497/64803)
2026-09-12T06:07:20.7830528Z Updating files:  28% (18145/64803)
2026-09-12T06:07:20.8824257Z Updating files:  29% (18793/64803)
2026-09-12T06:07:20.9609632Z Updating files:  30% (19441/64803)
2026-09-12T06:07:21.0759905Z Updating files:  31% (20089/64803)
2026-09-12T06:07:21.1445183Z Updating files:  32% (20737/64803)
2026-09-12T06:07:21.2477939Z Updating files:  33% (21385/64803)
2026-09-12T06:07:21.5305009Z Updating files:  34% (22034/64803)
2026-09-12T06:07:21.5331789Z Updating files:  34% (22649/64803)
2026-09-12T06:07:21.5809776Z Updating files:  35% (22682/64803)
2026-09-12T06:07:21.6194725Z Updating files:  36% (23330/64803)
2026-09-12T06:07:21.7548143Z Updating files:  37% (23978/64803)
2026-09-12T06:07:21.8854155Z Updating files:  38% (24626/64803)
2026-09-12T06:07:22.0038246Z Updating files:  39% (25274/64803)
2026-09-12T06:07:22.0661450Z Updating files:  40% (25922/64803)
2026-09-12T06:07:22.1230387Z Updating files:  41% (26570/64803)
2026-09-12T06:07:22.1822271Z Updating files:  42% (27218/64803)
2026-09-12T06:07:22.2330174Z Updating files:  43% (27866/64803)
2026-09-12T06:07:22.2911310Z Updating files:  44% (28514/64803)
2026-09-12T06:07:22.3595685Z Updating files:  45% (29162/64803)
2026-09-12T06:07:22.4152135Z Updating files:  46% (29810/64803)
2026-09-12T06:07:22.4691170Z Updating files:  47% (30458/64803)
2026-09-12T06:07:22.5303398Z Updating files:  48% (31106/64803)
2026-09-12T06:07:22.5564774Z Updating files:  48% (31552/64803)
2026-09-12T06:07:22.6347630Z Updating files:  49% (31754/64803)
2026-09-12T06:07:22.7184713Z Updating files:  50% (32402/64803)
2026-09-12T06:07:22.8050481Z Updating files:  51% (33050/64803)
2026-09-12T06:07:22.8994013Z Updating files:  52% (33698/64803)
2026-09-12T06:07:23.0424547Z Updating files:  53% (34346/64803)
2026-09-12T06:07:23.1143802Z Updating files:  54% (34994/64803)
2026-09-12T06:07:23.2374463Z Updating files:  55% (35642/64803)
2026-09-12T06:07:23.3145198Z Updating files:  56% (36290/64803)
2026-09-12T06:07:23.3788239Z Updating files:  57% (36938/64803)
2026-09-12T06:07:23.4802047Z Updating files:  58% (37586/64803)
2026-09-12T06:07:23.5329315Z Updating files:  59% (38234/64803)
2026-09-12T06:07:23.5884985Z Updating files:  59% (38464/64803)
2026-09-12T06:07:23.6414029Z Updating files:  60% (38882/64803)
2026-09-12T06:07:23.6996196Z Updating files:  61% (39530/64803)
2026-09-12T06:07:23.7916467Z Updating files:  62% (40178/64803)
2026-09-12T06:07:23.9110388Z Updating files:  63% (40826/64803)
2026-09-12T06:07:23.9721701Z Updating files:  64% (41474/64803)
2026-09-12T06:07:24.0294578Z Updating files:  65% (42122/64803)
2026-09-12T06:07:24.1169568Z Updating files:  66% (42770/64803)
2026-09-12T06:07:24.2054373Z Updating files:  67% (43419/64803)
2026-09-12T06:07:24.2901585Z Updating files:  68% (44067/64803)
2026-09-12T06:07:24.3559696Z Updating files:  69% (44715/64803)
2026-09-12T06:07:24.6274662Z Updating files:  70% (45363/64803)
2026-09-12T06:07:24.7132753Z Updating files:  70% (45437/64803)
2026-09-12T06:07:24.8174739Z Updating files:  71% (46011/64803)
2026-09-12T06:07:24.9061103Z Updating files:  72% (46659/64803)
2026-09-12T06:07:24.9590611Z Updating files:  73% (47307/64803)
2026-09-12T06:07:25.0125570Z Updating files:  74% (47955/64803)
2026-09-12T06:07:25.1001834Z Updating files:  75% (48603/64803)
2026-09-12T06:07:25.1924817Z Updating files:  76% (49251/64803)
2026-09-12T06:07:25.2442042Z Updating files:  77% (49899/64803)
2026-09-12T06:07:25.2959620Z Updating files:  78% (50547/64803)
2026-09-12T06:07:25.3453977Z Updating files:  79% (51195/64803)
2026-09-12T06:07:25.3955324Z Updating files:  80% (51843/64803)
2026-09-12T06:07:25.4484694Z Updating files:  81% (52491/64803)
2026-09-12T06:07:25.5304193Z Updating files:  82% (53139/64803)
2026-09-12T06:07:25.5396233Z Updating files:  82% (53717/64803)
2026-09-12T06:07:25.6331403Z Updating files:  83% (53787/64803)
2026-09-12T06:07:25.7261489Z Updating files:  84% (54435/64803)
2026-09-12T06:07:25.8733479Z Updating files:  85% (55083/64803)
2026-09-12T06:07:26.1993668Z Updating files:  86% (55731/64803)
2026-09-12T06:07:26.3099963Z Updating files:  87% (56379/64803)
2026-09-12T06:07:26.3609638Z Updating files:  88% (57027/64803)
2026-09-12T06:07:26.4369848Z Updating files:  89% (57675/64803)
2026-09-12T06:07:26.5305795Z Updating files:  90% (58323/64803)
2026-09-12T06:07:26.5501184Z Updating files:  90% (58933/64803)
2026-09-12T06:07:26.6909642Z Updating files:  91% (58971/64803)
2026-09-12T06:07:26.7653579Z Updating files:  92% (59619/64803)
2026-09-12T06:07:27.1457781Z Updating files:  93% (60267/64803)
2026-09-12T06:07:27.2108276Z Updating files:  94% (60915/64803)
2026-09-12T06:07:27.2539444Z Updating files:  95% (61563/64803)
2026-09-12T06:07:27.3038357Z Updating files:  96% (62211/64803)
2026-09-12T06:07:27.3559415Z Updating files:  97% (62859/64803)
2026-09-12T06:07:27.4161753Z Updating files:  98% (63507/64803)
2026-09-12T06:07:27.5743036Z Updating files:  99% (64155/64803)
2026-09-12T06:07:27.5998596Z Updating files:  99% (64428/64803)
2026-09-12T06:07:27.5999532Z Updating files: 100% (64803/64803)
2026-09-12T06:07:27.5999940Z Updating files: 100% (64803/64803), done.
2026-09-12T06:07:27.7170986Z Note: switching to 'refs/remotes/pull/103/merge'.
2026-09-12T06:07:27.7171774Z 
2026-09-12T06:07:27.7172701Z You are in 'detached HEAD' state. You can look around, make experimental
2026-09-12T06:07:27.7173765Z changes and commit them, and you can discard any commits you make in this
2026-09-12T06:07:27.7174797Z state without impacting any branches by switching back to a branch.
2026-09-12T06:07:27.7175468Z 
2026-09-12T06:07:27.7176141Z If you want to create a new branch to retain commits you create, you may
2026-09-12T06:07:27.7186421Z do so (now or later) by using -c with the switch command. Example:
2026-09-12T06:07:27.7187180Z 
2026-09-12T06:07:27.7187575Z   git switch -c <new-branch-name>
2026-09-12T06:07:27.7188085Z 
2026-09-12T06:07:27.7188423Z Or undo this operation with:
2026-09-12T06:07:27.7189175Z 
2026-09-12T06:07:27.7189511Z   git switch -
2026-09-12T06:07:27.7189902Z 
2026-09-12T06:07:27.7190451Z Turn off this advice by setting config variable advice.detachedHead to false
2026-09-12T06:07:27.7191192Z 
2026-09-12T06:07:27.7192047Z HEAD is now at 405315b1 Merge 415c7cc02822e64d64e2c8a9696d852d7faa2db7 into 91c1f5f2bbf2027cbc6768ef04c880f191671c73
2026-09-12T06:07:27.7317741Z ##[endgroup]
2026-09-12T06:07:27.7364913Z [command]/usr/bin/git log -1 --format=%H
2026-09-12T06:07:27.7392065Z 405315b16b109aab8ff4e87f9389888c59d43668
2026-09-12T06:07:27.7656789Z Node 20 is being deprecated. This workflow is running with Node 24 by default. If you need to temporarily use Node 20, you can set the ACTIONS_ALLOW_USE_UNSECURE_NODE_VERSION=true environment variable. For more information see: https://github.blog/changelog/2025-09-19-deprecation-of-node-20-on-github-actions-runners/
2026-09-12T06:07:27.7659980Z ##[group]Run pnpm/action-setup@v4
2026-09-12T06:07:27.7660438Z with:
2026-09-12T06:07:27.7660777Z   version: 9.12.2
2026-09-12T06:07:27.7661136Z   run_install: false
2026-09-12T06:07:27.7661517Z   dest: ~/setup-pnpm
2026-09-12T06:07:27.7662119Z   cache: false
2026-09-12T06:07:27.7662509Z   cache_dependency_path: pnpm-lock.yaml
2026-09-12T06:07:27.7663025Z   package_json_file: package.json
2026-09-12T06:07:27.7663465Z   standalone: false
2026-09-12T06:07:27.7663816Z env:
2026-09-12T06:07:27.7664132Z   NODE_VERSION: 24
2026-09-12T06:07:27.7664479Z ##[endgroup]
2026-09-12T06:07:27.9284513Z ##[group]Running self-installer...
2026-09-12T06:07:28.5968180Z (node:2042) [DEP0169] DeprecationWarning: `url.parse()` behavior is not standardized and prone to errors that have security implications. Use the WHATWG URL API instead. CVEs are not issued for `url.parse()` vulnerabilities.
2026-09-12T06:07:28.5989569Z (Use `node --trace-deprecation ...` to show where the warning was created)
2026-09-12T06:07:28.7880755Z Progress: resolved 1, reused 0, downloaded 0, added 0
2026-09-12T06:07:28.7995362Z Packages: +1
2026-09-12T06:07:28.8001904Z +
2026-09-12T06:07:29.2130147Z Progress: resolved 1, reused 0, downloaded 1, added 1, done
2026-09-12T06:07:29.2812774Z 
2026-09-12T06:07:29.2813612Z dependencies:
2026-09-12T06:07:29.2814073Z + pnpm 9.12.2 (12.4.1 is available)
2026-09-12T06:07:29.2814373Z 
2026-09-12T06:07:29.3207355Z Done in 1s
2026-09-12T06:07:29.3409085Z ##[endgroup]
2026-09-12T06:07:29.3409921Z Installation Completed!
2026-09-12T06:07:29.3593819Z Node 20 is being deprecated. This workflow is running with Node 24 by default. If you need to temporarily use Node 20, you can set the ACTIONS_ALLOW_USE_UNSECURE_NODE_VERSION=true environment variable. For more information see: https://github.blog/changelog/2025-09-19-deprecation-of-node-20-on-github-actions-runners/
2026-09-12T06:07:29.3595150Z ##[group]Run actions/setup-node@v4
2026-09-12T06:07:29.3595417Z with:
2026-09-12T06:07:29.3595619Z   node-version: 24
2026-09-12T06:07:29.3595833Z   cache: pnpm
2026-09-12T06:07:29.3596055Z   always-auth: false
2026-09-12T06:07:29.3596282Z   check-latest: false
2026-09-12T06:07:29.3598541Z   token: ***
2026-09-12T06:07:29.3598993Z env:
2026-09-12T06:07:29.3599209Z   NODE_VERSION: 24
2026-09-12T06:07:29.3599497Z   PNPM_HOME: /home/runner/setup-pnpm/node_modules/.bin
2026-09-12T06:07:29.3599850Z ##[endgroup]
2026-09-12T06:07:29.5297893Z Found in cache @ /opt/hostedtoolcache/node/24.20.0/x64
2026-09-12T06:07:29.5302029Z (node:2055) [DEP0040] DeprecationWarning: The `punycode` module is deprecated. Please use a userland alternative instead.
2026-09-12T06:07:29.5303612Z (Use `node --trace-deprecation ...` to show where the warning was created)
2026-09-12T06:07:29.5305698Z ##[group]Environment details
2026-09-12T06:07:30.8670372Z node: v24.20.0
2026-09-12T06:07:30.8671094Z npm: 11.19.0
2026-09-12T06:07:30.8671445Z yarn: 1.22.22
2026-09-12T06:07:30.8672884Z ##[endgroup]
2026-09-12T06:07:30.8697586Z [command]/home/runner/setup-pnpm/node_modules/.bin/pnpm store path --silent
2026-09-12T06:07:31.3293229Z /home/runner/setup-pnpm/node_modules/.bin/store/v3
2026-09-12T06:07:31.5795826Z Cache hit for: node-cache-Linux-x64-pnpm-575290c1778133c82f44b50f7de059cbeee877a37bdee24ee6acaecd39951ea1
2026-09-12T06:07:31.5950053Z (node:2055) [DEP0169] DeprecationWarning: `url.parse()` behavior is not standardized and prone to errors that have security implications. Use the WHATWG URL API instead. CVEs are not issued for `url.parse()` vulnerabilities.
2026-09-12T06:07:32.8908272Z Received 0 of 125339883 (0.0%), 0.0 MBs/sec
2026-09-12T06:07:33.8969872Z Received 104857600 of 125339883 (83.7%), 50.0 MBs/sec
2026-09-12T06:07:34.1459849Z Received 125339883 of 125339883 (100.0%), 53.0 MBs/sec
2026-09-12T06:07:34.1461184Z Cache Size: ~120 MB (125339883 B)
2026-09-12T06:07:34.1689869Z [command]/usr/bin/tar -xf /home/runner/work/_temp/7c6538eb-63d0-42bd-9512-6789a98f5e75/cache.tzst -P -C /home/runner/work/OODS-Forge/OODS-Forge --use-compress-program unzstd
2026-09-12T06:07:37.0265976Z Cache restored successfully
2026-09-12T06:07:37.1142838Z Cache restored from key: node-cache-Linux-x64-pnpm-575290c1778133c82f44b50f7de059cbeee877a37bdee24ee6acaecd39951ea1
2026-09-12T06:07:37.1340050Z ##[group]Run sha256sum pnpm-lock.yaml > "$RUNNER_TEMP/pnpm-lock.before.sha256"
2026-09-12T06:07:37.1340911Z [36;1msha256sum pnpm-lock.yaml > "$RUNNER_TEMP/pnpm-lock.before.sha256"[0m
2026-09-12T06:07:37.1389720Z shell: /usr/bin/bash -e {0}
2026-09-12T06:07:37.1390020Z env:
2026-09-12T06:07:37.1390251Z   NODE_VERSION: 24
2026-09-12T06:07:37.1390550Z   PNPM_HOME: /home/runner/setup-pnpm/node_modules/.bin
2026-09-12T06:07:37.1390895Z ##[endgroup]
2026-09-12T06:07:37.1547585Z ##[group]Run pnpm install --frozen-lockfile
2026-09-12T06:07:37.1548063Z [36;1mpnpm install --frozen-lockfile[0m
2026-09-12T06:07:37.1587640Z shell: /usr/bin/bash -e {0}
2026-09-12T06:07:37.1587942Z env:
2026-09-12T06:07:37.1588159Z   NODE_VERSION: 24
2026-09-12T06:07:37.1588451Z   PNPM_HOME: /home/runner/setup-pnpm/node_modules/.bin
2026-09-12T06:07:37.1589120Z ##[endgroup]
2026-09-12T06:07:37.7464854Z Scope: all 22 workspace projects
2026-09-12T06:07:37.8272457Z Lockfile is up to date, resolution step is skipped
2026-09-12T06:07:37.9245041Z Progress: resolved 1, reused 0, downloaded 0, added 0
2026-09-12T06:07:38.1008955Z Packages: +946
2026-09-12T06:07:38.1010159Z ++++++++++++++++++++++++++++++++++++++++++++++++++++++++++++++++++++++++++++++++
2026-09-12T06:07:38.9248093Z Progress: resolved 946, reused 686, downloaded 0, added 0
2026-09-12T06:07:39.9251309Z Progress: resolved 946, reused 945, downloaded 0, added 389
2026-09-12T06:07:40.9276735Z Progress: resolved 946, reused 945, downloaded 0, added 641
2026-09-12T06:07:41.4643381Z Progress: resolved 946, reused 945, downloaded 0, added 946, done
2026-09-12T06:07:42.9408408Z 
2026-09-12T06:07:42.9412348Z dependencies:
2026-09-12T06:07:42.9413087Z + @radix-ui/react-slot 1.2.3
2026-09-12T06:07:42.9413800Z + @rjsf/core 5.24.13
2026-09-12T06:07:42.9414562Z + @rjsf/utils 5.24.13
2026-09-12T06:07:42.9415353Z + @rjsf/validator-ajv8 5.24.13
2026-09-12T06:07:42.9421019Z + @types/geojson 7946.0.16
2026-09-12T06:07:42.9422683Z + @types/topojson-client 3.1.5
2026-09-12T06:07:42.9426350Z + @types/topojson-specification 1.0.5
2026-09-12T06:07:42.9427183Z + ajv 8.17.1
2026-09-12T06:07:42.9427822Z + ajv-formats 3.0.1
2026-09-12T06:07:42.9428430Z + d3-geo 3.1.1
2026-09-12T06:07:42.9429447Z + d3-scale 4.0.2
2026-09-12T06:07:42.9430047Z + echarts 6.0.0
2026-09-12T06:07:42.9431876Z + js-yaml 4.1.0
2026-09-12T06:07:42.9434493Z + luxon 3.7.2
2026-09-12T06:07:42.9436599Z + pg 8.16.3
2026-09-12T06:07:42.9439149Z + react 19.2.0
2026-09-12T06:07:42.9440599Z + react-dom 19.2.0
2026-09-12T06:07:42.9441300Z + react-window 1.8.11
2026-09-12T06:07:42.9466141Z + topojson-client 3.1.0
2026-09-12T06:07:42.9469407Z + vega 6.2.0
2026-09-12T06:07:42.9470003Z + vega-embed 7.1.0
2026-09-12T06:07:42.9488521Z + zod 4.1.12
2026-09-12T06:07:42.9489137Z 
2026-09-12T06:07:42.9489650Z devDependencies:
2026-09-12T06:07:42.9490464Z + @chromatic-com/storybook 4.1.1
2026-09-12T06:07:42.9504959Z + @oods/a11y-tools 0.1.0 <- packages/a11y-tools
2026-09-12T06:07:42.9506241Z + @oods/component-contracts 0.1.0 <- packages/component-contracts
2026-09-12T06:07:42.9510159Z + @oods/tokens 0.1.0 <- packages/tokens
2026-09-12T06:07:42.9511781Z + @oods/viz-core 0.1.0 <- packages/viz-core
2026-09-12T06:07:42.9512440Z + @playwright/test 1.56.1
2026-09-12T06:07:42.9512998Z + @storybook/addon-a11y 9.1.10
2026-09-12T06:07:42.9513512Z + @storybook/addon-docs 9.1.10
2026-09-12T06:07:42.9517036Z + @storybook/addon-onboarding 9.1.10
2026-09-12T06:07:42.9517655Z + @storybook/mdx2-csf 1.1.0
2026-09-12T06:07:42.9519722Z + @storybook/react 9.1.10
2026-09-12T06:07:42.9520330Z + @storybook/react-vite 9.1.10
2026-09-12T06:07:42.9520883Z + @testing-library/dom 10.4.1
2026-09-12T06:07:42.9521437Z + @testing-library/jest-dom 6.9.1
2026-09-12T06:07:42.9522008Z + @testing-library/react 16.3.0
2026-09-12T06:07:42.9522622Z + @testing-library/user-event 14.6.1
2026-09-12T06:07:42.9523251Z + @tokens-studio/sd-transforms 1.3.0
2026-09-12T06:07:42.9523792Z + @types/d3-geo 3.1.0
2026-09-12T06:07:42.9524252Z + @types/d3-scale 4.0.9
2026-09-12T06:07:42.9526369Z + @types/js-yaml 4.0.9
2026-09-12T06:07:42.9527202Z + @types/luxon 3.7.1
2026-09-12T06:07:42.9527655Z + @types/node 20.19.21
2026-09-12T06:07:42.9528125Z + @types/pg 8.15.6
2026-09-12T06:07:42.9528554Z + @types/react 19.2.2
2026-09-12T06:07:42.9529313Z + @types/react-dom 19.2.2
2026-09-12T06:07:42.9533495Z + @types/react-window 1.8.8
2026-09-12T06:07:42.9534103Z + @types/semver 7.7.1
2026-09-12T06:07:42.9534639Z + @types/sql.js 1.4.9
2026-09-12T06:07:42.9535654Z + @typescript-eslint/eslint-plugin 6.21.0
2026-09-12T06:07:42.9536421Z + @typescript-eslint/parser 6.21.0
2026-09-12T06:07:42.9537117Z + @vitejs/plugin-react 5.0.4
2026-09-12T06:07:42.9537664Z + @vitest/browser 3.2.4
2026-09-12T06:07:42.9538199Z + @vitest/coverage-v8 3.2.4
2026-09-12T06:07:42.9539232Z + axe-core 4.11.0
2026-09-12T06:07:42.9539731Z + colorjs.io 0.5.2
2026-09-12T06:07:42.9540165Z + dotenv 17.4.2
2026-09-12T06:07:42.9540577Z + eslint 8.57.1
2026-09-12T06:07:42.9541089Z + eslint-plugin-storybook 9.1.10
2026-09-12T06:07:42.9541573Z + globals 17.6.0
2026-09-12T06:07:42.9541958Z + jsdom 24.1.3
2026-09-12T06:07:42.9542488Z + json-schema-to-typescript 13.1.2
2026-09-12T06:07:42.9543135Z + markdown-to-jsx 7.7.15
2026-09-12T06:07:42.9543617Z + pg-mem 3.0.5
2026-09-12T06:07:42.9544029Z + playwright 1.56.1
2026-09-12T06:07:42.9544435Z + postcss 8.5.28
2026-09-12T06:07:42.9544831Z + prettier 3.6.2
2026-09-12T06:07:42.9545220Z + rimraf 5.0.10
2026-09-12T06:07:42.9545591Z + semver 7.7.3
2026-09-12T06:07:42.9545974Z + sql.js 1.13.0
2026-09-12T06:07:42.9546373Z + storybook 9.1.10
2026-09-12T06:07:42.9546840Z + style-dictionary 4.4.0
2026-09-12T06:07:42.9547305Z + tailwindcss 3.4.18
2026-09-12T06:07:42.9547708Z + tsup 8.5.0
2026-09-12T06:07:42.9548088Z + tsx 4.20.6
2026-09-12T06:07:42.9548478Z + typescript 5.3.3
2026-09-12T06:07:42.9549564Z + vega-lite 6.4.1
2026-09-12T06:07:42.9550067Z + vite-tsconfig-paths 5.1.4
2026-09-12T06:07:42.9550531Z + vitest 3.2.4
2026-09-12T06:07:42.9550952Z + vitest-axe 0.1.0
2026-09-12T06:07:42.9551199Z 
2026-09-12T06:07:43.0040539Z . prepare$ node tools/token-lint/setup-precommit.mjs
2026-09-12T06:07:43.0428261Z . prepare: No .git directory detected; skipping pre-commit hook installation.
2026-09-12T06:07:43.0461637Z . prepare: Done
2026-09-12T06:07:43.0578249Z Done in 5.8s
2026-09-12T06:07:43.1022355Z ##[group]Run pnpm run build:tokens
2026-09-12T06:07:43.1022716Z [36;1mpnpm run build:tokens[0m
2026-09-12T06:07:43.1059197Z shell: /usr/bin/bash -e {0}
2026-09-12T06:07:43.1059479Z env:
2026-09-12T06:07:43.1059685Z   NODE_VERSION: 24
2026-09-12T06:07:43.1059971Z   PNPM_HOME: /home/runner/setup-pnpm/node_modules/.bin
2026-09-12T06:07:43.1060304Z ##[endgroup]
2026-09-12T06:07:43.5631415Z 
2026-09-12T06:07:43.5632767Z > @oods/foundry-mcp@0.1.0 build:tokens /home/runner/work/OODS-Forge/OODS-Forge
2026-09-12T06:07:43.5634154Z > node packages/tokens/scripts/build.mjs
2026-09-12T06:07:43.5634778Z 
2026-09-12T06:07:43.9050673Z ✔︎ collision guard: no non-exempt collisions across 6 scopes
2026-09-12T06:07:43.9070437Z Building design tokens with Style Dictionary…
2026-09-12T06:07:43.9909300Z 
2026-09-12T06:07:43.9910286Z Token collisions detected (9):
2026-09-12T06:07:43.9923410Z Use log.verbosity "verbose" or use CLI option --verbose for more details.
2026-09-12T06:07:43.9924880Z Refer to: https://styledictionary.com/reference/logging/
2026-09-12T06:07:44.5435031Z 
2026-09-12T06:07:44.5436491Z ios-swift
2026-09-12T06:07:44.5441254Z ! dist/ios-swift/OodsTokens.swift, does not exist
2026-09-12T06:07:44.5452535Z 
2026-09-12T06:07:44.5452946Z compose
2026-09-12T06:07:44.5454406Z ! dist/compose/OodsTokens.kt, does not exist
2026-09-12T06:07:44.7306084Z 
2026-09-12T06:07:44.7322277Z ts
2026-09-12T06:07:44.7334454Z ! dist/ts/tokens.ts, does not exist
2026-09-12T06:07:44.7338502Z 
2026-09-12T06:07:44.7339255Z tailwind
2026-09-12T06:07:44.7340127Z ! dist/tailwind/tokens.json, does not exist
2026-09-12T06:07:46.1251752Z 
2026-09-12T06:07:46.1266348Z ios-swift
2026-09-12T06:07:46.1289914Z ✔︎ dist/ios-swift/OodsTokens.swift
2026-09-12T06:07:46.1308961Z 
2026-09-12T06:07:46.1329346Z compose
2026-09-12T06:07:46.1330710Z ✔︎ dist/compose/OodsTokens.kt
2026-09-12T06:07:46.2279406Z 
2026-09-12T06:07:46.2286567Z ts
2026-09-12T06:07:46.2292946Z ✔︎ dist/ts/tokens.ts
2026-09-12T06:07:46.2293479Z 
2026-09-12T06:07:46.2293880Z tailwind
2026-09-12T06:07:46.2294516Z ✔︎ dist/tailwind/tokens.json
2026-09-12T06:07:46.3539410Z 
2026-09-12T06:07:46.3559874Z Token collisions detected (9):
2026-09-12T06:07:46.3561239Z Use log.verbosity "verbose" or use CLI option --verbose for more details.
2026-09-12T06:07:46.3579624Z Refer to: https://styledictionary.com/reference/logging/
2026-09-12T06:07:46.6687742Z 
2026-09-12T06:07:46.6696450Z css
2026-09-12T06:07:46.6697437Z ✔︎ dist/css/tokens.css
2026-09-12T06:07:46.7354312Z 
2026-09-12T06:07:46.7380155Z Token collisions detected (9):
2026-09-12T06:07:46.7381675Z Use log.verbosity "verbose" or use CLI option --verbose for more details.
2026-09-12T06:07:46.7399645Z Refer to: https://styledictionary.com/reference/logging/
2026-09-12T06:07:46.9838594Z 
2026-09-12T06:07:46.9849647Z css
2026-09-12T06:07:46.9869796Z ✔︎ dist/css/tokens.css
2026-09-12T06:07:47.2159035Z 
2026-09-12T06:07:47.2180039Z Token collisions detected (257):
2026-09-12T06:07:47.2199694Z Use log.verbosity "verbose" or use CLI option --verbose for more details.
2026-09-12T06:07:47.2200970Z Refer to: https://styledictionary.com/reference/logging/
2026-09-12T06:07:47.4475745Z 
2026-09-12T06:07:47.4509690Z css
2026-09-12T06:07:47.4519534Z ✔︎ dist/css/tokens.css
2026-09-12T06:07:47.6649278Z 
2026-09-12T06:07:47.6649996Z Token collisions detected (234):
2026-09-12T06:07:47.6669868Z Use log.verbosity "verbose" or use CLI option --verbose for more details.
2026-09-12T06:07:47.6679192Z Refer to: https://styledictionary.com/reference/logging/
2026-09-12T06:07:47.8990376Z 
2026-09-12T06:07:47.9009471Z css
2026-09-12T06:07:47.9049795Z ✔︎ dist/css/tokens.css
2026-09-12T06:07:48.1432520Z 
2026-09-12T06:07:48.1459321Z Token collisions detected (9):
2026-09-12T06:07:48.1479449Z Use log.verbosity "verbose" or use CLI option --verbose for more details.
2026-09-12T06:07:48.1480570Z Refer to: https://styledictionary.com/reference/logging/
2026-09-12T06:07:48.3749204Z 
2026-09-12T06:07:48.3769516Z css
2026-09-12T06:07:48.3790215Z ✔︎ dist/css/tokens.css
2026-09-12T06:07:48.5799147Z 
2026-09-12T06:07:48.5799963Z Token collisions detected (257):
2026-09-12T06:07:48.5819594Z Use log.verbosity "verbose" or use CLI option --verbose for more details.
2026-09-12T06:07:48.5839408Z Refer to: https://styledictionary.com/reference/logging/
2026-09-12T06:07:48.8183570Z 
2026-09-12T06:07:48.8219568Z css
2026-09-12T06:07:48.8220640Z ✔︎ dist/css/tokens.css
2026-09-12T06:07:49.0219153Z 
2026-09-12T06:07:49.0239618Z Token collisions detected (234):
2026-09-12T06:07:49.0259572Z Use log.verbosity "verbose" or use CLI option --verbose for more details.
2026-09-12T06:07:49.0279527Z Refer to: https://styledictionary.com/reference/logging/
2026-09-12T06:07:49.2608781Z 
2026-09-12T06:07:49.2629599Z css
2026-09-12T06:07:49.2630793Z ✔︎ dist/css/tokens.css
2026-09-12T06:07:49.4742916Z 
2026-09-12T06:07:49.4769598Z Token collisions detected (9):
2026-09-12T06:07:49.4780038Z Use log.verbosity "verbose" or use CLI option --verbose for more details.
2026-09-12T06:07:49.4789432Z Refer to: https://styledictionary.com/reference/logging/
2026-09-12T06:07:49.7240333Z ✔︎ tokens built successfully in 5.82s
2026-09-12T06:07:49.7249876Z    css:      dist/css/tokens.css (6 brand × theme scopes)
2026-09-12T06:07:49.7269206Z    types:    dist/ts/tokens.ts
2026-09-12T06:07:49.7279618Z    tailwind: dist/tailwind/tokens.json
2026-09-12T06:07:49.7299407Z    ios:      dist/ios-swift/OodsTokens.swift
2026-09-12T06:07:49.7320189Z    compose:  dist/compose/OodsTokens.kt
2026-09-12T06:07:49.7856636Z ##[group]Run pnpm run build:packages
2026-09-12T06:07:49.7857199Z [36;1mpnpm run build:packages[0m
2026-09-12T06:07:49.7956703Z shell: /usr/bin/bash -e {0}
2026-09-12T06:07:49.7957180Z env:
2026-09-12T06:07:49.7957518Z   NODE_VERSION: 24
2026-09-12T06:07:49.7957986Z   PNPM_HOME: /home/runner/setup-pnpm/node_modules/.bin
2026-09-12T06:07:49.7969212Z ##[endgroup]
2026-09-12T06:07:50.4869407Z 
2026-09-12T06:07:50.4890480Z > @oods/foundry-mcp@0.1.0 build:packages /home/runner/work/OODS-Forge/OODS-Forge
2026-09-12T06:07:50.4894833Z > pnpm --filter @oods/* run build
2026-09-12T06:07:50.4923331Z 
2026-09-12T06:07:51.1641843Z Scope: 21 of 22 workspace projects
2026-09-12T06:07:51.1677130Z apps/playground build$ tsc -b && vite build
2026-09-12T06:07:51.1685238Z packages/a11y-tools build$ rimraf dist && tsup --config tsup.config.ts
2026-09-12T06:07:51.1692375Z packages/artifacts build$ rimraf dist && tsc -p tsconfig.json && mkdir -p dist/schemas && cp -f src/schemas/*.json dist/schemas/ 2>/dev/null || true
2026-09-12T06:07:51.1699338Z packages/component-contracts build$ rimraf dist && tsup --config tsup.config.ts
2026-09-12T06:07:52.4384375Z packages/a11y-tools build: [34mCLI[39m Building entry: src/index.ts
2026-09-12T06:07:52.4494686Z packages/a11y-tools build: [34mCLI[39m Using tsconfig: tsconfig.json
2026-09-12T06:07:52.4547096Z packages/a11y-tools build: [34mCLI[39m tsup v8.5.0
2026-09-12T06:07:52.4598312Z packages/a11y-tools build: [34mCLI[39m Using tsup config: /home/runner/work/OODS-Forge/OODS-Forge/packages/a11y-tools/tsup.config.ts
2026-09-12T06:07:52.4684737Z packages/a11y-tools build: [34mCLI[39m Target: node20
2026-09-12T06:07:52.4757829Z packages/a11y-tools build: [34mCLI[39m Cleaning output folder
2026-09-12T06:07:52.4836885Z packages/a11y-tools build: [34mESM[39m Build start
2026-09-12T06:07:52.4864754Z packages/a11y-tools build: [34mCJS[39m Build start
2026-09-12T06:07:52.5522922Z packages/component-contracts build: [34mCLI[39m Building entry: src/index.ts
2026-09-12T06:07:52.5561598Z packages/component-contracts build: [34mCLI[39m Using tsconfig: tsconfig.json
2026-09-12T06:07:52.5585048Z packages/component-contracts build: [34mCLI[39m tsup v8.5.0
2026-09-12T06:07:52.5651310Z packages/component-contracts build: [34mCLI[39m Using tsup config: /home/runner/work/OODS-Forge/OODS-Forge/packages/component-contracts/tsup.config.ts
2026-09-12T06:07:52.5746085Z packages/component-contracts build: [34mCLI[39m Target: es2022
2026-09-12T06:07:52.5935800Z packages/component-contracts build: [34mCLI[39m Cleaning output folder
2026-09-12T06:07:52.6050519Z packages/component-contracts build: [34mESM[39m Build start
2026-09-12T06:07:52.6070047Z packages/component-contracts build: [34mCJS[39m Build start
2026-09-12T06:07:53.6927678Z packages/a11y-tools build: [32mCJS[39m [1mdist/index.cjs     [22m[32m15.34 KB[39m
2026-09-12T06:07:53.7050972Z packages/a11y-tools build: [32mCJS[39m [1mdist/index.cjs.map [22m[32m35.23 KB[39m
2026-09-12T06:07:53.7150279Z packages/a11y-tools build: [32mCJS[39m ⚡️ Build success in 1200ms
2026-09-12T06:07:53.7262009Z packages/a11y-tools build: [32mESM[39m [1mdist/index.js     [22m[32m14.75 KB[39m
2026-09-12T06:07:53.7340845Z packages/a11y-tools build: [32mESM[39m [1mdist/index.js.map [22m[32m35.22 KB[39m
2026-09-12T06:07:53.7398197Z packages/a11y-tools build: [32mESM[39m ⚡️ Build success in 1211ms
2026-09-12T06:07:54.2760580Z packages/a11y-tools build: [34mDTS[39m Build start
2026-09-12T06:07:55.6080558Z packages/component-contracts build: [34mDTS[39m Build start
2026-09-12T06:07:56.9130590Z packages/component-contracts build: [32mESM[39m [1mdist/index.js [22m[32m894.48 KB[39m
2026-09-12T06:07:56.9211389Z packages/component-contracts build: [32mESM[39m ⚡️ Build success in 4312ms
2026-09-12T06:07:56.9527896Z packages/component-contracts build: [32mCJS[39m [1mdist/index.cjs [22m[32m896.25 KB[39m
2026-09-12T06:07:56.9579774Z packages/component-contracts build: [32mCJS[39m ⚡️ Build success in 4344ms
2026-09-12T06:07:58.5070116Z packages/artifacts build: Done
2026-09-12T06:07:58.5100686Z packages/mcp-bridge build$ rimraf dist && tsc -p tsconfig.json && node ../../scripts/build-revision.mjs dist/build-revision.json
2026-09-12T06:08:03.9311778Z packages/a11y-tools build: [32mDTS[39m ⚡️ Build success in 9655ms
2026-09-12T06:08:03.9341757Z packages/a11y-tools build: [32mDTS[39m [1mdist/index.d.ts  [22m[32m9.01 KB[39m
2026-09-12T06:08:03.9430474Z packages/a11y-tools build: [32mDTS[39m [1mdist/index.d.cts [22m[32m9.01 KB[39m
2026-09-12T06:08:04.1421130Z packages/a11y-tools build: Done
2026-09-12T06:08:04.1469870Z packages/release-utils build$ rimraf dist && tsc -p tsconfig.json
2026-09-12T06:08:05.0187704Z apps/playground build: [36mvite v6.4.1 [32mbuilding for production...[36m[39m
2026-09-12T06:08:07.0022127Z apps/playground build: transforming...
2026-09-12T06:08:07.1209363Z apps/playground build: Browserslist: browsers data (caniuse-lite) is 6 months old. Please run:
2026-09-12T06:08:07.1217443Z apps/playground build:   npx update-browserslist-db@latest
2026-09-12T06:08:07.1240192Z apps/playground build:   Why you should do it regularly: https://github.com/browserslist/update-db#readme
2026-09-12T06:08:07.8801545Z packages/mcp-bridge build: Done
2026-09-12T06:08:07.8846893Z packages/tokens build$ rimraf dist && node ./scripts/build.mjs && node ./scripts/build-entry.mjs
2026-09-12T06:08:08.1023692Z packages/component-contracts build: [32mDTS[39m ⚡️ Build success in 12946ms
2026-09-12T06:08:08.1096008Z packages/component-contracts build: [32mDTS[39m [1mdist/index.d.ts  [22m[32m107.62 KB[39m
2026-09-12T06:08:08.1160543Z packages/component-contracts build: [32mDTS[39m [1mdist/index.d.cts [22m[32m107.62 KB[39m
2026-09-12T06:08:08.4835154Z packages/component-contracts build: Done
2026-09-12T06:08:08.4900056Z packages/tw-variants build$ rimraf dist && tsup --config tsup.config.ts
2026-09-12T06:08:09.5871580Z packages/tokens build: ✔︎ collision guard: no non-exempt collisions across 6 scopes
2026-09-12T06:08:09.5950657Z packages/tokens build: Building design tokens with Style Dictionary…
2026-09-12T06:08:09.8560031Z packages/release-utils build: Done
2026-09-12T06:08:09.8677667Z packages/viz-render build$ rimraf dist && tsup --config tsup.config.ts
2026-09-12T06:08:09.8946272Z packages/tokens build: Token collisions detected (9):
2026-09-12T06:08:09.8990230Z packages/tokens build: Use log.verbosity "verbose" or use CLI option --verbose for more details.
2026-09-12T06:08:09.9029741Z packages/tokens build: Refer to: https://styledictionary.com/reference/logging/
2026-09-12T06:08:10.1682529Z packages/tw-variants build: [34mCLI[39m Building entry: src/context-matrix.ts, src/index.ts
2026-09-12T06:08:10.1735333Z packages/tw-variants build: [34mCLI[39m Using tsconfig: ../../tsconfig.json
2026-09-12T06:08:10.1750064Z packages/tw-variants build: [34mCLI[39m tsup v8.5.0
2026-09-12T06:08:10.1850384Z packages/tw-variants build: [34mCLI[39m Using tsup config: /home/runner/work/OODS-Forge/OODS-Forge/packages/tw-variants/tsup.config.ts
2026-09-12T06:08:10.1950531Z packages/tw-variants build: [34mCLI[39m Target: node20
2026-09-12T06:08:10.1981101Z packages/tw-variants build: [34mCLI[39m Cleaning output folder
2026-09-12T06:08:10.2066989Z packages/tw-variants build: [34mESM[39m Build start
2026-09-12T06:08:10.2100052Z packages/tw-variants build: [34mCJS[39m Build start
2026-09-12T06:08:11.1070874Z packages/tw-variants build: [32mESM[39m [1mdist/context-matrix.js     [22m[32m139.00 B[39m
2026-09-12T06:08:11.1099415Z packages/tw-variants build: [32mESM[39m [1mdist/index.js              [22m[32m8.03 KB[39m
2026-09-12T06:08:11.1150181Z packages/tw-variants build: [32mESM[39m [1mdist/chunk-IHQKAR2X.js     [22m[32m6.39 KB[39m
2026-09-12T06:08:11.1220302Z packages/tw-variants build: [32mESM[39m [1mdist/context-matrix.js.map [22m[32m78.00 B[39m
2026-09-12T06:08:11.1305023Z packages/tw-variants build: [32mESM[39m [1mdist/index.js.map          [22m[32m19.16 KB[39m
2026-09-12T06:08:11.1373701Z packages/tw-variants build: [32mESM[39m [1mdist/chunk-IHQKAR2X.js.map [22m[32m13.51 KB[39m
2026-09-12T06:08:11.1381874Z packages/tw-variants build: [32mESM[39m ⚡️ Build success in 915ms
2026-09-12T06:08:11.1450480Z packages/tw-variants build: [32mCJS[39m [1mdist/context-matrix.cjs     [22m[32m6.42 KB[39m
2026-09-12T06:08:11.1487161Z packages/tw-variants build: [32mCJS[39m [1mdist/index.cjs              [22m[32m14.54 KB[39m
2026-09-12T06:08:11.1516591Z packages/tw-variants build: [32mCJS[39m [1mdist/context-matrix.cjs.map [22m[32m13.51 KB[39m
2026-09-12T06:08:11.1600358Z packages/tw-variants build: [32mCJS[39m [1mdist/index.cjs.map          [22m[32m32.63 KB[39m
2026-09-12T06:08:11.1678608Z packages/tw-variants build: [32mCJS[39m ⚡️ Build success in 916ms
2026-09-12T06:08:11.5466581Z packages/tw-variants build: [34mDTS[39m Build start
2026-09-12T06:08:11.9147204Z packages/viz-render build: [34mCLI[39m Building entry: {"index":"src/index.ts","emitter":"src/emitter.ts","echarts-render.worker":"src/echarts-render.worker.ts"}
2026-09-12T06:08:11.9180064Z packages/viz-render build: [34mCLI[39m Using tsconfig: tsconfig.json
2026-09-12T06:08:11.9240056Z packages/viz-render build: [34mCLI[39m tsup v8.5.0
2026-09-12T06:08:11.9267256Z packages/viz-render build: [34mCLI[39m Using tsup config: /home/runner/work/OODS-Forge/OODS-Forge/packages/viz-render/tsup.config.ts
2026-09-12T06:08:11.9384906Z packages/viz-render build: [34mCLI[39m Target: node20
2026-09-12T06:08:11.9695236Z packages/viz-render build: [34mCLI[39m Cleaning output folder
2026-09-12T06:08:11.9741267Z packages/viz-render build: [34mESM[39m Build start
2026-09-12T06:08:11.9785051Z packages/viz-render build: [34mCJS[39m Build start
2026-09-12T06:08:12.2219894Z packages/tokens build: ios-swift
2026-09-12T06:08:12.2279473Z packages/tokens build: ! dist/ios-swift/OodsTokens.swift, does not exist
2026-09-12T06:08:12.2321376Z packages/tokens build: compose
2026-09-12T06:08:12.2410241Z packages/tokens build: ! dist/compose/OodsTokens.kt, does not exist
2026-09-12T06:08:13.1684300Z packages/tokens build: ts
2026-09-12T06:08:13.1720858Z packages/tokens build: ! dist/ts/tokens.ts, does not exist
2026-09-12T06:08:13.1730243Z packages/tokens build: tailwind
2026-09-12T06:08:13.1794210Z packages/tokens build: ! dist/tailwind/tokens.json, does not exist
2026-09-12T06:08:13.2480645Z apps/playground build: [32m✓[39m 48 modules transformed.
2026-09-12T06:08:13.8491890Z packages/viz-render build: [32mCJS[39m [1mdist/index.cjs                     [22m[32m21.51 KB[39m
2026-09-12T06:08:13.8931965Z packages/viz-render build: [32mCJS[39m [1mdist/emitter.cjs                   [22m[32m3.92 KB[39m
2026-09-12T06:08:13.9301694Z packages/viz-render build: [32mCJS[39m [1mdist/echarts-render.worker.cjs     [22m[32m24.51 KB[39m
2026-09-12T06:08:13.9370336Z packages/viz-render build: [32mCJS[39m [1mdist/index.cjs.map                 [22m[32m52.80 KB[39m
2026-09-12T06:08:13.9681117Z packages/viz-render build: [32mCJS[39m [1mdist/emitter.cjs.map               [22m[32m12.80 KB[39m
2026-09-12T06:08:13.9841663Z packages/viz-render build: [32mCJS[39m [1mdist/echarts-render.worker.cjs.map [22m[32m59.80 KB[39m
2026-09-12T06:08:13.9910026Z packages/viz-render build: [32mCJS[39m ⚡️ Build success in 1871ms
2026-09-12T06:08:14.0050737Z packages/viz-render build: [32mESM[39m [1mdist/index.js                     [22m[32m7.61 KB[39m
2026-09-12T06:08:14.0110266Z packages/viz-render build: [32mESM[39m [1mdist/chunk-J3M4JW2D.js            [22m[32m456.00 B[39m
2026-09-12T06:08:14.0776942Z packages/viz-render build: [32mESM[39m [1mdist/emitter.js                   [22m[32m3.59 KB[39m
2026-09-12T06:08:14.0779661Z packages/viz-render build: [32mESM[39m [1mdist/echarts-render.worker.js     [22m[32m11.64 KB[39m
2026-09-12T06:08:14.1351547Z packages/viz-render build: [32mESM[39m [1mdist/chunk-TEIMVO34.js            [22m[32m13.57 KB[39m
2026-09-12T06:08:14.1370535Z packages/viz-render build: [32mESM[39m [1mdist/index.js.map                 [22m[32m18.69 KB[39m
2026-09-12T06:08:14.1859072Z packages/viz-render build: [32mESM[39m [1mdist/chunk-J3M4JW2D.js.map        [22m[32m1.11 KB[39m
2026-09-12T06:08:14.1880093Z packages/viz-render build: [32mESM[39m [1mdist/emitter.js.map               [22m[32m11.73 KB[39m
2026-09-12T06:08:14.2281644Z packages/viz-render build: [32mESM[39m [1mdist/echarts-render.worker.js.map [22m[32m25.74 KB[39m
2026-09-12T06:08:14.2283955Z packages/viz-render build: [32mESM[39m [1mdist/chunk-TEIMVO34.js.map        [22m[32m33.43 KB[39m
2026-09-12T06:08:14.2755422Z packages/viz-render build: [32mESM[39m ⚡️ Build success in 1879ms
2026-09-12T06:08:14.2779725Z packages/viz-render build: [34mDTS[39m Build start
2026-09-12T06:08:14.3200756Z apps/playground build: rendering chunks...
2026-09-12T06:08:14.3219470Z apps/playground build: computing gzip size...
2026-09-12T06:08:14.3658216Z apps/playground build: [2mdist/[22m[32mindex.html                 [39m[1m[2m  0.69 kB[22m[1m[22m[2m │ gzip:  0.39 kB[22m
2026-09-12T06:08:14.3681106Z apps/playground build: [2mdist/[22m[2massets/[22m[35mindex-DBhKWpVX.css  [39m[1m[2m 25.90 kB[22m[1m[22m[2m │ gzip:  5.53 kB[22m
2026-09-12T06:08:14.4094557Z apps/playground build: [2mdist/[22m[2massets/[22m[36mindex-CjtZwImZ.js   [39m[1m[2m394.49 kB[22m[1m[22m[2m │ gzip: 88.73 kB[22m
2026-09-12T06:08:14.4109591Z apps/playground build: [32m✓ built in 9.16s[39m
2026-09-12T06:08:14.4980632Z apps/playground build: Done
2026-09-12T06:08:16.8791344Z packages/tokens build: ios-swift
2026-09-12T06:08:16.8830644Z packages/tokens build: ✔︎ dist/ios-swift/OodsTokens.swift
2026-09-12T06:08:16.8879453Z packages/tokens build: compose
2026-09-12T06:08:16.8939759Z packages/tokens build: ✔︎ dist/compose/OodsTokens.kt
2026-09-12T06:08:17.1979104Z packages/tokens build: ts
2026-09-12T06:08:17.2099203Z packages/tokens build: ✔︎ dist/ts/tokens.ts
2026-09-12T06:08:17.2180639Z packages/tokens build: tailwind
2026-09-12T06:08:17.2219909Z packages/tokens build: ✔︎ dist/tailwind/tokens.json
2026-09-12T06:08:17.5093783Z packages/tokens build: Token collisions detected (9):
2026-09-12T06:08:17.5140052Z packages/tokens build: Use log.verbosity "verbose" or use CLI option --verbose for more details.
2026-09-12T06:08:17.5179910Z packages/tokens build: Refer to: https://styledictionary.com/reference/logging/
2026-09-12T06:08:18.2936478Z packages/tokens build: css
2026-09-12T06:08:18.2948412Z packages/tokens build: ✔︎ dist/css/tokens.css
2026-09-12T06:08:18.4056720Z packages/tokens build: Token collisions detected (9):
2026-09-12T06:08:18.4080077Z packages/tokens build: Use log.verbosity "verbose" or use CLI option --verbose for more details.
2026-09-12T06:08:18.4081641Z packages/tokens build: Refer to: https://styledictionary.com/reference/logging/
2026-09-12T06:08:19.1150078Z packages/tokens build: css
2026-09-12T06:08:19.1156456Z packages/tokens build: ✔︎ dist/css/tokens.css
2026-09-12T06:08:19.5787447Z packages/tokens build: Token collisions detected (257):
2026-09-12T06:08:19.5826197Z packages/tokens build: Use log.verbosity "verbose" or use CLI option --verbose for more details.
2026-09-12T06:08:19.5856420Z packages/tokens build: Refer to: https://styledictionary.com/reference/logging/
2026-09-12T06:08:20.0194197Z packages/tokens build: css
2026-09-12T06:08:20.0196460Z packages/tokens build: ✔︎ dist/css/tokens.css
2026-09-12T06:08:20.1550797Z packages/tw-variants build: [32mDTS[39m ⚡️ Build success in 8609ms
2026-09-12T06:08:20.1560284Z packages/tw-variants build: [32mDTS[39m [1mdist/index.d.ts           [22m[32m685.00 B[39m
2026-09-12T06:08:20.1570285Z packages/tw-variants build: [32mDTS[39m [1mdist/context-matrix.d.ts  [22m[32m573.00 B[39m
2026-09-12T06:08:20.1600295Z packages/tw-variants build: [32mDTS[39m [1mdist/index.d.cts          [22m[32m685.00 B[39m
2026-09-12T06:08:20.1631260Z packages/tw-variants build: [32mDTS[39m [1mdist/context-matrix.d.cts [22m[32m573.00 B[39m
2026-09-12T06:08:20.3739261Z packages/tw-variants build: Done
2026-09-12T06:08:20.4080022Z packages/tokens build: Token collisions detected (234):
2026-09-12T06:08:20.4100060Z packages/tokens build: Use log.verbosity "verbose" or use CLI option --verbose for more details.
2026-09-12T06:08:20.4119703Z packages/tokens build: Refer to: https://styledictionary.com/reference/logging/
2026-09-12T06:08:20.7509932Z packages/tokens build: css
2026-09-12T06:08:20.7540649Z packages/tokens build: ✔︎ dist/css/tokens.css
2026-09-12T06:08:21.1011390Z packages/tokens build: Token collisions detected (9):
2026-09-12T06:08:21.1049898Z packages/tokens build: Use log.verbosity "verbose" or use CLI option --verbose for more details.
2026-09-12T06:08:21.1082213Z packages/tokens build: Refer to: https://styledictionary.com/reference/logging/
2026-09-12T06:08:21.4742801Z packages/tokens build: css
2026-09-12T06:08:21.4779872Z packages/tokens build: ✔︎ dist/css/tokens.css
2026-09-12T06:08:21.7610123Z packages/tokens build: Token collisions detected (257):
2026-09-12T06:08:21.7633369Z packages/tokens build: Use log.verbosity "verbose" or use CLI option --verbose for more details.
2026-09-12T06:08:21.7635117Z packages/tokens build: Refer to: https://styledictionary.com/reference/logging/
2026-09-12T06:08:22.0769170Z packages/tokens build: css
2026-09-12T06:08:22.0803763Z packages/tokens build: ✔︎ dist/css/tokens.css
2026-09-12T06:08:22.3425295Z packages/tokens build: Token collisions detected (234):
2026-09-12T06:08:22.3450153Z packages/tokens build: Use log.verbosity "verbose" or use CLI option --verbose for more details.
2026-09-12T06:08:22.3469851Z packages/tokens build: Refer to: https://styledictionary.com/reference/logging/
2026-09-12T06:08:22.6282784Z packages/tokens build: css
2026-09-12T06:08:22.6285160Z packages/tokens build: ✔︎ dist/css/tokens.css
2026-09-12T06:08:22.8706356Z packages/tokens build: Token collisions detected (9):
2026-09-12T06:08:22.8730249Z packages/tokens build: Use log.verbosity "verbose" or use CLI option --verbose for more details.
2026-09-12T06:08:22.8732055Z packages/tokens build: Refer to: https://styledictionary.com/reference/logging/
2026-09-12T06:08:23.2141953Z packages/tokens build: ✔︎ tokens built successfully in 13.63s
2026-09-12T06:08:23.2169235Z packages/tokens build:    css:      dist/css/tokens.css (6 brand × theme scopes)
2026-09-12T06:08:23.2185209Z packages/tokens build:    types:    dist/ts/tokens.ts
2026-09-12T06:08:23.2186646Z packages/tokens build:    tailwind: dist/tailwind/tokens.json
2026-09-12T06:08:23.2187896Z packages/tokens build:    ios:      dist/ios-swift/OodsTokens.swift
2026-09-12T06:08:23.2189440Z packages/tokens build:    compose:  dist/compose/OodsTokens.kt
2026-09-12T06:08:23.4700124Z packages/tokens build: Done
2026-09-12T06:08:23.5077264Z packages/viz-render build: [32mDTS[39m ⚡️ Build success in 9442ms
2026-09-12T06:08:23.5080237Z packages/viz-render build: [32mDTS[39m [1mdist/echarts-render.worker.d.ts  [22m[32m13.00 B[39m
2026-09-12T06:08:23.5085326Z packages/viz-render build: [32mDTS[39m [1mdist/emitter.d.ts                [22m[32m1.45 KB[39m
2026-09-12T06:08:23.5086833Z packages/viz-render build: [32mDTS[39m [1mdist/index.d.ts                  [22m[32m5.51 KB[39m
2026-09-12T06:08:23.5088233Z packages/viz-render build: [32mDTS[39m [1mdist/echarts-render.worker.d.cts [22m[32m13.00 B[39m
2026-09-12T06:08:23.5090129Z packages/viz-render build: [32mDTS[39m [1mdist/emitter.d.cts               [22m[32m1.45 KB[39m
2026-09-12T06:08:23.5091790Z packages/viz-render build: [32mDTS[39m [1mdist/index.d.cts                 [22m[32m5.51 KB[39m
2026-09-12T06:08:23.5822968Z packages/viz-render build: Done
2026-09-12T06:08:23.5833360Z packages/component-styles build$ rimraf dist && tsup --config tsup.config.ts && node scripts/copy-css.mjs
2026-09-12T06:08:23.5841596Z packages/viz-core build$ rimraf dist && tsup --config tsup.config.ts
2026-09-12T06:08:24.1603529Z packages/viz-core build: [34mCLI[39m Building entry: src/index.ts
2026-09-12T06:08:24.1620430Z packages/viz-core build: [34mCLI[39m Using tsconfig: tsconfig.json
2026-09-12T06:08:24.1639800Z packages/viz-core build: [34mCLI[39m tsup v8.5.0
2026-09-12T06:08:24.1648011Z packages/viz-core build: [34mCLI[39m Using tsup config: /home/runner/work/OODS-Forge/OODS-Forge/packages/viz-core/tsup.config.ts
2026-09-12T06:08:24.1654629Z packages/component-styles build: [34mCLI[39m Building entry: src/index.ts, src/ported.ts
2026-09-12T06:08:24.1656663Z packages/component-styles build: [34mCLI[39m Using tsconfig: tsconfig.json
2026-09-12T06:08:24.1661145Z packages/component-styles build: [34mCLI[39m tsup v8.5.0
2026-09-12T06:08:24.1663453Z packages/component-styles build: [34mCLI[39m Using tsup config: /home/runner/work/OODS-Forge/OODS-Forge/packages/component-styles/tsup.config.ts
2026-09-12T06:08:24.1679559Z packages/viz-core build: [34mCLI[39m Target: node20
2026-09-12T06:08:24.1752469Z packages/viz-core build: [34mCLI[39m Cleaning output folder
2026-09-12T06:08:24.1782464Z packages/viz-core build: [34mESM[39m Build start
2026-09-12T06:08:24.1799846Z packages/viz-core build: [34mCJS[39m Build start
2026-09-12T06:08:24.1850022Z packages/component-styles build: [34mCLI[39m Target: es2022
2026-09-12T06:08:24.1942828Z packages/component-styles build: [34mESM[39m Build start
2026-09-12T06:08:24.1965274Z packages/component-styles build: [34mCJS[39m Build start
2026-09-12T06:08:24.5854421Z packages/component-styles build: [32mESM[39m [1mdist/index.js          [22m[32m143.00 B[39m
2026-09-12T06:08:24.5944292Z packages/component-styles build: [32mESM[39m [1mdist/ported.js         [22m[32m513.00 B[39m
2026-09-12T06:08:24.5978306Z packages/component-styles build: [32mESM[39m [1mdist/chunk-G34QIFQW.js [22m[32m2.63 KB[39m
2026-09-12T06:08:24.6027638Z packages/component-styles build: [32mESM[39m ⚡️ Build success in 390ms
2026-09-12T06:08:24.6080173Z packages/component-styles build: [32mCJS[39m [1mdist/index.cjs  [22m[32m2.78 KB[39m
2026-09-12T06:08:24.6112449Z packages/component-styles build: [32mCJS[39m [1mdist/ported.cjs [22m[32m2.73 KB[39m
2026-09-12T06:08:24.6159713Z packages/component-styles build: [32mCJS[39m ⚡️ Build success in 400ms
2026-09-12T06:08:25.4513690Z packages/component-styles build: [34mDTS[39m Build start
2026-09-12T06:08:28.5430807Z packages/viz-core build: [34mDTS[39m Build start
2026-09-12T06:08:31.2276783Z packages/viz-core build: [32mESM[39m [1mdist/index.js     [22m[32m718.55 KB[39m
2026-09-12T06:08:31.2301035Z packages/viz-core build: [32mESM[39m [1mdist/index.js.map [22m[32m1.73 MB[39m
2026-09-12T06:08:31.2370149Z packages/viz-core build: [32mESM[39m ⚡️ Build success in 7051ms
2026-09-12T06:08:31.2398990Z packages/viz-core build: [32mCJS[39m [1mdist/index.cjs     [22m[32m723.39 KB[39m
2026-09-12T06:08:31.2462555Z packages/viz-core build: [32mCJS[39m [1mdist/index.cjs.map [22m[32m1.73 MB[39m
2026-09-12T06:08:31.2483225Z packages/viz-core build: [32mCJS[39m ⚡️ Build success in 7055ms
2026-09-12T06:08:33.2290874Z packages/component-styles build: [32mDTS[39m ⚡️ Build success in 7781ms
2026-09-12T06:08:33.2308295Z packages/component-styles build: [32mDTS[39m [1mdist/index.d.ts   [22m[32m2.60 KB[39m
2026-09-12T06:08:33.2310336Z packages/component-styles build: [32mDTS[39m [1mdist/ported.d.ts  [22m[32m500.00 B[39m
2026-09-12T06:08:33.2312038Z packages/component-styles build: [32mDTS[39m [1mdist/index.d.cts  [22m[32m2.60 KB[39m
2026-09-12T06:08:33.2325658Z packages/component-styles build: [32mDTS[39m [1mdist/ported.d.cts [22m[32m500.00 B[39m
2026-09-12T06:08:33.3736660Z packages/component-styles build: Done
2026-09-12T06:08:35.3820169Z packages/viz-core build: [32mDTS[39m ⚡️ Build success in 9930ms
2026-09-12T06:08:35.3821553Z packages/viz-core build: [32mDTS[39m [1mdist/index.d.ts  [22m[32m305.77 KB[39m
2026-09-12T06:08:35.3826278Z packages/viz-core build: [32mDTS[39m [1mdist/index.d.cts [22m[32m305.77 KB[39m
2026-09-12T06:08:35.4820314Z packages/viz-core build: Done
2026-09-12T06:08:35.4822880Z packages/components-react build$ rimraf dist && tsup --config tsup.config.ts
2026-09-12T06:08:35.4824788Z packages/components-vue build$ rimraf dist && tsup --config tsup.config.ts && tsup --config tsup.ported.config.ts
2026-09-12T06:08:36.0716512Z packages/components-react build: [34mCLI[39m Building entry: src/index.ts, src/ported.tsx, src/status.ts, src/table.tsx, src/types.ts
2026-09-12T06:08:36.0748124Z packages/components-vue build: [34mCLI[39m Building entry: src/index.ts
2026-09-12T06:08:36.0765160Z packages/components-react build: [34mCLI[39m Using tsconfig: tsconfig.json
2026-09-12T06:08:36.0794202Z packages/components-react build: [34mCLI[39m tsup v8.5.0
2026-09-12T06:08:36.0796482Z packages/components-react build: [34mCLI[39m Using tsup config: /home/runner/work/OODS-Forge/OODS-Forge/packages/components-react/tsup.config.ts
2026-09-12T06:08:36.0874144Z packages/components-vue build: [34mCLI[39m Using tsconfig: tsconfig.json
2026-09-12T06:08:36.0890191Z packages/components-vue build: [34mCLI[39m tsup v8.5.0
2026-09-12T06:08:36.0930447Z packages/components-vue build: [34mCLI[39m Using tsup config: /home/runner/work/OODS-Forge/OODS-Forge/packages/components-vue/tsup.config.ts
2026-09-12T06:08:36.0941035Z packages/components-react build: [34mCLI[39m Target: es2022
2026-09-12T06:08:36.0966703Z packages/components-vue build: [34mCLI[39m Target: es2022
2026-09-12T06:08:36.1044246Z packages/components-react build: [34mCLI[39m Cleaning output folder
2026-09-12T06:08:36.1087631Z packages/components-react build: [34mESM[39m Build start
2026-09-12T06:08:36.1089423Z packages/components-react build: [34mCJS[39m Build start
2026-09-12T06:08:36.1122147Z packages/components-vue build: [34mCLI[39m Cleaning output folder
2026-09-12T06:08:36.1156210Z packages/components-vue build: [34mESM[39m Build start
2026-09-12T06:08:36.1174789Z packages/components-vue build: [34mCJS[39m Build start
2026-09-12T06:08:36.7770168Z packages/components-react build: Generated an empty chunk: "types".
2026-09-12T06:08:37.7532488Z packages/components-react build: [34mDTS[39m Build start
2026-09-12T06:08:38.0830170Z packages/components-react build: Generated an empty chunk: "types".
2026-09-12T06:08:38.1269909Z packages/components-vue build: [34mDTS[39m Build start
2026-09-12T06:08:38.1394160Z packages/components-vue build: [32mCJS[39m [1mdist/index.cjs [22m[32m133.19 KB[39m
2026-09-12T06:08:38.1440014Z packages/components-vue build: [32mCJS[39m ⚡️ Build success in 2036ms
2026-09-12T06:08:38.1490443Z packages/components-vue build: [32mESM[39m [1mdist/index.js [22m[32m128.10 KB[39m
2026-09-12T06:08:38.1565306Z packages/components-vue build: [32mESM[39m ⚡️ Build success in 2039ms
2026-09-12T06:08:38.5554164Z packages/components-react build: [32mCJS[39m [1mdist/status.cjs [22m[32m11.08 KB[39m
2026-09-12T06:08:38.5610433Z packages/components-react build: [32mCJS[39m [1mdist/table.cjs  [22m[32m17.07 KB[39m
2026-09-12T06:08:38.5647912Z packages/components-react build: [32mCJS[39m [1mdist/types.cjs  [22m[32m15.00 B[39m
2026-09-12T06:08:38.5674587Z packages/components-react build: [32mCJS[39m [1mdist/ported.cjs [22m[32m52.76 KB[39m
2026-09-12T06:08:38.5699967Z packages/components-react build: [32mCJS[39m [1mdist/index.cjs  [22m[32m153.12 KB[39m
2026-09-12T06:08:38.5749113Z packages/components-react build: [32mCJS[39m ⚡️ Build success in 2462ms
2026-09-12T06:08:38.5769387Z packages/components-react build: [32mESM[39m [1mdist/ported.js         [22m[32m192.00 B[39m
2026-09-12T06:08:38.5780782Z packages/components-react build: [32mESM[39m [1mdist/chunk-XMIP5ZGO.js [22m[32m40.39 KB[39m
2026-09-12T06:08:38.5804146Z packages/components-react build: [32mESM[39m [1mdist/status.js         [22m[32m171.00 B[39m
2026-09-12T06:08:38.5811489Z packages/components-react build: [32mESM[39m [1mdist/table.js          [22m[32m149.00 B[39m
2026-09-12T06:08:38.5849393Z packages/components-react build: [32mESM[39m [1mdist/chunk-YCI5AEWL.js [22m[32m6.37 KB[39m
2026-09-12T06:08:38.5875303Z packages/components-react build: [32mESM[39m [1mdist/types.js          [22m[32m1.00 B[39m
2026-09-12T06:08:38.5877500Z packages/components-react build: [32mESM[39m [1mdist/chunk-G74PKSW3.js [22m[32m10.89 KB[39m
2026-09-12T06:08:38.5879688Z packages/components-react build: [32mESM[39m [1mdist/index.js          [22m[32m87.14 KB[39m
2026-09-12T06:08:38.5881682Z packages/components-react build: [32mESM[39m ⚡️ Build success in 2465ms
2026-09-12T06:08:49.0783832Z packages/components-vue build: [32mDTS[39m ⚡️ Build success in 11548ms
2026-09-12T06:08:49.0820696Z packages/components-vue build: [32mDTS[39m [1mdist/index.d.ts  [22m[32m141.56 KB[39m
2026-09-12T06:08:49.0840230Z packages/components-vue build: [32mDTS[39m [1mdist/index.d.cts [22m[32m141.56 KB[39m
2026-09-12T06:08:49.2606825Z packages/components-react build: [32mDTS[39m ⚡️ Build success in 11753ms
2026-09-12T06:08:49.2660328Z packages/components-react build: [32mDTS[39m [1mdist/index.d.ts   [22m[32m21.31 KB[39m
2026-09-12T06:08:49.2680638Z packages/components-react build: [32mDTS[39m [1mdist/ported.d.ts  [22m[32m7.12 KB[39m
2026-09-12T06:08:49.2700149Z packages/components-react build: [32mDTS[39m [1mdist/status.d.ts  [22m[32m1.39 KB[39m
2026-09-12T06:08:49.2723673Z packages/components-react build: [32mDTS[39m [1mdist/table.d.ts   [22m[32m1.06 KB[39m
2026-09-12T06:08:49.2763395Z packages/components-react build: [32mDTS[39m [1mdist/types.d.ts   [22m[32m23.79 KB[39m
2026-09-12T06:08:49.2770240Z packages/components-react build: [32mDTS[39m [1mdist/index.d.cts  [22m[32m21.31 KB[39m
2026-09-12T06:08:49.2790009Z packages/components-react build: [32mDTS[39m [1mdist/ported.d.cts [22m[32m7.12 KB[39m
2026-09-12T06:08:49.2791464Z packages/components-react build: [32mDTS[39m [1mdist/status.d.cts [22m[32m1.39 KB[39m
2026-09-12T06:08:49.2792798Z packages/components-react build: [32mDTS[39m [1mdist/table.d.cts  [22m[32m1.07 KB[39m
2026-09-12T06:08:49.2794093Z packages/components-react build: [32mDTS[39m [1mdist/types.d.cts  [22m[32m23.79 KB[39m
2026-09-12T06:08:49.3879912Z packages/components-react build: Done
2026-09-12T06:08:49.6035104Z packages/components-vue build: [34mCLI[39m Building entry: src/ported.ts
2026-09-12T06:08:49.6042904Z packages/components-vue build: [34mCLI[39m Using tsconfig: tsconfig.json
2026-09-12T06:08:49.6044449Z packages/components-vue build: [34mCLI[39m tsup v8.5.0
2026-09-12T06:08:49.6046661Z packages/components-vue build: [34mCLI[39m Using tsup config: /home/runner/work/OODS-Forge/OODS-Forge/packages/components-vue/tsup.ported.config.ts
2026-09-12T06:08:49.6110943Z packages/components-vue build: [34mCLI[39m Target: es2022
2026-09-12T06:08:49.6143152Z packages/components-vue build: [34mESM[39m Build start
2026-09-12T06:08:49.6161814Z packages/components-vue build: [34mCJS[39m Build start
2026-09-12T06:08:50.1080720Z packages/components-vue build: [32mCJS[39m [1mdist/ported.cjs [22m[32m46.73 KB[39m
2026-09-12T06:08:50.1082614Z packages/components-vue build: [32mCJS[39m ⚡️ Build success in 493ms
2026-09-12T06:08:50.1084219Z packages/components-vue build: [32mESM[39m [1mdist/ported.js [22m[32m46.06 KB[39m
2026-09-12T06:08:50.1085715Z packages/components-vue build: [32mESM[39m ⚡️ Build success in 493ms
2026-09-12T06:08:50.2162619Z packages/components-vue build: [34mDTS[39m Build start
2026-09-12T06:08:54.1162226Z packages/components-vue build: [32mDTS[39m ⚡️ Build success in 3900ms
2026-09-12T06:08:54.1174026Z packages/components-vue build: [32mDTS[39m [1mdist/ported.d.ts  [22m[32m20.67 KB[39m
2026-09-12T06:08:54.1175714Z packages/components-vue build: [32mDTS[39m [1mdist/ported.d.cts [22m[32m20.67 KB[39m
2026-09-12T06:08:54.1888931Z packages/components-vue build: Done
2026-09-12T06:08:54.1896430Z packages/mcp-server build$ rimraf dist && tsc -p tsconfig.json && mkdir -p dist/schemas dist/security dist/tools && (cp -f src/schemas/*.json dist/schemas/ 2>/dev/null || true) && (cp -f src/security/*.json dist/security/ 2>/dev/null || true) && (cp -f src/tools/registry.json dist/tools/ 2>/dev/null || true) && cp -R registry dist/registry && cp ../viz-core/src/registry/viz-taxonomy.v1.json ../viz-core/src/registry/viz-classification.v1.json ../viz-core/src/registry/viz-patterns.v1.json dist/registry/ && node ../../scripts/build-revision.mjs dist/build-revision.json
2026-09-12T06:09:01.5036712Z packages/mcp-server build: Done
2026-09-12T06:09:01.5042241Z packages/sdk build$ rimraf dist && tsc -p tsconfig.json
2026-09-12T06:09:03.0523325Z packages/sdk build: Done
2026-09-12T06:09:03.0795431Z ##[group]Run pnpm --filter @oods/mcp-server run build
2026-09-12T06:09:03.0795873Z [36;1mpnpm --filter @oods/mcp-server run build[0m
2026-09-12T06:09:03.0878104Z shell: /usr/bin/bash -e {0}
2026-09-12T06:09:03.0878391Z env:
2026-09-12T06:09:03.0878806Z   NODE_VERSION: 24
2026-09-12T06:09:03.0879171Z   PNPM_HOME: /home/runner/setup-pnpm/node_modules/.bin
2026-09-12T06:09:03.0879521Z ##[endgroup]
2026-09-12T06:09:03.6025694Z 
2026-09-12T06:09:03.6027062Z > @oods/mcp-server@0.1.0 build /home/runner/work/OODS-Forge/OODS-Forge/packages/mcp-server
2026-09-12T06:09:03.6032912Z > rimraf dist && tsc -p tsconfig.json && mkdir -p dist/schemas dist/security dist/tools && (cp -f src/schemas/*.json dist/schemas/ 2>/dev/null || true) && (cp -f src/security/*.json dist/security/ 2>/dev/null || true) && (cp -f src/tools/registry.json dist/tools/ 2>/dev/null || true) && cp -R registry dist/registry && cp ../viz-core/src/registry/viz-taxonomy.v1.json ../viz-core/src/registry/viz-classification.v1.json ../viz-core/src/registry/viz-patterns.v1.json dist/registry/ && node ../../scripts/build-revision.mjs dist/build-revision.json
2026-09-12T06:09:03.6036597Z 
2026-09-12T06:09:10.9754942Z ##[group]Run pnpm --filter @oods/mcp-bridge run build
2026-09-12T06:09:10.9755691Z [36;1mpnpm --filter @oods/mcp-bridge run build[0m
2026-09-12T06:09:10.9807851Z shell: /usr/bin/bash -e {0}
2026-09-12T06:09:10.9808298Z env:
2026-09-12T06:09:10.9809060Z   NODE_VERSION: 24
2026-09-12T06:09:10.9809604Z   PNPM_HOME: /home/runner/setup-pnpm/node_modules/.bin
2026-09-12T06:09:10.9810214Z ##[endgroup]
2026-09-12T06:09:11.4983518Z 
2026-09-12T06:09:11.4984874Z > @oods/mcp-bridge@0.1.0 build /home/runner/work/OODS-Forge/OODS-Forge/packages/mcp-bridge
2026-09-12T06:09:11.4987619Z > rimraf dist && tsc -p tsconfig.json && node ../../scripts/build-revision.mjs dist/build-revision.json
2026-09-12T06:09:11.4988591Z 
2026-09-12T06:09:14.0210250Z ##[group]Run node --test scripts/runtime/*.test.mjs packages/mcp-adapter/test-s196-native-errors.js
2026-09-12T06:09:14.0211562Z [36;1mnode --test scripts/runtime/*.test.mjs packages/mcp-adapter/test-s196-native-errors.js[0m
2026-09-12T06:09:14.0213686Z [36;1mpnpm --filter @oods/mcp-server exec vitest run test/contracts/readiness-attestation.s196.spec.ts test/contracts/portable-token-dependencies.s196.spec.ts test/contracts/portable-claims.s196.spec.ts --reporter=verbose[0m
2026-09-12T06:09:14.0253393Z shell: /usr/bin/bash -e {0}
2026-09-12T06:09:14.0253681Z env:
2026-09-12T06:09:14.0253899Z   NODE_VERSION: 24
2026-09-12T06:09:14.0254194Z   PNPM_HOME: /home/runner/setup-pnpm/node_modules/.bin
2026-09-12T06:09:14.0254542Z ##[endgroup]
2026-09-12T06:09:14.3702774Z ▶ s196 adapter 0.3 preserves native error fields through the actual tools/call transport
2026-09-12T06:09:14.3710762Z   ✔ current native ToolError retains code, nested details, incident id and promotes retryable/data (53.522709ms)
2026-09-12T06:09:14.3733370Z   ✔ top-level retryable and data are preserved without replacing them with nested fields (3.88386ms)
2026-09-12T06:09:14.3762428Z   ✔ explicit null data survives without silently falling back to details (3.611962ms)
2026-09-12T06:09:14.3787774Z   ✔ legacy error strings retain actionable text without inventing a code (2.105216ms)
2026-09-12T06:09:14.3826091Z   ✔ native dependency errors containing ENOENT do not acquire misleading host build guidance (2.102559ms)
2026-09-12T06:09:14.3837311Z   ✔ successful tool values and unregistered tool failures preserve their existing contracts (2.984007ms)
2026-09-12T06:09:14.4035869Z ✔ s196 adapter 0.3 preserves native error fields through the actual tools/call transport (287.263002ms)
2026-09-12T06:09:14.7349339Z ✔ the production closure resolves pnpm aliases and measures its count without admitting unverified dependencies (3.643901ms)
2026-09-12T06:09:14.7773374Z ✔ portable pruning keeps consumable declarations and token TS output while removing source and test artifacts (45.496205ms)
2026-09-12T06:09:14.7910365Z ℹ tests 9
2026-09-12T06:09:14.7911274Z ℹ suites 0
2026-09-12T06:09:14.7912182Z ℹ pass 9
2026-09-12T06:09:14.7912832Z ℹ fail 0
2026-09-12T06:09:14.7913569Z ℹ cancelled 0
2026-09-12T06:09:14.7914243Z ℹ skipped 0
2026-09-12T06:09:14.7987157Z ℹ todo 0
2026-09-12T06:09:14.7991716Z ℹ duration_ms 726.763361
2026-09-12T06:09:15.6169837Z 
2026-09-12T06:09:15.6190640Z [1m[46m RUN [49m[22m [36mv3.2.4 [39m[90m/home/runner/work/OODS-Forge/OODS-Forge/packages/mcp-server[39m
2026-09-12T06:09:15.6209066Z 
2026-09-12T06:09:18.0260096Z  [32m✓[39m test/contracts/readiness-attestation.s196.spec.ts[2m > [22mportable readiness attestation[2m > [22memits real react code with source and test references absent[32m 29[2mms[22m[39m
2026-09-12T06:09:18.0278491Z  [32m✓[39m test/contracts/readiness-attestation.s196.spec.ts[2m > [22mportable readiness attestation[2m > [22memits real vue code with source and test references absent[32m 10[2mms[22m[39m
2026-09-12T06:09:18.0282350Z  [32m✓[39m test/contracts/readiness-attestation.s196.spec.ts[2m > [22mportable readiness attestation[2m > [22mpreserves false emission eligibility even with every reference and package hash intact[32m 9[2mms[22m[39m
2026-09-12T06:09:18.0285587Z  [32m✓[39m test/contracts/readiness-attestation.s196.spec.ts[2m > [22mportable readiness attestation[2m > [22mdoes not admit a component that lacks a controlling capability baseline[32m 4[2mms[22m[39m
2026-09-12T06:09:18.0288494Z  [32m✓[39m test/contracts/readiness-attestation.s196.spec.ts[2m > [22mportable readiness attestation[2m > [22mbinds the source head to the embedded release manifest[32m 6[2mms[22m[39m
2026-09-12T06:09:18.0291213Z  [32m✓[39m test/contracts/readiness-attestation.s196.spec.ts[2m > [22mportable readiness attestation[2m > [22mrejects invalid sourceHead provenance even with a recomputed digest[32m 4[2mms[22m[39m
2026-09-12T06:09:18.0293137Z  [32m✓[39m test/contracts/readiness-attestation.s196.spec.ts[2m > [22mportable readiness attestation[2m > [22mrejects invalid generatedAt provenance even with a recomputed digest[32m 4[2mms[22m[39m
2026-09-12T06:09:18.0294784Z  [32m✓[39m test/contracts/readiness-attestation.s196.spec.ts[2m > [22mportable readiness attestation[2m > [22mkeeps source-pruned installations without an attestation fail-closed[32m 4[2mms[22m[39m
2026-09-12T06:09:18.0297592Z  [32m✓[39m test/contracts/readiness-attestation.s196.spec.ts[2m > [22mportable readiness attestation[2m > [22mrefuses tampered reference hash with a typed readiness failure[32m 4[2mms[22m[39m
2026-09-12T06:09:18.0315463Z  [32m✓[39m test/contracts/readiness-attestation.s196.spec.ts[2m > [22mportable readiness attestation[2m > [22mrefuses tampered package hash with a typed readiness failure[32m 4[2mms[22m[39m
2026-09-12T06:09:18.0318571Z  [32m✓[39m test/contracts/readiness-attestation.s196.spec.ts[2m > [22mportable readiness attestation[2m > [22mrefuses tampered eligibility with a typed readiness failure[32m 5[2mms[22m[39m
2026-09-12T06:09:18.0322010Z  [32m✓[39m test/contracts/readiness-attestation.s196.spec.ts[2m > [22mportable readiness attestation[2m > [22mrefuses tampered malformed JSON with a typed readiness failure[32m 4[2mms[22m[39m
2026-09-12T06:09:18.0325066Z  [32m✓[39m test/contracts/readiness-attestation.s196.spec.ts[2m > [22mportable readiness attestation[2m > [22mrejects changed code even when the envelope digest is recomputed[32m 7[2mms[22m[39m
2026-09-12T06:09:18.0732421Z  [32m✓[39m test/contracts/readiness-attestation.s196.spec.ts[2m > [22mportable readiness attestation[2m > [22mrejects missing declaration even when the envelope digest is recomputed[32m 14[2mms[22m[39m
2026-09-12T06:09:18.0740424Z  [32m✓[39m test/contracts/readiness-attestation.s196.spec.ts[2m > [22mportable readiness attestation[2m > [22mrejects added file even when the envelope digest is recomputed[32m 12[2mms[22m[39m
2026-09-12T06:09:18.0743448Z  [32m✓[39m test/contracts/readiness-attestation.s196.spec.ts[2m > [22mportable readiness attestation[2m > [22mrejects empty inventory even when the envelope digest is recomputed[32m 9[2mms[22m[39m
2026-09-12T06:09:18.0746141Z  [32m✓[39m test/contracts/readiness-attestation.s196.spec.ts[2m > [22mportable readiness attestation[2m > [22mrejects missing target even when the envelope digest is recomputed[32m 5[2mms[22m[39m
2026-09-12T06:09:18.0753628Z  [32m✓[39m test/contracts/readiness-attestation.s196.spec.ts[2m > [22mportable readiness attestation[2m > [22mrejects missing evidence even when the envelope digest is recomputed[32m 5[2mms[22m[39m
2026-09-12T06:09:18.0755737Z  [32m✓[39m test/contracts/readiness-attestation.s196.spec.ts[2m > [22mportable readiness attestation[2m > [22mrejects changed evidence class even when the envelope digest is recomputed[32m 4[2mms[22m[39m
2026-09-12T06:09:18.0757472Z  [32m✓[39m test/contracts/readiness-attestation.s196.spec.ts[2m > [22mportable readiness attestation[2m > [22mrequires any available source evidence to still match the host receipt[32m 4[2mms[22m[39m
2026-09-12T06:09:18.0759500Z  [32m✓[39m test/contracts/readiness-attestation.s196.spec.ts[2m > [22mportable readiness attestation[2m > [22mrejects symlinked first-party bytes instead of reading an external source tree[32m 5[2mms[22m[39m
2026-09-12T06:09:18.0761247Z  [32m✓[39m test/contracts/readiness-attestation.s196.spec.ts[2m > [22mportable readiness attestation[2m > [22mrechecks the installation after a running preflight has already succeeded[32m 5[2mms[22m[39m
2026-09-12T06:09:24.3572137Z  [32m✓[39m test/contracts/portable-token-dependencies.s196.spec.ts[2m > [22ms196 portable token dependencies[2m > [22mapplies shipped token outputs without source or build scripts and preserves the requested scope[33m 5704[2mms[22m[39m
2026-09-12T06:09:24.3576614Z  [32m✓[39m test/contracts/portable-token-dependencies.s196.spec.ts[2m > [22ms196 portable token dependencies[2m > [22mmissing shipped css/tokens.css refuses before attempting a nonexistent host pipeline[32m 5[2mms[22m[39m
2026-09-12T06:09:24.3586340Z  [32m✓[39m test/contracts/portable-token-dependencies.s196.spec.ts[2m > [22ms196 portable token dependencies[2m > [22mmissing shipped ts/tokens.ts refuses before attempting a nonexistent host pipeline[32m 3[2mms[22m[39m
2026-09-12T06:09:24.3590080Z  [32m✓[39m test/contracts/portable-token-dependencies.s196.spec.ts[2m > [22ms196 portable token dependencies[2m > [22mmissing shipped tailwind/tokens.json refuses before attempting a nonexistent host pipeline[32m 3[2mms[22m[39m
2026-09-12T06:09:24.3592105Z  [32m✓[39m test/contracts/portable-token-dependencies.s196.spec.ts[2m > [22ms196 portable token dependencies[2m > [22mmissing shipped css-variables-by-scope.json refuses before attempting a nonexistent host pipeline[32m 4[2mms[22m[39m
2026-09-12T06:09:24.3593955Z  [32m✓[39m test/contracts/portable-token-dependencies.s196.spec.ts[2m > [22ms196 portable token dependencies[2m > [22mtreats an empty shipped output as unavailable, including scope data[32m 3[2mms[22m[39m
2026-09-12T06:09:24.3597127Z  [32m✓[39m test/contracts/portable-token-dependencies.s196.spec.ts[2m > [22ms196 portable token dependencies[2m > [22ma portable manifest forbids rebuilding even when scripts happen to exist[32m 4[2mms[22m[39m
2026-09-12T06:09:24.3602682Z  [32m✓[39m test/contracts/portable-token-dependencies.s196.spec.ts[2m > [22ms196 portable token dependencies[2m > [22mretains a real failed host build receipt when the canonical build pipeline exists[32m 56[2mms[22m[39m
2026-09-12T06:09:24.3606153Z  [32m✓[39m test/contracts/portable-token-dependencies.s196.spec.ts[2m > [22ms196 portable token dependencies[2m > [22mbrand.apply apply:false reports the actual missing source dependency without raw ENOENT[32m 4[2mms[22m[39m
2026-09-12T06:09:24.3608375Z  [32m✓[39m test/contracts/portable-token-dependencies.s196.spec.ts[2m > [22ms196 portable token dependencies[2m > [22mbrand.apply apply:true reports the actual missing source dependency without raw ENOENT[32m 3[2mms[22m[39m
2026-09-12T06:09:24.3611734Z  [32m✓[39m test/contracts/portable-token-dependencies.s196.spec.ts[2m > [22ms196 portable token dependencies[2m > [22minline intake still validates and emits its B/dark delta without canonical filesystem source[32m 62[2mms[22m[39m
2026-09-12T06:09:25.8152074Z  [32m✓[39m test/contracts/portable-claims.s196.spec.ts[2m > [22ms196 portable claims at the public tool boundary[2m > [22mgenerates the exact tokens.build description and removes its superseded portable claim[32m 2[2mms[22m[39m
2026-09-12T06:09:25.8181434Z  [32m✓[39m test/contracts/portable-claims.s196.spec.ts[2m > [22ms196 portable claims at the public tool boundary[2m > [22mgenerates the exact brand.apply description and removes its superseded portable claim[32m 1[2mms[22m[39m
2026-09-12T06:09:25.8201433Z  [32m✓[39m test/contracts/portable-claims.s196.spec.ts[2m > [22ms196 portable claims at the public tool boundary[2m > [22mgenerates the exact code.generate description and removes its superseded portable claim[32m 1[2mms[22m[39m
2026-09-12T06:09:25.8221845Z  [32m✓[39m test/contracts/portable-claims.s196.spec.ts[2m > [22ms196 portable claims at the public tool boundary[2m > [22mgenerates the exact pipeline description and removes its superseded portable claim[32m 0[2mms[22m[39m
2026-09-12T06:09:25.8241614Z  [32m✓[39m test/contracts/portable-claims.s196.spec.ts[2m > [22ms196 portable claims at the public tool boundary[2m > [22mgenerates the exact design.preview description and removes its superseded portable claim[32m 0[2mms[22m[39m
2026-09-12T06:09:25.8251871Z  [32m✓[39m test/contracts/portable-claims.s196.spec.ts[2m > [22ms196 portable claims at the public tool boundary[2m > [22mreports missing portable token outputs without claiming a host build failure[32m 5[2mms[22m[39m
2026-09-12T06:09:25.8255553Z  [32m✓[39m test/contracts/portable-claims.s196.spec.ts[2m > [22ms196 portable claims at the public tool boundary[2m > [22mdistinguishes missing canonical brand source from inline intake that needs no source[32m 41[2mms[22m[39m
2026-09-12T06:09:25.8259344Z  [32m✓[39m test/contracts/portable-claims.s196.spec.ts[2m > [22ms196 portable claims at the public tool boundary[2m > [22mkeeps the unavailable preview code retryable before any receipt work[32m 5[2mms[22m[39m
2026-09-12T06:09:25.9217740Z  [32m✓[39m test/contracts/portable-claims.s196.spec.ts[2m > [22ms196 portable claims at the public tool boundary[2m > [22mretains real host react generation while refusing a source-pruned root without attestation[32m 105[2mms[22m[39m
2026-09-12T06:09:25.9248594Z  [32m✓[39m test/contracts/portable-claims.s196.spec.ts[2m > [22ms196 portable claims at the public tool boundary[2m > [22mretains real host vue generation while refusing a source-pruned root without attestation[32m 17[2mms[22m[39m
2026-09-12T06:09:26.0601290Z  [32m✓[39m test/contracts/portable-claims.s196.spec.ts[2m > [22ms196 portable claims at the public tool boundary[2m > [22mkeeps a real pipeline artifact behind the same code-generation gate[32m 230[2mms[22m[39m
2026-09-12T06:09:26.0909337Z 
2026-09-12T06:09:26.0919792Z [2m Test Files [22m [1m[32m3 passed[39m[22m[90m (3)[39m
2026-09-12T06:09:26.0920918Z [2m      Tests [22m [1m[32m44 passed[39m[22m[90m (44)[39m
2026-09-12T06:09:26.0923513Z [2m   Start at [22m 06:09:15
2026-09-12T06:09:26.0924838Z [2m   Duration [22m 10.47s[2m (transform 1.50s, setup 36ms, collect 3.13s, tests 6.42s, environment 1ms, prepare 210ms)[22m
2026-09-12T06:09:26.0925645Z 
2026-09-12T06:09:26.2774781Z ##[group]Run node --test packages/mcp-adapter/test-s181-lifecycle.js
2026-09-12T06:09:26.2775774Z [36;1mnode --test packages/mcp-adapter/test-s181-lifecycle.js[0m
2026-09-12T06:09:26.2829524Z shell: /usr/bin/bash -e {0}
2026-09-12T06:09:26.2830003Z env:
2026-09-12T06:09:26.2830372Z   NODE_VERSION: 24
2026-09-12T06:09:26.2830904Z   PNPM_HOME: /home/runner/setup-pnpm/node_modules/.bin
2026-09-12T06:09:26.2831495Z ##[endgroup]
2026-09-12T06:09:27.5410584Z ✔ stdin EOF after a native health call closes the child and exits cleanly (1167.388633ms)
2026-09-12T06:09:27.5513247Z ℹ tests 1
2026-09-12T06:09:27.5514018Z ℹ suites 0
2026-09-12T06:09:27.5514579Z ℹ pass 1
2026-09-12T06:09:27.5515179Z ℹ fail 0
2026-09-12T06:09:27.5515784Z ℹ cancelled 0
2026-09-12T06:09:27.5516428Z ℹ skipped 0
2026-09-12T06:09:27.5517041Z ℹ todo 0
2026-09-12T06:09:27.5517727Z ℹ duration_ms 1228.233226
2026-09-12T06:09:27.5617080Z ##[group]Run pnpm --filter @oods/mcp-server exec vitest run test/contracts/portable-fixtures.s194.spec.ts --reporter=verbose
2026-09-12T06:09:27.5618035Z [36;1mpnpm --filter @oods/mcp-server exec vitest run test/contracts/portable-fixtures.s194.spec.ts --reporter=verbose[0m
2026-09-12T06:09:27.5654657Z shell: /usr/bin/bash -e {0}
2026-09-12T06:09:27.5654930Z env:
2026-09-12T06:09:27.5655136Z   NODE_VERSION: 24
2026-09-12T06:09:27.5655418Z   PNPM_HOME: /home/runner/setup-pnpm/node_modules/.bin
2026-09-12T06:09:27.5655749Z ##[endgroup]
2026-09-12T06:09:28.3916054Z 
2026-09-12T06:09:28.3940689Z [1m[46m RUN [49m[22m [36mv3.2.4 [39m[90m/home/runner/work/OODS-Forge/OODS-Forge/packages/mcp-server[39m
2026-09-12T06:09:28.3959135Z 
2026-09-12T06:09:30.9410727Z  [32m✓[39m test/contracts/portable-fixtures.s194.spec.ts[2m > [22mpins one portable recipe per advertised tool and binds only untouched live producer output[33m 513[2mms[22m[39m
2026-09-12T06:09:30.9669442Z 
2026-09-12T06:09:30.9686973Z [2m Test Files [22m [1m[32m1 passed[39m[22m[90m (1)[39m
2026-09-12T06:09:30.9700335Z [2m      Tests [22m [1m[32m1 passed[39m[22m[90m (1)[39m
2026-09-12T06:09:30.9701177Z [2m   Start at [22m 06:09:28
2026-09-12T06:09:30.9702402Z [2m   Duration [22m 2.57s[2m (transform 1.06s, setup 25ms, collect 1.63s, tests 515ms, environment 0ms, prepare 81ms)[22m
2026-09-12T06:09:30.9702908Z 
2026-09-12T06:09:31.1411604Z ##[group]Run node scripts/runtime/assemble.mjs \
2026-09-12T06:09:31.1412348Z [36;1mnode scripts/runtime/assemble.mjs \[0m
2026-09-12T06:09:31.1413028Z [36;1m  --out-dir "$RUNNER_TEMP/forge-runtime-out-1" \[0m
2026-09-12T06:09:31.1413758Z [36;1m  --work-dir "$RUNNER_TEMP/forge-runtime-work-1" \[0m
2026-09-12T06:09:31.1414371Z [36;1m  --final[0m
2026-09-12T06:09:31.1414849Z [36;1mnode scripts/runtime/assemble.mjs \[0m
2026-09-12T06:09:31.1415512Z [36;1m  --out-dir "$RUNNER_TEMP/forge-runtime-out-2" \[0m
2026-09-12T06:09:31.1416261Z [36;1m  --work-dir "$RUNNER_TEMP/forge-runtime-work-2" \[0m
2026-09-12T06:09:31.1416889Z [36;1m  --final[0m
2026-09-12T06:09:31.1456726Z shell: /usr/bin/bash -e {0}
2026-09-12T06:09:31.1457010Z env:
2026-09-12T06:09:31.1457225Z   NODE_VERSION: 24
2026-09-12T06:09:31.1457525Z   PNPM_HOME: /home/runner/setup-pnpm/node_modules/.bin
2026-09-12T06:09:31.1457888Z ##[endgroup]
2026-09-12T06:09:32.8531141Z Scope: 13 of 14 workspace projects
2026-09-12T06:09:33.0895499Z Progress: resolved 0, reused 1, downloaded 0, added 0
2026-09-12T06:09:34.0894984Z Progress: resolved 511, reused 464, downloaded 0, added 0
2026-09-12T06:09:34.2837035Z  WARN  1 deprecated subdependencies found: glob@10.4.5
2026-09-12T06:09:34.3089595Z .                                        | +283 ++++++++++++++++++++++++++++
2026-09-12T06:09:34.9253290Z Progress: resolved 511, reused 464, downloaded 0, added 283, done
2026-09-12T06:09:35.1820986Z  WARN  Failed to create bin at /home/runner/work/_temp/forge-runtime-work-1/builder/packages/artifacts/node_modules/.bin/tsx. ENOENT: no such file or directory, open '/home/runner/work/_temp/forge-runtime-work-1/builder/node_modules/.pnpm/tsx@4.20.6/node_modules/tsx/dist/cli.mjs'
2026-09-12T06:09:35.1849738Z  WARN  Failed to create bin at /home/runner/work/_temp/forge-runtime-work-1/builder/packages/components-react/node_modules/.bin/tsx. ENOENT: no such file or directory, open '/home/runner/work/_temp/forge-runtime-work-1/builder/node_modules/.pnpm/tsx@4.20.6/node_modules/tsx/dist/cli.mjs'
2026-09-12T06:09:35.1867473Z  WARN  Failed to create bin at /home/runner/work/_temp/forge-runtime-work-1/builder/packages/components-vue/node_modules/.bin/tsx. ENOENT: no such file or directory, open '/home/runner/work/_temp/forge-runtime-work-1/builder/node_modules/.pnpm/tsx@4.20.6/node_modules/tsx/dist/cli.mjs'
2026-09-12T06:09:35.2690715Z  WARN  Issues with peer dependencies found
2026-09-12T06:09:35.2691694Z packages/components-react
2026-09-12T06:09:35.2692772Z ├─┬ @testing-library/react 16.3.0
2026-09-12T06:09:35.2693926Z │ └── ✕ missing peer @testing-library/dom@^10.0.0
2026-09-12T06:09:35.2694982Z └─┬ @testing-library/user-event 14.6.1
2026-09-12T06:09:35.2696034Z   └── ✕ missing peer @testing-library/dom@>=7.21.4
2026-09-12T06:09:35.2697069Z Peer dependencies that should be installed:
2026-09-12T06:09:35.2698104Z   @testing-library/dom@">=10.0.0 <11.0.0"
2026-09-12T06:09:35.2699003Z 
2026-09-12T06:09:35.2699678Z packages/mcp-adapter
2026-09-12T06:09:35.2700606Z └─┬ @modelcontextprotocol/sdk 1.25.1
2026-09-12T06:09:35.2701536Z   └─┬ @hono/node-server 1.19.7
2026-09-12T06:09:35.2704885Z     └── ✕ missing peer hono@^4
2026-09-12T06:09:35.2705962Z Peer dependencies that should be installed:
2026-09-12T06:09:35.2707110Z   hono@^4
2026-09-12T06:09:35.2707530Z 
2026-09-12T06:09:35.2714968Z Done in 2.8s
2026-09-12T06:10:21.7014195Z {
2026-09-12T06:10:21.7029744Z   "archive": "/home/runner/work/_temp/forge-runtime-out-1/forge-runtime.tar.gz",
2026-09-12T06:10:21.7030531Z   "archiveByteSize": 29804561,
2026-09-12T06:10:21.7030890Z   "archivePacking": {
2026-09-12T06:10:21.7031199Z     "determinismCertified": true,
2026-09-12T06:10:21.7031569Z     "method": "GNU tar normalized stream + gzip -9n"
2026-09-12T06:10:21.7031892Z   },
2026-09-12T06:10:21.7032302Z   "archiveSha256": "1d656011682bcfd3584ea7aee1cc9346e575c19e67f6a478c22870220a3c6264",
2026-09-12T06:10:21.7033340Z   "archiveSha256File": "/home/runner/work/_temp/forge-runtime-out-1/forge-runtime.tar.gz.sha256",
2026-09-12T06:10:21.7033865Z   "dirty": false,
2026-09-12T06:10:21.7034333Z   "manifest": "/home/runner/work/_temp/forge-runtime-out-1/forge-runtime.manifest.json",
2026-09-12T06:10:21.7034815Z   "payloadEntryCount": 19826,
2026-09-12T06:10:21.7035241Z   "payloadRoot": "/home/runner/work/_temp/forge-runtime-work-1/payload",
2026-09-12T06:10:21.7035845Z   "sbomLite": "/home/runner/work/_temp/forge-runtime-out-1/runtime-sbom-lite.json",
2026-09-12T06:10:21.7036295Z   "tarCommand": "tar",
2026-09-12T06:10:21.7036549Z   "thirdPartyCount": 283
2026-09-12T06:10:21.7036798Z }
2026-09-12T06:10:23.4317123Z Scope: 13 of 14 workspace projects
2026-09-12T06:10:23.6690496Z Progress: resolved 0, reused 1, downloaded 0, added 0
2026-09-12T06:10:24.4285653Z  WARN  1 deprecated subdependencies found: glob@10.4.5
2026-09-12T06:10:24.4473635Z .                                        | +283 ++++++++++++++++++++++++++++
2026-09-12T06:10:24.6695296Z Progress: resolved 511, reused 464, downloaded 0, added 29
2026-09-12T06:10:25.0471218Z Progress: resolved 511, reused 464, downloaded 0, added 283, done
2026-09-12T06:10:25.3081485Z  WARN  Failed to create bin at /home/runner/work/_temp/forge-runtime-work-2/builder/packages/artifacts/node_modules/.bin/tsx. ENOENT: no such file or directory, open '/home/runner/work/_temp/forge-runtime-work-2/builder/node_modules/.pnpm/tsx@4.20.6/node_modules/tsx/dist/cli.mjs'
2026-09-12T06:10:25.3121539Z  WARN  Failed to create bin at /home/runner/work/_temp/forge-runtime-work-2/builder/packages/components-react/node_modules/.bin/tsx. ENOENT: no such file or directory, open '/home/runner/work/_temp/forge-runtime-work-2/builder/node_modules/.pnpm/tsx@4.20.6/node_modules/tsx/dist/cli.mjs'
2026-09-12T06:10:25.3131384Z  WARN  Failed to create bin at /home/runner/work/_temp/forge-runtime-work-2/builder/packages/components-vue/node_modules/.bin/tsx. ENOENT: no such file or directory, open '/home/runner/work/_temp/forge-runtime-work-2/builder/node_modules/.pnpm/tsx@4.20.6/node_modules/tsx/dist/cli.mjs'
2026-09-12T06:10:25.3990687Z  WARN  Issues with peer dependencies found
2026-09-12T06:10:25.3991630Z packages/components-react
2026-09-12T06:10:25.3992502Z ├─┬ @testing-library/react 16.3.0
2026-09-12T06:10:25.3993477Z │ └── ✕ missing peer @testing-library/dom@^10.0.0
2026-09-12T06:10:25.3995233Z └─┬ @testing-library/user-event 14.6.1
2026-09-12T06:10:25.3998610Z   └── ✕ missing peer @testing-library/dom@>=7.21.4
2026-09-12T06:10:25.4003136Z Peer dependencies that should be installed:
2026-09-12T06:10:25.4004008Z   @testing-library/dom@">=10.0.0 <11.0.0"
2026-09-12T06:10:25.4004515Z 
2026-09-12T06:10:25.4004813Z packages/mcp-adapter
2026-09-12T06:10:25.4005632Z └─┬ @modelcontextprotocol/sdk 1.25.1
2026-09-12T06:10:25.4006518Z   └─┬ @hono/node-server 1.19.7
2026-09-12T06:10:25.4007325Z     └── ✕ missing peer hono@^4
2026-09-12T06:10:25.4008102Z Peer dependencies that should be installed:
2026-09-12T06:10:25.4009276Z   hono@^4
2026-09-12T06:10:25.4009657Z 
2026-09-12T06:10:25.4010030Z Done in 2.4s
2026-09-12T06:11:10.8038028Z {
2026-09-12T06:11:10.8050157Z   "archive": "/home/runner/work/_temp/forge-runtime-out-2/forge-runtime.tar.gz",
2026-09-12T06:11:10.8051304Z   "archiveByteSize": 29804561,
2026-09-12T06:11:10.8052232Z   "archivePacking": {
2026-09-12T06:11:10.8053050Z     "determinismCertified": true,
2026-09-12T06:11:10.8053941Z     "method": "GNU tar normalized stream + gzip -9n"
2026-09-12T06:11:10.8054742Z   },
2026-09-12T06:11:10.8055695Z   "archiveSha256": "1d656011682bcfd3584ea7aee1cc9346e575c19e67f6a478c22870220a3c6264",
2026-09-12T06:11:10.8057141Z   "archiveSha256File": "/home/runner/work/_temp/forge-runtime-out-2/forge-runtime.tar.gz.sha256",
2026-09-12T06:11:10.8058251Z   "dirty": false,
2026-09-12T06:11:10.8059367Z   "manifest": "/home/runner/work/_temp/forge-runtime-out-2/forge-runtime.manifest.json",
2026-09-12T06:11:10.8060441Z   "payloadEntryCount": 19826,
2026-09-12T06:11:10.8061394Z   "payloadRoot": "/home/runner/work/_temp/forge-runtime-work-2/payload",
2026-09-12T06:11:10.8062997Z   "sbomLite": "/home/runner/work/_temp/forge-runtime-out-2/runtime-sbom-lite.json",
2026-09-12T06:11:10.8064070Z   "tarCommand": "tar",
2026-09-12T06:11:10.8064736Z   "thirdPartyCount": 283
2026-09-12T06:11:10.8065402Z }
2026-09-12T06:11:10.8380836Z ##[group]Run (cd "$RUNNER_TEMP/forge-runtime-out-1" && sha256sum --check forge-runtime.tar.gz.sha256)
2026-09-12T06:11:10.8382180Z [36;1m(cd "$RUNNER_TEMP/forge-runtime-out-1" && sha256sum --check forge-runtime.tar.gz.sha256)[0m
2026-09-12T06:11:10.8383404Z [36;1m(cd "$RUNNER_TEMP/forge-runtime-out-2" && sha256sum --check forge-runtime.tar.gz.sha256)[0m
2026-09-12T06:11:10.8384913Z [36;1mcmp "$RUNNER_TEMP/forge-runtime-out-1/forge-runtime.tar.gz.sha256" "$RUNNER_TEMP/forge-runtime-out-2/forge-runtime.tar.gz.sha256"[0m
2026-09-12T06:11:10.8437790Z shell: /usr/bin/bash -e {0}
2026-09-12T06:11:10.8438270Z env:
2026-09-12T06:11:10.8438885Z   NODE_VERSION: 24
2026-09-12T06:11:10.8439437Z   PNPM_HOME: /home/runner/setup-pnpm/node_modules/.bin
2026-09-12T06:11:10.8440056Z ##[endgroup]
2026-09-12T06:11:10.8735515Z forge-runtime.tar.gz: OK
2026-09-12T06:11:10.8971444Z forge-runtime.tar.gz: OK
2026-09-12T06:11:10.9076296Z Node 20 is being deprecated. This workflow is running with Node 24 by default. If you need to temporarily use Node 20, you can set the ACTIONS_ALLOW_USE_UNSECURE_NODE_VERSION=true environment variable. For more information see: https://github.blog/changelog/2025-09-19-deprecation-of-node-20-on-github-actions-runners/
2026-09-12T06:11:10.9077592Z ##[group]Run actions/setup-node@v4
2026-09-12T06:11:10.9077870Z with:
2026-09-12T06:11:10.9078082Z   node-version: 24
2026-09-12T06:11:10.9078306Z   always-auth: false
2026-09-12T06:11:10.9078533Z   check-latest: false
2026-09-12T06:11:10.9081120Z   token: ***
2026-09-12T06:11:10.9081336Z env:
2026-09-12T06:11:10.9081531Z   NODE_VERSION: 24
2026-09-12T06:11:10.9081818Z   PNPM_HOME: /home/runner/setup-pnpm/node_modules/.bin
2026-09-12T06:11:10.9082360Z ##[endgroup]
2026-09-12T06:11:11.1976839Z (node:3495) [DEP0040] DeprecationWarning: The `punycode` module is deprecated. Please use a userland alternative instead.
2026-09-12T06:11:11.1977875Z (Use `node --trace-deprecation ...` to show where the warning was created)
2026-09-12T06:11:11.1997589Z Found in cache @ /opt/hostedtoolcache/node/24.20.0/x64
2026-09-12T06:11:11.1998542Z ##[group]Environment details
2026-09-12T06:11:11.5062716Z node: v24.20.0
2026-09-12T06:11:11.5066135Z npm: 11.19.0
2026-09-12T06:11:11.5066408Z yarn: 1.22.22
2026-09-12T06:11:11.5066912Z ##[endgroup]
2026-09-12T06:11:11.5275478Z ##[group]Run set -o pipefail
2026-09-12T06:11:11.5276027Z [36;1mset -o pipefail[0m
2026-09-12T06:11:11.5276568Z [36;1mextract_dir="$RUNNER_TEMP/forge-e2e-$RANDOM"[0m
2026-09-12T06:11:11.5277176Z [36;1mmkdir -p "$extract_dir"[0m
2026-09-12T06:11:11.5277959Z [36;1mtar -xzf "$RUNNER_TEMP/forge-runtime-out-1/forge-runtime.tar.gz" -C "$extract_dir"[0m
2026-09-12T06:11:11.5279222Z [36;1mnode scripts/runtime/e2e.mjs \[0m
2026-09-12T06:11:11.5279750Z [36;1m  --extract-dir "$extract_dir" \[0m
2026-09-12T06:11:11.5281057Z [36;1m  --repo-root "$GITHUB_WORKSPACE" | tee "$RUNNER_TEMP/portable-runtime-e2e.json"[0m
2026-09-12T06:11:11.5336744Z shell: /usr/bin/bash -e {0}
2026-09-12T06:11:11.5337207Z env:
2026-09-12T06:11:11.5337570Z   NODE_VERSION: 24
2026-09-12T06:11:11.5338068Z   PNPM_HOME: /home/runner/setup-pnpm/node_modules/.bin
2026-09-12T06:11:11.5339139Z ##[endgroup]
2026-09-12T06:11:34.9097527Z {
2026-09-12T06:11:34.9098037Z   "calls": {
2026-09-12T06:11:34.9139116Z     "bridge": {
2026-09-12T06:11:34.9139570Z       "parity": true,
2026-09-12T06:11:34.9151065Z       "revision": {
2026-09-12T06:11:34.9153599Z         "commit": "405315b16b109aab8ff4e87f9389888c59d43668",
2026-09-12T06:11:34.9154659Z         "structuredDataManifestHash": "sha256:993644cc01a5f150ea42d2882a953577a0066a6cecb3f74032e1877d6e4e620d"
2026-09-12T06:11:34.9155391Z       },
2026-09-12T06:11:34.9156194Z       "svgHash": "e90d64c9f458b166d5919d59904fe0b6371613709a18855b7e19f5b73e0471d2",
2026-09-12T06:11:34.9159639Z       "termination": {
2026-09-12T06:11:34.9161203Z         "code": 0,
2026-09-12T06:11:34.9161709Z         "signal": null
2026-09-12T06:11:34.9162184Z       },
2026-09-12T06:11:34.9162621Z       "tools": [
2026-09-12T06:11:34.9163105Z         "artifact_certify",
2026-09-12T06:11:34.9163657Z         "brand_apply",
2026-09-12T06:11:34.9164260Z         "brand_intake",
2026-09-12T06:11:34.9164743Z         "catalog_list",
2026-09-12T06:11:34.9165219Z         "code_generate",
2026-09-12T06:11:34.9165763Z         "dashboard_render",
2026-09-12T06:11:34.9166305Z         "design_compose",
2026-09-12T06:11:34.9166825Z         "design_preview",
2026-09-12T06:11:34.9167339Z         "fidelity_preview",
2026-09-12T06:11:34.9167848Z         "health",
2026-09-12T06:11:34.9168305Z         "map",
2026-09-12T06:11:34.9168974Z         "object",
2026-09-12T06:11:34.9169458Z         "pipeline",
2026-09-12T06:11:34.9169954Z         "registry_snapshot",
2026-09-12T06:11:34.9170477Z         "repl",
2026-09-12T06:11:34.9170928Z         "schema",
2026-09-12T06:11:34.9171438Z         "structuredData_fetch",
2026-09-12T06:11:34.9171976Z         "tokens_build",
2026-09-12T06:11:34.9172465Z         "viz_render"
2026-09-12T06:11:34.9172928Z       ]
2026-09-12T06:11:34.9173341Z     },
2026-09-12T06:11:34.9173772Z     "certify": {
2026-09-12T06:11:34.9174245Z       "conformant": true,
2026-09-12T06:11:34.9174810Z       "coverage": "certified",
2026-09-12T06:11:34.9175417Z       "negativeCode": "OODS-V126",
2026-09-12T06:11:34.9175994Z       "pillars": {
2026-09-12T06:11:34.9176527Z         "a11yEquivalence": "pass",
2026-09-12T06:11:34.9177100Z         "accuracy": "pass",
2026-09-12T06:11:34.9177627Z         "contrast": "pass",
2026-09-12T06:11:34.9178153Z         "determinism": "pass"
2026-09-12T06:11:34.9178836Z       }
2026-09-12T06:11:34.9179272Z     },
2026-09-12T06:11:34.9179725Z     "dashboards": {
2026-09-12T06:11:34.9180974Z       "fourPanelHtmlSha256": "00b1df879b163369913d9504e1f3ae82d2444598133f1217ab80971cdcb17132",
2026-09-12T06:11:34.9181977Z       "repeatsIdentical": true,
2026-09-12T06:11:34.9182952Z       "twoPanelHtmlSha256": "732b4c3107acee107c7bb5ea662dd9df884b4f9c0cdbb3ecd05af283fa54c519"
2026-09-12T06:11:34.9183834Z     },
2026-09-12T06:11:34.9184508Z     "fixturePins": [
2026-09-12T06:11:34.9185072Z       {
2026-09-12T06:11:34.9185548Z         "bytes": 60,
2026-09-12T06:11:34.9186091Z         "fixture": "s194-health.json",
2026-09-12T06:11:34.9187282Z         "sha256": "edae244bb0ec90acec8538028f5735e1591d1e9aa3bb6ee0f4cfcd3364f5ac59",
2026-09-12T06:11:34.9188183Z         "tool": "health"
2026-09-12T06:11:34.9189061Z       },
2026-09-12T06:11:34.9192063Z       {
2026-09-12T06:11:34.9192993Z         "bytes": 127,
2026-09-12T06:11:34.9193698Z         "fixture": "s194-tokens-build.json",
2026-09-12T06:11:34.9194844Z         "sha256": "262634f01345c74f9fe4d09dded5fe7b85cda4ffe417161cb20d7b067ac7fb46",
2026-09-12T06:11:34.9195920Z         "tool": "tokens.build"
2026-09-12T06:11:34.9196591Z       },
2026-09-12T06:11:34.9197190Z       {
2026-09-12T06:11:34.9197760Z         "bytes": 105,
2026-09-12T06:11:34.9198546Z         "fixture": "s194-structuredData-fetch.json",
2026-09-12T06:11:34.9199944Z         "sha256": "25cb7457d33291a4cee539358c3673cfc305c1ba11c3eff71fd9e31efe35b437",
2026-09-12T06:11:34.9201017Z         "tool": "structuredData.fetch"
2026-09-12T06:11:34.9201777Z       },
2026-09-12T06:11:34.9202341Z       {
2026-09-12T06:11:34.9202901Z         "bytes": 122,
2026-09-12T06:11:34.9203616Z         "fixture": "s194-brand-apply.json",
2026-09-12T06:11:34.9204724Z         "sha256": "7bd21cd811cb7e11a171be6ba10383ac3c90ffc574bbe890c8174d02c7d68b47",
2026-09-12T06:11:34.9205766Z         "tool": "brand.apply"
2026-09-12T06:11:34.9206432Z       },
2026-09-12T06:11:34.9206956Z       {
2026-09-12T06:11:34.9207519Z         "bytes": 908,
2026-09-12T06:11:34.9208222Z         "fixture": "s194-brand-intake.json",
2026-09-12T06:11:34.9209570Z         "sha256": "2c0d689f7e933a18cc48ebfb549b60b0112ffd7a41c61058c7359f2f445a4109",
2026-09-12T06:11:34.9210483Z         "tool": "brand.intake"
2026-09-12T06:11:34.9210946Z       },
2026-09-12T06:11:34.9211299Z       {
2026-09-12T06:11:34.9211660Z         "bytes": 111,
2026-09-12T06:11:34.9212170Z         "fixture": "s194-catalog-list.json",
2026-09-12T06:11:34.9213027Z         "sha256": "1fe037984ba4864821d3545a1d2d4d828570bb25a2839d88af7dc0fc6f87428d",
2026-09-12T06:11:34.9213879Z         "tool": "catalog.list"
2026-09-12T06:11:34.9214338Z       },
2026-09-12T06:11:34.9214682Z       {
2026-09-12T06:11:34.9215035Z         "bytes": 123,
2026-09-12T06:11:34.9215552Z         "fixture": "s194-design-compose.json",
2026-09-12T06:11:34.9216407Z         "sha256": "0224a94436ee2a8e13a7a1b28a89aff6fcd4ff0548cc00d3bbf321e038ddee00",
2026-09-12T06:11:34.9217212Z         "tool": "design.compose"
2026-09-12T06:11:34.9217654Z       },
2026-09-12T06:11:34.9217978Z       {
2026-09-12T06:11:34.9218369Z         "bytes": 123,
2026-09-12T06:11:34.9219136Z         "fixture": "s194-design-preview.json",
2026-09-12T06:11:34.9219982Z         "sha256": "b0d35ed84035b22aa164e4e26821fb4b30e7f4be2e81947dc78d0055f76c790c",
2026-09-12T06:11:34.9220763Z         "tool": "design.preview"
2026-09-12T06:11:34.9221199Z       },
2026-09-12T06:11:34.9221515Z       {
2026-09-12T06:11:34.9221844Z         "bytes": 143,
2026-09-12T06:11:34.9222301Z         "fixture": "s194-pipeline.json",
2026-09-12T06:11:34.9223119Z         "sha256": "04022a6046c39f0bec88c42cf71a59afa8ed5dd39ec7909b392faa7a2b0b47cb",
2026-09-12T06:11:34.9223875Z         "tool": "pipeline"
2026-09-12T06:11:34.9224279Z       },
2026-09-12T06:11:34.9224571Z       {
2026-09-12T06:11:34.9224772Z         "bytes": 71,
2026-09-12T06:11:34.9225069Z         "fixture": "s194-registry-snapshot.json",
2026-09-12T06:11:34.9225566Z         "sha256": "1979a3750c28176cbcbdb56b73f2add4c650b3cde4b6ce3f3841fbff5795e3ed",
2026-09-12T06:11:34.9226019Z         "tool": "registry.snapshot"
2026-09-12T06:11:34.9226496Z       },
2026-09-12T06:11:34.9226699Z       {
2026-09-12T06:11:34.9226898Z         "bytes": 809,
2026-09-12T06:11:34.9227178Z         "fixture": "s194-viz-render.json",
2026-09-12T06:11:34.9227668Z         "sha256": "2a850687881667f403f5a554ce2baa462bcefc4dc88e4d7f3e67d8873b7b8286",
2026-09-12T06:11:34.9228101Z         "tool": "viz.render"
2026-09-12T06:11:34.9228341Z       },
2026-09-12T06:11:34.9228535Z       {
2026-09-12T06:11:34.9229196Z         "bytes": 1482,
2026-09-12T06:11:34.9229792Z         "fixture": "s194-dashboard-render.json",
2026-09-12T06:11:34.9231084Z         "sha256": "1e66463fa39c7da75b9a017dcf0d7a357b6f3a0a184f2231d64118b3e639a854",
2026-09-12T06:11:34.9232140Z         "tool": "dashboard.render"
2026-09-12T06:11:34.9232635Z       },
2026-09-12T06:11:34.9232988Z       {
2026-09-12T06:11:34.9233350Z         "bytes": 106,
2026-09-12T06:11:34.9233860Z         "fixture": "s194-artifact-certify.json",
2026-09-12T06:11:34.9234795Z         "sha256": "de6959711792d74b068724bd860effaabe73d96b29f5fd64bc2105f2a6253a91",
2026-09-12T06:11:34.9235650Z         "tool": "artifact.certify"
2026-09-12T06:11:34.9236140Z       },
2026-09-12T06:11:34.9236500Z       {
2026-09-12T06:11:34.9236853Z         "bytes": 159,
2026-09-12T06:11:34.9237360Z         "fixture": "s194-code-generate.json",
2026-09-12T06:11:34.9238244Z         "sha256": "7257a1995526a8aaeeed8002ce592b052e6e6c417b34f918bb9fb4d992921a9a",
2026-09-12T06:11:34.9239799Z         "tool": "code.generate"
2026-09-12T06:11:34.9240257Z       },
2026-09-12T06:11:34.9240613Z       {
2026-09-12T06:11:34.9240938Z         "bytes": 3777,
2026-09-12T06:11:34.9241504Z         "fixture": "s194-fidelity-preview.json",
2026-09-12T06:11:34.9242407Z         "sha256": "79a38181c6b593d3e14adc9bc9462493f27045167d2934ae616c87bfe8ab05dc",
2026-09-12T06:11:34.9243235Z         "tool": "fidelity.preview"
2026-09-12T06:11:34.9243708Z       },
2026-09-12T06:11:34.9244053Z       {
2026-09-12T06:11:34.9244423Z         "bytes": 458,
2026-09-12T06:11:34.9244892Z         "fixture": "s194-map.json",
2026-09-12T06:11:34.9245724Z         "sha256": "8d3350cc21ddf3ad1fa1658850b0e4918ba584cabe108ad5dd0b54d3c548a6c0",
2026-09-12T06:11:34.9246515Z         "tool": "map"
2026-09-12T06:11:34.9246907Z       },
2026-09-12T06:11:34.9247256Z       {
2026-09-12T06:11:34.9247624Z         "bytes": 393,
2026-09-12T06:11:34.9248101Z         "fixture": "s194-schema.json",
2026-09-12T06:11:34.9249108Z         "sha256": "0d4c4b37fbae4e653a4492cf7a1fe47905bc2c5821a188cd3c10b605afb2277f",
2026-09-12T06:11:34.9249921Z         "tool": "schema"
2026-09-12T06:11:34.9250331Z       },
2026-09-12T06:11:34.9250692Z       {
2026-09-12T06:11:34.9251059Z         "bytes": 135,
2026-09-12T06:11:34.9251531Z         "fixture": "s194-object.json",
2026-09-12T06:11:34.9252393Z         "sha256": "0cdd899351e9bd9a6fa3ee7a21d5a33dce16c9d2c2c44c9a482f2022e3df9e9c",
2026-09-12T06:11:34.9253180Z         "tool": "object"
2026-09-12T06:11:34.9253602Z       },
2026-09-12T06:11:34.9253958Z       {
2026-09-12T06:11:34.9254322Z         "bytes": 193,
2026-09-12T06:11:34.9254789Z         "fixture": "s194-repl.json",
2026-09-12T06:11:34.9255643Z         "sha256": "73dbeaafc7be460a95e3d63bfdb18d17a25ab373af44416a84e5e14ca5ba2fe1",
2026-09-12T06:11:34.9256429Z         "tool": "repl"
2026-09-12T06:11:34.9256830Z       }
2026-09-12T06:11:34.9257175Z     ],
2026-09-12T06:11:34.9257535Z     "health": {
2026-09-12T06:11:34.9257927Z       "registry": {
2026-09-12T06:11:34.9258354Z         "components": 109,
2026-09-12T06:11:34.9259073Z         "lastSync": "2026-09-11T05:30:00Z",
2026-09-12T06:11:34.9259597Z         "objects": 11,
2026-09-12T06:11:34.9260029Z         "traits": 45
2026-09-12T06:11:34.9260427Z       },
2026-09-12T06:11:34.9260787Z       "release": {
2026-09-12T06:11:34.9261191Z         "apps": [
2026-09-12T06:11:34.9261595Z           "Organization",
2026-09-12T06:11:34.9262071Z           "Subscription",
2026-09-12T06:11:34.9262500Z           "User"
2026-09-12T06:11:34.9262891Z         ],
2026-09-12T06:11:34.9263928Z         "archiveSha256": "70bbb9d5766ffef4afde430a8c90b851359ade932950ea729bc9a93311b53558",
2026-09-12T06:11:34.9264981Z         "bundleHead": "2148c93e6ee28ea0220560ce9a327e1d05ce3d67",
2026-09-12T06:11:34.9265635Z         "cells": 42,
2026-09-12T06:11:34.9266044Z         "fail": 0,
2026-09-12T06:11:34.9266452Z         "frameworks": [
2026-09-12T06:11:34.9266880Z           "react",
2026-09-12T06:11:34.9267265Z           "vue"
2026-09-12T06:11:34.9267645Z         ],
2026-09-12T06:11:34.9268018Z         "pass": 42,
2026-09-12T06:11:34.9268429Z         "typedGap": 0
2026-09-12T06:11:34.9269180Z       },
2026-09-12T06:11:34.9269738Z       "status": "ok",
2026-09-12T06:11:34.9270182Z       "viz": {
2026-09-12T06:11:34.9270613Z         "classified": 34,
2026-09-12T06:11:34.9271068Z         "coreCells": 20,
2026-09-12T06:11:34.9271587Z         "coreSurfaceComplete": 13,
2026-09-12T06:11:34.9272118Z         "families": 8,
2026-09-12T06:11:34.9272540Z         "patterns": 21,
2026-09-12T06:11:34.9272988Z         "typedGaps": 7,
2026-09-12T06:11:34.9273416Z         "types": 13
2026-09-12T06:11:34.9273861Z       },
2026-09-12T06:11:34.9274292Z       "warnings": []
2026-09-12T06:11:34.9274776Z     },
2026-09-12T06:11:34.9275198Z     "outcomes": {
2026-09-12T06:11:34.9275722Z       "artifact.certify": {
2026-09-12T06:11:34.9276359Z         "negativeCode": "OODS-V126",
2026-09-12T06:11:34.9276997Z         "outcome": "pass",
2026-09-12T06:11:34.9277452Z         "pillars": {
2026-09-12T06:11:34.9277947Z           "a11yEquivalence": "pass",
2026-09-12T06:11:34.9278463Z           "accuracy": "pass",
2026-09-12T06:11:34.9279125Z           "contrast": "pass",
2026-09-12T06:11:34.9279634Z           "determinism": "pass"
2026-09-12T06:11:34.9280130Z         }
2026-09-12T06:11:34.9280457Z       },
2026-09-12T06:11:34.9280820Z       "brand.apply": {
2026-09-12T06:11:34.9281246Z         "apply": false,
2026-09-12T06:11:34.9281674Z         "code": "OODS-N020",
2026-09-12T06:11:34.9282140Z         "data": {
2026-09-12T06:11:34.9282656Z           "dependency": "canonical-brand-source",
2026-09-12T06:11:34.9283652Z           "path": "/home/runner/work/_temp/forge-e2e-32578/packages/tokens/src/tokens/brands",
2026-09-12T06:11:34.9284524Z           "tool": "brand.apply"
2026-09-12T06:11:34.9284972Z         },
2026-09-12T06:11:34.9285340Z         "details": {
2026-09-12T06:11:34.9285795Z           "category": "not_found",
2026-09-12T06:11:34.9286278Z           "context": {
2026-09-12T06:11:34.9286815Z             "dependency": "canonical-brand-source",
2026-09-12T06:11:34.9287814Z             "path": "/home/runner/work/_temp/forge-e2e-32578/packages/tokens/src/tokens/brands",
2026-09-12T06:11:34.9288854Z             "tool": "brand.apply"
2026-09-12T06:11:34.9289375Z           },
2026-09-12T06:11:34.9289770Z           "retryable": false
2026-09-12T06:11:34.9290220Z         },
2026-09-12T06:11:34.9290710Z         "gap": "portable-brand-source-absent",
2026-09-12T06:11:34.9291461Z         "incidentId": "f7fe0eb0-9306-4c65-84c3-7fbfbbd913c2",
2026-09-12T06:11:34.9292083Z         "isError": true,
2026-09-12T06:11:34.9292932Z         "message": "brand.apply: canonical brand source is not shipped in this runtime.",
2026-09-12T06:11:34.9293752Z         "outcome": "typed",
2026-09-12T06:11:34.9294204Z         "retryable": false
2026-09-12T06:11:34.9294634Z       },
2026-09-12T06:11:34.9295005Z       "brand.intake": {
2026-09-12T06:11:34.9295864Z         "envelopeHash": "13aba5930282af4858e7ab72dbfc1f5df7cd74c417a3bd62b9fdbabf5c4be941",
2026-09-12T06:11:34.9296725Z         "outcome": "pass"
2026-09-12T06:11:34.9297152Z       },
2026-09-12T06:11:34.9297529Z       "catalog.list": {
2026-09-12T06:11:34.9297954Z         "count": 109,
2026-09-12T06:11:34.9298392Z         "outcome": "pass"
2026-09-12T06:11:34.9299026Z       },
2026-09-12T06:11:34.9299403Z       "code.generate": {
2026-09-12T06:11:34.9299868Z         "outcome": "pass",
2026-09-12T06:11:34.9300765Z         "reactHash": "sha256:1099163b8e9cd64b8aa9451c5b54bee2250734bce44a5e2d7064cf5dd192ecf4",
2026-09-12T06:11:34.9302322Z         "vueHash": "sha256:226729bc403920b1b4b1e4df9468931c2bb400294b0d1d3e453817cab71c478c"
2026-09-12T06:11:34.9303190Z       },
2026-09-12T06:11:34.9303584Z       "dashboard.render": {
2026-09-12T06:11:34.9304058Z         "outcome": "pass",
2026-09-12T06:11:34.9304522Z         "repeated": true
2026-09-12T06:11:34.9304983Z       },
2026-09-12T06:11:34.9305368Z       "design.compose": {
2026-09-12T06:11:34.9305831Z         "outcome": "pass",
2026-09-12T06:11:34.9306678Z         "schemaHash": "64f4c206a2636ca8ccc87e2c3615215cb0049b26deacc79ffc0d5cf5d3803dbf"
2026-09-12T06:11:34.9307686Z       },
2026-09-12T06:11:34.9308093Z       "design.preview": {
2026-09-12T06:11:34.9308950Z         "adapterCodePreserved": true,
2026-09-12T06:11:34.9309544Z         "code": "OODS-N019",
2026-09-12T06:11:34.9310044Z         "data": {
2026-09-12T06:11:34.9310553Z           "command": "pnpm design:loop serve",
2026-09-12T06:11:34.9311256Z           "cwd": "/home/runner/work/_temp/forge-e2e-32578"
2026-09-12T06:11:34.9311839Z         },
2026-09-12T06:11:34.9312207Z         "details": {
2026-09-12T06:11:34.9312702Z           "category": "not_found",
2026-09-12T06:11:34.9313192Z           "context": {
2026-09-12T06:11:34.9313752Z             "command": "pnpm design:loop serve",
2026-09-12T06:11:34.9314469Z             "cwd": "/home/runner/work/_temp/forge-e2e-32578"
2026-09-12T06:11:34.9315068Z           },
2026-09-12T06:11:34.9315455Z           "retryable": true
2026-09-12T06:11:34.9315893Z         },
2026-09-12T06:11:34.9316387Z         "gap": "portable-design-loop-unavailable",
2026-09-12T06:11:34.9317154Z         "incidentId": "c7b80f69-ca57-448c-b62e-615871d369e3",
2026-09-12T06:11:34.9317771Z         "isError": true,
2026-09-12T06:11:34.9318905Z         "message": "Design loop server not running in this checkout. Start it with pnpm design:loop serve.",
2026-09-12T06:11:34.9319891Z         "outcome": "typed",
2026-09-12T06:11:34.9320355Z         "retryable": true
2026-09-12T06:11:34.9320792Z       },
2026-09-12T06:11:34.9321169Z       "fidelity.preview": {
2026-09-12T06:11:34.9322000Z         "htmlHash": "46c9c31460e6260e1db618b8d9beddd06090e865d0f583b26c4c100b81a6730e",
2026-09-12T06:11:34.9322837Z         "outcome": "pass"
2026-09-12T06:11:34.9323286Z       },
2026-09-12T06:11:34.9323627Z       "health": {
2026-09-12T06:11:34.9324080Z         "outcome": "pass",
2026-09-12T06:11:34.9324525Z         "release": {
2026-09-12T06:11:34.9324936Z           "apps": [
2026-09-12T06:11:34.9325354Z             "Organization",
2026-09-12T06:11:34.9325809Z             "Subscription",
2026-09-12T06:11:34.9326252Z             "User"
2026-09-12T06:11:34.9326653Z           ],
2026-09-12T06:11:34.9327479Z           "archiveSha256": "70bbb9d5766ffef4afde430a8c90b851359ade932950ea729bc9a93311b53558",
2026-09-12T06:11:34.9328564Z           "bundleHead": "2148c93e6ee28ea0220560ce9a327e1d05ce3d67",
2026-09-12T06:11:34.9329399Z           "cells": 42,
2026-09-12T06:11:34.9329821Z           "fail": 0,
2026-09-12T06:11:34.9330245Z           "frameworks": [
2026-09-12T06:11:34.9330676Z             "react",
2026-09-12T06:11:34.9331079Z             "vue"
2026-09-12T06:11:34.9331467Z           ],
2026-09-12T06:11:34.9331847Z           "pass": 42,
2026-09-12T06:11:34.9332302Z           "typedGap": 0
2026-09-12T06:11:34.9332714Z         },
2026-09-12T06:11:34.9333083Z         "tokens": {
2026-09-12T06:11:34.9333480Z           "brands": [
2026-09-12T06:11:34.9333891Z             "A",
2026-09-12T06:11:34.9334276Z             "B"
2026-09-12T06:11:34.9334656Z           ],
2026-09-12T06:11:34.9335081Z           "built": true,
2026-09-12T06:11:34.9335495Z           "defaultScope": {
2026-09-12T06:11:34.9335911Z             "brand": "A",
2026-09-12T06:11:34.9336398Z             "source": "default",
2026-09-12T06:11:34.9336838Z             "theme": "light"
2026-09-12T06:11:34.9337270Z           },
2026-09-12T06:11:34.9337595Z           "scopes": {
2026-09-12T06:11:34.9337965Z             "A": [
2026-09-12T06:11:34.9338513Z               "dark",
2026-09-12T06:11:34.9339119Z               "hc",
2026-09-12T06:11:34.9339479Z               "light"
2026-09-12T06:11:34.9339885Z             ],
2026-09-12T06:11:34.9344047Z             "B": [
2026-09-12T06:11:34.9344370Z               "dark",
2026-09-12T06:11:34.9344616Z               "hc",
2026-09-12T06:11:34.9344846Z               "light"
2026-09-12T06:11:34.9345074Z             ]
2026-09-12T06:11:34.9345286Z           },
2026-09-12T06:11:34.9345492Z           "themes": [
2026-09-12T06:11:34.9345716Z             "dark",
2026-09-12T06:11:34.9345932Z             "hc",
2026-09-12T06:11:34.9346139Z             "light"
2026-09-12T06:11:34.9346518Z           ]
2026-09-12T06:11:34.9346722Z         },
2026-09-12T06:11:34.9346925Z         "viz": {
2026-09-12T06:11:34.9347146Z           "classified": 34,
2026-09-12T06:11:34.9347394Z           "coreCells": 20,
2026-09-12T06:11:34.9347689Z           "coreSurfaceComplete": 13,
2026-09-12T06:11:34.9347970Z           "families": 8,
2026-09-12T06:11:34.9348218Z           "patterns": 21,
2026-09-12T06:11:34.9348466Z           "typedGaps": 7,
2026-09-12T06:11:34.9349195Z           "types": 13
2026-09-12T06:11:34.9349575Z         }
2026-09-12T06:11:34.9349958Z       },
2026-09-12T06:11:34.9350338Z       "map": {
2026-09-12T06:11:34.9351011Z         "createdResolvedDeleted": true,
2026-09-12T06:11:34.9351487Z         "outcome": "pass"
2026-09-12T06:11:34.9351857Z       },
2026-09-12T06:11:34.9352167Z       "object": {
2026-09-12T06:11:34.9352557Z         "name": "Subscription",
2026-09-12T06:11:34.9352978Z         "outcome": "pass"
2026-09-12T06:11:34.9353332Z       },
2026-09-12T06:11:34.9353654Z       "pipeline": {
2026-09-12T06:11:34.9354401Z         "contentHash": "sha256:1099163b8e9cd64b8aa9451c5b54bee2250734bce44a5e2d7064cf5dd192ecf4",
2026-09-12T06:11:34.9355169Z         "outcome": "pass"
2026-09-12T06:11:34.9355528Z       },
2026-09-12T06:11:34.9355857Z       "registry.snapshot": {
2026-09-12T06:11:34.9356554Z         "etag": "8a042fbf4d1401d6595ae7e0bd6e8e47bf64343434fc1273024c943607cb1bcd",
2026-09-12T06:11:34.9357226Z         "outcome": "pass"
2026-09-12T06:11:34.9357581Z       },
2026-09-12T06:11:34.9357893Z       "repl": {
2026-09-12T06:11:34.9358558Z         "htmlHash": "b020e735745a77bcfe441541c3ca9a9974fdb4a7c88e5a5a35eff6762bb923d5",
2026-09-12T06:11:34.9359497Z         "outcome": "pass"
2026-09-12T06:11:34.9359867Z       },
2026-09-12T06:11:34.9360169Z       "schema": {
2026-09-12T06:11:34.9360520Z         "outcome": "pass",
2026-09-12T06:11:34.9360969Z         "savedLoadedDeleted": true
2026-09-12T06:11:34.9361374Z       },
2026-09-12T06:11:34.9361727Z       "structuredData.fetch": {
2026-09-12T06:11:34.9362408Z         "etag": "6de1e1666456a9cc0205514a64fdcebe67b60f96ef5fad94663aab25dd6009cc",
2026-09-12T06:11:34.9363098Z         "outcome": "pass"
2026-09-12T06:11:34.9363468Z       },
2026-09-12T06:11:34.9363791Z       "tokens.build": {
2026-09-12T06:11:34.9364157Z         "apply": true,
2026-09-12T06:11:34.9364513Z         "artifacts": 5,
2026-09-12T06:11:34.9364882Z         "outcome": "pass",
2026-09-12T06:11:34.9365645Z         "preview": "Preview only: would return 5 token artifacts for brand B (dark theme)."
2026-09-12T06:11:34.9366275Z       },
2026-09-12T06:11:34.9366593Z       "viz.render": {
2026-09-12T06:11:34.9367305Z         "contentHash": "2f192cce0365b6baae9c8ff41db0cc1bccd1cb1edc948683da8590e3f2b2442e",
2026-09-12T06:11:34.9368051Z         "outcome": "pass"
2026-09-12T06:11:34.9368410Z       }
2026-09-12T06:11:34.9368981Z     },
2026-09-12T06:11:34.9369377Z     "primarySequenceCount": 29,
2026-09-12T06:11:34.9369831Z     "totalAcrossProcesses": 30,
2026-09-12T06:11:34.9370248Z     "viz": {
2026-09-12T06:11:34.9370604Z       "chartType": "bar",
2026-09-12T06:11:34.9371063Z       "contentHash": "2f192cce0365b6baae9c8ff41db0cc1bccd1cb1edc948683da8590e3f2b2442e"
2026-09-12T06:11:34.9371501Z     }
2026-09-12T06:11:34.9371697Z   },
2026-09-12T06:11:34.9371902Z   "extractionTree": {
2026-09-12T06:11:34.9372313Z     "after": "9331e9c4c388d32938282a0c73609174b83cf0d82b30927eee30e12da4810ee8",
2026-09-12T06:11:34.9373096Z     "before": "9331e9c4c388d32938282a0c73609174b83cf0d82b30927eee30e12da4810ee8",
2026-09-12T06:11:34.9373562Z     "restoredAfterScopedWrites": true,
2026-09-12T06:11:34.9373859Z     "unchanged": true
2026-09-12T06:11:34.9374083Z   },
2026-09-12T06:11:34.9374278Z   "healthPort": {
2026-09-12T06:11:34.9374507Z     "canaryPort": 37641,
2026-09-12T06:11:34.9374749Z     "inherited": false,
2026-09-12T06:11:34.9399228Z     "listenerAbsent": true
2026-09-12T06:11:34.9399706Z   },
2026-09-12T06:11:34.9399986Z   "lifecycle": {
2026-09-12T06:11:34.9400432Z     "primaryTermination": {
2026-09-12T06:11:34.9400724Z       "code": 0,
2026-09-12T06:11:34.9400946Z       "exited": true,
2026-09-12T06:11:34.9401210Z       "method": "stdin-close",
2026-09-12T06:11:34.9401511Z       "signal": null
2026-09-12T06:11:34.9401728Z     },
2026-09-12T06:11:34.9401926Z     "restart": {
2026-09-12T06:11:34.9402157Z       "initialized": true,
2026-09-12T06:11:34.9402420Z       "nativeHealth": "ok",
2026-09-12T06:11:34.9402661Z       "sigterm": {
2026-09-12T06:11:34.9402905Z         "alreadyExited": false,
2026-09-12T06:11:34.9403159Z         "code": 0,
2026-09-12T06:11:34.9403373Z         "forcedKill": false,
2026-09-12T06:11:34.9403654Z         "requestedSignal": "SIGTERM",
2026-09-12T06:11:34.9403940Z         "signal": null
2026-09-12T06:11:34.9404162Z       }
2026-09-12T06:11:34.9404354Z     },
2026-09-12T06:11:34.9404556Z     "stdinClose": {
2026-09-12T06:11:34.9404772Z       "code": 0,
2026-09-12T06:11:34.9404984Z       "exited": true,
2026-09-12T06:11:34.9405204Z       "signal": null
2026-09-12T06:11:34.9405426Z     }
2026-09-12T06:11:34.9405613Z   },
2026-09-12T06:11:34.9405806Z   "manifest": {
2026-09-12T06:11:34.9406127Z     "commit": "405315b16b109aab8ff4e87f9389888c59d43668",
2026-09-12T06:11:34.9406463Z     "dirty": false,
2026-09-12T06:11:34.9406744Z     "file": "forge-runtime.manifest.json",
2026-09-12T06:11:34.9407293Z     "payloadTreeSha256": "01aecbc6daa7bc34731fda34081ef4db7335d305abb4502df0038a515b98823b",
2026-09-12T06:11:34.9407785Z     "thirdPartyCount": 283
2026-09-12T06:11:34.9408025Z   },
2026-09-12T06:11:34.9408237Z   "nodeVersion": "v24.20.0",
2026-09-12T06:11:34.9408487Z   "status": "pass",
2026-09-12T06:11:34.9408966Z   "tools": {
2026-09-12T06:11:34.9409188Z     "count": 19,
2026-09-12T06:11:34.9409400Z     "names": [
2026-09-12T06:11:34.9409610Z       "tokens_build",
2026-09-12T06:11:34.9409847Z       "structuredData_fetch",
2026-09-12T06:11:34.9410104Z       "brand_apply",
2026-09-12T06:11:34.9410323Z       "brand_intake",
2026-09-12T06:11:34.9410547Z       "catalog_list",
2026-09-12T06:11:34.9410767Z       "code_generate",
2026-09-12T06:11:34.9411001Z       "design_compose",
2026-09-12T06:11:34.9411234Z       "design_preview",
2026-09-12T06:11:34.9411457Z       "pipeline",
2026-09-12T06:11:34.9411675Z       "health",
2026-09-12T06:11:34.9411891Z       "registry_snapshot",
2026-09-12T06:11:34.9412129Z       "viz_render",
2026-09-12T06:11:34.9412358Z       "dashboard_render",
2026-09-12T06:11:34.9412595Z       "artifact_certify",
2026-09-12T06:11:34.9412830Z       "fidelity_preview",
2026-09-12T06:11:34.9413061Z       "map",
2026-09-12T06:11:34.9413269Z       "schema",
2026-09-12T06:11:34.9413472Z       "object",
2026-09-12T06:11:34.9413672Z       "repl"
2026-09-12T06:11:34.9413873Z     ]
2026-09-12T06:11:34.9414060Z   }
2026-09-12T06:11:34.9414251Z }
2026-09-12T06:11:34.9547514Z Node 20 is being deprecated. This workflow is running with Node 24 by default. If you need to temporarily use Node 20, you can set the ACTIONS_ALLOW_USE_UNSECURE_NODE_VERSION=true environment variable. For more information see: https://github.blog/changelog/2025-09-19-deprecation-of-node-20-on-github-actions-runners/
2026-09-12T06:11:34.9549848Z ##[group]Run actions/upload-artifact@v4
2026-09-12T06:11:34.9550153Z with:
2026-09-12T06:11:34.9550390Z   name: portable-runtime-e2e-node-24
2026-09-12T06:11:34.9551931Z   path: /home/runner/work/_temp/portable-runtime-e2e.json
/home/runner/work/_temp/forge-runtime-out-1/forge-runtime.manifest.json
/home/runner/work/_temp/forge-runtime-out-1/runtime-sbom-lite.json
/home/runner/work/_temp/forge-runtime-out-1/forge-runtime.tar.gz.sha256
/home/runner/work/_temp/forge-runtime-work-1/payload/packages/mcp-server/dist/registry/readiness-attestation.v1.json

2026-09-12T06:11:34.9553644Z   if-no-files-found: warn
2026-09-12T06:11:34.9553920Z   compression-level: 6
2026-09-12T06:11:34.9554159Z   overwrite: false
2026-09-12T06:11:34.9554390Z   include-hidden-files: false
2026-09-12T06:11:34.9554634Z env:
2026-09-12T06:11:34.9554824Z   NODE_VERSION: 24
2026-09-12T06:11:34.9555090Z   PNPM_HOME: /home/runner/setup-pnpm/node_modules/.bin
2026-09-12T06:11:34.9555409Z ##[endgroup]
2026-09-12T06:11:35.1413485Z (node:3610) [DEP0040] DeprecationWarning: The `punycode` module is deprecated. Please use a userland alternative instead.
2026-09-12T06:11:35.1415334Z (Use `node --trace-deprecation ...` to show where the warning was created)
2026-09-12T06:11:35.1588285Z Multiple search paths detected. Calculating the least common ancestor of all paths
2026-09-12T06:11:35.1688225Z The least common ancestor is /home/runner/work/_temp. This will be the root directory of the artifact
2026-09-12T06:11:35.1702085Z With the provided path, there will be 5 files uploaded
2026-09-12T06:11:35.1726068Z Artifact name is valid!
2026-09-12T06:11:35.1739414Z Root directory input is valid!
2026-09-12T06:11:35.5271005Z Beginning upload of artifact content to blob storage
2026-09-12T06:11:35.5801330Z (node:3610) [DEP0169] DeprecationWarning: `url.parse()` behavior is not standardized and prone to errors that have security implications. Use the WHATWG URL API instead. CVEs are not issued for `url.parse()` vulnerabilities.
2026-09-12T06:11:35.9926977Z Uploaded bytes 73918
2026-09-12T06:11:36.0709607Z Finished uploading artifact content to blob storage!
2026-09-12T06:11:36.0711619Z SHA256 digest of uploaded artifact zip is 650be0019c43e52c53f3d4fe09db9e468527b792308059aec966abd4338a14ae
2026-09-12T06:11:36.0713216Z Finalizing artifact upload
2026-09-12T06:11:36.3110194Z Artifact portable-runtime-e2e-node-24.zip successfully finalized. Artifact ID 10292713707
2026-09-12T06:11:36.3112277Z Artifact portable-runtime-e2e-node-24 has been successfully uploaded! Final size is 73918 bytes. Artifact ID is 10292713707
2026-09-12T06:11:36.3118990Z Artifact download URL: https://github.com/kneelinghorse/OODS-Forge/actions/runs/34677270788/artifacts/10292713707
2026-09-12T06:11:36.3254978Z ##[group]Run sha256sum --check "$RUNNER_TEMP/pnpm-lock.before.sha256"
2026-09-12T06:11:36.3255541Z [36;1msha256sum --check "$RUNNER_TEMP/pnpm-lock.before.sha256"[0m
2026-09-12T06:11:36.3294446Z shell: /usr/bin/bash -e {0}
2026-09-12T06:11:36.3294724Z env:
2026-09-12T06:11:36.3294938Z   NODE_VERSION: 24
2026-09-12T06:11:36.3295236Z   PNPM_HOME: /home/runner/setup-pnpm/node_modules/.bin
2026-09-12T06:11:36.3295576Z ##[endgroup]
2026-09-12T06:11:36.3381255Z pnpm-lock.yaml: OK
2026-09-12T06:11:36.3461715Z Node 20 is being deprecated. This workflow is running with Node 24 by default. If you need to temporarily use Node 20, you can set the ACTIONS_ALLOW_USE_UNSECURE_NODE_VERSION=true environment variable. For more information see: https://github.blog/changelog/2025-09-19-deprecation-of-node-20-on-github-actions-runners/
2026-09-12T06:11:36.3463005Z Post job cleanup.
2026-09-12T06:11:36.4804840Z (node:3624) [DEP0040] DeprecationWarning: The `punycode` module is deprecated. Please use a userland alternative instead.
2026-09-12T06:11:36.4806497Z (Use `node --trace-deprecation ...` to show where the warning was created)
2026-09-12T06:11:36.5012318Z Node 20 is being deprecated. This workflow is running with Node 24 by default. If you need to temporarily use Node 20, you can set the ACTIONS_ALLOW_USE_UNSECURE_NODE_VERSION=true environment variable. For more information see: https://github.blog/changelog/2025-09-19-deprecation-of-node-20-on-github-actions-runners/
2026-09-12T06:11:36.5014589Z Post job cleanup.
2026-09-12T06:11:36.6642889Z (node:3632) [DEP0040] DeprecationWarning: The `punycode` module is deprecated. Please use a userland alternative instead.
2026-09-12T06:11:36.6644699Z (Use `node --trace-deprecation ...` to show where the warning was created)
2026-09-12T06:11:36.6647162Z Cache hit occurred on the primary key node-cache-Linux-x64-pnpm-575290c1778133c82f44b50f7de059cbeee877a37bdee24ee6acaecd39951ea1, not saving cache.
2026-09-12T06:11:36.6775927Z Node 20 is being deprecated. This workflow is running with Node 24 by default. If you need to temporarily use Node 20, you can set the ACTIONS_ALLOW_USE_UNSECURE_NODE_VERSION=true environment variable. For more information see: https://github.blog/changelog/2025-09-19-deprecation-of-node-20-on-github-actions-runners/
2026-09-12T06:11:36.6777201Z Post job cleanup.
2026-09-12T06:11:36.8371222Z Pruning is unnecessary.
2026-09-12T06:11:36.8693634Z Node 20 is being deprecated. This workflow is running with Node 24 by default. If you need to temporarily use Node 20, you can set the ACTIONS_ALLOW_USE_UNSECURE_NODE_VERSION=true environment variable. For more information see: https://github.blog/changelog/2025-09-19-deprecation-of-node-20-on-github-actions-runners/
2026-09-12T06:11:36.8695850Z Post job cleanup.
2026-09-12T06:11:36.9859053Z [command]/usr/bin/git version
2026-09-12T06:11:36.9911911Z git version 2.55.0
2026-09-12T06:11:36.9991631Z Temporarily overriding HOME='/home/runner/work/_temp/1a3d65c0-c0ef-4dd2-b1d9-78c51e9e0dcf' before making global git config changes
2026-09-12T06:11:37.0009867Z Adding repository directory to the temporary git global config as a safe directory
2026-09-12T06:11:37.0021146Z [command]/usr/bin/git config --global --add safe.directory /home/runner/work/OODS-Forge/OODS-Forge
2026-09-12T06:11:37.0066661Z [command]/usr/bin/git config --local --name-only --get-regexp core\.sshCommand
2026-09-12T06:11:37.0134566Z [command]/usr/bin/git submodule foreach --recursive sh -c "git config --local --name-only --get-regexp 'core\.sshCommand' && git config --local --unset-all 'core.sshCommand' || :"
2026-09-12T06:11:37.0610253Z [command]/usr/bin/git config --local --name-only --get-regexp http\.https\:\/\/github\.com\/\.extraheader
2026-09-12T06:11:37.0653349Z http.https://github.com/.extraheader
2026-09-12T06:11:37.0686939Z [command]/usr/bin/git config --local --unset-all http.https://github.com/.extraheader
2026-09-12T06:11:37.0712650Z [command]/usr/bin/git submodule foreach --recursive sh -c "git config --local --name-only --get-regexp 'http\.https\:\/\/github\.com\/\.extraheader' && git config --local --unset-all 'http.https://github.com/.extraheader' || :"
2026-09-12T06:11:37.1159952Z [command]/usr/bin/git config --local --name-only --get-regexp ^includeIf\.gitdir:
2026-09-12T06:11:37.1230218Z [command]/usr/bin/git submodule foreach --recursive git config --local --show-origin --name-only --get-regexp remote.origin.url
2026-09-12T06:11:37.1763165Z Cleaning up orphan processes
2026-09-12T06:11:37.2146525Z ##[warning]Node.js 20 is deprecated. The following actions target Node.js 20 but are being forced to run on Node.js 24: actions/checkout@v4, actions/setup-node@v4, actions/upload-artifact@v4, pnpm/action-setup@v4. For more information see: https://github.blog/changelog/2025-09-19-deprecation-of-node-20-on-github-actions-runners/
