$ pnpm --filter @oods/mcp-server exec vitest run --reporter=default --reporter=json --outputFile=/var/folders/gd/rty3217130vdbr9_q713nvg80000gn/T/oods-s185-m01-baseline-KGm5DK/run-1-mcp-server.json
exitCode=1
startedAt=2026-09-09T04:13:11.385Z
endedAt=2026-09-09T04:22:35.613Z
durationMs=564223.944
[stdout]

 RUN  v3.2.4 /Users/systemsystems/.codex/worktrees/s189/OODS-Forge/packages/mcp-server

 ✓ src/tools/viz.render.test.ts (113 tests) 50ms
 ✓ test/tools/artifact.certify.spec.ts (72 tests) 529ms
 ✓ src/tools/dashboard.render.test.ts (58 tests) 310ms
 ✓ test/product-reality/closeout-ledger.s185.spec.ts (60 tests) 763ms
 ✓ test/contracts/dtcg-intake.s180.spec.ts (21 tests) 77ms
 ✓ test/contracts/mapping.spec.ts (65 tests) 218ms
 ✓ src/render/component-map.test.ts (108 tests) 37ms
 ✓ test/contracts/repl.tools.spec.ts (39 tests) 31ms
 ✓ src/tools/__tests__/pipeline.test.ts (57 tests) 28ms
 ✓ test/codegen/cross-framework-parity.spec.ts (50 tests) 2940ms
   ✓ Sprint 182 bounded framework normalization > lowers Tabs child panel subtrees onto each target panel surface  543ms
   ✓ Sprint 182 bounded framework normalization > preserves normalized Card body and active state when deriving Tabs items  374ms
   ✓ Sprint 182 bounded framework normalization > binds Badge and Button fields through their supported content prop  383ms
   ✓ Sprint 182 bounded framework normalization > escapes React scalar props, ids, styles, and comments as source data  326ms
   ✓ Sprint 182 bounded framework normalization > preserves Text and Input field bindings inside section wrappers  411ms
   ✓ Sprint 182 bounded framework normalization > binds DatePicker, Textarea, and Checkbox through target-supported values  368ms
 ✓ test/product-reality/validation-profiles.s183.spec.ts (73 tests) 159ms
 ✓ test/product-reality/closeout.s184.spec.ts (10 tests) 10352ms
   ✓ Sprint 184 M07 closeout accounting > accounts for added and removed suite files and independently audits every claim  1172ms
   ✓ Sprint 184 M07 closeout accounting > rejects CMOS text drift and any frozen evidence path that is missing  1039ms
   ✓ Sprint 184 M07 closeout accounting > rejects a handoff whose frozen CMOS source does not leave the sprint Active  321ms
   ✓ Sprint 184 M07 closeout accounting > rejects an execution rolled up under two rows  643ms
   ✓ Sprint 184 M07 closeout accounting > rejects malformed frozen reconnect evidence despite a passed criterion 7 manifest status  1305ms
   ✓ Sprint 184 M07 closeout accounting > rejects criterion 7 when its execution does not bind the frozen reconnect inputs  632ms
   ✓ Sprint 184 M07 closeout accounting > counts only proven claim rows in the headline  959ms
   ✓ Sprint 184 M07 closeout accounting > accepts collection-only populations only when they reconcile to executed historical totals  1573ms
   ✓ Sprint 184 M07 closeout accounting > attributes historical added and removed rows to Sprint 183 missions  1050ms
   ✓ Sprint 184 M07 closeout accounting > uses frozen commit bytes rather than mutable working-tree bytes  1656ms
 ✓ src/tools/dashboard.render.measure-depth.test.ts (33 tests) 21ms
 ✓ test/product-reality/breadth-live-generation.s186.spec.ts (117 tests) 199ms
 ✓ src/codegen/artifact-envelope.test.ts (26 tests) 88ms
 ✓ test/product-reality/suite-accounting.s185.spec.ts (20 tests) 1041ms
   ✓ Sprint 185 four-suite accounting counts executions and explains population movement > derives valid accounting across primary baselines, an immutable failed initial attempt and one distinct final four-suite capture  465ms
   ✓ Sprint 185 four-suite accounting counts executions and explains population movement > cannot reuse an old baseline execution as the newly measured closeout run  473ms
 ✓ test/product-reality/closeout.s183.spec.ts (7 tests) 847ms
 ✓ test/contracts/stage1-integration.spec.ts (32 tests) 120ms
 ✓ test/contracts/catalog.list.spec.ts (30 tests) 922ms
 ✓ test/tools/certify-contrast.spec.ts (26 tests) 356ms
 ✓ test/product-reality/reconnect.s184.spec.ts (13 tests) 2065ms
   ✓ Sprint 184 M07 reconnect derivation and receipt validation > re-derives all ten Sprint 183 advertised movers and exposes the catalog schema omitted from the prior notice  464ms
   ✓ Sprint 184 M07 reconnect derivation and receipt validation > retains a machine-checked disposition for two sends and the explicitly retired archived consumer  934ms
   ✓ Sprint 184 M07 reconnect derivation and receipt validation > rejects a rewritten retirement, derivation, summary, or implementation-head plan binding  448ms
 ✓ test/render/fragment-edge-cases.spec.ts (48 tests) 15ms
 ✓ test/a11y/a11y.contract.spec.ts (20 tests) 31ms
 ✓ test/render/xss-security.spec.ts (51 tests) 14ms
 ✓ test/compose/field-patterns.spec.ts (31 tests) 10ms
stdout | test/product-reality/typed-action-protocol.s183.spec.ts > Sprint 183 M02 typed action protocol > coerces numeric object fields before initializing string-semantic local state
[s183 vue-tsc action contract] {"typescript":true,"supplyActions":false,"omittedAction":null,"durationMs":2326.2,"status":0,"signal":null,"error":null}

stdout | test/product-reality/typed-action-protocol.s183.spec.ts > Sprint 183 M02 typed action protocol > Vue typescript=$typescript requires every injected action
[s183 vue-tsc action contract] {"typescript":false,"supplyActions":false,"omittedAction":null,"durationMs":2348.7,"status":2,"signal":null,"error":null}

stdout | test/product-reality/typed-action-protocol.s183.spec.ts > Sprint 183 M02 typed action protocol > Vue typescript=$typescript requires every injected action
[s183 vue-tsc action contract] {"typescript":false,"supplyActions":true,"omittedAction":null,"durationMs":2465.7,"status":0,"signal":null,"error":null}

stdout | test/product-reality/typed-action-protocol.s183.spec.ts > Sprint 183 M02 typed action protocol > Vue typescript=$typescript requires every injected action
[s183 vue-tsc action contract] {"typescript":true,"supplyActions":false,"omittedAction":null,"durationMs":2306.1,"status":2,"signal":null,"error":null}

stdout | test/product-reality/typed-action-protocol.s183.spec.ts > Sprint 183 M02 typed action protocol > Vue typescript=$typescript requires every injected action
[s183 vue-tsc action contract] {"typescript":true,"supplyActions":true,"omittedAction":null,"durationMs":2247.4,"status":0,"signal":null,"error":null}

stdout | test/product-reality/typed-action-protocol.s183.spec.ts > Sprint 183 M02 typed action protocol > Vue TypeScript rejects each individually omitted domain action: handleActivate
[s183 vue-tsc action contract] {"typescript":true,"supplyActions":true,"omittedAction":"handleActivate","durationMs":2277.2,"status":2,"signal":null,"error":null}

stdout | test/product-reality/typed-action-protocol.s183.spec.ts > Sprint 183 M02 typed action protocol > Vue TypeScript rejects each individually omitted domain action: handleRowActivate
[s183 vue-tsc action contract] {"typescript":true,"supplyActions":true,"omittedAction":"handleRowActivate","durationMs":2299.6,"status":2,"signal":null,"error":null}

stdout | test/product-reality/typed-action-protocol.s183.spec.ts > Sprint 183 M02 typed action protocol > Vue TypeScript rejects each individually omitted domain action: handleSecondaryActivate
[s183 vue-tsc action contract] {"typescript":true,"supplyActions":true,"omittedAction":"handleSecondaryActivate","durationMs":2285.6,"status":2,"signal":null,"error":null}

 ✓ test/product-reality/typed-action-protocol.s183.spec.ts (33 tests) 23749ms
   ✓ Sprint 183 M02 typed action protocol > coerces numeric object fields before initializing string-semantic local state  2857ms
   ✓ Sprint 183 M02 typed action protocol > React typescript=$typescript requires every injected action  718ms
   ✓ Sprint 183 M02 typed action protocol > React typescript=$typescript requires every injected action  684ms
   ✓ Sprint 183 M02 typed action protocol > React TypeScript rejects each individually omitted domain action  1412ms
   ✓ Sprint 183 M02 typed action protocol > Vue typescript=$typescript requires every injected action  4821ms
   ✓ Sprint 183 M02 typed action protocol > Vue typescript=$typescript requires every injected action  4560ms
   ✓ Sprint 183 M02 typed action protocol > Vue TypeScript rejects each individually omitted domain action: handleActivate  2280ms
   ✓ Sprint 183 M02 typed action protocol > Vue TypeScript rejects each individually omitted domain action: handleRowActivate  2305ms
   ✓ Sprint 183 M02 typed action protocol > Vue TypeScript rejects each individually omitted domain action: handleSecondaryActivate  2290ms
   ✓ Sprint 183 M02 typed action protocol > Vue JavaScript rejects each omitted action at runtime  1774ms
 ✓ test/compose/object-slot-filler.spec.ts (27 tests) 148ms
 ✓ test/compose/design-compose.spec.ts (48 tests) 270ms
 ✓ src/tools/__tests__/code.generate.test.ts (15 tests) 51ms
 ✓ test/contracts/map-apply.spec.ts (18 tests) 50ms
 ✓ test/product-reality/independent-review-approval.s183.spec.ts (36 tests) 2989ms
 ✓ test/compose/templates.spec.ts (68 tests) 22ms
 ✓ test/tools/artifact.certify.echarts-a11y-warnfirst.spec.ts (88 tests) 1359ms
   ✓ artifact.certify — a11y-equivalence WARN-FIRST on the ECharts-primary path (s174 m01) > treemap: WITH the operand, findings[] carries exactly the matrix-derived a11y set at native severity  391ms
   ✓ artifact.certify — the NOT-APPLICABLE channel, a11yNotApplicable[] (s175 m03) > when the engine THROWS the key is ABSENT (the partial list is discarded) and the note says so  357ms
 ✓ test/e2e/action-mappings.e2e.spec.ts (12 tests | 9 skipped) 73ms
 ✓ test/compose/viz-compose.spec.ts (53 tests) 39ms
 ✓ test/compose/component-selector.spec.ts (56 tests) 80ms
 ✓ test/codegen/prop-binding.spec.ts (33 tests) 7ms
 ✓ test/e2e/a2ui-runtime-q3.e2e.spec.ts (98 tests) 48ms
 ❯ test/compose/object-aware-compose.spec.ts (26 tests | 1 failed) 152ms
   ✓ object-aware compose — trait-driven components > Subscription detail produces objectUsed with traits and fields 55ms
   ✓ object-aware compose — trait-driven components > Subscription detail has view extensions for detail context 7ms
   ✓ object-aware compose — trait-driven components > Subscription detail schema contains real components 5ms
   ✓ object-aware compose — priority resolution > view extensions sorted by priority desc for detail context 0ms
   ✓ object-aware compose — priority resolution > each plan entry has sourceTrait attribution 0ms
   ✓ object-aware compose — token overrides > Subscription object has token data in composition 0ms
   ✓ object-aware compose — tab labels > Subscription detail labels are category-derived, not Tab 1/2/3 0ms
   ✓ object-aware compose — tab labels > label count matches number of trait category groups 0ms
   × object-aware compose — pipeline tab label wiring (s86-m01) > Subscription detail pipeline produces semantic tab labels, not Tab 1/2/3 9ms
     → expected 'Details' to be 'Status & History' // Object.is equality
   ✓ object-aware compose — pipeline tab label wiring (s86-m01) > user-provided tabLabels override generated labels 5ms
   ✓ object-aware compose — pipeline tab label wiring (s86-m01) > intent-only compose (no object) falls back to generic labels without error 5ms
   ✓ object-aware compose — hybrid mode > billing overview intent + Subscription object: objectUsed populated 5ms
   ✓ object-aware compose — hybrid mode > dashboard intent + object: layout from intent, data from object 5ms
   ✓ object-aware compose — hybrid mode > dashboard intent + object projects richer dashboard components from fallback object contexts 4ms
   ✓ object-aware compose — hybrid mode > object-only: synthetic intent generates valid schema 5ms
   ✓ object-aware compose — intent auto-detection > Subscription detail view auto-detects object 5ms
   ✓ object-aware compose — intent auto-detection > auto-detects context from intent keywords 5ms
   ✓ object-aware compose — intent auto-detection > auto-detected list context infers list layout 4ms
   ✓ object-aware compose — error handling > misspelled object returns error with Did you mean suggestion 0ms
   ✓ object-aware compose — error handling > completely unknown object returns error 0ms
   ✓ object-aware compose — backward compatibility > intent-only path still works (no object param) 4ms
   ✓ object-aware compose — backward compatibility > form intent still works 4ms
   ✓ object-aware compose — backward compatibility > list intent still works 5ms
   ✓ object-aware compose — backward compatibility > detail intent still works 5ms
   ✓ object-aware compose — backward compatibility > all output fields present on intent-only path 3ms
   ✓ object-aware compose — backward compatibility > validation works on both paths 8ms
 ❯ test/compose/design-compose-object.spec.ts (27 tests | 1 failed) 173ms
   ✓ design.compose — object-aware path > accepts object param and returns objectUsed 56ms
   ✓ design.compose — object-aware path > objectUsed contains version, traits, fieldsComposed, viewExtensionsApplied 7ms
   ✓ design.compose — object-aware path > Subscription traits include lifecycle/Stateful 5ms
   ✓ design.compose — object-aware path > fieldsComposed reflects merged schema fields from traits + object 5ms
   ✓ design.compose — object-aware path > works with User object 6ms
   ✓ design.compose — context layout inference > context=detail infers detail layout 5ms
   ✓ design.compose — context layout inference > context=list infers list layout 4ms
   ✓ design.compose — context layout inference > Product list stays registry-valid when composed from first-party traits 5ms
   ✓ design.compose — context layout inference > context=form infers form layout 7ms
   ✓ design.compose — context layout inference > context=timeline maps to timeline layout 4ms
   ✓ design.compose — context layout inference > context=card maps to card layout 3ms
   ✓ design.compose — context layout inference > context=inline maps to list layout 4ms
   ✓ design.compose — context layout inference > explicit layout overrides context inference 6ms
   ✓ design.compose — context layout inference > context without object falls through to intent detection 5ms
   ✓ design.compose — object error handling > unknown object returns error status with OBJECT_LOAD_FAILED 1ms
   ✓ design.compose — object error handling > unknown object error includes hint 0ms
   ✓ design.compose — backward compatibility > intent-only path still works (no object param) 4ms
   ✓ design.compose — backward compatibility > all required output fields present on intent-only path 3ms
   ✓ design.compose — backward compatibility > validation still works on object-aware path 5ms
   ✓ design.compose — backward compatibility > validation can be skipped on object-aware path 4ms
   ✓ design.compose — objectSchema bridge > object-aware compose populates objectSchema on the UiSchema 5ms
   ✓ design.compose — objectSchema bridge > each objectSchema entry has type and required 5ms
   ✓ design.compose — objectSchema bridge > intent-only path has no objectSchema (backward compatible) 3ms
   ✓ design.compose — context bindings > detail context adds onEdit and onDelete bindings 5ms
   ✓ design.compose — context bindings > list context adds onRowClick, onSort, onFilter 4ms
   × design.compose — context bindings > form context adds onSubmit and onChange 8ms
     → expected undefined to be 'handleChange' // Object.is equality
   ✓ design.compose — context bindings > intent-only path has no bindings (backward compatible) 3ms
 ✓ test/codegen/form-detail.s189.spec.ts (8 tests) 4781ms
   ✓ form and detail reconcile their declared semantics > react workflow compiles its on-demand cancellation and native form  1629ms
   ✓ form and detail reconcile their declared semantics > vue workflow compiles its on-demand cancellation and native form  3032ms
 ❯ test/product-reality/fresh-composition.s187.spec.ts (29 tests | 5 failed) 2055ms
   ✓ Sprint 187 fresh composition binding intent > Article/detail preserves its fields and generates in both frameworks 63ms
   ✓ Sprint 187 fresh composition binding intent > Media/detail preserves its fields and generates in both frameworks 9ms
   ✓ Sprint 187 fresh composition binding intent > Product/detail preserves its fields and generates in both frameworks 13ms
   ✓ Sprint 187 fresh composition binding intent > User/detail preserves its fields and generates in both frameworks 8ms
   ✓ Sprint 187 fresh composition binding intent > Plan/inline preserves its fields and generates in both frameworks 7ms
   ✓ Sprint 187 fresh composition binding intent > Subscription/inline preserves its fields and generates in both frameworks 8ms
   ✓ Sprint 187 fresh composition binding intent > Usage/list preserves its fields and generates in both frameworks 7ms
   ✓ Sprint 187 fresh composition binding intent > Usage/inline preserves its fields and generates in both frameworks 6ms
   ✓ Sprint 187 fresh composition binding intent > Transaction/timeline preserves its fields and generates in both frameworks 6ms
   × Sprint 187 fresh composition binding intent > Product/list keeps naming data and honest controls after the ports 8ms
     → expected undefined to be 'maxActiveFilters' // Object.is equality
   × Sprint 187 fresh composition binding intent > Product/form keeps naming data and honest controls after the ports 18ms
     → expected 'import React from \'react\';\nimport …' to contain 'React.ChangeEvent<HTMLSelectElement> …'
   ✓ Sprint 187 fresh composition binding intent > Product/inline keeps naming data and honest controls after the ports 6ms
   ✓ Sprint 187 fresh composition binding intent > Organization/list preserves its ownership and tag data through both generators 7ms
   ✓ Sprint 187 fresh composition binding intent > Organization/detail preserves its ownership and tag data through both generators 7ms
   ✓ Sprint 187 fresh composition binding intent > Organization/card preserves its ownership and tag data through both generators 7ms
   ✓ Sprint 187 fresh composition binding intent > Subscription/detail preserves lifecycle data and disclosed directives 7ms
   × Sprint 187 fresh composition binding intent > Subscription/form preserves lifecycle data and disclosed directives 6ms
     → expected 'Consumer cancellation reason code' to be 'budget' // Object.is equality
   ✓ Sprint 187 fresh composition binding intent > Subscription/card preserves lifecycle data and disclosed directives 4ms
   ✓ Sprint 187 fresh composition binding intent > ArchivePill preserves an authored label while suppressing synthetic state labels 0ms
   ✓ Sprint 187 fresh composition binding intent > CancellationBadge preserves an authored label while suppressing synthetic state labels 0ms
   ✓ Sprint 187 fresh composition binding intent > maps nullable trait datetime? without changing the required flag or source entry 0ms
   ✓ Sprint 187 fresh composition binding intent > maps nullable trait boolean? without changing the required flag or source entry 0ms
   ✓ Sprint 187 fresh composition binding intent > maps nullable trait integer[]? without changing the required flag or source entry 0ms
   ✓ Sprint 187 fresh composition binding intent > does not treat search-active booleans as editable search query text 0ms
   ✓ Sprint 187 fresh composition binding intent > keeps authored choices and enum semantics, converting only continuous empty Selects 0ms
   × Sprint 187 fresh composition binding intent > renders real typed zero/nonzero and false/true in generated react 864ms
     → AssertionError [ERR_ASSERTION]: a typed value must actually be exercised
    at /Users/systemsystems/.codex/worktrees/s189/OODS-Forge/packages/components-react/.cache/s187-values-wfZpCk/render.cjs:17:12
    at Object.<anonymous> (/Users/systemsystems/.codex/worktrees/s189/OODS-Forge/packages/components-react/.cache/s187-values-wfZpCk/render.cjs:27:3)
    at Module._compile (node:internal/modules/cjs/loader:1738:14)
    at Object..js (node:internal/modules/cjs/loader:1871:10)
    at Module.load (node:internal/modules/cjs/loader:1470:32)
    at Module._load (node:internal/modules/cjs/loader:1290:12)
    at TracingChannel.traceSync (node:diagnostics_channel:322:14)
    at wrapModuleLoad (node:internal/modules/cjs/loader:238:24)
    at Module.executeUserEntryPoint [as runMain] (node:internal/modules/run_main:154:5)
    at node:internal/main/run_main_module:33:47 {
  generatedMessage: false,
  code: 'ERR_ASSERTION',
  actual: 0,
  expected: true,
  operator: '==',
  diff: 'simple'
}
: expected 1 to be +0 // Object.is equality
   × Sprint 187 fresh composition binding intent > renders real typed zero/nonzero and false/true in generated vue 900ms
     → AssertionError [ERR_ASSERTION]: a typed value must actually be exercised
    at /Users/systemsystems/.codex/worktrees/s189/OODS-Forge/packages/components-vue/.cache/s187-values-eE6oM4/render.cjs:17:12 {
  generatedMessage: false,
  code: 'ERR_ASSERTION',
  actual: 0,
  expected: true,
  operator: '==',
  diff: 'simple'
}
: expected 1 to be +0 // Object.is equality
   ✓ Sprint 187 fresh composition binding intent > retains authentic fresh schemas and artifact provenance without touching a saved store 90ms
   ✓ Sprint 187 fresh composition binding intent > rejects duplicate, non-public, overridden, and mixed fresh/saved operands 1ms
 ✓ test/codegen/vue-emitter.spec.ts (29 tests) 16ms
 ✓ test/codegen/react-emitter.spec.ts (34 tests) 19ms
 ✓ test/tools/artifact.certify.echarts-determinism.spec.ts (45 tests) 795ms
   ✓ artifact.certify — live cross-tool contentHash parity, same (spec, data) (s172 m02) > treemap: certify.determinism.contentHash === viz.render.contentHash  328ms
 ✓ test/product-reality/b2-legacy-inputs.s184.spec.ts (7 tests) 300ms

[s184-m05] state parity differences=0; allowlist=0
[s184-m05:parity] {"states":["loading","empty","error","success"],"react":{"loading":{"markersInDocumentOrder":["loading"],"visibleText":"Loading subscriptions."},"empty":{"markersInDocumentOrder":["empty"],"visibleText":"No subscriptions found."},"error":{"markersInDocumentOrder":["error"],"visibleText":"Subscriptions could not be loaded."},"success":{"markersInDocumentOrder":["success"],"visibleText":"Subscriptions loaded."}},"vue":{"loading":{"markersInDocumentOrder":["loading"],"visibleText":"Loading subscriptions."},"empty":{"markersInDocumentOrder":["empty"],"visibleText":"No subscriptions found."},"error":{"markersInDocumentOrder":["error"],"visibleText":"Subscriptions could not be loaded."},"success":{"markersInDocumentOrder":["success"],"visibleText":"Subscriptions loaded."}},"computedDifferences":[],"allowlist":[]}
[s184-m05:mutation] target=react removed=loading red=react/loading green=7
[s184-m05:mutation] target=react removed=empty red=react/empty green=7
[s184-m05:mutation] target=react removed=error red=react/error green=7
[s184-m05:mutation] target=react removed=success red=react/success green=7
[s184-m05:mutation] target=vue removed=loading red=vue/loading green=7
[s184-m05:mutation] target=vue removed=empty red=vue/empty green=7
[s184-m05:mutation] target=vue removed=error red=vue/error green=7
[s184-m05:mutation] target=vue removed=success red=vue/success green=7
[s184-m05:restore] target=react source=sha256:8b17d59119e49b4bb2c2a03be0b08c3d8771cef91df1addb6d45483983ff2879 green=4
[s184-m05:restore] target=vue source=sha256:d341604855e0542712bf34d9722596ab9d403b25793cbc55fa4cb31d5a457198 green=4
 ✓ test/product-reality/state-axis.s184.spec.ts (22 tests) 4311ms
   ✓ Sprint 184 m05 workflow state axis > restores the exact emitted bytes and all eight runtime cells after the mutation matrix  537ms
 ✓ src/stage1/capability-normalizer.test.ts (14 tests) 4ms
 ✓ test/product-reality/contract-resolution.s184.spec.ts (9 tests) 410ms
   ✓ Sprint 184 m03 contract-resolution closeout > preserves the historical readiness manifests while every current nucleus ref resolves  364ms
 ✓ test/sprint68-behavioral-traits.spec.ts (62 tests) 400ms
 ↓ test/e2e/stage1-rollups.e2e.spec.ts (7 tests | 7 skipped)
 ✓ test/product-reality/readiness-ref-enforcement.s184.spec.ts (21 tests) 238ms
 ✓ src/codegen/apply-summary-emitter.test.ts (22 tests) 5ms
 ✓ test/product-reality/workflow.s188.spec.ts (11 tests) 4730ms
   ✓ Generated applications close their own contracts > react application typechecks strict against the built component packages  1473ms
   ✓ Generated applications close their own contracts > vue application typechecks strict against the built component packages  2908ms
 ✓ src/codegen/review-emitter.test.ts (43 tests) 5ms
 ✓ src/tools/dashboard.render.fidelity.test.ts (17 tests) 316ms
 ✓ src/codegen/tailwind-codegen.test.ts (31 tests) 26ms
 ✓ test/product-reality/emitter-directives.s184.spec.ts (26 tests) 3782ms
   ✓ Sprint 184 m03 target contract and emitter movement > emits explicit React coercion and joining expressions that strict-check against the built package  1370ms
   ✓ Sprint 184 m03 target contract and emitter movement > emits readonly-safe Vue coercion and joining expressions that strict-check against the built package  2384ms
 ✓ test/compose/intent-object-resolver.spec.ts (38 tests) 128ms
 ✓ test/contracts/registry-v14-roundtrip.spec.ts (13 tests) 49ms
 ✓ test/product-reality/patch-disposition.s184.spec.ts (5 tests) 5872ms
   ✓ Sprint 184 M07 tracked mutation patch disposition > classifies the exact 38-patch frozen population and binds every row to immutable bytes and a source-derived baseline  1541ms
   ✓ Sprint 184 M07 tracked mutation patch disposition > executes the s183-m06-sc02 replacement over every tracked patch, with only the five invalid archives taking an explicit machine-readable non-apply path  2667ms
   ✓ Sprint 184 M07 tracked mutation patch disposition > preserves all five Class 1 archives, proves the M03 canonical twins at two real commits, and uses the Sprint 183 M01b repair  841ms
   ✓ Sprint 184 M07 tracked mutation patch disposition > replays the three Class 2 patches at the receipt baseline and confirms their context drift at the frozen audit head  384ms
   ✓ Sprint 184 M07 tracked mutation patch disposition > keeps all four Class 3 patches scoped to their generated consumer roots  438ms
 ✓ src/codegen/target-contracts.s183.test.ts (62 tests) 31ms
 ✓ src/codegen/review-queue-emitter.test.ts (32 tests) 12ms
 ✓ src/codegen/a2ui-runtime-emitter.test.ts (26 tests) 6ms
 ✓ src/tools/dashboard.render.faostat-e2e.test.ts (11 tests) 261ms
 ✓ test/product-reality/parity.s185.spec.ts (57 tests) 125ms
 ✓ test/contracts/portable-boundary.s181.spec.ts (7 tests) 1305ms
   ✓ s181 portable-runtime publish boundary > B-12 starts from dist plus package metadata only and answers degraded health without planning data  655ms
   ✓ s181 portable-runtime publish boundary > B-12 proves the relocated schema is load-bearing by deleting it from the staged dist  482ms
 ✓ src/codegen/binding-utils.s183.test.ts (11 tests) 4ms
 ✓ test/tools/artifact.certify.spec-only-bytes.spec.ts (32 tests) 234ms
 ✓ src/tools/review.group.test.ts (20 tests) 8ms
 ✓ test/product-reality/consumer-contract.s185.spec.ts (19 tests) 53ms
 ✓ test/contracts/schema.contract.spec.ts (24 tests) 5ms
 ✓ test/e2e/review-q3.e2e.spec.ts (62 tests) 30ms
 ✓ src/codegen/tailwind-mapper.test.ts (45 tests) 12ms
 ✓ test/tools/artifact.certify.data-operand.spec.ts (33 tests) 419ms
   ✓ artifact.certify — the operand is validated by the RENDER path validators (s172 m01) > MarkTreemap: a VALID operand is accepted (status ok, schema-valid)  357ms
 ✓ src/a11y/token-color-resolver.test.ts (26 tests) 6ms
 ✓ src/tools/viz.render.intent.test.ts (16 tests) 20ms
 ✓ src/tools/repl.group.test.ts (42 tests) 16ms
 ✓ src/tools/review.resolve.test.ts (20 tests) 8ms
 ✓ test/product-reality/ported-workflow.s184.spec.ts (5 tests) 7315ms
   ✓ Sprint 184 m04 ported Subscription workflow > strict-checks every generated React and Vue artifact against the built packages  7234ms
 ✓ src/codegen/readonly-field-binding.s185.test.ts (51 tests) 31ms
 ✓ test/e2e/apply-summary-q3.e2e.spec.ts (94 tests) 42ms
 ✓ test/contracts/brand.intake.s181.spec.ts (6 tests) 770ms
   ✓ brand.intake s181 advertised dry-run contract > spawns dist/index.js, returns the full inline receipt, and leaves the review-kit tree byte-identical  400ms
   ✓ brand.intake s181 advertised dry-run contract > B-09 rejects apply:true and consumer-local paths at index-level AJV before the handler  321ms
 ✓ test/render/renderer-edge-cases.spec.ts (25 tests) 10ms
 ✓ test/tools/viz-a11y-equivalence-emission.spec.ts (14 tests) 16ms
 ✓ src/tools/structuredData.fetch.rollup.test.ts (19 tests) 23ms
 ✓ test/tools/artifact.certify.echarts-accuracy.spec.ts (28 tests) 673ms
   ✓ artifact.certify — the ECharts accuracy pillar is wired (s172 m03) > treemap: a clean operand yields no findings, and accuracy:pass EXACTLY when a rule actually ran  326ms
 ✓ src/object-catalog/content-pack.test.ts (27 tests) 7ms
 ✓ src/tools/map.group.test.ts (45 tests) 39ms
 ✓ test/compose/intent-synonyms.spec.ts (35 tests) 73ms
 ✓ test/e2e/boxes-arrows-q3.e2e.spec.ts (44 tests) 29ms
 ✓ src/tools/entity-resolver.test.ts (24 tests) 3ms
 ✓ src/codegen/conflict-detail-emitter.test.ts (28 tests) 4ms
 ✓ src/codegen/review-policy.test.ts (25 tests) 3ms
 ✓ test/e2e/branded-mockup-q3.e2e.spec.ts (66 tests) 26ms
 ✓ test/product-reality/saved-schema-compiler.s183.spec.ts (4 tests) 80ms
 ✓ test/tools/artifact.certify.geo-id-parity.spec.ts (26 tests) 321ms
 ✓ test/product-reality/breadth-export-cells.s186.spec.ts (46 tests) 80ms
 ✓ test/product-reality/m06-evidence-controls.s184.spec.ts (7 tests) 403ms
 ✓ test/tools/dashboard-identity-lifts.s180.spec.ts (4 tests) 442ms
   ✓ dashboard.render Shape-B identity lifts (s180 m02) > R-C: lifted cartesian and ECharts IR certify with the required operand shape and preserve contentHash parity  404ms
 ✓ test/product-reality/saved-schema-consumers.s183.spec.ts (4 tests) 45966ms
 ✓ test/product-reality/review-carries.s185.spec.ts (14 tests) 330ms
 ✓ src/codegen/wireframe-emitter.test.ts (26 tests) 3ms
 ✓ test/contracts/contract-alignment.spec.ts (20 tests) 119ms
 ✓ src/render/document.test.ts (16 tests) 4ms
 ✓ src/tools/fidelity.preview.test.ts (60 tests) 14ms
 ✓ test/product-reality/breadth-contracts.s185.spec.ts (45 tests) 21ms
 ✓ test/contracts/stage1-v14-stubs.spec.ts (4 tests) 24ms
 ✓ test/contracts/error-observability.contract.spec.ts (19 tests) 95ms
 ✓ test/codegen/responsive-tailwind.spec.ts (20 tests) 22ms
 ✓ src/tools/schema.group.test.ts (26 tests) 8ms
 ✓ src/codegen/branded-mockup-emitter.test.ts (26 tests) 6ms
 ✓ test/compose/selection-tree-bridge.spec.ts (9 tests) 80ms
 ✓ test/codegen/styling-mode-coverage.spec.ts (54 tests) 4ms
 ✓ test/e2e/wireframe-q3.e2e.spec.ts (40 tests) 21ms
 ✓ test/compose/view-extension-collector.spec.ts (16 tests) 31ms
 ✓ test/codegen/vue-reactivity.spec.ts (12 tests) 14ms
 ✓ test/tools/artifact.certify.echarts-render-grading.s179.spec.ts (13 tests) 476ms
   ✓ artifact.certify — operand-backed ECharts render grading (s179 m05) > 'treemap': keeps option identity and adds a stable first-render hash  372ms
 ✓ src/telemetry/otel.test.ts (16 tests) 72ms
 ✓ src/codegen/emitter-state-branches.s184.test.ts (23 tests) 17ms
 ✓ test/tools/artifact.certify.echarts-s179-baseline.spec.ts (10 tests) 338ms
 ✓ test/contracts/versioning.spec.ts (22 tests) 68ms
 ❯ test/product-reality/billing-composition.s188.spec.ts (3 tests | 1 failed) 89ms
   ✓ Decision 1822 bounded recipe composition > resolves object overrides before trait defaults, preserves references and authored runtime props, and does not mutate inputs 26ms
   ✓ Decision 1822 bounded recipe composition > never selects the recipes for generic detail slots or an amount-bearing object without Billable 47ms
   × Decision 1822 bounded recipe composition > allows only enumerated trait placements and resolved parameters across the 66 schemas and 132 artifacts 15ms
     → Article/detail has an unauthorized difference: expected { version: '2026.02', …(2) } to deeply equal { version: '2026.02', …(2) }
 ✓ test/tools/echarts-role-a-assignment.s179.spec.ts (14 tests) 26ms
 ❯ test/product-reality/billing-placement.s188.spec.ts (8 tests | 2 failed) 137ms
   ✓ Sprint 188 remaining trait placement obligations > never chooses any of the five recipes for generic slots on Product 76ms
   × Sprint 188 remaining trait placement obligations > preserves the entire generic pattern-grouped slot exactly as at the M04 head 11ms
     → expected { id: 'slot-tab-0-4', …(5) } to deeply equal { id: 'slot-tab-0-4', …(5) }
   ✓ Sprint 188 remaining trait placement obligations > leaves an unroutable generic main extension unplaced, with the existing warning and no timeline fallback 4ms
   × Sprint 188 remaining trait placement obligations > allows only the enumerated trait placements across all 66 schemas, 132 artifacts and the workflow 12ms
     → Article/detail unauthorized change: expected { version: '2026.02', …(2) } to deeply equal { version: '2026.02', …(2) }
   ✓ Sprint 188 remaining trait placement obligations > keeps every declared detail recipe as a real node through all composer post-processing 17ms
   ✓ Sprint 188 remaining trait placement obligations > keeps every declared timeline recipe as a real node through all composer post-processing 5ms
   ✓ Sprint 188 remaining trait placement obligations > keeps every declared card recipe as a real node through all composer post-processing 5ms
   ✓ Sprint 188 remaining trait placement obligations > keeps every declared list recipe as a real node through all composer post-processing 7ms
 ✓ test/e2e/review-resolve-q3.e2e.spec.ts (25 tests) 25ms
 ✓ test/e2e/object-codegen-pipeline.spec.ts (5 tests) 262ms
 ✓ test/e2e/a2ui-image-q3.e2e.spec.ts (24 tests) 29ms
 ✓ test/e2e/conflict-detail-q3.e2e.spec.ts (83 tests) 28ms
 ✓ test/render/confidence-affordance.spec.ts (15 tests) 8ms
 ✓ test/product-reality/recipe-header-fields.s185.spec.ts (19 tests) 252ms
 ✓ test/tools/dashboard-a11y-equivalence-emission.spec.ts (9 tests) 21ms
 ✓ test/contracts/registry-gaps.contract.spec.ts (10 tests) 8ms
 ✓ src/tools/viz.render.fidelity.test.ts (7 tests) 89ms
 ✓ test/product-reality/nucleus-pins.s185.spec.ts (5 tests) 250ms
 ✓ test/contracts/upstream-trait-sync.contract.spec.ts (10 tests) 76ms
 ✓ src/compose/slot-expander.test.ts (13 tests) 7ms
 ✓ src/tools/schema/__tests__/schema-tools.test.ts (7 tests) 85ms
 ✓ test/codegen/collections.s189.spec.ts (12 tests) 11549ms
   ✓ collection screens own the data presentation > react standalone collection props compile without a workflow or invented records  2670ms
   ✓ collection screens own the data presentation > vue standalone collection props compile without a workflow or invented records  5648ms
   ✓ collection screens own the data presentation > react JavaScript collection output has real runtime props and no TypeScript-only imports  1104ms
   ✓ collection screens own the data presentation > vue JavaScript collection output has real runtime props and no TypeScript-only imports  1980ms
 ✓ test/e2e/review-queue-q3.e2e.spec.ts (66 tests) 26ms
 ✓ src/tools/dashboard.render.strict-fields.test.ts (9 tests) 14ms
 ✓ test/e2e/mapping-versioning.e2e.spec.ts (3 tests) 663ms
   ✓ mapping + versioning bridge E2E > map.create → map.list → map.resolve round-trip via bridge (multi-system)  443ms
 ✓ test/product-reality/reconnect.s185.spec.ts (11 tests) 295ms
 ✓ test/contracts/fragment-anchor-contract.spec.ts (3 tests) 146ms
 ✓ src/compose/viz-trait-resolver.test.ts (38 tests) 4ms
 ✓ test/product-reality/m06-evidence.s184.spec.ts (4 tests) 194ms
 ✓ test/product-reality/generated-heading-update.s185.spec.ts (2 tests) 788ms
   ✓ Sprint 185 live generated plan heading updates > mounts real generated react and updates the read-only heading through its existing Textarea writer  442ms
   ✓ Sprint 185 live generated plan heading updates > mounts real generated vue and updates the read-only heading through its existing Textarea writer  345ms
 ✓ test/compose/slot-content-distributor.spec.ts (7 tests) 68ms
 ✓ src/codegen/binding-analysis-integration.s183.test.ts (4 tests) 4ms
 ✓ test/contracts/registry-snapshot.spec.ts (5 tests) 344ms
   ✓ registry.snapshot handler > benchmarks the snapshot p99 within a relative warmup budget at 100, 500, and 1000 mappings  311ms
 ✓ src/a2ui/host-conformance/data-model.test.ts (23 tests) 3ms
 ✓ test/contracts/s90-registration-audit.spec.ts (35 tests) 8ms
 ✓ test/product-reality/m04-controls.s185.spec.ts (13 tests) 129ms
 ✓ test/product-reality/public-head-equivalence.s185.spec.ts (21 tests) 4178ms
 ✓ test/tools/certify-echarts-role-c.spec.ts (16 tests) 699ms
   ✓ ECharts Role-C structural paint extraction > 'treemap': extracts only visible chart carriers from the exact served option  641ms
 ✓ test/product-reality/history-pins.s185.spec.ts (13 tests) 272ms
 ✓ src/codegen/pre-emit.test.ts (18 tests) 4ms
 ✓ test/objects/trait-composer.spec.ts (14 tests) 118ms
 ✓ test/presets/brand-presets.spec.ts (29 tests) 5ms
 ✓ src/tools/review.chain.test.ts (18 tests) 6ms
 ✓ test/tools/certify-echarts-render-contrast.s179.spec.ts (13 tests) 342ms
 ✓ src/tools/object.group.test.ts (21 tests) 35ms
 ✓ test/product-reality/read-only-field-binding.s185.spec.ts (13 tests) 204ms
 ✓ src/codegen/boxes-arrows-emitter.test.ts (22 tests) 3ms
 ✓ test/compose/label-generator.spec.ts (13 tests) 28ms
 ✓ test/product-reality/approved-timeout.s188.spec.ts (44 tests) 410ms
 ✓ test/compose/wire-field-props.spec.ts (10 tests) 10ms
 ✓ test/e2e/registry-gaps.e2e.spec.ts (3 tests) 582ms
   ✓ registry gaps e2e verification > Workbench S44 fixture with Grid + known components renders all fragments via bridge  401ms
 ✓ test/product-reality/live-workflow-consumers.s184.spec.ts (4 tests) 55891ms
 ✓ test/compose/token-injection.spec.ts (11 tests) 104ms
 ✓ test/product-reality/sprint-wide-movers.s185.spec.ts (7 tests) 3957ms
   ✓ Sprint-wide accounting includes runtime behavior omitted by per-mission scopes > turns a reproduced Table omission into a failing completed mover record  861ms
   ✓ Sprint-wide accounting includes runtime behavior omitted by per-mission scopes > uses the locked Sprint 186 range once and rejects omissions without inheriting the old two-sprint ceremony  881ms
   ✓ Sprint 187 discovery is part of the advertised public byte range > includes current scope, refresh exports and composer/lowering without inheriting two-sprint ranges  1037ms
   ✓ Sprint 188 single advertised workflow range > uses cd8ee986 and catches omitted workflow, schema and build-revision movers  794ms
 ✓ src/render/tree-renderer.test.ts (8 tests) 11ms
 ✓ src/compose/field-affinity.test.ts (26 tests) 4ms
 ✓ src/tools/dashboard.render.kpi-types.test.ts (7 tests) 6ms
 ✓ test/tools/artifact.certify.unchecked-tristate.spec.ts (6 tests) 265ms
 ✓ test/product-reality/s183-m06-replay-r02.spec.ts (4 tests) 478ms
   ✓ Sprint 183 M06 mutation replay and R-02 resolution > replays exactly four M05 patches plus the repaired M01b patch from committed baselines  421ms
 ✓ src/tools/repl.render.skin-mapping.test.ts (8 tests) 13ms
 ✓ src/lib/oodsrc.test.ts (18 tests) 8ms
 ✓ test/codegen/prop-destructuring.spec.ts (9 tests) 16ms
 ✓ test/compose/confidence-scoring.spec.ts (12 tests) 102ms
 ✓ test/e2e/fragment-integration.e2e.spec.ts (9 tests) 667ms
   ✓ fragment integration e2e > { name: 'dashboard', file: 'dashboard-page.ui-schema.json', minFragments: 3, minComponentCount: 15 } bridge transport returns fragment output equivalent to direct handler  428ms
 ✓ src/tools/orca-prop-compat.test.ts (15 tests) 3ms
 ✓ src/codegen/validation-profile.test.ts (8 tests) 12ms
 ✓ test/contracts/code.generate-golden.spec.ts (6 tests) 26ms
 ✓ src/errors/registry.test.ts (18 tests) 10ms
 ✓ test/schema-store/schema-store.spec.ts (6 tests) 42ms
 ✓ test/product-reality/runnable-artifact.s183.spec.ts (28 tests) 201ms
 ✓ src/object-catalog/gates.test.ts (13 tests) 5ms
 ✓ test/product-reality/billing-views.s188.spec.ts (3 tests) 210ms
 ✓ src/codegen/ported-target-contracts.s184.test.ts (6 tests) 7ms
 ✓ src/compose/orca-role-mapper.test.ts (35 tests) 5ms
 ✓ test/product-reality/billing.s188.spec.ts (4 tests) 193ms
 ✓ test/tools/viz.render.bubble-symbolsize-s172.spec.ts (6 tests) 7ms
 ✓ test/contracts/security.model.spec.ts (17 tests) 14ms
 ✓ test/product-reality/evidence-retention.s184.spec.ts (10 tests) 146ms
 ✓ test/compose/viz-auto-binding.spec.ts (10 tests) 39ms
 ✓ test/a2ui-host-conformance/host-conformance-emitter.spec.ts (32 tests) 3ms
 ✓ test/product-reality/local-behavior-guards.s185.spec.ts (16 tests) 74ms
 ✓ test/tools/artifact.certify.render-determinism.spec.ts (5 tests) 605ms
   ✓ artifact.certify — render-backed determinism (s176 m02) > ECharts {spec}-only has no determinism while a renderable operand carries the option and normalized-render hashes  357ms
 ✓ test/contracts/schema-pattern-anchoring.spec.ts (8 tests) 18ms
 ✓ src/compose/slot-patterns.test.ts (18 tests) 3ms
 ✓ test/product-reality/breadth-live-generation.s185.spec.ts (33 tests) 141ms
 ✓ test/contracts/emitter-data-attr-parity.spec.ts (6 tests) 9ms
 ✓ test/contracts/s71-fixes.spec.ts (10 tests) 147ms
 ✓ test/objects/loaders.spec.ts (24 tests) 133ms
 ✓ src/codegen/state-contract.s184.test.ts (151 tests) 20ms
 ✓ test/contracts/api-docs-generator.spec.ts (7 tests) 868ms
   ✓ API reference generator > regeneration is idempotent  856ms
 ✓ test/bridge/fragment-parity.spec.ts (1 test) 660ms
   ✓ bridge fragment parity > supports fragment mode via bridge /run and matches direct MCP transport semantics  456ms
 ✓ test/tools/artifact.certify.ten-series-collision.spec.ts (4 tests) 227ms
 ✓ test/objects/object.show.spec.ts (14 tests) 185ms
 ✓ test/tools/artifact.certify.accuracy-fault.spec.ts (3 tests) 182ms
 ✓ test/compose/form-field-differentiation.spec.ts (4 tests) 90ms
 ✓ test/contracts/fragment-api.contract.spec.ts (5 tests) 8ms
 ✓ test/objects/trait-loader.spec.ts (17 tests) 151ms
 ✓ src/render/brand-overlay.test.ts (14 tests) 3ms
 ✓ test/tools/repl.render.compact.spec.ts (8 tests) 11ms
 ✓ test/product-reality/packed-ported-consumers.s184.spec.ts (1 test) 18349ms
   ✓ Sprint 184 m04 packed ported consumers > installs built tarballs externally and preserves the historical cohort through aliases of the canonical roots  18349ms
 ✓ test/codegen/component-carries.s189.spec.ts (7 tests) 4650ms
   ✓ ten seeded records describe plausible subscription periods > react workflow accepts optional absent cancellation metadata  1527ms
   ✓ ten seeded records describe plausible subscription periods > vue workflow accepts optional absent cancellation metadata  3019ms
 ✓ test/product-reality/evidence-accounting.s185.spec.ts (10 tests) 426ms
   ✓ Sprint 185 evidence accounting preserves the actual proof denominator > independently rederives retained evidence without running builds, consumers, or mutations  421ms
 ✓ test/compose/design-compose-actions.spec.ts (7 tests) 70ms
 ✓ test/contracts/brand.apply.cross-brand-delta.spec.ts (7 tests) 12ms
 ✓ test/contracts/structuredData.fetch.spec.ts (11 tests) 23ms
 ✓ test/tools/artifact.certify.contrast-fault.spec.ts (3 tests) 214ms
 ✓ test/product-reality/state-evidence.s184.spec.ts (2 tests) 8ms
 ✓ src/codegen/content-strategy.test.ts (15 tests) 3ms
 ✓ src/tools/repl.render.brand.test.ts (6 tests) 9ms
 ❯ test/product-reality/breadth-export-cells.s187.spec.ts (28 tests | 2 failed) 86ms
   × Sprint 187 built package export cells > 'react/ArchiveSummary' 55ms
     → expected [ 'No', 'Sep 5, 2026, 12:00 PM', …(1) ] to deeply equal [ 'false', …(2) ]
   ✓ Sprint 187 built package export cells > 'react/ArchivePill' 3ms
   ✓ Sprint 187 built package export cells > 'react/CancellationBadge' 1ms
   ✓ Sprint 187 built package export cells > 'react/CancellationForm' 3ms
   ✓ Sprint 187 built package export cells > 'react/PriceCardMeta' 2ms
   ✓ Sprint 187 built package export cells > 'react/OwnerBadge' 1ms
   ✓ Sprint 187 built package export cells > 'react/OwnershipSummary' 1ms
   ✓ Sprint 187 built package export cells > 'react/OwnershipMeta' 1ms
   ✓ Sprint 187 built package export cells > 'react/TagSummary' 1ms
   ✓ Sprint 187 built package export cells > 'react/LabelCell' 1ms
   ✓ Sprint 187 built package export cells > 'react/InlineLabel' 0ms
   ✓ Sprint 187 built package export cells > 'react/FormLabelGroup' 1ms
   ✓ Sprint 187 built package export cells > 'react/ClassificationBadge' 1ms
   ✓ Sprint 187 built package export cells > 'react/ClassificationEditor' 2ms
   × Sprint 187 built package export cells > 'vue/ArchiveSummary' 4ms
     → expected [ 'No', 'Sep 5, 2026, 12:00 PM', …(1) ] to deeply equal [ 'false', …(2) ]
   ✓ Sprint 187 built package export cells > 'vue/ArchivePill' 1ms
   ✓ Sprint 187 built package export cells > 'vue/CancellationBadge' 1ms
   ✓ Sprint 187 built package export cells > 'vue/CancellationForm' 1ms
   ✓ Sprint 187 built package export cells > 'vue/PriceCardMeta' 1ms
   ✓ Sprint 187 built package export cells > 'vue/OwnerBadge' 1ms
   ✓ Sprint 187 built package export cells > 'vue/OwnershipSummary' 1ms
   ✓ Sprint 187 built package export cells > 'vue/OwnershipMeta' 1ms
   ✓ Sprint 187 built package export cells > 'vue/TagSummary' 1ms
   ✓ Sprint 187 built package export cells > 'vue/LabelCell' 0ms
   ✓ Sprint 187 built package export cells > 'vue/InlineLabel' 0ms
   ✓ Sprint 187 built package export cells > 'vue/FormLabelGroup' 0ms
   ✓ Sprint 187 built package export cells > 'vue/ClassificationBadge' 0ms
   ✓ Sprint 187 built package export cells > 'vue/ClassificationEditor' 1ms
 ❯ test/product-reality/ported-mutation-matrix.s184.spec.ts (5 tests | 1 failed) 378ms
   ✓ Sprint 184 m04 ported export mutation evidence > runs the complete 8x2 mutation matrix across all 16 cells 1ms
   ✓ Sprint 184 m04 ported export mutation evidence > isolates each virtual named-export deletion to its selected readiness and generation cell 3ms
   ✓ Sprint 184 m04 ported export mutation evidence > proves cross-framework discrimination for every selected component 1ms
   ✓ Sprint 184 m04 ported export mutation evidence > restores every cell green without changing either target source on disk 0ms
   × Sprint 184 m04 ported export mutation evidence > reproduces the checked-in canonical report, log, and checksums byte for byte 8ms
     → expected '{\n  "schemaVersion": "1.0.0",\n  "mi…' to be '{\n  "schemaVersion": "1.0.0",\n  "mi…' // Object.is equality
 ✓ test/contracts/repl.e2e.integration.spec.ts (4 tests) 27ms
 ✓ test/contracts/object.show.spec.ts (12 tests) 170ms
 ✓ test/contracts/pragmatic-role-ia.spec.ts (4 tests) 42ms
 ✓ test/compose/landing-template.spec.ts (10 tests) 96ms
 ✓ src/objects/trait-loader.test.ts (14 tests) 88ms
 ✓ test/contracts/brand.apply.rfc6902-wording.spec.ts (2 tests) 10ms
 ✓ test/contracts/schema-ref.workflow.spec.ts (4 tests) 61ms
 ✓ test/contracts/object.schema.contract.spec.ts (11 tests) 138ms
 ✓ src/codegen/ported-target-readiness.s184.test.ts (9 tests) 322ms
 ✓ src/tools/ci-golden-list.guard.test.ts (2 tests) 7ms
 ✓ test/objects/object-loader.spec.ts (14 tests) 44ms
 ✓ src/compose/position-affinity.test.ts (21 tests) 3ms
 ✓ test/contracts/object.list.spec.ts (13 tests) 42ms
 ✓ test/contracts/code.generate-parity.spec.ts (2 tests) 22ms
 ✓ src/compose/intent-sections.test.ts (5 tests) 4ms
 ✓ test/render/fragment-errors.spec.ts (5 tests) 8ms
 ✓ test/tools/certify-echarts-projected-render-s179.spec.ts (2 tests) 49ms
 ✓ test/contracts/schema.list-delete.spec.ts (2 tests) 28ms
 ✓ test/tools/dashboard-contrast-alpha-s170.spec.ts (7 tests) 2ms
 ✓ test/product-reality/packed-consumers.s182.spec.ts (2 tests) 56901ms
   ✓ Sprint 182 M04 packed generated consumers > B-12 installs and imports every required tarball and root export in isolation  17715ms
   ✓ Sprint 182 M04 packed generated consumers > B-13 resolves declared dependencies and shared CSS in a clean production build  39185ms
 ✓ test/e2e/a11y-pipeline.e2e.spec.ts (3 tests) 639ms
   ✓ a11y pipeline e2e > validate with checkA11y=true returns a11y warnings through bridge  420ms
 ✓ test/objects/object.list.spec.ts (10 tests) 44ms
 ✓ test/tools/repl.render.fragment.spec.ts (4 tests) 9ms
 ✓ test/contracts/dashboard.render.duplicate-panel-id.s181.spec.ts (3 tests) 13ms
 ✓ test/product-reality/screen-action-surface.s184.spec.ts (6 tests) 32ms
 ✓ test/e2e/tier1-acceptance.e2e.spec.ts (4 tests) 118ms
 ✓ src/compose/object-slot-filler.test.ts (2 tests) 9ms
 ✓ test/product-reality/html-tailwind-gap.s185.spec.ts (9 tests) 23ms
 ✓ src/tools/viz.render.geo-fidelity.test.ts (6 tests) 7ms
 ✓ test/codegen/prop-enrichment.spec.ts (4 tests) 72ms
 ✓ test/tools/certify-contrast.echarts-caveat-pin.spec.ts (2 tests) 6ms
 ✓ src/tools/viz.render.network-fidelity.test.ts (10 tests) 8ms
 ✓ src/tools/coercion.test.ts (14 tests) 3ms
 ✓ test/contracts/viz-compose.contract.spec.ts (10 tests) 4ms
 ✓ src/tools/schema-ref.test.ts (9 tests) 3ms
 ✓ test/e2e/design-compose.e2e.spec.ts (3 tests) 553ms
   ✓ design.compose bridge E2E > compose via bridge produces valid schema with selections  383ms
 ✓ test/contracts/schema.load.spec.ts (3 tests) 8ms
 ✓ test/product-reality/breadth-export-cells.s185.spec.ts (10 tests) 46ms
 ✓ test/contracts/artifact-certify-render-prose.s179.spec.ts (13 tests) 2ms
 ✓ src/tools/__tests__/health.test.ts (4 tests) 28ms
 ✓ test/product-reality/codegen-matrix.s182.spec.ts (13 tests) 21133ms
   ✓ Sprint 182 M04 public codegen matrix > compiles and closes dependencies for 'react'/'inline'/typescript=false  732ms
   ✓ Sprint 182 M04 public codegen matrix > compiles and closes dependencies for 'react'/'inline'/typescript=true  385ms
   ✓ Sprint 182 M04 public codegen matrix > compiles and closes dependencies for 'react'/'tokens'/typescript=false  324ms
   ✓ Sprint 182 M04 public codegen matrix > compiles and closes dependencies for 'react'/'tokens'/typescript=true  368ms
   ✓ Sprint 182 M04 public codegen matrix > compiles and closes dependencies for 'react'/'tailwind'/typescript=false  329ms
   ✓ Sprint 182 M04 public codegen matrix > compiles and closes dependencies for 'react'/'tailwind'/typescript=true  349ms
   ✓ Sprint 182 M04 public codegen matrix > compiles and closes dependencies for 'vue'/'inline'/typescript=false  3224ms
   ✓ Sprint 182 M04 public codegen matrix > compiles and closes dependencies for 'vue'/'inline'/typescript=true  2988ms
   ✓ Sprint 182 M04 public codegen matrix > compiles and closes dependencies for 'vue'/'tokens'/typescript=false  3021ms
   ✓ Sprint 182 M04 public codegen matrix > compiles and closes dependencies for 'vue'/'tokens'/typescript=true  3182ms
   ✓ Sprint 182 M04 public codegen matrix > compiles and closes dependencies for 'vue'/'tailwind'/typescript=false  3088ms
   ✓ Sprint 182 M04 public codegen matrix > compiles and closes dependencies for 'vue'/'tailwind'/typescript=true  3138ms
 ✓ test/contracts/schema.save.spec.ts (3 tests) 7ms
 ✓ test/tools/pipeline.compact.spec.ts (6 tests) 112ms
 ✓ test/contracts/layout-single-source.spec.ts (5 tests) 66ms
 ✓ test/tools/cvd-machado.spec.ts (8 tests) 2ms
 ✓ test/contracts/preview.compaction.spec.ts (3 tests) 8ms
 ✓ test/tools/echarts-render-worker.startup.spec.ts (1 test) 800ms
   ✓ MCP startup ECharts render boundary > registers the server without importing ECharts or evaluating the render worker  800ms
 ✓ test/contracts/layout-align.spec.ts (8 tests) 15ms
 ✓ test/product-reality/ported-freeze.s184.spec.ts (2 tests) 32ms
 ✓ test/tools/artifact.certify.echarts-option-stability.s179.spec.ts (2 tests) 366ms
   ✓ artifact.certify — option stability remains load-bearing (s179 m05) > fails the combined proof when emissions differ even though both renders agree  357ms
 ✓ test/product-reality/archive-workflow.s188.spec.ts (2 tests) 4474ms
   ✓ generated archive-view integration > react carries the authored archive label into governed Tabs and row overlays, and typechecks  1514ms
   ✓ generated archive-view integration > vue carries the authored archive label into governed Tabs and row overlays, and typechecks  2958ms
 ✓ test/product-reality/field-labels.s188.spec.ts (3 tests) 342ms
   ✓ Sprint 188 meaningful field labels > keeps all 66 public compositions free of anonymous Field N labels  340ms
 ✓ test/tools/design.preview.spec.ts (5 tests) 26ms
 ❯ test/compose/slot-vocabulary-unification.spec.ts (2 tests | 2 failed) 57ms
   × slot vocabulary unification > maps User list before/after extensions into concrete slots without placement warnings 50ms
     → expected [ 'Stack', 'SearchInput', …(12) ] to not include 'Button'
   × slot vocabulary unification > maps Subscription list secondary billing placement without OODS-V120 warnings 6ms
     → expected [ 'Stack', 'SearchInput', …(10) ] to not include 'Button'
 ✓ src/versioning/versions.test.ts (13 tests) 2ms
 ✓ test/contracts/doc-retirement-gate.spec.ts (1 test) 45ms
 ✓ src/codegen/html-utils.test.ts (12 tests) 2ms
 ✓ src/schema-store/__tests__/schema-store.test.ts (4 tests) 9ms
 ✓ src/compose/templates/timeline.test.ts (8 tests) 3ms
 ✓ test/product-reality/m06-gate-bites.s184.spec.ts (1 test) 149691ms
   ✓ Sprint 184 m06 real consumer gate bites > executes one unique red mutation for every gate on both framework targets  149672ms
 ✓ src/compose/templates/card.test.ts (7 tests) 3ms
 ✓ test/product-reality/browser-receipt-audit.s189.spec.ts (6 tests) 14ms
 ✓ test/product-reality/billing-views-export-cells.s188.spec.ts (10 tests) 38ms
 ✓ test/product-reality/advertised-movers.s184.spec.ts (1 test) 31ms
 ✓ test/product-reality/billing-export-cells.s188.spec.ts (6 tests) 32ms
 ✓ test/contracts/dsl-version.spec.ts (9 tests) 4ms
 ✓ test/render/css-extractor.spec.ts (3 tests) 3ms
 ✓ test/contracts/tokens.build.apply.spec.ts (1 test) 39ms
 ✓ src/compose/templates/form.test.ts (4 tests) 2ms
 ✓ test/tools/dashboard-token-css-ref-honor.s179.spec.ts (3 tests) 4ms
 ✓ test/product-reality/input-validation-state.s184.spec.ts (4 tests) 20ms
 ✓ test/codegen/codegen-invalid-schema.spec.ts (2 tests) 11ms
 ✓ test/contracts/brand.apply.patch.spec.ts (1 test) 5ms
 ✓ test/render/render-preview-messaging.spec.ts (2 tests) 6ms
 ✓ test/compose/position-affinity.spec.ts (5 tests) 1ms
 ✓ test/contracts/repl.registry.contract.spec.ts (2 tests) 5ms
 ✓ test/contracts/tool.registry.spec.ts (3 tests) 3ms
 ✓ test/contracts/diag.snapshot-counts.spec.ts (1 test) 54ms
 ✓ src/a2ui/host-conformance/adapter.test.ts (13 tests) 10ms
 ✓ test/a2ui-host-conformance/host-conformance-render.spec.ts (51 tests) 38ms

 Test Files  8 failed | 299 passed | 1 skipped (308)
      Tests  15 failed | 6009 passed | 16 skipped (6040)
   Start at  23:13:11
   Duration  563.65s (transform 3.04s, setup 778ms, collect 38.48s, tests 489.29s, environment 262ms, prepare 9.24s)

JSON report written to /var/folders/gd/rty3217130vdbr9_q713nvg80000gn/T/oods-s185-m01-baseline-KGm5DK/run-1-mcp-server.json
undefined
/Users/systemsystems/.codex/worktrees/s189/OODS-Forge/packages/mcp-server:
 ERR_PNPM_RECURSIVE_EXEC_FIRST_FAIL  Command failed with exit code 1: vitest run --reporter=default --reporter=json --outputFile=/var/folders/gd/rty3217130vdbr9_q713nvg80000gn/T/oods-s185-m01-baseline-KGm5DK/run-1-mcp-server.json

[stderr]
stderr | src/tools/viz.render.fidelity.test.ts > viz.render render fidelity (renderable, not just AJV-valid) > suggest mode (no chartType): the data-aware pick is renderable and golden-locked at the render boundary
WARN Channel "color" does not work with "band" scale. We are using "ordinal" scale instead.

stderr | src/a2ui/host-conformance/adapter.test.ts
Lit is in dev mode. Not recommended for production! See https://lit.dev/msg/dev-mode for more information.

stderr | test/a2ui-host-conformance/host-conformance-render.spec.ts
Lit is in dev mode. Not recommended for production! See https://lit.dev/msg/dev-mode for more information.


⎯⎯⎯⎯⎯⎯ Failed Tests 15 ⎯⎯⎯⎯⎯⎯⎯

 FAIL  test/compose/design-compose-object.spec.ts > design.compose — context bindings > form context adds onSubmit and onChange
AssertionError: expected undefined to be 'handleChange' // Object.is equality

- Expected: 
"handleChange"

+ Received: 
undefined

 ❯ test/compose/design-compose-object.spec.ts:317:36
    315|     const rootBindings = result.schema.screens[0].bindings;
    316|     expect(rootBindings!.onSubmit).toBe('handleSubmit');
    317|     expect(rootBindings!.onChange).toBe('handleChange');
       |                                    ^
    318|   });
    319| 

⎯⎯⎯⎯⎯⎯⎯⎯⎯⎯⎯⎯⎯⎯⎯⎯⎯⎯⎯⎯⎯⎯⎯[1/15]⎯

 FAIL  test/compose/object-aware-compose.spec.ts > object-aware compose — pipeline tab label wiring (s86-m01) > Subscription detail pipeline produces semantic tab labels, not Tab 1/2/3
AssertionError: expected 'Details' to be 'Status & History' // Object.is equality

Expected: "Status & History"
Received: "Details"

 ❯ test/compose/object-aware-compose.spec.ts:196:25
    194|     const generated = generateLabels(composed, 'detail');
    195|     for (let i = 0; i < generated.labels.length; i++) {
    196|       expect(labels[i]).toBe(generated.labels[i]);
       |                         ^
    197|     }
    198|   });

⎯⎯⎯⎯⎯⎯⎯⎯⎯⎯⎯⎯⎯⎯⎯⎯⎯⎯⎯⎯⎯⎯⎯[2/15]⎯

 FAIL  test/compose/slot-vocabulary-unification.spec.ts > slot vocabulary unification > maps User list before/after extensions into concrete slots without placement warnings
AssertionError: expected [ 'Stack', 'SearchInput', …(12) ] to not include 'Button'
 ❯ test/compose/slot-vocabulary-unification.spec.ts:38:28
     36|     expect(components).toContain('SearchInput');
     37|     // Optional slots retain real metadata without inventing an unboun…
     38|     expect(components).not.toContain('Button');
       |                            ^
     39|   });
     40| 

⎯⎯⎯⎯⎯⎯⎯⎯⎯⎯⎯⎯⎯⎯⎯⎯⎯⎯⎯⎯⎯⎯⎯[3/15]⎯

 FAIL  test/compose/slot-vocabulary-unification.spec.ts > slot vocabulary unification > maps Subscription list secondary billing placement without OODS-V120 warnings
AssertionError: expected [ 'Stack', 'SearchInput', …(10) ] to not include 'Button'
 ❯ test/compose/slot-vocabulary-unification.spec.ts:60:28
     58|     const components = collectComponents(result.schema);
     59|     // Optional slots retain real metadata without inventing an unboun…
     60|     expect(components).not.toContain('Button');
       |                            ^
     61|     expect(components).toContain('BillingSummaryBadge');
     62|     expect(components).toContain('StatusBadge');

⎯⎯⎯⎯⎯⎯⎯⎯⎯⎯⎯⎯⎯⎯⎯⎯⎯⎯⎯⎯⎯⎯⎯[4/15]⎯

 FAIL  test/product-reality/billing-composition.s188.spec.ts > Decision 1822 bounded recipe composition > allows only enumerated trait placements and resolved parameters across the 66 schemas and 132 artifacts
AssertionError: Article/detail has an unauthorized difference: expected { version: '2026.02', …(2) } to deeply equal { version: '2026.02', …(2) }

- Expected
+ Received

@@ -193,19 +193,21 @@
          {
            "children": [
              {
                "children": [
                  {
+                   "children": undefined,
                    "component": "DetailHeader",
                    "id": "ve-header-22",
                    "props": {
                      "headingLevel": 1,
                      "subtitleField": "description",
                      "titleField": "label",
                    },
                  },
                  {
+                   "children": undefined,
                    "component": "StatusTimeline",
                    "id": "ve-header-23",
                    "props": {
                      "field": "status",
                      "historyField": "state_history",
@@ -244,30 +246,25 @@
                  {
                    "children": [
                      {
                        "children": [
                          {
+                           "children": undefined,
                            "component": "Text",
                            "id": "pg-status-timeline-26",
                            "props": {
                              "field": "status",
-                             "label": "Canonical lifecycle state derived from the states parameter. This is the single source
- of truth for the entity's current lifecycle position. Consumed by Colorized to resolve
- visual tokens, and by view extensions to render StatusBadge and StatusTimeline.
- ",
+                             "label": "Status",
                            },
                          },
                          {
+                           "children": undefined,
                            "component": "Text",
                            "id": "pg-status-timeline-27",
                            "props": {
                              "field": "allowed_transitions",
-                             "label": "Materialized list of valid next states from the current status, computed from the
- transitionRules parameter. When transitionRules is null (open model), this contains
- all states except the current one. Used by StatusSelector to disable invalid options
- and by StatusBadge to indicate available paths.
- ",
+                             "label": "Allowed transitions",
                            },
                          },
                        ],
                        "component": "Stack",
                        "id": "slot-tab-0-4",
@@ -284,172 +281,49 @@
                          "fields": [
                            "status",
                            "allowed_transitions",
                          ],
                          "patternComponent": "StatusTimeline",
-                       },
-                     },
-                   ],
-                   "component": "Stack",
-                   "id": "detail-tab-panel-3",
-                   "layout": {
-                     "gapToken": "cluster-default",
-                     "type": "stack",
                        },
-                   "props": {
-                     "label": "Content",
                      },
-                 },
                      {
-                   "children": [
-                     {
-                       "component": "Card",
-                       "id": "slot-tab-1-6",
-                       "meta": {
-                         "confidence": 0.94,
-                         "confidenceLevel": "low",
-                         "intent": "slot:tab-1",
-                         "label": "tab-1",
-                       },
-                     },
-                   ],
-                   "component": "Stack",
-                   "id": "detail-tab-panel-5",
-                   "layout": {
-                     "gapToken": "cluster-default",
-                     "type": "stack",
-                   },
-                   "props": {
-                     "label": "Status & History",
-                   },
-                 },
-                 {
-                   "children": [
-                     {
+                       "children": undefined,
                        "component": "Text",
                        "id": "slot-tab-2-8",
                        "meta": {
                          "confidence": 0.76,
                          "confidenceLevel": "low",
                          "intent": "slot:tab-2",
                          "label": "tab-2",
                        },
                        "props": {
                          "field": "article_id",
-                         "label": "Primary identifier for the article document.",
+                         "label": "Article id",
                        },
                      },
                    ],
                    "component": "Stack",
-                   "id": "detail-tab-panel-7",
-                   "layout": {
-                     "gapToken": "cluster-default",
-                     "type": "stack",
-                   },
-                   "props": {
-                     "label": "Overview",
-                   },
-                 },
-                 {
-                   "children": [
-                     {
-                       "component": "Stack",
-                       "id": "slot-tab-3-15",
-                       "meta": {
-                         "confidence": 0.71,
-                         "confidenceLevel": "low",
-                         "intent": "slot:tab-3",
-                         "label": "tab-3",
-                       },
-                     },
-                   ],
-                   "component": "Stack",
-                   "id": "detail-tab-panel-14",
+                   "id": "detail-tab-panel-3",
                    "layout": {
                      "gapToken": "cluster-default",
                      "type": "stack",
                    },
                    "props": {
-                     "label": "Options",
-                   },
-                 },
-                 {
-                   "children": [
-                     {
-                       "component": "Card",
-                       "id": "slot-tab-4-17",
-                       "meta": {
-                         "confidence": 0.94,
-                         "confidenceLevel": "low",
-                         "intent": "slot:tab-4",
-                         "label": "tab-4",
-                       },
-                     },
-                   ],
-                   "component": "Stack",
-                   "id": "detail-tab-panel-16",
-                   "layout": {
-                     "gapToken": "cluster-default",
-                     "type": "stack",
-                   },
-                   "props": {
                      "label": "Details",
-                   },
-                 },
-                 {
-                   "children": [
-                     {
-                       "component": "Card",
-                       "id": "slot-tab-5-19",
-                       "meta": {
-                         "confidence": 0.94,
-                         "confidenceLevel": "low",
-                         "intent": "slot:tab-5",
-                         "label": "tab-5",
                    },
                  },
                ],
-                   "component": "Stack",
-                   "id": "detail-tab-panel-18",
-                   "layout": {
-                     "gapToken": "cluster-default",
-                     "type": "stack",
-                   },
-                   "props": {
-                     "label": "Details 6",
-                   },
-                 },
-                 {
-                   "children": [
-                     {
-                       "component": "Stack",
-                       "id": "slot-tab-6-21",
-                       "meta": {
-                         "confidence": 0.71,
-                         "confidenceLevel": "low",
-                         "intent": "slot:tab-6",
-                         "label": "tab-6",
-                       },
-                     },
-                   ],
-                   "component": "Stack",
-                   "id": "detail-tab-panel-20",
-                   "layout": {
-                     "gapToken": "cluster-default",
-                     "type": "stack",
-                   },
+               "component": "Tabs",
+               "id": "detail-tabs-9",
                "props": {
-                     "label": "Details 7",
-                   },
+                 "ariaLabel": "Record details",
                },
-               ],
-               "component": "Tabs",
-               "id": "detail-tabs-9",
              },
              {
                "children": [
                  {
+                   "children": undefined,
                    "component": "ClassificationPanel",
                    "id": "slot-metadata-12",
                    "meta": {
                      "intent": "slot:metadata",
                      "label": "metadata",

 ❯ test/product-reality/billing-composition.s188.spec.ts:97:92
     95|       const result = await compose({ object: row.object, context: row.…
     96|       expect(result.status).toBe('ok');
     97|       expect(result.schema, `${row.object}/${row.context} has an unaut…
       |                                                                                            ^
     98|       if (JSON.stringify(result.schema) === JSON.stringify(row.schema)…
     99|       const composed = composeObject(loadObject(row.object));

⎯⎯⎯⎯⎯⎯⎯⎯⎯⎯⎯⎯⎯⎯⎯⎯⎯⎯⎯⎯⎯⎯⎯[5/15]⎯

 FAIL  test/product-reality/billing-placement.s188.spec.ts > Sprint 188 remaining trait placement obligations > preserves the entire generic pattern-grouped slot exactly as at the M04 head
AssertionError: expected { id: 'slot-tab-0-4', …(5) } to deeply equal { id: 'slot-tab-0-4', …(5) }

- Expected
+ Received

@@ -1,28 +1,23 @@
  {
    "children": [
      {
+       "children": undefined,
        "component": "Text",
        "id": "pg-status-timeline-26",
        "props": {
          "field": "status",
-         "label": "Canonical lifecycle state derived from the states parameter. This is the single source
- of truth for the entity's current lifecycle position. Consumed by Colorized to resolve
- visual tokens, and by view extensions to render StatusBadge and StatusTimeline.
- ",
+         "label": "Status",
        },
      },
      {
+       "children": undefined,
        "component": "Text",
        "id": "pg-status-timeline-27",
        "props": {
          "field": "allowed_transitions",
-         "label": "Materialized list of valid next states from the current status, computed from the
- transitionRules parameter. When transitionRules is null (open model), this contains
- all states except the current one. Used by StatusSelector to disable invalid options
- and by StatusBadge to indicate available paths.
- ",
+         "label": "Allowed transitions",
        },
      },
    ],
    "component": "Stack",
    "id": "slot-tab-0-4",

 ❯ test/product-reality/billing-placement.s188.spec.ts:67:75
     65|     expect(expected.children?.map((node) => node.props?.field)).toEqua…
     66|     const current = await compose({ object: 'Article', context: 'detai…
     67|     expect(nodes(current.schema).find((node) => node.id === expected.i…
       |                                                                           ^
     68|   });
     69|   it('leaves an unroutable generic main extension unplaced, with the e…

⎯⎯⎯⎯⎯⎯⎯⎯⎯⎯⎯⎯⎯⎯⎯⎯⎯⎯⎯⎯⎯⎯⎯[6/15]⎯

 FAIL  test/product-reality/billing-placement.s188.spec.ts > Sprint 188 remaining trait placement obligations > allows only the enumerated trait placements across all 66 schemas, 132 artifacts and the workflow
AssertionError: Article/detail unauthorized change: expected { version: '2026.02', …(2) } to deeply equal { version: '2026.02', …(2) }

- Expected
+ Received

@@ -193,19 +193,21 @@
          {
            "children": [
              {
                "children": [
                  {
+                   "children": undefined,
                    "component": "DetailHeader",
                    "id": "ve-header-22",
                    "props": {
                      "headingLevel": 1,
                      "subtitleField": "description",
                      "titleField": "label",
                    },
                  },
                  {
+                   "children": undefined,
                    "component": "StatusTimeline",
                    "id": "ve-header-23",
                    "props": {
                      "field": "status",
                      "historyField": "state_history",
@@ -244,30 +246,25 @@
                  {
                    "children": [
                      {
                        "children": [
                          {
+                           "children": undefined,
                            "component": "Text",
                            "id": "pg-status-timeline-26",
                            "props": {
                              "field": "status",
-                             "label": "Canonical lifecycle state derived from the states parameter. This is the single source
- of truth for the entity's current lifecycle position. Consumed by Colorized to resolve
- visual tokens, and by view extensions to render StatusBadge and StatusTimeline.
- ",
+                             "label": "Status",
                            },
                          },
                          {
+                           "children": undefined,
                            "component": "Text",
                            "id": "pg-status-timeline-27",
                            "props": {
                              "field": "allowed_transitions",
-                             "label": "Materialized list of valid next states from the current status, computed from the
- transitionRules parameter. When transitionRules is null (open model), this contains
- all states except the current one. Used by StatusSelector to disable invalid options
- and by StatusBadge to indicate available paths.
- ",
+                             "label": "Allowed transitions",
                            },
                          },
                        ],
                        "component": "Stack",
                        "id": "slot-tab-0-4",
@@ -284,172 +281,49 @@
                          "fields": [
                            "status",
                            "allowed_transitions",
                          ],
                          "patternComponent": "StatusTimeline",
-                       },
-                     },
-                   ],
-                   "component": "Stack",
-                   "id": "detail-tab-panel-3",
-                   "layout": {
-                     "gapToken": "cluster-default",
-                     "type": "stack",
                        },
-                   "props": {
-                     "label": "Content",
                      },
-                 },
                      {
-                   "children": [
-                     {
-                       "component": "Card",
-                       "id": "slot-tab-1-6",
-                       "meta": {
-                         "confidence": 0.94,
-                         "confidenceLevel": "low",
-                         "intent": "slot:tab-1",
-                         "label": "tab-1",
-                       },
-                     },
-                   ],
-                   "component": "Stack",
-                   "id": "detail-tab-panel-5",
-                   "layout": {
-                     "gapToken": "cluster-default",
-                     "type": "stack",
-                   },
-                   "props": {
-                     "label": "Status & History",
-                   },
-                 },
-                 {
-                   "children": [
-                     {
+                       "children": undefined,
                        "component": "Text",
                        "id": "slot-tab-2-8",
                        "meta": {
                          "confidence": 0.76,
                          "confidenceLevel": "low",
                          "intent": "slot:tab-2",
                          "label": "tab-2",
                        },
                        "props": {
                          "field": "article_id",
-                         "label": "Primary identifier for the article document.",
+                         "label": "Article id",
                        },
                      },
                    ],
                    "component": "Stack",
-                   "id": "detail-tab-panel-7",
-                   "layout": {
-                     "gapToken": "cluster-default",
-                     "type": "stack",
-                   },
-                   "props": {
-                     "label": "Overview",
-                   },
-                 },
-                 {
-                   "children": [
-                     {
-                       "component": "Stack",
-                       "id": "slot-tab-3-15",
-                       "meta": {
-                         "confidence": 0.71,
-                         "confidenceLevel": "low",
-                         "intent": "slot:tab-3",
-                         "label": "tab-3",
-                       },
-                     },
-                   ],
-                   "component": "Stack",
-                   "id": "detail-tab-panel-14",
+                   "id": "detail-tab-panel-3",
                    "layout": {
                      "gapToken": "cluster-default",
                      "type": "stack",
                    },
                    "props": {
-                     "label": "Options",
-                   },
-                 },
-                 {
-                   "children": [
-                     {
-                       "component": "Card",
-                       "id": "slot-tab-4-17",
-                       "meta": {
-                         "confidence": 0.94,
-                         "confidenceLevel": "low",
-                         "intent": "slot:tab-4",
-                         "label": "tab-4",
-                       },
-                     },
-                   ],
-                   "component": "Stack",
-                   "id": "detail-tab-panel-16",
-                   "layout": {
-                     "gapToken": "cluster-default",
-                     "type": "stack",
-                   },
-                   "props": {
                      "label": "Details",
-                   },
-                 },
-                 {
-                   "children": [
-                     {
-                       "component": "Card",
-                       "id": "slot-tab-5-19",
-                       "meta": {
-                         "confidence": 0.94,
-                         "confidenceLevel": "low",
-                         "intent": "slot:tab-5",
-                         "label": "tab-5",
                    },
                  },
                ],
-                   "component": "Stack",
-                   "id": "detail-tab-panel-18",
-                   "layout": {
-                     "gapToken": "cluster-default",
-                     "type": "stack",
-                   },
-                   "props": {
-                     "label": "Details 6",
-                   },
-                 },
-                 {
-                   "children": [
-                     {
-                       "component": "Stack",
-                       "id": "slot-tab-6-21",
-                       "meta": {
-                         "confidence": 0.71,
-                         "confidenceLevel": "low",
-                         "intent": "slot:tab-6",
-                         "label": "tab-6",
-                       },
-                     },
-                   ],
-                   "component": "Stack",
-                   "id": "detail-tab-panel-20",
-                   "layout": {
-                     "gapToken": "cluster-default",
-                     "type": "stack",
-                   },
+               "component": "Tabs",
+               "id": "detail-tabs-9",
                "props": {
-                     "label": "Details 7",
-                   },
+                 "ariaLabel": "Record details",
                },
-               ],
-               "component": "Tabs",
-               "id": "detail-tabs-9",
              },
              {
                "children": [
                  {
+                   "children": undefined,
                    "component": "ClassificationPanel",
                    "id": "slot-metadata-12",
                    "meta": {
                      "intent": "slot:metadata",
                      "label": "metadata",

 ❯ test/product-reality/billing-placement.s188.spec.ts:83:82
     81|     for (const row of baseline.rows) {
     82|       const current = await compose({ object: row.object, context: row…
     83|       expect(current.schema, `${row.object}/${row.context} unauthorize…
       |                                                                                  ^
     84|       if (JSON.stringify(current.schema) === JSON.stringify(row.schema…
     85|       const plan = collectViewExtensions(composeObject(loadObject(row.…

⎯⎯⎯⎯⎯⎯⎯⎯⎯⎯⎯⎯⎯⎯⎯⎯⎯⎯⎯⎯⎯⎯⎯[7/15]⎯

 FAIL  test/product-reality/breadth-export-cells.s187.spec.ts > Sprint 187 built package export cells > 'react/ArchiveSummary'
AssertionError: expected [ 'No', 'Sep 5, 2026, 12:00 PM', …(1) ] to deeply equal [ 'false', …(2) ]

- Expected
+ Received

  [
-   "false",
-   "2026-09-05T12:00:00Z",
+   "No",
+   "Sep 5, 2026, 12:00 PM",
    "Retention policy",
  ]

 ❯ test/product-reality/breadth-export-cells.s187.spec.ts:70:80
     68|       expect(root.getAttribute('data-badge-status')).toBe('false');
     69|     } else if (component === 'ArchiveSummary') {
     70|       expect([...root.querySelectorAll('dd')].map((node) => node.textC…
       |                                                                                ^
     71|     } else if (component === 'CancellationForm') {
     72|       expect(root.querySelector('option[selected]')?.textContent).toBe…

⎯⎯⎯⎯⎯⎯⎯⎯⎯⎯⎯⎯⎯⎯⎯⎯⎯⎯⎯⎯⎯⎯⎯[8/15]⎯

 FAIL  test/product-reality/breadth-export-cells.s187.spec.ts > Sprint 187 built package export cells > 'vue/ArchiveSummary'
AssertionError: expected [ 'No', 'Sep 5, 2026, 12:00 PM', …(1) ] to deeply equal [ 'false', …(2) ]

- Expected
+ Received

  [
-   "false",
-   "2026-09-05T12:00:00Z",
+   "No",
+   "Sep 5, 2026, 12:00 PM",
    "Retention policy",
  ]

 ❯ test/product-reality/breadth-export-cells.s187.spec.ts:70:80
     68|       expect(root.getAttribute('data-badge-status')).toBe('false');
     69|     } else if (component === 'ArchiveSummary') {
     70|       expect([...root.querySelectorAll('dd')].map((node) => node.textC…
       |                                                                                ^
     71|     } else if (component === 'CancellationForm') {
     72|       expect(root.querySelector('option[selected]')?.textContent).toBe…

⎯⎯⎯⎯⎯⎯⎯⎯⎯⎯⎯⎯⎯⎯⎯⎯⎯⎯⎯⎯⎯⎯⎯[9/15]⎯

 FAIL  test/product-reality/fresh-composition.s187.spec.ts > Sprint 187 fresh composition binding intent > Product/list keeps naming data and honest controls after the ports
AssertionError: expected undefined to be 'maxActiveFilters' // Object.is equality

- Expected: 
"maxActiveFilters"

+ Received: 
undefined

 ❯ test/product-reality/fresh-composition.s187.spec.ts:56:97
     54|     if (context === 'list') {
     55|       expect(nodes.find((node) => node.component === 'LabelCell')?.pro…
     56|       expect(nodes.find((node) => node.component === 'FilterPanel')?.p…
       |                                                                                                 ^
     57|     } else if (context === 'form') {
     58|       const editor = nodes.find((node) => node.component === 'Classifi…

⎯⎯⎯⎯⎯⎯⎯⎯⎯⎯⎯⎯⎯⎯⎯⎯⎯⎯⎯⎯⎯⎯[10/15]⎯

 FAIL  test/product-reality/fresh-composition.s187.spec.ts > Sprint 187 fresh composition binding intent > Product/form keeps naming data and honest controls after the ports
AssertionError: expected 'import React from \'react\';\nimport …' to contain 'React.ChangeEvent<HTMLSelectElement> …'

- Expected
+ Received

- React.ChangeEvent<HTMLSelectElement> | React.ChangeEvent<HTMLInputElement>
+ import React from 'react';
+ import { Button, Checkbox, ClassificationEditor, FormLabelGroup, Input, Select, Stack, StatusSelector } from '@oods/components-react';
+ import '@oods/component-styles/css';
+
+ export interface GeneratedUIActions {
+   /* @oods-domain-action handleSubmit sha256:40dcacd8dc443bb231a9f4e83cdd8390bbf86979dacc3ed885912064ac94f846 */
+   /* @oods-domain-source sha256:39f1e2024f9e76dc58ee38b1ae09943135d4d3f956ac63b59852fef68c598a99 */
+   handleSubmit: () => void;
+ }
+
+ export interface PageProps {
+   actions: GeneratedUIActions;
+   /** Array of currently applied filter values:
+   - field: string (matches a filter descriptor field)
+   - operator: "eq" | "in" | "range" | "gt" | "lt" | "between"
+   - value: unknown (the selected filter value or values)
+  */
+   activeFilters?: Record<string, unknown>[];
+   /** Materialized list of valid next states from the current status, computed from the
+ transitionRules parameter. When transitionRules is null (open model), this contains
+ all states except the current one. Used by StatusSelector to disable invalid options
+ and by StatusBadge to indicate available paths.
+  */
+   allowedTransitions?: string[];
+   /** Billing cadence when pricing_model indicates recurring revenue. */
+   billingInterval?: string;
+   /** Ordered taxonomy nodes scoped to the object. */
+   categories?: unknown[];
+   /** Operational metadata describing mode, storage model, governance rules, and audit timestamps.
+  */
+   classificationMetadata: unknown;
+   /** Timestamp recording when the entity was first created. */
+   createdAt: string;
+   /** ISO currency code for the unit amount. */
+   currency: string;
+   /** Supporting description used in detail and card contexts. */
+   description?: string;
+   /** Computed count of currently active filters. */
+   filterCount: number;
+   /** Array of available filter descriptors. Each entry defines a filterable dimension:
+   - field: string (the schema field to filter on)
+   - label: string (display label)
+   - type: "select" | "multi-select" | "range" | "boolean" | "date-range"
+   - options: array of { value, label } for select/multi-select types
+  */
+   filters?: Record<string, unknown>[];
+   /** Availability state synchronized with inventory service. */
+   inventoryStatus: 'in_stock' | 'low_stock' | 'backorder' | 'discontinued';
+   /** Human-readable display name rendered in primary surfaces. */
+   label: string;
+   /** Lifecycle event associated with the most recent timestamp mutation. */
+   lastEvent: string;
+   /** Timestamp for the lifecycle event captured in last_event. */
+   lastEventAt?: string;
+   /** Current page number (1-based). */
+   page: number;
+   /** Number of items displayed per page. */
+   pageSize: number;
+   /** Hint copy surfaced in form fields when the label is empty. */
+   placeholder?: string;
+   /** Monetization model applied to the entity. */
+   pricingModel: string;
+   /** Identifier of the canonical taxonomy node. */
+   primaryCategoryId?: string;
+   /** Human-readable breadcrumb path (Electronics > Mobile > Android). */
+   primaryCategoryPath?: string;
+   /** Primary identifier for the product listing. */
+   productId: string;
+   /** Channel describing how the product is released to customers. */
+   releaseChannel: 'alpha' | 'beta' | 'limited' | 'general_availability';
+   /** Indicates whether access to the product requires an active subscription. */
+   requiresSubscription: boolean;
+   /** Whether the search input is currently focused or has a non-empty query. */
+   searchActive?: boolean;
+   /** The current search query string entered by the user. */
+   searchQuery?: string;
+   /** Merchandising SKU exposed to commerce systems. */
+   sku: string;
+   /** Chronological log of state transitions. Each entry records the before/after states,
+ timestamp, and (when governance is enabled) the actor, reason, and transition metadata.
+ Rendered by StatusTimeline in the detail and timeline views.
+
+ Entry structure:
+   - from: string (previous state)
+   - to: string (new state)
+   - timestamp: ISO 8601 datetime
+   - actor_id: string (user/system who triggered the transition, optional)
+   - reason: string (human-readable justification, required when requireTransitionReason is true)
+   - transition_metadata: Record<string, unknown> (arbitrary context, optional)
+  */
+   stateHistory?: unknown[];
+   /** Canonical lifecycle state derived from the states parameter. This is the single source
+ of truth for the entity's current lifecycle position. Consumed by Colorized to resolve
+ visual tokens, and by view extensions to render StatusBadge and StatusTimeline.
+  */
+   status: string;
+   /** Short merchandising description surfaced in marketing contexts. */
+   summaryBlurb?: string;
+   /** SLA tier associated with the product. */
+   supportLevel?: 'standard' | 'premium' | 'enterprise';
+   /** Number of canonical tags assigned to the object. */
+   tagCount?: number;
+   /** Denormalized comma-delimited preview for list renders. */
+   tagPreview?: string;
+   /** Canonical tag collection after synonym collapse. */
+   tags?: unknown[];
+   /** Defines whether taxes are included in the displayed price. */
+   taxBehavior: 'exclusive' | 'inclusive';
+   /** Total number of items across all pages. Used to compute total page count. */
+   totalItems?: number;
+   /** Computed total number of pages (ceil(totalItems / pageSize)). */
+   totalPages?: number;
+   /** Base unit price expressed in the smallest currency denomination. */
+   unitAmountCents: number;
+   /** Timestamp for the most recent modification, when available. */
+   updatedAt?: string;
+ }
+
+ type ButtonProps = React.ComponentPropsWithoutRef<typeof Button>;
+ type CheckboxProps = React.ComponentPropsWithoutRef<typeof Checkbox>;
+ type ClassificationEditorProps = React.ComponentPropsWithoutRef<typeof ClassificationEditor>;
+ type FormLabelGroupProps = React.ComponentPropsWithoutRef<typeof FormLabelGroup>;
+ type InputProps = React.ComponentPropsWithoutRef<typeof Input>;
+ type SelectProps = React.ComponentPropsWithoutRef<typeof Select>;
+ type StackProps = React.ComponentPropsWithoutRef<typeof Stack>;
+ type StatusSelectorProps = React.ComponentPropsWithoutRef<typeof StatusSelector>;
+
+ export const GeneratedUI: React.FC<PageProps> = ({ actions, activeFilters, allowedTransitions, billingInterval, categories, classificationMetadata, createdAt, currency, description, filterCount, filters, inventoryStatus, label, lastEvent, lastEventAt, page, pageSize, placeholder, pricingModel, primaryCategoryId, primaryCategoryPath, productId, releaseChannel, requiresSubscription, searchActive, searchQuery, sku, stateHistory, status, summaryBlurb, supportLevel, tagCount, tagPreview, tags, taxBehavior, totalItems, totalPages, unitAmountCents, updatedAt }) => {
+   if (!actions || !Object.prototype.hasOwnProperty.call(actions, 'handleSubmit') || typeof actions.handleSubmit !== 'function') { throw new Error('GeneratedUI requires actions.handleSubmit.'); }
+
+   const [handleChange_created_atState, setHandleChange_created_atState] = React.useState<string>(String(createdAt ?? ''));
+   /* @oods-local-binding handleChange_created_at */ const handleChange_created_at = (event: React.ChangeEvent<HTMLInputElement>) => { setHandleChange_created_atState(event.currentTarget.value); };
+   const [handleChange_currencyState, setHandleChange_currencyState] = React.useState<string>(String(currency ?? ''));
+   /* @oods-local-binding handleChange_currency */ const handleChange_currency = (event: React.ChangeEvent<HTMLInputElement>) => { setHandleChange_currencyState(event.currentTarget.value); };
+   const [handleChange_filterCountState, setHandleChange_filterCountState] = React.useState<string>(String(filterCount ?? ''));
+   /* @oods-local-binding handleChange_filterCount */ const handleChange_filterCount = (event: React.ChangeEvent<HTMLInputElement>) => { setHandleChange_filterCountState(event.currentTarget.value); };
+   const [handleChange_labelState, setHandleChange_labelState] = React.useState<string>(String(label ?? ''));
+   /* @oods-local-binding handleChange_label */ const handleChange_label = (event: React.ChangeEvent<HTMLInputElement>) => { setHandleChange_labelState(event.currentTarget.value); };
+   const [handleChange_last_eventState, setHandleChange_last_eventState] = React.useState<string>(String(lastEvent ?? ''));
+   /* @oods-local-binding handleChange_last_event */ const handleChange_last_event = (event: React.ChangeEvent<HTMLInputElement>) => { setHandleChange_last_eventState(event.currentTarget.value); };
+   const [handleChange_placeholderState, setHandleChange_placeholderState] = React.useState<string>(String(placeholder ?? ''));
+   /* @oods-local-binding handleChange_placeholder */ const handleChange_placeholder = (event: React.ChangeEvent<HTMLInputElement>) => { setHandleChange_placeholderState(event.currentTarget.value); };
+   const [handleChange_searchActiveState, setHandleChange_searchActiveState] = React.useState<boolean>(searchActive ?? false);
+   /* @oods-local-binding handleChange_searchActive */ const handleChange_searchActive = (event: React.ChangeEvent<HTMLInputElement>) => { setHandleChange_searchActiveState(event.currentTarget.checked); };
+   const [handleChange_statusState, setHandleChange_statusState] = React.useState<string>(String(status ?? ''));
+   /* @oods-local-binding handleChange_status */ const handleChange_status = (event: React.ChangeEvent<HTMLSelectElement>) => { setHandleChange_statusState(event.currentTarget.value); };
+   const [handleChange_tax_behaviorState, setHandleChange_tax_behaviorState] = React.useState<string>(String(taxBehavior ?? ''));
+   /* @oods-local-binding handleChange_tax_behavior */ const handleChange_tax_behavior = (event: React.ChangeEvent<HTMLSelectElement>) => { setHandleChange_tax_behaviorState(event.currentTarget.value); };
+   /* @oods-domain-binding handleSubmit */ const handleSubmit = () => { actions.handleSubmit(); };
+
+   return (
+     <>
+       <Stack id="screen-form-11" data-oods-component="Stack" data-layout="stack" style={{ display: 'flex', flexDirection: 'column', gap: 'var(--ref-space-cluster-default)', padding: 'var(--ref-space-inset-default)' }}>
+             <Stack id="form-title-1" data-oods-component="Stack" data-layout="stack" style={{ display: 'flex', flexDirection: 'column', gap: 'var(--ref-space-cluster-default)' }}>
+                     <FormLabelGroup id="ve-title-26" data-oods-component="FormLabelGroup" label={label} description={description} placeholder={placeholder} />
+                     <StatusSelector id="ve-title-27" data-oods-component="StatusSelector" help="Canonical lifecycle state derived from the states parameter. This is the single source&#10;of truth for the entity's current lifecycle position. Consumed by Colorized to resolve&#10;visual tokens, and by view extensions to render StatusBadge and StatusTimeline.&#10;" label="Status" value={handleChange_statusState} onChange={handleChange_status} />
+                   </Stack>
+             <Stack id="form-fields-8" data-oods-component="Stack" data-layout="stack" style={{ display: 'flex', flexDirection: 'column', gap: 'var(--ref-space-cluster-default)' }}>
+                     <Stack id="form-field-group-2" data-oods-component="Stack" data-layout="stack" style={{ display: 'flex', flexDirection: 'column', gap: 'var(--ref-space-cluster-tight)' }}>
+                               <ClassificationEditor id="slot-field-0-3" data-oods-component="ClassificationEditor" label="Description" description={description} />
+                             </Stack>
+                     <Stack id="form-field-group-4" data-oods-component="Stack" data-layout="stack" style={{ display: 'flex', flexDirection: 'column', gap: 'var(--ref-space-cluster-tight)' }} />
+                     <Stack id="form-field-group-6" data-oods-component="Stack" data-layout="stack" style={{ display: 'flex', flexDirection: 'column', gap: 'var(--ref-space-cluster-tight)' }}>
+                               <Input id="slot-field-2-7" data-oods-component="Input" help="Timestamp recording when the entity was first created." label="Created at" placeholder="Timestamp recording when the entity was first created." required type="datetime-local" value={handleChange_created_atState} onChange={handleChange_created_at} />
+                             </Stack>
+                     <Stack id="form-field-group-12" data-oods-component="Stack" data-layout="stack" style={{ display: 'flex', flexDirection: 'column', gap: 'var(--ref-space-cluster-tight)' }}>
+                               <Input id="slot-field-3-13" data-oods-component="Input" help="ISO currency code for the unit amount." label="Currency" placeholder="Enter currency" required value={handleChange_currencyState} onChange={handleChange_currency} />
+                             </Stack>
+                     <Stack id="form-field-group-14" data-oods-component="Stack" data-layout="stack" style={{ display: 'flex', flexDirection: 'column', gap: 'var(--ref-space-cluster-tight)' }}>
+                               <Select id="slot-field-4-15" data-oods-component="Select" help="Defines whether taxes are included in the displayed price." label="Tax behavior" options={[{"value":"exclusive","label":"exclusive"},{"value":"inclusive","label":"inclusive"}]} placeholder="Enter tax behavior" required value={handleChange_tax_behaviorState} onChange={handleChange_tax_behavior} />
+                             </Stack>
+                     <Stack id="form-field-group-16" data-oods-component="Stack" data-layout="stack" style={{ display: 'flex', flexDirection: 'column', gap: 'var(--ref-space-cluster-tight)' }}>
+                               <Checkbox id="slot-field-5-17" data-oods-component="Checkbox" help="Whether the search input is currently focused or has a non-empty query." label="Search Active" checked={handleChange_searchActiveState} onChange={handleChange_searchActive} />
+                             </Stack>
+                     <Stack id="form-field-group-18" data-oods-component="Stack" data-layout="stack" style={{ display: 'flex', flexDirection: 'column', gap: 'var(--ref-space-cluster-tight)' }}>
+                               <Input id="slot-field-6-19" data-oods-component="Input" help="Computed count of currently active filters." label="Filter Count" placeholder="Enter filterCount" required type="number" value={handleChange_filterCountState} onChange={handleChange_filterCount} />
+                             </Stack>
+                     <Stack id="form-field-group-20" data-oods-component="Stack" data-layout="stack" style={{ display: 'flex', flexDirection: 'column', gap: 'var(--ref-space-cluster-tight)' }}>
+                               <Input id="slot-field-7-21" data-oods-component="Input" help="Human-readable display name rendered in primary surfaces." label="Label" placeholder="Enter label" required value={handleChange_labelState} onChange={handleChange_label} />
+                             </Stack>
+                     <Stack id="form-field-group-22" data-oods-component="Stack" data-layout="stack" style={{ display: 'flex', flexDirection: 'column', gap: 'var(--ref-space-cluster-tight)' }}>
+                               <Input id="slot-field-8-23" data-oods-component="Input" help="Hint copy surfaced in form fields when the label is empty." label="Placeholder" placeholder="Enter placeholder" value={handleChange_placeholderState} onChange={handleChange_placeholder} />
+                             </Stack>
+                     <Stack id="form-field-group-24" data-oods-component="Stack" data-layout="stack" style={{ display: 'flex', flexDirection: 'column', gap: 'var(--ref-space-cluster-tight)' }}>
+                               <Input id="slot-field-9-25" data-oods-component="Input" help="Lifecycle event associated with the most recent timestamp mutation." label="Last event" placeholder="Enter last event" required value={handleChange_last_eventState} onChange={handleChange_last_event} />
+                             </Stack>
+                   </Stack>
+             <Stack id="form-actions-9" data-oods-component="Stack" data-layout="inline" style={{ display: 'flex', flexDirection: 'row', justifyContent: 'flex-end', padding: 'var(--ref-space-inset-default)' }}>
+                     <Button id="form-submit-10" data-oods-component="Button" content="Save" type="submit" />
+                   </Stack>
+           </Stack>
+     </>
+   );
+ };
+

 ❯ test/product-reality/fresh-composition.s187.spec.ts:70:59
     68|       if (context === 'form') {
     69|         expect(generated.code).toMatch(/description=\{description\}|:d…
     70|         if (framework === 'react') expect(generated.code).toContain('R…
       |                                                           ^
     71|       }
     72|     }

⎯⎯⎯⎯⎯⎯⎯⎯⎯⎯⎯⎯⎯⎯⎯⎯⎯⎯⎯⎯⎯⎯[11/15]⎯

 FAIL  test/product-reality/fresh-composition.s187.spec.ts > Sprint 187 fresh composition binding intent > Subscription/form preserves lifecycle data and disclosed directives
AssertionError: expected 'Consumer cancellation reason code' to be 'budget' // Object.is equality

Expected: "budget"
Received: "Consumer cancellation reason code"

 ❯ test/product-reality/fresh-composition.s187.spec.ts:102:66
    100|       expect(form.props).toMatchObject({ reasonField: 'cancellation_re…
    101|       expect(form.bindings).toBeUndefined();
    102|       expect(deriveConsumerModel(schema).cancellationReasonCode).toBe(…
       |                                                                  ^
    103|     }
    104|     if (context === 'card') {

⎯⎯⎯⎯⎯⎯⎯⎯⎯⎯⎯⎯⎯⎯⎯⎯⎯⎯⎯⎯⎯⎯[12/15]⎯

 FAIL  test/product-reality/fresh-composition.s187.spec.ts > Sprint 187 fresh composition binding intent > renders real typed zero/nonzero and false/true in generated react
AssertionError: AssertionError [ERR_ASSERTION]: a typed value must actually be exercised
    at /Users/systemsystems/.codex/worktrees/s189/OODS-Forge/packages/components-react/.cache/s187-values-wfZpCk/render.cjs:17:12
    at Object.<anonymous> (/Users/systemsystems/.codex/worktrees/s189/OODS-Forge/packages/components-react/.cache/s187-values-wfZpCk/render.cjs:27:3)
    at Module._compile (node:internal/modules/cjs/loader:1738:14)
    at Object..js (node:internal/modules/cjs/loader:1871:10)
    at Module.load (node:internal/modules/cjs/loader:1470:32)
    at Module._load (node:internal/modules/cjs/loader:1290:12)
    at TracingChannel.traceSync (node:diagnostics_channel:322:14)
    at wrapModuleLoad (node:internal/modules/cjs/loader:238:24)
    at Module.executeUserEntryPoint [as runMain] (node:internal/modules/run_main:154:5)
    at node:internal/main/run_main_module:33:47 {
  generatedMessage: false,
  code: 'ERR_ASSERTION',
  actual: 0,
  expected: true,
  operator: '==',
  diff: 'simple'
}
: expected 1 to be +0 // Object.is equality

- Expected
+ Received

- 0
+ 1

 ❯ ../components-react/.cache/s187-values-wfZpCk/render.cjs:17:12
 ❯ Object.<anonymous> ../components-react/.cache/s187-values-wfZpCk/render.cjs:27:3
 ❯ test/product-reality/fresh-composition.s187.spec.ts:228:50
    226| `);
    227|         const rendered = spawnSync('node', [path.join(directory, 'rend…
    228|         expect(rendered.status, rendered.stderr).toBe(0);
       |                                                  ^
    229|       } finally { rmSync(directory, { recursive: true, force: true });…
    230|     }

⎯⎯⎯⎯⎯⎯⎯⎯⎯⎯⎯⎯⎯⎯⎯⎯⎯⎯⎯⎯⎯⎯[13/15]⎯

 FAIL  test/product-reality/fresh-composition.s187.spec.ts > Sprint 187 fresh composition binding intent > renders real typed zero/nonzero and false/true in generated vue
AssertionError: AssertionError [ERR_ASSERTION]: a typed value must actually be exercised
    at /Users/systemsystems/.codex/worktrees/s189/OODS-Forge/packages/components-vue/.cache/s187-values-eE6oM4/render.cjs:17:12 {
  generatedMessage: false,
  code: 'ERR_ASSERTION',
  actual: 0,
  expected: true,
  operator: '==',
  diff: 'simple'
}
: expected 1 to be +0 // Object.is equality

- Expected
+ Received

- 0
+ 1

 ❯ test/product-reality/fresh-composition.s187.spec.ts:228:50
    226| `);
    227|         const rendered = spawnSync('node', [path.join(directory, 'rend…
    228|         expect(rendered.status, rendered.stderr).toBe(0);
       |                                                  ^
    229|       } finally { rmSync(directory, { recursive: true, force: true });…
    230|     }

⎯⎯⎯⎯⎯⎯⎯⎯⎯⎯⎯⎯⎯⎯⎯⎯⎯⎯⎯⎯⎯⎯[14/15]⎯

 FAIL  test/product-reality/ported-mutation-matrix.s184.spec.ts > Sprint 184 m04 ported export mutation evidence > reproduces the checked-in canonical report, log, and checksums byte for byte
AssertionError: expected '{\n  "schemaVersion": "1.0.0",\n  "mi…' to be '{\n  "schemaVersion": "1.0.0",\n  "mi…' // Object.is equality

- Expected
+ Received

@@ -38,12 +38,12 @@
        "targetComponent": "AuditTimeline",
        "targetFramework": "react",
        "sourcePath": "packages/components-react/src/ported.tsx",
        "operation": "export const AuditTimeline -> const AuditTimeline",
        "replacementCount": 1,
-       "sourceSha256Before": "07db9496dc72e2d27d28f1dc9040bde53d4872b37d7fd044cc1c9ea682a5f726",
-       "virtualSourceSha256After": "eba406d69b352e725d7d51fa71852bee21c9a8776330cafbee38b4abc5b3af9e",
+       "sourceSha256Before": "c1e65586e42ee619077ba57b20f9047c5e4c367ba79802f9a4bb66e1e40d5b9e",
+       "virtualSourceSha256After": "a06bee63c03a19b5c6bc24f1e1c8cc0c3757c93211b987bb2dc88483669fdb8a",
        "observations": [
          {
            "cell": "react/AuditTimeline",
            "component": "AuditTimeline",
            "framework": "react",
@@ -261,12 +261,12 @@
        "targetComponent": "CancellationSummary",
        "targetFramework": "react",
        "sourcePath": "packages/components-react/src/ported.tsx",
        "operation": "export const CancellationSummary -> const CancellationSummary",
        "replacementCount": 1,
-       "sourceSha256Before": "07db9496dc72e2d27d28f1dc9040bde53d4872b37d7fd044cc1c9ea682a5f726",
-       "virtualSourceSha256After": "7862ed50fc9cac53e26eadceda3943dcd013f20494bb7dd3c1061565e8d28446",
+       "sourceSha256Before": "c1e65586e42ee619077ba57b20f9047c5e4c367ba79802f9a4bb66e1e40d5b9e",
+       "virtualSourceSha256After": "cdcc63ec808cd20638875a70de104c7098dcf7481724f6eee955ed478c987601",
        "observations": [
          {
            "cell": "react/AuditTimeline",
            "component": "AuditTimeline",
            "framework": "react",
@@ -484,12 +484,12 @@
        "targetComponent": "PaginationBar",
        "targetFramework": "react",
        "sourcePath": "packages/components-react/src/ported.tsx",
        "operation": "export const PaginationBar -> const PaginationBar",
        "replacementCount": 1,
-       "sourceSha256Before": "07db9496dc72e2d27d28f1dc9040bde53d4872b37d7fd044cc1c9ea682a5f726",
-       "virtualSourceSha256After": "bc00b451f8300d7a1a73ea7512105df184919f4357bb502fae09dd6d0d91f3cc",
+       "sourceSha256Before": "c1e65586e42ee619077ba57b20f9047c5e4c367ba79802f9a4bb66e1e40d5b9e",
+       "virtualSourceSha256After": "6d56ca8199f72f07fbb76a6864761be616b74f8cd847e465479270c9d11f0df1",
        "observations": [
          {
            "cell": "react/AuditTimeline",
            "component": "AuditTimeline",
            "framework": "react",
@@ -707,12 +707,12 @@
        "targetComponent": "PriceBadge",
        "targetFramework": "react",
        "sourcePath": "packages/components-react/src/ported.tsx",
        "operation": "export const PriceBadge -> const PriceBadge",
        "replacementCount": 1,
-       "sourceSha256Before": "07db9496dc72e2d27d28f1dc9040bde53d4872b37d7fd044cc1c9ea682a5f726",
-       "virtualSourceSha256After": "4f337ec6e7e3b875f2e23377904ae70361d1ebb911af60a7baeba3e7a3f75f05",
+       "sourceSha256Before": "c1e65586e42ee619077ba57b20f9047c5e4c367ba79802f9a4bb66e1e40d5b9e",
+       "virtualSourceSha256After": "955737864f5c3d3f8765bab3bf0a6e95048c03f5c2f8b455f40a1ff7c13a0f0e",
        "observations": [
          {
            "cell": "react/AuditTimeline",
            "component": "AuditTimeline",
            "framework": "react",
@@ -930,12 +930,12 @@
        "targetComponent": "RelativeTimestamp",
        "targetFramework": "react",
        "sourcePath": "packages/components-react/src/ported.tsx",
        "operation": "export const RelativeTimestamp -> const RelativeTimestamp",
        "replacementCount": 1,
-       "sourceSha256Before": "07db9496dc72e2d27d28f1dc9040bde53d4872b37d7fd044cc1c9ea682a5f726",
-       "virtualSourceSha256After": "7cd3d49f285d65c23afc173d8c57b5701738acfab0bf6a3b26922778a9be19ff",
+       "sourceSha256Before": "c1e65586e42ee619077ba57b20f9047c5e4c367ba79802f9a4bb66e1e40d5b9e",
+       "virtualSourceSha256After": "5b13c428ca85a73c61feb396226583a319aa31d5b68b30fd7bb86fd936c654a7",
        "observations": [
          {
            "cell": "react/AuditTimeline",
            "component": "AuditTimeline",
            "framework": "react",
@@ -1153,12 +1153,12 @@
        "targetComponent": "SearchInput",
        "targetFramework": "react",
        "sourcePath": "packages/components-react/src/ported.tsx",
        "operation": "export const SearchInput -> const SearchInput",
        "replacementCount": 1,
-       "sourceSha256Before": "07db9496dc72e2d27d28f1dc9040bde53d4872b37d7fd044cc1c9ea682a5f726",
-       "virtualSourceSha256After": "cc10d2892c707708132191ffdf0cbe6d9e0b345377473d1d2aeda1b569db7378",
+       "sourceSha256Before": "c1e65586e42ee619077ba57b20f9047c5e4c367ba79802f9a4bb66e1e40d5b9e",
+       "virtualSourceSha256After": "735c56b917ee0ed27fa4f94f9211de523cf985cf72cc991cbaefe41b3ae4b7b1",
        "observations": [
          {
            "cell": "react/AuditTimeline",
            "component": "AuditTimeline",
            "framework": "react",
@@ -1376,12 +1376,12 @@
        "targetComponent": "StatusBadge",
        "targetFramework": "react",
        "sourcePath": "packages/components-react/src/ported.tsx",
        "operation": "export const StatusBadge -> const StatusBadge",
        "replacementCount": 1,
-       "sourceSha256Before": "07db9496dc72e2d27d28f1dc9040bde53d4872b37d7fd044cc1c9ea682a5f726",
-       "virtualSourceSha256After": "a84206f5304d8cb0818c2662f0e64ab45efc15b554d901c66d74fc2314ea7b0d",
+       "sourceSha256Before": "c1e65586e42ee619077ba57b20f9047c5e4c367ba79802f9a4bb66e1e40d5b9e",
+       "virtualSourceSha256After": "7bb9b163ff149eef8e501ee65168f22826c2259cd64f021f748f073e38ec1ef5",
        "observations": [
          {
            "cell": "react/AuditTimeline",
            "component": "AuditTimeline",
            "framework": "react",
@@ -1599,12 +1599,12 @@
        "targetComponent": "StatusTimeline",
        "targetFramework": "react",
        "sourcePath": "packages/components-react/src/ported.tsx",
        "operation": "export const StatusTimeline -> const StatusTimeline",
        "replacementCount": 1,
-       "sourceSha256Before": "07db9496dc72e2d27d28f1dc9040bde53d4872b37d7fd044cc1c9ea682a5f726",
-       "virtualSourceSha256After": "613a5b0a0e547cbf78f231abb1a0bcf9746c40a1d4d4c72f811624703a3b3cf6",
+       "sourceSha256Before": "c1e65586e42ee619077ba57b20f9047c5e4c367ba79802f9a4bb66e1e40d5b9e",
+       "virtualSourceSha256After": "595c4b619a3663c91b1dc6d96c43f4adc0dac1dcbd3d6b6ae82cc19c74029d06",
        "observations": [
          {
            "cell": "react/AuditTimeline",
            "component": "AuditTimeline",
            "framework": "react",
@@ -1822,12 +1822,12 @@
        "targetComponent": "AuditTimeline",
        "targetFramework": "vue",
        "sourcePath": "packages/components-vue/src/ported.ts",
        "operation": "export const AuditTimeline -> const AuditTimeline",
        "replacementCount": 1,
-       "sourceSha256Before": "4fd67fcd9e95812dde6ce1bb0357fdb027af55f6276c16a6939121e2dede2d1d",
-       "virtualSourceSha256After": "428e68adb64bc8038bf0850ed2e3ed575b49c43d8e7d26a32617d145d1b49e91",
+       "sourceSha256Before": "6139d93d3371072f815dc8d57939c69d02bc8d904bec571f7f3e11fecfd06086",
+       "virtualSourceSha256After": "45633f709a86edd2d50ca251513aea4fe4bbe019491406667c2a49e38565da28",
        "observations": [
          {
            "cell": "react/AuditTimeline",
            "component": "AuditTimeline",
            "framework": "react",
@@ -2045,12 +2045,12 @@
        "targetComponent": "CancellationSummary",
        "targetFramework": "vue",
        "sourcePath": "packages/components-vue/src/ported.ts",
        "operation": "export const CancellationSummary -> const CancellationSummary",
        "replacementCount": 1,
-       "sourceSha256Before": "4fd67fcd9e95812dde6ce1bb0357fdb027af55f6276c16a6939121e2dede2d1d",
-       "virtualSourceSha256After": "10e3a0dd9061aef74df3db694cad52adee595247f57ddc067d3c45c72a04d36b",
+       "sourceSha256Before": "6139d93d3371072f815dc8d57939c69d02bc8d904bec571f7f3e11fecfd06086",
+       "virtualSourceSha256After": "79f416cc6417895e06e8ae669f7afec4537f525fa508da95ded9d28758639c48",
        "observations": [
          {
            "cell": "react/AuditTimeline",
            "component": "AuditTimeline",
            "framework": "react",
@@ -2268,12 +2268,12 @@
        "targetComponent": "PaginationBar",
        "targetFramework": "vue",
        "sourcePath": "packages/components-vue/src/ported.ts",
        "operation": "export const PaginationBar -> const PaginationBar",
        "replacementCount": 1,
-       "sourceSha256Before": "4fd67fcd9e95812dde6ce1bb0357fdb027af55f6276c16a6939121e2dede2d1d",
-       "virtualSourceSha256After": "2720803f75b140bdccf73b3124c9bf3fa3a3d61a66665c50e74075dadcbe622e",
+       "sourceSha256Before": "6139d93d3371072f815dc8d57939c69d02bc8d904bec571f7f3e11fecfd06086",
+       "virtualSourceSha256After": "4091042334b516709fe3cac7fc49b516ec8f5733c9f0ea5e227d41c97fc3ac70",
        "observations": [
          {
            "cell": "react/AuditTimeline",
            "component": "AuditTimeline",
            "framework": "react",
@@ -2491,12 +2491,12 @@
        "targetComponent": "PriceBadge",
        "targetFramework": "vue",
        "sourcePath": "packages/components-vue/src/ported.ts",
        "operation": "export const PriceBadge -> const PriceBadge",
        "replacementCount": 1,
-       "sourceSha256Before": "4fd67fcd9e95812dde6ce1bb0357fdb027af55f6276c16a6939121e2dede2d1d",
-       "virtualSourceSha256After": "399ddae2d5428f3102b6eccf2f08843e19b33b727ea18881154a24dfff395278",
+       "sourceSha256Before": "6139d93d3371072f815dc8d57939c69d02bc8d904bec571f7f3e11fecfd06086",
+       "virtualSourceSha256After": "929d7f784b23d1d927ad6c667fde43cee809fd6c54f8ca223adc7a8b225eeb09",
        "observations": [
          {
            "cell": "react/AuditTimeline",
            "component": "AuditTimeline",
            "framework": "react",
@@ -2714,12 +2714,12 @@
        "targetComponent": "RelativeTimestamp",
        "targetFramework": "vue",
        "sourcePath": "packages/components-vue/src/ported.ts",
        "operation": "export const RelativeTimestamp -> const RelativeTimestamp",
        "replacementCount": 1,
-       "sourceSha256Before": "4fd67fcd9e95812dde6ce1bb0357fdb027af55f6276c16a6939121e2dede2d1d",
-       "virtualSourceSha256After": "6aef9b2c3115c7c1725016bfef54f098f89cfbaabb43439933e61e57379b26d3",
+       "sourceSha256Before": "6139d93d3371072f815dc8d57939c69d02bc8d904bec571f7f3e11fecfd06086",
+       "virtualSourceSha256After": "807207427f88107d2afc3104e8e649d30d4c17fad61ea9e2838476608a232579",
        "observations": [
          {
            "cell": "react/AuditTimeline",
            "component": "AuditTimeline",
            "framework": "react",
@@ -2937,12 +2937,12 @@
        "targetComponent": "SearchInput",
        "targetFramework": "vue",
        "sourcePath": "packages/components-vue/src/ported.ts",
        "operation": "export const SearchInput -> const SearchInput",
        "replacementCount": 1,
-       "sourceSha256Before": "4fd67fcd9e95812dde6ce1bb0357fdb027af55f6276c16a6939121e2dede2d1d",
-       "virtualSourceSha256After": "a20f505db6349f6e870cdb4c78dd2478d97c4afdcd2dc31ca3dfcf2589ffc418",
+       "sourceSha256Before": "6139d93d3371072f815dc8d57939c69d02bc8d904bec571f7f3e11fecfd06086",
+       "virtualSourceSha256After": "9583b7fbd4d9b4821c90e12763cad00307988540ab2aac769d7654132d3f9afa",
        "observations": [
          {
            "cell": "react/AuditTimeline",
            "component": "AuditTimeline",
            "framework": "react",
@@ -3160,12 +3160,12 @@
        "targetComponent": "StatusBadge",
        "targetFramework": "vue",
        "sourcePath": "packages/components-vue/src/ported.ts",
        "operation": "export const StatusBadge -> const StatusBadge",
        "replacementCount": 1,
-       "sourceSha256Before": "4fd67fcd9e95812dde6ce1bb0357fdb027af55f6276c16a6939121e2dede2d1d",
-       "virtualSourceSha256After": "c07a23f23f084db42d59002f0384810f601865e1d53ec1794e18ce240dc4cf9a",
+       "sourceSha256Before": "6139d93d3371072f815dc8d57939c69d02bc8d904bec571f7f3e11fecfd06086",
+       "virtualSourceSha256After": "e441e709972dc31134769e3215ae99f1fe3c90c5ba2192c9c6baaf54cec546ab",
        "observations": [
          {
            "cell": "react/AuditTimeline",
            "component": "AuditTimeline",
            "framework": "react",
@@ -3383,12 +3383,12 @@
        "targetComponent": "StatusTimeline",
        "targetFramework": "vue",
        "sourcePath": "packages/components-vue/src/ported.ts",
        "operation": "export const StatusTimeline -> const StatusTimeline",
        "replacementCount": 1,
-       "sourceSha256Before": "4fd67fcd9e95812dde6ce1bb0357fdb027af55f6276c16a6939121e2dede2d1d",
-       "virtualSourceSha256After": "b46efe4a3a6c73f8ba81cfdfaf2c6b8026e16aeccec306b9890c31c00d14cb79",
+       "sourceSha256Before": "6139d93d3371072f815dc8d57939c69d02bc8d904bec571f7f3e11fecfd06086",
+       "virtualSourceSha256After": "110f2678ca4884551e4e3a6bdcb7820a5be29e2606eafdc18f0bd646baba4211",
        "observations": [
          {
            "cell": "react/AuditTimeline",
            "component": "AuditTimeline",
            "framework": "react",
@@ -3816,18 +3816,18 @@
      ],
      "redCells": [],
      "sourceSha256BeforeAndAfter": {
        "react": {
          "path": "packages/components-react/src/ported.tsx",
-         "before": "07db9496dc72e2d27d28f1dc9040bde53d4872b37d7fd044cc1c9ea682a5f726",
-         "after": "07db9496dc72e2d27d28f1dc9040bde53d4872b37d7fd044cc1c9ea682a5f726",
+         "before": "c1e65586e42ee619077ba57b20f9047c5e4c367ba79802f9a4bb66e1e40d5b9e",
+         "after": "c1e65586e42ee619077ba57b20f9047c5e4c367ba79802f9a4bb66e1e40d5b9e",
          "unchanged": true
        },
        "vue": {
          "path": "packages/components-vue/src/ported.ts",
-         "before": "4fd67fcd9e95812dde6ce1bb0357fdb027af55f6276c16a6939121e2dede2d1d",
-         "after": "4fd67fcd9e95812dde6ce1bb0357fdb027af55f6276c16a6939121e2dede2d1d",
+         "before": "6139d93d3371072f815dc8d57939c69d02bc8d904bec571f7f3e11fecfd06086",
+         "after": "6139d93d3371072f815dc8d57939c69d02bc8d904bec571f7f3e11fecfd06086",
          "unchanged": true
        }
      },
      "allCellsGreen": true,
      "status": "passed"

 ❯ test/product-reality/ported-mutation-matrix.s184.spec.ts:128:8
    126|     const logContents = formatPortedMutationMatrixLog(report);
    127|     expect(readFileSync(path.join(MUTATION_EVIDENCE_DIRECTORY, 'mutati…
    128|       .toBe(reportContents);
       |        ^
    129|     expect(readFileSync(path.join(MUTATION_EVIDENCE_DIRECTORY, 'mutati…
    130|       .toBe(logContents);

⎯⎯⎯⎯⎯⎯⎯⎯⎯⎯⎯⎯⎯⎯⎯⎯⎯⎯⎯⎯⎯⎯[15/15]⎯

