$ pnpm --filter @oods/mcp-server exec vitest run --reporter=default --reporter=json --outputFile=/var/folders/gd/rty3217130vdbr9_q713nvg80000gn/T/oods-s185-m01-baseline-LzuOjB/run-1-mcp-server.json
exitCode=1
startedAt=2026-09-12T00:32:06.828Z
endedAt=2026-09-12T00:45:51.643Z
durationMs=824807.140
[stdout]

 RUN  v3.2.4 /Users/systemsystems/.codex/worktrees/s195/OODS-Forge/packages/mcp-server

 ✓ src/tools/dashboard.render.test.ts (58 tests) 664ms
   ✓ dashboard.render — output.html export (sprint-115 m03) > composes a self-contained, AJV-valid HTML document when output.html=true  440ms
 ✓ test/tools/artifact.certify.spec.ts (72 tests) 699ms
 ✓ src/render/component-map.test.ts (114 tests) 38ms
 ✓ src/tools/viz.render.test.ts (113 tests) 48ms
 ✓ src/tools/__tests__/pipeline.test.ts (57 tests) 29ms
 ✓ test/product-reality/validation-profiles.s183.spec.ts (73 tests) 211ms
 ✓ test/codegen/cross-framework-parity.spec.ts (50 tests) 3150ms
   ✓ Sprint 182 bounded framework normalization > lowers Tabs child panel subtrees onto each target panel surface  691ms
   ✓ Sprint 182 bounded framework normalization > preserves normalized Card body and active state when deriving Tabs items  408ms
   ✓ Sprint 182 bounded framework normalization > binds Badge and Button fields through their supported content prop  386ms
   ✓ Sprint 182 bounded framework normalization > escapes React scalar props, ids, styles, and comments as source data  345ms
   ✓ Sprint 182 bounded framework normalization > preserves Text and Input field bindings inside section wrappers  417ms
   ✓ Sprint 182 bounded framework normalization > binds DatePicker, Textarea, and Checkbox through target-supported values  356ms
 ✓ test/product-reality/closeout.s184.spec.ts (10 tests) 11754ms
   ✓ Sprint 184 M07 closeout accounting > accounts for added and removed suite files and independently audits every claim  1272ms
   ✓ Sprint 184 M07 closeout accounting > rejects CMOS text drift and any frozen evidence path that is missing  1292ms
   ✓ Sprint 184 M07 closeout accounting > rejects a handoff whose frozen CMOS source does not leave the sprint Active  376ms
   ✓ Sprint 184 M07 closeout accounting > rejects an execution rolled up under two rows  709ms
   ✓ Sprint 184 M07 closeout accounting > rejects malformed frozen reconnect evidence despite a passed criterion 7 manifest status  1283ms
   ✓ Sprint 184 M07 closeout accounting > rejects criterion 7 when its execution does not bind the frozen reconnect inputs  668ms
   ✓ Sprint 184 M07 closeout accounting > counts only proven claim rows in the headline  1386ms
   ✓ Sprint 184 M07 closeout accounting > accepts collection-only populations only when they reconcile to executed historical totals  1916ms
   ✓ Sprint 184 M07 closeout accounting > attributes historical added and removed rows to Sprint 183 missions  1060ms
   ✓ Sprint 184 M07 closeout accounting > uses frozen commit bytes rather than mutable working-tree bytes  1791ms
 ✓ src/tools/dashboard.render.measure-depth.test.ts (33 tests) 26ms
 ✓ src/codegen/artifact-envelope.test.ts (26 tests) 97ms
 ✓ test/product-reality/closeout.s183.spec.ts (7 tests) 1052ms
   ✓ Sprint 183 M06 deterministic closeout > turns a missing gate result and a tampered gate log red  344ms
 ✓ test/a11y/a11y.contract.spec.ts (20 tests) 35ms
 ✓ test/compose/field-patterns.spec.ts (31 tests) 11ms
 ✓ test/compose/design-compose.spec.ts (48 tests) 655ms
 ✓ test/contracts/portable-boundary.s181.spec.ts (11 tests) 3988ms
   ✓ s181 portable-runtime publish boundary > B-12 starts from dist plus package metadata only and answers degraded health without planning data  742ms
   ✓ s181 portable-runtime publish boundary > s195 serves null viz with a warning when shipped viz-taxonomy.v1.json is absent  580ms
   ✓ s181 portable-runtime publish boundary > s195 serves null viz with a warning when shipped viz-classification.v1.json is absent  638ms
   ✓ s181 portable-runtime publish boundary > s195 serves null viz with a warning when shipped viz-patterns.v1.json is absent  552ms
   ✓ s181 portable-runtime publish boundary > s195 serves the same generated viz summary through the staged MCP adapter  726ms
   ✓ s181 portable-runtime publish boundary > B-12 proves the relocated schema is load-bearing by deleting it from the staged dist  606ms
 ✓ src/codegen/binding-utils.s183.test.ts (11 tests) 5ms
 ✓ src/stage1/capability-normalizer.test.ts (14 tests) 13ms
 ✓ test/sprint68-behavioral-traits.spec.ts (62 tests) 606ms
 ✓ test/compose/component-selector.spec.ts (56 tests) 116ms
 ✓ test/compose/object-aware-compose.spec.ts (26 tests) 312ms
 ✓ src/codegen/apply-summary-emitter.test.ts (22 tests) 4ms
 ✓ src/codegen/review-emitter.test.ts (43 tests) 6ms
 ✓ test/product-reality/chart-placement-codegen.s195.spec.ts (25 tests) 15016ms
   ✓ declared charts use actual records and public SVG (s195-m06) > Invoice detail html carries authored rows and unchanged public pixels  381ms
   ✓ declared charts use actual records and public SVG (s195-m06) > Invoice detail react carries authored rows and unchanged public pixels  670ms
   ✓ declared charts use actual records and public SVG (s195-m06) > Invoice detail vue carries authored rows and unchanged public pixels  932ms
   ✓ declared charts use actual records and public SVG (s195-m06) > Invoice workflow react keys static SVG to real seeded records  1703ms
   ✓ declared charts use actual records and public SVG (s195-m06) > Invoice workflow vue keys static SVG to real seeded records  3950ms
   ✓ declared charts use actual records and public SVG (s195-m06) > Usage detail react carries authored rows and unchanged public pixels  562ms
   ✓ declared charts use actual records and public SVG (s195-m06) > Usage detail vue carries authored rows and unchanged public pixels  890ms
   ✓ declared charts use actual records and public SVG (s195-m06) > Usage workflow react keys static SVG to real seeded records  1672ms
   ✓ declared charts use actual records and public SVG (s195-m06) > Usage workflow vue keys static SVG to real seeded records  4056ms
 ✓ test/contracts/viz-recipes.s190.spec.ts (3 tests) 3350ms
   ✓ one executable visualization registry (s190 m05) > the exported registry equals every live census cell after canonicalization  3344ms
 ✓ test/product-reality/closeout-producer.s195.spec.ts (32 tests) 5580ms
   ✓ Sprint195 producer manifest contract > derives28 literal claims with fresh-proof source shapes and preserves all recorded limits  1363ms
   ✓ Sprint195 producer manifest contract > rejects duplicate criterion bindings and unrecorded decision qualifications  2524ms
 ✓ test/product-reality/high-contrast.s195.spec.ts (22 tests) 1664ms
   ✓ HC scope at the public wire (s195-m05) > 'bar' measures the actual HC renderer and certification  343ms
   ✓ HC scope at the public wire (s195-m05) > 'treemap' measures the actual HC renderer and certification  418ms
 ✓ test/contracts/catalog.list.spec.ts (30 tests) 1021ms
 ✓ test/product-reality/closeout-audit.s195.spec.ts (28 tests) 3252ms
   ✓ Sprint 195 independent closeout predicates reject false greens > keeps palette historical after hashes qualified at m05 rather than mutable current source  1962ms
   ✓ Sprint 195 independent closeout predicates reject false greens > binds all28 literal criteria and their evidence to existing executions  841ms
 ✓ test/contracts/viz-pattern-registry.s195.spec.ts (19 tests) 1563ms
   ✓ the generated pattern registry retains exact source identity and public pixel evidence (s195 m03) > remeasures all supported scopes and every authoring-only rejection through the real handlers  966ms
   ✓ the generated pattern registry retains exact source identity and public pixel evidence (s195 m03) > reproduces registry and documentation from frozen observations with --check  480ms
 ✓ test/contracts/stage1-integration.spec.ts (32 tests) 142ms
 ✓ test/product-reality/suite-accounting.s185.spec.ts (20 tests) 1154ms
   ✓ Sprint 185 four-suite accounting counts executions and explains population movement > derives valid accounting across primary baselines, an immutable failed initial attempt and one distinct final four-suite capture  501ms
   ✓ Sprint 185 four-suite accounting counts executions and explains population movement > cannot reuse an old baseline execution as the newly measured closeout run  547ms
 ✓ test/compose/object-slot-filler.spec.ts (35 tests) 449ms
 ✓ test/product-reality/closeout-ledger.s185.spec.ts (60 tests) 934ms
 ✓ src/tools/dashboard.render.fidelity.test.ts (17 tests) 758ms
   ✓ dashboard.render output.html export goldens (sprint-115 m05) > the output.html=true HTML export matches the committed golden (SVG panels + KPI + geo chart + inlined tokens + narrative)  559ms
 ✓ test/contracts/dtcg-intake.s180.spec.ts (21 tests) 87ms
 ✓ test/product-reality/breadth-live-generation.s186.spec.ts (117 tests) 232ms
 ✓ test/tools/certify-contrast.spec.ts (30 tests) 373ms
 ✓ test/product-reality/reconnect.s184.spec.ts (13 tests) 2830ms
   ✓ Sprint 184 M07 reconnect derivation and receipt validation > re-derives all ten Sprint 183 advertised movers and exposes the catalog schema omitted from the prior notice  871ms
   ✓ Sprint 184 M07 reconnect derivation and receipt validation > retains a machine-checked disposition for two sends and the explicitly retired archived consumer  1149ms
   ✓ Sprint 184 M07 reconnect derivation and receipt validation > rejects a rewritten retirement, derivation, summary, or implementation-head plan binding  517ms
 ✓ test/render/fragment-edge-cases.spec.ts (48 tests) 16ms
 ✓ test/render/xss-security.spec.ts (51 tests) 15ms
 ✓ src/tools/__tests__/code.generate.test.ts (15 tests) 53ms
stdout | test/product-reality/typed-action-protocol.s183.spec.ts > Sprint 183 M02 typed action protocol > coerces numeric object fields before initializing string-semantic local state
[s183 vue-tsc action contract] {"typescript":true,"supplyActions":false,"omittedAction":null,"durationMs":2871.2,"status":0,"signal":null,"error":null}

stdout | test/product-reality/typed-action-protocol.s183.spec.ts > Sprint 183 M02 typed action protocol > Vue typescript=$typescript requires every injected action
[s183 vue-tsc action contract] {"typescript":false,"supplyActions":false,"omittedAction":null,"durationMs":2560.3,"status":2,"signal":null,"error":null}

stdout | test/product-reality/typed-action-protocol.s183.spec.ts > Sprint 183 M02 typed action protocol > Vue typescript=$typescript requires every injected action
[s183 vue-tsc action contract] {"typescript":false,"supplyActions":true,"omittedAction":null,"durationMs":2675.3,"status":0,"signal":null,"error":null}

stdout | test/product-reality/typed-action-protocol.s183.spec.ts > Sprint 183 M02 typed action protocol > Vue typescript=$typescript requires every injected action
[s183 vue-tsc action contract] {"typescript":true,"supplyActions":false,"omittedAction":null,"durationMs":2702.3,"status":2,"signal":null,"error":null}

stdout | test/product-reality/typed-action-protocol.s183.spec.ts > Sprint 183 M02 typed action protocol > Vue typescript=$typescript requires every injected action
[s183 vue-tsc action contract] {"typescript":true,"supplyActions":true,"omittedAction":null,"durationMs":2554.8,"status":0,"signal":null,"error":null}

stdout | test/product-reality/typed-action-protocol.s183.spec.ts > Sprint 183 M02 typed action protocol > Vue TypeScript rejects each individually omitted domain action: handleActivate
[s183 vue-tsc action contract] {"typescript":true,"supplyActions":true,"omittedAction":"handleActivate","durationMs":2707.1,"status":2,"signal":null,"error":null}

stdout | test/product-reality/typed-action-protocol.s183.spec.ts > Sprint 183 M02 typed action protocol > Vue TypeScript rejects each individually omitted domain action: handleRowActivate
[s183 vue-tsc action contract] {"typescript":true,"supplyActions":true,"omittedAction":"handleRowActivate","durationMs":2588.3,"status":2,"signal":null,"error":null}

stdout | test/product-reality/typed-action-protocol.s183.spec.ts > Sprint 183 M02 typed action protocol > Vue TypeScript rejects each individually omitted domain action: handleSecondaryActivate
[s183 vue-tsc action contract] {"typescript":true,"supplyActions":true,"omittedAction":"handleSecondaryActivate","durationMs":2599.5,"status":2,"signal":null,"error":null}

 ✓ test/product-reality/typed-action-protocol.s183.spec.ts (33 tests) 27783ms
   ✓ Sprint 183 M02 typed action protocol > coerces numeric object fields before initializing string-semantic local state  3538ms
   ✓ Sprint 183 M02 typed action protocol > React typescript=$typescript requires every injected action  876ms
   ✓ Sprint 183 M02 typed action protocol > React typescript=$typescript requires every injected action  760ms
   ✓ Sprint 183 M02 typed action protocol > React TypeScript rejects each individually omitted domain action  1653ms
   ✓ Sprint 183 M02 typed action protocol > Vue typescript=$typescript requires every injected action  5421ms
   ✓ Sprint 183 M02 typed action protocol > Vue typescript=$typescript requires every injected action  5269ms
   ✓ Sprint 183 M02 typed action protocol > Vue TypeScript rejects each individually omitted domain action: handleActivate  2716ms
   ✓ Sprint 183 M02 typed action protocol > Vue TypeScript rejects each individually omitted domain action: handleRowActivate  2593ms
   ✓ Sprint 183 M02 typed action protocol > Vue TypeScript rejects each individually omitted domain action: handleSecondaryActivate  2603ms
   ✓ Sprint 183 M02 typed action protocol > Vue JavaScript rejects each omitted action at runtime  2309ms
 ✓ test/codegen/react-emitter.spec.ts (34 tests) 19ms
 ✓ test/product-reality/independent-review-approval.s183.spec.ts (36 tests) 3653ms
 ✓ test/product-reality/fresh-composition.s187.spec.ts (29 tests) 5658ms
   ✓ Sprint 187 fresh composition binding intent > renders typed values and explicit empty/nonempty collections in generated react  2394ms
   ✓ Sprint 187 fresh composition binding intent > renders typed values and explicit empty/nonempty collections in generated vue  2525ms
 ✓ test/compose/templates.spec.ts (68 tests) 24ms
 ✓ test/e2e/action-mappings.e2e.spec.ts (12 tests | 9 skipped) 102ms
 ✓ test/codegen/vue-emitter.spec.ts (29 tests) 18ms
 ✓ test/product-reality/b2-legacy-inputs.s184.spec.ts (7 tests) 419ms
 ✓ test/product-reality/consumer-contract.s185.spec.ts (22 tests) 54ms
 ✓ test/tools/artifact.certify.spec-only-bytes.spec.ts (32 tests) 350ms
 ✓ test/tools/artifact.certify.echarts-a11y-warnfirst.spec.ts (88 tests) 1504ms
   ✓ artifact.certify — a11y-equivalence declared operand profile (s195 m04) > treemap: WITH the operand, findings[] carries exactly the matrix-derived a11y set at native severity  385ms
   ✓ artifact.certify — the NOT-APPLICABLE channel, a11yNotApplicable[] (s175 m03) > when the engine THROWS the key is ABSENT (the partial list is discarded) and the note says so  390ms

[s184-m05] state parity differences=0; allowlist=0
[s184-m05:parity] {"states":["loading","empty","error","success"],"react":{"loading":{"markersInDocumentOrder":["loading"],"visibleText":"Loading subscriptions."},"empty":{"markersInDocumentOrder":["empty"],"visibleText":"No subscriptions found."},"error":{"markersInDocumentOrder":["error"],"visibleText":"Subscriptions could not be loaded."},"success":{"markersInDocumentOrder":["success"],"visibleText":"Subscriptions loaded."}},"vue":{"loading":{"markersInDocumentOrder":["loading"],"visibleText":"Loading subscriptions."},"empty":{"markersInDocumentOrder":["empty"],"visibleText":"No subscriptions found."},"error":{"markersInDocumentOrder":["error"],"visibleText":"Subscriptions could not be loaded."},"success":{"markersInDocumentOrder":["success"],"visibleText":"Subscriptions loaded."}},"computedDifferences":[],"allowlist":[]}
[s184-m05:mutation] target=react removed=loading red=react/loading green=7
[s184-m05:mutation] target=react removed=empty red=react/empty green=7
[s184-m05:mutation] target=react removed=error red=react/error green=7
[s184-m05:mutation] target=react removed=success red=react/success green=7
[s184-m05:mutation] target=vue removed=loading red=vue/loading green=7
[s184-m05:mutation] target=vue removed=empty red=vue/empty green=7
[s184-m05:mutation] target=vue removed=error red=vue/error green=7
[s184-m05:mutation] target=vue removed=success red=vue/success green=7
[s184-m05:restore] target=react source=sha256:8b17d59119e49b4bb2c2a03be0b08c3d8771cef91df1addb6d45483983ff2879 green=4
[s184-m05:restore] target=vue source=sha256:d341604855e0542712bf34d9722596ab9d403b25793cbc55fa4cb31d5a457198 green=4
 ✓ test/product-reality/state-axis.s184.spec.ts (22 tests) 5189ms
   ✓ Sprint 184 m05 workflow state axis > restores the exact emitted bytes and all eight runtime cells after the mutation matrix  678ms
 ✓ test/product-reality/brand-seam.s194.spec.ts (9 tests) 7568ms
   ✓ s194 brand seam crosses real tool and browser boundaries > accepted intake moves source, chart SVG, generated app CSS and a governed component in B/dark  5483ms
   ✓ s194 brand seam crosses real tool and browser boundaries > build failure is typed, contains captured output and explicitly leaves hashed source writes  2026ms
 ✓ test/product-reality/contract-resolution.s184.spec.ts (9 tests) 518ms
   ✓ Sprint 184 m03 contract-resolution closeout > preserves the historical readiness manifests while every current nucleus ref resolves  411ms
 ✓ test/tools/artifact.certify.echarts-determinism.spec.ts (45 tests) 921ms
   ✓ artifact.certify — live cross-tool contentHash parity, same (spec, data) (s172 m02) > treemap: certify.determinism.contentHash === viz.render.contentHash  370ms
 ✓ test/product-reality/workflow.s188.spec.ts (11 tests) 7540ms
   ✓ Generated applications close their own contracts > react application typechecks strict against the built component packages  2182ms
   ✓ Generated applications close their own contracts > vue application typechecks strict against the built component packages  4308ms
 ✓ test/codegen/prop-binding.spec.ts (33 tests) 7ms
 ✓ test/e2e/a2ui-runtime-q3.e2e.spec.ts (98 tests) 55ms
 ↓ test/e2e/stage1-rollups.e2e.spec.ts (7 tests | 7 skipped)
 ✓ test/product-reality/suite-accounting.s195.spec.ts (9 tests) 3305ms
   ✓ Sprint 195 accounting keeps five-suite identities and historical evidence separate > uses Sprint 194 by default and validates all five final comparisons, skips, and final golden bytes  361ms
   ✓ Sprint 195 accounting keeps five-suite identities and historical evidence separate > retains one failed initial capture without substituting it into final comparisons  399ms
   ✓ Sprint 195 accounting keeps five-suite identities and historical evidence separate > uses the same Sprint 195 defaults through the CLI and rejects stale derived output  820ms
   ✓ Sprint 195 accounting keeps five-suite identities and historical evidence separate > rejects an incomplete or duplicated suite roster: {"duplicateSuite":true}  349ms
   ✓ Sprint 195 accounting keeps five-suite identities and historical evidence separate > does not call a final assertion failure successful accounting  382ms
   ✓ Sprint 195 accounting keeps five-suite identities and historical evidence separate > requires one final run and no third attempt or borrowed historical exception  324ms
   ✓ Sprint 195 accounting keeps five-suite identities and historical evidence separate > rejects a relabeled final execution head or post-capture source edit  371ms
 ✓ test/product-reality/options.s194.spec.ts (9 tests) 2112ms
   ✓ remaining options do what their public wire says (s194-m05) > keeps both portable dashboard HTML identities and their repeats unchanged  302ms
   ✓ remaining options do what their public wire says (s194-m05) > preserves thirteen historical operands and eleven panels through the qualified s195 palette migration  804ms
   ✓ remaining options do what their public wire says (s194-m05) > retains 48 Sprint 193 SVG identities and the four qualified s195 force_graph migrations  457ms
 ✓ test/product-reality/readiness-ref-enforcement.s184.spec.ts (21 tests) 563ms
 ✓ test/product-reality/parity.s185.spec.ts (58 tests) 156ms
 ✓ src/codegen/tailwind-codegen.test.ts (31 tests) 35ms
 ✓ test/product-reality/emitter-directives.s184.spec.ts (26 tests) 5360ms
   ✓ Sprint 184 m03 target contract and emitter movement > emits explicit React coercion and joining expressions that strict-check against the built package  2112ms
   ✓ Sprint 184 m03 target contract and emitter movement > emits readonly-safe Vue coercion and joining expressions that strict-check against the built package  3195ms
 ✓ test/compose/intent-object-resolver.spec.ts (38 tests) 307ms
 ✓ test/product-reality/patch-disposition.s184.spec.ts (5 tests) 7702ms
   ✓ Sprint 184 M07 tracked mutation patch disposition > classifies the exact 38-patch frozen population and binds every row to immutable bytes and a source-derived baseline  2478ms
   ✓ Sprint 184 M07 tracked mutation patch disposition > executes the s183-m06-sc02 replacement over every tracked patch, with only the five invalid archives taking an explicit machine-readable non-apply path  3236ms
   ✓ Sprint 184 M07 tracked mutation patch disposition > preserves all five Class 1 archives, proves the M03 canonical twins at two real commits, and uses the Sprint 183 M01b repair  1034ms
   ✓ Sprint 184 M07 tracked mutation patch disposition > replays the three Class 2 patches at the receipt baseline and confirms their context drift at the frozen audit head  453ms
   ✓ Sprint 184 M07 tracked mutation patch disposition > keeps all four Class 3 patches scoped to their generated consumer roots  500ms
 ✓ src/codegen/target-contracts.s183.test.ts (62 tests) 27ms
 ✓ src/codegen/review-queue-emitter.test.ts (32 tests) 14ms
 ✓ src/codegen/a2ui-runtime-emitter.test.ts (26 tests) 6ms
 ✓ src/tools/dashboard.render.faostat-e2e.test.ts (11 tests) 666ms
   ✓ FAOSTAT agent pipeline — viz.render + dashboard.render run end-to-end on a real slice > dashboard.render composes the KPI + geo source + HTML export pipeline on FAOSTAT rows  624ms
 ✓ test/e2e/review-q3.e2e.spec.ts (62 tests) 36ms
 ✓ src/codegen/tailwind-mapper.test.ts (45 tests) 13ms
 ✓ test/tools/artifact.certify.data-operand.spec.ts (33 tests) 384ms
   ✓ artifact.certify — the operand is validated by the RENDER path validators (s172 m01) > MarkTreemap: a VALID operand is accepted (status ok, schema-valid)  311ms
 ✓ src/a11y/token-color-resolver.test.ts (26 tests) 7ms
 ✓ test/contracts/doc-retirement-gate.spec.ts (10 tests) 2211ms
   ✓ Sprint 194 retired public surfaces (CMOS #1922) > does not reintroduce any retired tool outside retained evidence and planning  2153ms
 ✓ test/contracts/brand.intake.s181.spec.ts (6 tests) 1074ms
   ✓ brand.intake s181 advertised dry-run contract > spawns dist/index.js, returns the full inline receipt, and leaves the review-kit tree byte-identical  587ms
   ✓ brand.intake s181 advertised dry-run contract > B-09 rejects apply:true and consumer-local paths at index-level AJV before the handler  433ms
 ✓ test/contracts/error-observability.contract.spec.ts (19 tests) 193ms
 ✓ test/compose/view-extension-collector.spec.ts (17 tests) 40ms
 ✓ src/tools/viz.render.intent.test.ts (16 tests) 28ms
 ✓ src/tools/repl.group.test.ts (42 tests) 21ms
 ✓ src/tools/review.resolve.test.ts (20 tests) 11ms
 ✓ test/product-reality/ported-workflow.s184.spec.ts (5 tests) 12318ms
   ✓ Sprint 184 m04 ported Subscription workflow > strict-checks every generated React and Vue artifact against the built packages  12214ms
 ✓ src/codegen/readonly-field-binding.s185.test.ts (51 tests) 28ms
 ✓ test/tools/artifact.certify.echarts-s179-baseline.spec.ts (11 tests) 549ms
   ✓ artifact.certify — s179 operand-backed baseline at 1be93f8 > treemap: projected option hash, render hash, and the bounded full-response delta stay pinned  403ms
 ✓ test/e2e/apply-summary-q3.e2e.spec.ts (94 tests) 53ms
 ✓ test/render/renderer-edge-cases.spec.ts (25 tests) 14ms
 ✓ test/tools/viz-a11y-equivalence-emission.spec.ts (14 tests) 20ms
 ✓ src/tools/structuredData.fetch.rollup.test.ts (19 tests) 31ms
 ✓ src/object-catalog/content-pack.test.ts (27 tests) 11ms
 ✓ src/tools/map.group.test.ts (45 tests) 68ms
 ✓ test/compose/intent-synonyms.spec.ts (35 tests) 149ms
 ✓ test/tools/artifact.certify.echarts-accuracy.spec.ts (28 tests) 754ms
   ✓ artifact.certify — the ECharts accuracy pillar is wired (s172 m03) > treemap: the representative operand reports measured accuracy under the declared rule set  326ms
 ✓ test/compose/design-compose-object.spec.ts (27 tests) 385ms
 ✓ test/product-reality/saved-schema-compiler.s183.spec.ts (4 tests) 86ms
 ✓ test/e2e/boxes-arrows-q3.e2e.spec.ts (44 tests) 33ms
 ✓ src/tools/entity-resolver.test.ts (24 tests) 3ms
 ✓ test/e2e/branded-mockup-q3.e2e.spec.ts (66 tests) 27ms
 ✓ src/codegen/conflict-detail-emitter.test.ts (28 tests) 5ms
 ✓ src/codegen/review-policy.test.ts (25 tests) 4ms
 ✓ src/tools/viz.render.svg.test.ts (37 tests) 1855ms
   ✓ public SVG contract > 'treemap' returns actual, repeatable SVG bytes and a resolvable byte-identity reference  375ms
 ✓ src/codegen/wireframe-emitter.test.ts (26 tests) 4ms
 ✓ src/render/document.test.ts (16 tests) 6ms
 ✓ src/tools/fidelity.preview.test.ts (60 tests) 16ms
 ✓ src/codegen/branded-mockup-emitter.test.ts (26 tests) 10ms
 ✓ test/codegen/responsive-tailwind.spec.ts (20 tests) 27ms
 ✓ src/tools/schema.group.test.ts (26 tests) 10ms
 ✓ test/compose/selection-tree-bridge.spec.ts (9 tests) 149ms
 ✓ test/codegen/styling-mode-coverage.spec.ts (54 tests) 5ms
 ✓ test/codegen/vue-reactivity.spec.ts (12 tests) 17ms
 ✓ src/telemetry/otel.test.ts (16 tests) 87ms
 ✓ src/codegen/emitter-state-branches.s184.test.ts (23 tests) 20ms
 ✓ test/contracts/contract-alignment.spec.ts (16 tests) 168ms
 ✓ src/compose/slot-expander.test.ts (13 tests) 8ms
 ✓ test/codegen/collections.s189.spec.ts (12 tests) 16725ms
   ✓ collection screens own the data presentation > react standalone collection props compile without a workflow or invented records  3395ms
   ✓ collection screens own the data presentation > vue standalone collection props compile without a workflow or invented records  7625ms
   ✓ collection screens own the data presentation > react App binds the composed collection instead of shipping a competing presentation  440ms
   ✓ collection screens own the data presentation > react JavaScript collection output has real runtime props and no TypeScript-only imports  1824ms
   ✓ collection screens own the data presentation > vue JavaScript collection output has real runtime props and no TypeScript-only imports  3204ms
 ✓ src/errors/registry.test.ts (26 tests) 15ms
 ✓ src/tools/dashboard.render.strict-fields.test.ts (9 tests) 24ms
 ✓ src/compose/viz-trait-resolver.test.ts (38 tests) 7ms
 ✓ test/compose/slot-content-distributor.spec.ts (7 tests) 231ms
 ✓ src/codegen/binding-analysis-integration.s183.test.ts (4 tests) 6ms
 ✓ src/codegen/pre-emit.test.ts (18 tests) 5ms
 ✓ src/tools/review.chain.test.ts (18 tests) 10ms
 ✓ src/tools/object.group.test.ts (21 tests) 46ms
 ✓ src/codegen/boxes-arrows-emitter.test.ts (22 tests) 4ms
 ✓ test/compose/label-generator.spec.ts (13 tests) 37ms
 ✓ test/codegen/form-detail.s189.spec.ts (8 tests) 6734ms
   ✓ form and detail reconcile their declared semantics > react workflow compiles its on-demand cancellation and native form  2112ms
   ✓ form and detail reconcile their declared semantics > vue workflow compiles its on-demand cancellation and native form  4482ms
 ✓ test/compose/wire-field-props.spec.ts (10 tests) 13ms
 ✓ test/compose/token-injection.spec.ts (11 tests) 98ms
 ✓ src/render/tree-renderer.test.ts (8 tests) 13ms
 ✓ test/compose/confidence-scoring.spec.ts (12 tests) 164ms
 ✓ src/compose/field-affinity.test.ts (26 tests) 4ms
 ✓ src/tools/dashboard.render.kpi-types.test.ts (7 tests) 8ms
 ✓ src/tools/repl.render.skin-mapping.test.ts (8 tests) 13ms
 ✓ src/lib/oodsrc.test.ts (18 tests) 10ms
 ✓ test/codegen/prop-destructuring.spec.ts (9 tests) 18ms
 ✓ src/tools/orca-prop-compat.test.ts (15 tests) 3ms
 ✓ src/codegen/validation-profile.test.ts (8 tests) 17ms
 ✓ src/tools/viz.render.fidelity.test.ts (7 tests) 104ms
 ✓ src/object-catalog/gates.test.ts (13 tests) 6ms
 ✓ src/codegen/ported-target-contracts.s184.test.ts (6 tests) 8ms
 ✓ src/compose/orca-role-mapper.test.ts (35 tests) 7ms
 ✓ test/a2ui-host-conformance/host-conformance-emitter.spec.ts (32 tests) 4ms
 ✓ src/compose/slot-patterns.test.ts (18 tests) 4ms
 ✓ test/codegen/craft.s191.spec.ts (6 tests) 158ms
 ✓ test/contracts/api-docs-generator.spec.ts (7 tests) 985ms
   ✓ API reference generator > regeneration is idempotent  974ms
 ✓ src/codegen/state-contract.s184.test.ts (225 tests) 26ms
 ✓ test/bridge/fragment-parity.spec.ts (1 test) 783ms
   ✓ bridge fragment parity > supports fragment mode via bridge /run and matches direct MCP transport semantics  574ms
 ✓ test/compose/form-field-differentiation.spec.ts (4 tests) 145ms
 ✓ src/render/brand-overlay.test.ts (14 tests) 3ms
 ✓ test/compose/design-compose-actions.spec.ts (7 tests) 119ms
 ✓ src/codegen/content-strategy.test.ts (15 tests) 5ms
 ✓ src/tools/repl.render.brand.test.ts (6 tests) 14ms
 ✓ test/compose/landing-template.spec.ts (10 tests) 202ms
 ✓ src/objects/trait-loader.test.ts (14 tests) 107ms
 ✓ src/codegen/ported-target-readiness.s184.test.ts (9 tests) 727ms
   ✓ Historical ported cohort in unified root target readiness > isolates each deleted react export to exactly its one ported readiness cell  368ms
   ✓ Historical ported cohort in unified root target readiness > isolates each deleted vue export to exactly its one ported readiness cell  346ms
 ✓ test/contracts/release.tag.s194.spec.ts (1 test) 631ms
   ✓ release.tag actual dry-run wire (s194-m04) > performs its documented read/preview and confines receipts to the temporary artifact root  631ms
 ✓ test/contracts/mapping.spec.ts (65 tests) 277ms
 ✓ test/contracts/tool-truth.s193.spec.ts (11 tests) 1086ms
   ✓ tool truth derives claims without upgrading source references to runtime proof > reproduces every byte from current source using the recorded census head  1014ms
 ✓ test/contracts/viz-taxonomy.s195.spec.ts (21 tests) 384ms
 ✓ test/objects/object.show.spec.ts (14 tests) 274ms
 ✓ test/contracts/portable-fixtures.s194.spec.ts (1 test) 295ms
 ✓ test/contracts/registry-snapshot.spec.ts (5 tests) 523ms
   ✓ registry.snapshot handler > benchmarks the snapshot p99 within a relative warmup budget at 100, 500, and 1000 mappings  478ms
 ✓ test/contracts/object.show.spec.ts (12 tests) 250ms
 ✓ test/contracts/s71-fixes.spec.ts (10 tests) 231ms
 ✓ test/objects/trait-composer.spec.ts (21 tests) 211ms
 ✓ test/contracts/repl.tools.spec.ts (39 tests) 36ms
 ✓ test/contracts/fragment-anchor-contract.spec.ts (3 tests) 182ms
 ✓ test/codegen/component-carries.s189.spec.ts (7 tests) 6549ms
   ✓ ten seeded records describe plausible subscription periods > react workflow accepts optional absent cancellation metadata  2496ms
   ✓ ten seeded records describe plausible subscription periods > vue workflow accepts optional absent cancellation metadata  3882ms
 ✓ test/contracts/object.schema.contract.spec.ts (11 tests) 170ms
 ✓ test/contracts/diag.snapshot.s194.spec.ts (1 test) 85ms
 ✓ test/contracts/upstream-trait-sync.contract.spec.ts (10 tests) 100ms
 ✓ test/contracts/schema-ref.workflow.spec.ts (4 tests) 90ms
 ✓ test/contracts/layout-single-source.spec.ts (5 tests) 80ms
 ✓ test/contracts/diag.snapshot-counts.spec.ts (1 test) 66ms
 ✓ test/contracts/versioning.spec.ts (22 tests) 90ms
 ✓ test/contracts/billing.switchFixtures.s194.spec.ts (1 test) 45ms
 ✓ test/contracts/map-apply.spec.ts (18 tests) 62ms
 ✓ test/contracts/billing.reviewKit.s194.spec.ts (1 test) 44ms
 ✓ test/contracts/registry-v14-roundtrip.spec.ts (13 tests) 64ms
 ✓ test/contracts/pragmatic-role-ia.spec.ts (4 tests) 45ms
 ✓ test/contracts/object.list.spec.ts (13 tests) 48ms
 ✓ test/contracts/tokens.build.apply.spec.ts (1 test) 34ms
 ✓ test/contracts/repl.e2e.integration.spec.ts (4 tests) 31ms
 ✓ test/contracts/structuredData.fetch.spec.ts (11 tests) 28ms
 ✓ test/contracts/layout-align.spec.ts (8 tests) 17ms
 ✓ test/contracts/stage1-v14-stubs.spec.ts (4 tests) 26ms
 ✓ test/contracts/schema.list-delete.spec.ts (2 tests) 31ms
 ✓ test/contracts/code.generate-golden.spec.ts (6 tests) 29ms
 ✓ test/contracts/security.model.spec.ts (17 tests) 16ms
 ✓ test/contracts/schema-pattern-anchoring.spec.ts (8 tests) 19ms
 ✓ test/contracts/registry-gaps.contract.spec.ts (10 tests) 11ms
 ✓ test/contracts/brand.apply.patch.spec.ts (1 test) 5ms
 ✓ test/contracts/dashboard.render.duplicate-panel-id.s181.spec.ts (3 tests) 17ms
 ✓ test/contracts/emitter-data-attr-parity.spec.ts (6 tests) 21ms
 ✓ test/objects/loaders.spec.ts (24 tests) 388ms
 ✓ test/contracts/brand.apply.cross-brand-delta.spec.ts (7 tests) 29ms
 ✓ test/contracts/code.generate-parity.spec.ts (2 tests) 18ms
 ✓ test/contracts/preview.compaction.spec.ts (3 tests) 8ms
 ✓ test/contracts/fragment-api.contract.spec.ts (5 tests) 10ms
 ✓ test/contracts/brand.apply.rfc6902-wording.spec.ts (2 tests) 12ms
 ✓ src/tools/ci-golden-list.guard.test.ts (2 tests) 8ms
 ✓ test/objects/object-loader.spec.ts (14 tests) 48ms
 ✓ src/compose/position-affinity.test.ts (21 tests) 2ms
 ✓ src/compose/intent-sections.test.ts (5 tests) 4ms
 ✓ test/objects/object.list.spec.ts (10 tests) 48ms
 ✓ src/compose/object-slot-filler.test.ts (2 tests) 10ms
 ✓ src/tools/viz.render.network-fidelity.test.ts (10 tests) 12ms
 ✓ src/tools/viz.render.geo-fidelity.test.ts (6 tests) 10ms
 ✓ test/contracts/artifact-certify-render-prose.s179.spec.ts (13 tests) 2ms
 ❯ src/tools/artifact.certify.scope.test.ts (5 tests | 2 failed) 801ms
   ✓ certification describes the pixels at the requested scope > default certification bytes equal explicit light/A, including after dark/B calls  396ms
   × certification describes the pixels at the requested scope > an ECharts canvas override is graded against the rendered background, while spec-only evidence stays reconstructed 401ms
     → expected 'certified' to be 'uncertified' // Object.is equality
   × certification describes the pixels at the requested scope > rejects unsupported scope {"theme":"hc"} before creating measurement rows 3ms
     → expected true to be false // Object.is equality
   ✓ certification describes the pixels at the requested scope > rejects unsupported scope {"theme":"sepia"} before creating measurement rows 1ms
   ✓ certification describes the pixels at the requested scope > rejects unsupported scope {"brand":"C"} before creating measurement rows 1ms
 ✓ test/codegen/prop-enrichment.spec.ts (4 tests) 151ms
 ✓ test/compose/slot-vocabulary-unification.spec.ts (2 tests) 98ms
 ✓ src/tools/coercion.test.ts (14 tests) 3ms
 ✓ src/tools/schema-ref.test.ts (9 tests) 3ms
 ✓ test/compose/viz-auto-binding.spec.ts (5 tests) 2ms
 ✓ src/versioning/versions.test.ts (13 tests) 5ms
 ✓ test/contracts/dsl-version.spec.ts (8 tests) 4ms
 ✓ test/codegen/codegen-invalid-schema.spec.ts (2 tests) 17ms
 ✓ test/compose/position-affinity.spec.ts (5 tests) 2ms
 ✓ test/contracts/a11y.scan.s194.spec.ts (1 test) 60ms
 ✓ test/contracts/repl.registry.contract.spec.ts (2 tests) 8ms
 ✓ test/contracts/schema.load.spec.ts (3 tests) 10ms
 ✓ test/contracts/s90-registration-audit.spec.ts (35 tests) 9ms
 ✓ test/contracts/schema.save.spec.ts (3 tests) 8ms
 ✓ test/contracts/schema.contract.spec.ts (20 tests) 6ms
 ✓ test/tools/artifact.certify.geo-id-parity.spec.ts (26 tests) 508ms
   ✓ geo identity parity — viz.render and artifact.certify emit the SAME option (s173 m01) > choropleth with id absent: the certify VERDICT agrees with the render hash (live, both handlers)  415ms
 ✓ test/product-reality/breadth-export-cells.s186.spec.ts (46 tests) 96ms
 ✓ test/product-reality/m06-evidence-controls.s184.spec.ts (7 tests) 495ms
 ✓ test/tools/dashboard-identity-lifts.s180.spec.ts (4 tests) 700ms
   ✓ dashboard.render Shape-B identity lifts (s180 m02) > R-C: lifted cartesian and ECharts IR certify with the required operand shape and preserve contentHash parity  634ms
 ✓ test/product-reality/saved-schema-consumers.s183.spec.ts (4 tests) 61342ms
 ✓ test/product-reality/review-carries.s185.spec.ts (14 tests) 539ms
 ✓ test/product-reality/billing-placement.s188.spec.ts (8 tests) 2477ms
   ✓ Sprint 188 remaining trait placement obligations > preserves the historical placement diff and current declared recipes across 66 schemas, 132 artifacts and workflow  2104ms
 ✓ test/product-reality/breadth-contracts.s185.spec.ts (45 tests) 35ms
 ✓ test/product-reality/viz-patterns.s195.spec.ts (45 tests) 586ms
   ✓ viz.render registered pattern wire boundary (s195-m03) > pattern:viz:simple-bar renders source data and presentation into real pixels and certifiable IR  311ms
 ✓ test/e2e/wireframe-q3.e2e.spec.ts (40 tests) 37ms
 ✓ test/product-reality/billing-composition.s188.spec.ts (3 tests) 2145ms
   ✓ Decision 1822 bounded recipe composition > preserves the historical exact diff and current declared recipes across 66 schemas and 132 artifacts  1974ms
 ✓ test/product-reality/closeout.s193.spec.ts (9 tests) 701ms
 ✓ test/tools/artifact.certify.echarts-render-grading.s179.spec.ts (13 tests) 813ms
   ✓ artifact.certify — operand-backed ECharts render grading (s179 m05) > 'treemap': keeps option identity and adds a stable first-render hash  604ms
 ✓ test/e2e/object-codegen-pipeline.spec.ts (5 tests) 542ms
   ✓ E2E object codegen target readiness > builds the original Subscription detail now that ArchiveSummary is governed  425ms
 ✓ test/product-reality/certify-operand-profile.s195.spec.ts (21 tests) 860ms
   ✓ artifact.certify declared ECharts operand profile (s195-m04) > treemap grades the actual operand and preserves native warnings and named N/A rules  551ms
 ✓ test/product-reality/nucleus-pins.s185.spec.ts (5 tests) 393ms
   ✓ Sprint 185 m01 — every live nucleus pin derives from NUCLEUS_COMPONENT_IDS (#1725) > no live test or script compares nucleus membership to a literal count  301ms
 ❯ test/tools/echarts-role-a-assignment.s179.spec.ts (14 tests | 5 failed) 27ms
   × ECharts Role-A semantic assignment (s179 m04) > 'treemap': n=8 is exactly slots 1..6,1,2 despite repeated geometry/category carriers 13ms
     → expected { status: 'ungradeable', …(3) } to deeply equal { status: 'assigned', …(2) }
   × ECharts Role-A semantic assignment (s179 m04) > 'sunburst': n=8 is exactly slots 1..6,1,2 despite repeated geometry/category carriers 2ms
     → expected { status: 'ungradeable', …(3) } to deeply equal { status: 'assigned', …(2) }
   × ECharts Role-A semantic assignment (s179 m04) > 'sankey': n=8 is exactly slots 1..6,1,2 despite repeated geometry/category carriers 2ms
     → expected { status: 'ungradeable', …(3) } to deeply equal { status: 'assigned', …(2) }
   × ECharts Role-A semantic assignment (s179 m04) > 'chord': n=8 is exactly slots 1..6,1,2 despite repeated geometry/category carriers 1ms
     → expected { status: 'ungradeable', …(3) } to deeply equal { status: 'assigned', …(2) }
   × ECharts Role-A semantic assignment (s179 m04) > 'force_graph': n=8 is exactly slots 1..6,1,2 despite repeated geometry/category carriers 2ms
     → expected { status: 'ungradeable', …(3) } to deeply equal { status: 'assigned', …(2) }
   ✓ ECharts Role-A semantic assignment (s179 m04) > the five standard projected operands use their semantic sources, never total path-like cardinality 2ms
   ✓ ECharts Role-A semantic assignment (s179 m04) > choropleth: geo is explicitly not applicable under the ratified exemption 1ms
   ✓ ECharts Role-A semantic assignment (s179 m04) > bubble_map: geo is explicitly not applicable under the ratified exemption 1ms
   ✓ ECharts Role-A semantic assignment (s179 m04) > flow_map: geo is explicitly not applicable under the ratified exemption 1ms
   ✓ ECharts Role-A semantic assignment (s179 m04) > is ungradeable when one semantic paint did not occur in the realized chart paints 1ms
   ✓ ECharts Role-A semantic assignment (s179 m04) > URL-only semantic paint is ungradeable, never silently omitted or passed 0ms
   ✓ ECharts Role-A semantic assignment (s179 m04) > transparent semantic paint is ungradeable, never silently omitted or passed 0ms
   ✓ ECharts Role-A semantic assignment (s179 m04) > literal source semantic paint is ungradeable, never silently omitted or passed 0ms
   ✓ ECharts Role-A semantic assignment (s179 m04) > decal-only and missing semantic metadata are ungradeable, not geo-like not-applicable 0ms
 ✓ test/e2e/review-resolve-q3.e2e.spec.ts (25 tests) 45ms
 ✓ test/e2e/a2ui-image-q3.e2e.spec.ts (24 tests) 49ms
 ✓ test/product-reality/recipe-header-fields.s185.spec.ts (19 tests) 442ms
 ✓ test/e2e/conflict-detail-q3.e2e.spec.ts (83 tests) 42ms
 ✓ test/render/confidence-affordance.spec.ts (15 tests) 14ms
 ✓ test/tools/dashboard-a11y-equivalence-emission.spec.ts (9 tests) 73ms
 ✓ src/tools/schema/__tests__/schema-tools.test.ts (7 tests) 136ms
 ✓ test/e2e/review-queue-q3.e2e.spec.ts (66 tests) 42ms
 ✓ test/product-reality/s183-m06-replay-r02.spec.ts (4 tests) 855ms
   ✓ Sprint 183 M06 mutation replay and R-02 resolution > replays exactly four M05 patches plus the repaired M01b patch from committed baselines  710ms
 ✓ test/product-reality/runtime-cells.s193.spec.ts (7 tests) 67ms
 ✓ test/product-reality/reconnect.s185.spec.ts (11 tests) 426ms
   ✓ Combined reconnect requires real unique deliveries of the exact reviewed requests > prepares the 23 new families separately from the eight root promotions and names the alias horizon without sending  422ms
 ✓ test/product-reality/health-viz.s195.spec.ts (28 tests) 660ms
 ✓ test/e2e/mapping-versioning.e2e.spec.ts (3 tests) 2374ms
   ✓ mapping + versioning bridge E2E > map.create → map.list → map.resolve round-trip via bridge (multi-system)  1787ms
 ✓ test/product-reality/m06-evidence.s184.spec.ts (4 tests) 292ms
 ✓ test/product-reality/generated-heading-update.s185.spec.ts (2 tests) 1044ms
   ✓ Sprint 185 live generated plan heading updates > mounts real generated react and updates the read-only heading through its existing Textarea writer  614ms
   ✓ Sprint 185 live generated plan heading updates > mounts real generated vue and updates the read-only heading through its existing Textarea writer  429ms
 ✓ src/a2ui/host-conformance/data-model.test.ts (23 tests) 4ms
 ✓ test/product-reality/m04-controls.s185.spec.ts (13 tests) 205ms
 ✓ test/product-reality/public-head-equivalence.s185.spec.ts (21 tests) 4789ms
   ✓ Notice implementation heads retain actual public bytes across test-only corrections > Sprint 187 independently detects changed discovery bytes: packages/mcp-server/src/tools/catalog.list.ts  336ms
   ✓ Notice implementation heads retain actual public bytes across test-only corrections > Sprint 187 independently detects changed discovery bytes: docs/api/catalog-list.md  309ms
 ✓ test/tools/certify-echarts-role-c.spec.ts (16 tests) 428ms
   ✓ ECharts Role-C structural paint extraction > 'treemap': extracts only visible chart carriers from the exact served option  367ms
 ✓ test/product-reality/history-pins.s185.spec.ts (13 tests) 417ms
 ✓ test/presets/brand-presets.spec.ts (29 tests) 5ms
 ✓ test/tools/certify-echarts-render-contrast.s179.spec.ts (13 tests) 378ms
 ✓ test/product-reality/payment-chart.s190.spec.ts (10 tests) 8515ms
   ✓ Subscription payment chart is an actual public render > emits repeatable, strictly typed react workflow assets keyed by seed identity  2339ms
   ✓ Subscription payment chart is an actual public render > emits repeatable, strictly typed vue workflow assets keyed by seed identity  3965ms
   ✓ Subscription payment chart is an actual public render > single detail react has a hashed seed asset and unchanged public SVG bytes  682ms
   ✓ Subscription payment chart is an actual public render > single detail vue has a hashed seed asset and unchanged public SVG bytes  1274ms
 ✓ test/product-reality/read-only-field-binding.s185.spec.ts (13 tests) 264ms
 ✓ test/product-reality/workflow-runtime.s193.spec.ts (14 tests) 757ms
 ✓ test/product-reality/approved-timeout.s188.spec.ts (44 tests) 673ms
 ✓ test/e2e/registry-gaps.e2e.spec.ts (3 tests) 693ms
   ✓ registry gaps e2e verification > Workbench S44 fixture with Grid + known components renders all fragments via bridge  500ms
 ✓ test/product-reality/live-workflow-consumers.s184.spec.ts (4 tests) 63567ms
 ✓ test/product-reality/sprint-wide-movers.s185.spec.ts (7 tests) 4491ms
   ✓ Sprint-wide accounting includes runtime behavior omitted by per-mission scopes > turns a reproduced Table omission into a failing completed mover record  1095ms
   ✓ Sprint-wide accounting includes runtime behavior omitted by per-mission scopes > uses the locked Sprint 186 range once and rejects omissions without inheriting the old two-sprint ceremony  1002ms
   ✓ Sprint 187 discovery is part of the advertised public byte range > includes current scope, refresh exports and composer/lowering without inheriting two-sprint ranges  1144ms
   ✓ Sprint 188 single advertised workflow range > uses cd8ee986 and catches omitted workflow, schema and build-revision movers  841ms
 ✓ test/tools/artifact.certify.unchecked-tristate.spec.ts (6 tests) 310ms
 ✓ test/product-reality/collections.s191.spec.ts (6 tests) 9706ms
   ✓ workflow collection domain ownership (s191) > Organization/react emits deterministic, strictly typed collection actions  1786ms
   ✓ workflow collection domain ownership (s191) > Organization/vue emits deterministic, strictly typed collection actions  3182ms
   ✓ workflow collection domain ownership (s191) > User/react emits deterministic, strictly typed collection actions  1461ms
   ✓ workflow collection domain ownership (s191) > User/vue emits deterministic, strictly typed collection actions  3060ms
 ✓ test/e2e/fragment-integration.e2e.spec.ts (9 tests) 679ms
   ✓ fragment integration e2e > { name: 'dashboard', file: 'dashboard-page.ui-schema.json', minFragments: 3, minComponentCount: 15 } bridge transport returns fragment output equivalent to direct handler  451ms
 ✓ test/schema-store/schema-store.spec.ts (6 tests) 61ms
 ✓ test/product-reality/runnable-artifact.s183.spec.ts (28 tests) 190ms
 ✓ test/product-reality/billing-views.s188.spec.ts (3 tests) 198ms
 ✓ test/product-reality/breadth-live-generation.s185.spec.ts (33 tests) 155ms
 ✓ test/product-reality/billing.s188.spec.ts (4 tests) 244ms
 ✓ test/tools/viz.render.bubble-symbolsize-s172.spec.ts (6 tests) 6ms
 ✓ test/product-reality/evidence-retention.s184.spec.ts (10 tests) 190ms
 ✓ test/product-reality/viz-recipes.s193.spec.ts (25 tests) 546ms
 ✓ test/product-reality/local-behavior-guards.s185.spec.ts (16 tests) 68ms
 ✓ test/tools/artifact.certify.render-determinism.spec.ts (5 tests) 538ms
   ✓ artifact.certify — render-backed determinism (s176 m02) > ECharts {spec}-only has no determinism while a renderable operand carries the option and normalized-render hashes  341ms
 ✓ test/product-reality/viz-placement.s193.spec.ts (14 tests) 628ms
 ✓ test/tools/artifact.certify.ten-series-collision.spec.ts (4 tests) 250ms
 ✓ test/product-reality/closeout.s190.spec.ts (10 tests) 390ms
   ✓ bounded Sprint 190 closeout rules > the sprint-wide scope catches token exports, scoped certification and placement  369ms
 ✓ test/product-reality/viz-golden-migration.s195.spec.ts (4 tests) 1113ms
   ✓ the s195 palette migration preserves historical evidence and accounts for every changed golden > pins a pre-mutation baseline and attributes the complete current byte delta  1028ms
 ✓ test/tools/artifact.certify.accuracy-fault.spec.ts (3 tests) 187ms
 ✓ test/product-reality/ported-mutation-matrix.s184.spec.ts (5 tests) 766ms
 ✓ test/objects/trait-loader.spec.ts (17 tests) 143ms
 ✓ test/tools/repl.render.compact.spec.ts (8 tests) 12ms
 ✓ test/product-reality/packed-ported-consumers.s184.spec.ts (1 test) 20312ms
   ✓ Sprint 184 m04 packed ported consumers > installs built tarballs externally and preserves the historical cohort through aliases of the canonical roots  20312ms
 ✓ test/product-reality/evidence-accounting.s185.spec.ts (10 tests) 412ms
   ✓ Sprint 185 evidence accounting preserves the actual proof denominator > independently rederives retained evidence without running builds, consumers, or mutations  407ms
 ✓ test/product-reality/disputed.s192.spec.ts (10 tests) 772ms
   ✓ retained declared trait recipes and Invoice writer ownership > Invoice workflow never assigns an edit handler to a display header  426ms
 ✓ test/product-reality/trait-recipes.s193.spec.ts (11 tests) 207ms
 ✓ test/product-reality/state-evidence.s184.spec.ts (2 tests) 6ms
 ✓ test/product-reality/closeout.s194.spec.ts (6 tests) 338ms
 ✓ test/tools/artifact.certify.contrast-fault.spec.ts (3 tests) 183ms
 ✓ test/product-reality/breadth-export-cells.s187.spec.ts (28 tests) 79ms
 ✓ test/render/fragment-errors.spec.ts (5 tests) 8ms
 ✓ test/tools/certify-echarts-projected-render-s179.spec.ts (2 tests) 50ms
 ✓ test/tools/dashboard-contrast-alpha-s170.spec.ts (7 tests) 3ms
 ✓ test/product-reality/map-compose.s194.spec.ts (1 test) 95ms
 ✓ test/product-reality/packed-consumers.s182.spec.ts (2 tests) 71366ms
   ✓ Sprint 182 M04 packed generated consumers > B-12 installs and imports every required tarball and root export in isolation  20041ms
   ✓ Sprint 182 M04 packed generated consumers > B-13 resolves declared dependencies and shared CSS in a clean production build  51324ms
 ✓ test/e2e/a11y-pipeline.e2e.spec.ts (3 tests) 710ms
   ✓ a11y pipeline e2e > validate with checkA11y=true returns a11y warnings through bridge  482ms
 ✓ test/tools/repl.render.fragment.spec.ts (4 tests) 10ms
 ✓ test/product-reality/screen-action-surface.s184.spec.ts (6 tests) 29ms
 ✓ test/product-reality/certify-missing-palette.s195.spec.ts (4 tests) 341ms
 ✓ test/e2e/tier1-acceptance.e2e.spec.ts (4 tests) 329ms
 ✓ test/product-reality/viz-certification.s195.spec.ts (4 tests) 403ms
   ✓ the declared ECharts certification profile changes verdicts without repainting charts (s195 m04) > puts the real negative-size and negative-strength guards inside the executable census  396ms
 ✓ src/tools/__tests__/health.test.ts (4 tests) 52ms
 ✓ test/product-reality/static-server-teardown.s195.spec.ts (3 tests) 18ms
 ✓ test/product-reality/soak-observation.s195.spec.ts (13 tests) 3ms
 ✓ test/product-reality/html-tailwind-gap.s185.spec.ts (9 tests) 31ms
 ✓ test/product-reality/closeout.s192.spec.ts (5 tests) 313ms
 ✓ test/tools/certify-contrast.echarts-caveat-pin.spec.ts (2 tests) 6ms
 ❯ test/product-reality/closeout.s191.spec.ts (3 tests | 1 failed) 403ms
   ✓ Sprint 191 bounded closeout > the advertised diff includes the maintenance executable boundary and component repairs  390ms
   ✓ Sprint 191 bounded closeout > review evidence cannot silently change implementation or historical proof 7ms
   × Sprint 191 bounded closeout > current capability prose derives contrast from the registry and keeps review separate 5ms
     → expected '# Near Roadmap\n\n**Status:** ACTIVE …' to contain 'contrastPassed light/dark for 9 categ…'
 ✓ test/product-reality/schema.s194.spec.ts (1 test) 95ms
 ✓ test/e2e/design-compose.e2e.spec.ts (3 tests) 730ms
   ✓ design.compose bridge E2E > compose via bridge produces valid schema with selections  511ms
 ✓ test/product-reality/trait-recipes-proof.s193.spec.ts (3 tests) 36ms
 ✓ test/product-reality/breadth-export-cells.s185.spec.ts (10 tests) 54ms
 ✓ test/product-reality/theme.s191.spec.ts (3 tests) 6472ms
   ✓ generated applications own their token scope (s191) > react shell, mount, styles and embedded chart share dark/B  2370ms
   ✓ generated applications own their token scope (s191) > vue shell, mount, styles and embedded chart share dark/B  4089ms
 ✓ test/product-reality/viz-recipes-proof.s193.spec.ts (3 tests) 57ms
 ✓ test/product-reality/codegen-matrix.s182.spec.ts (13 tests) 25324ms
   ✓ Sprint 182 M04 public codegen matrix > compiles and closes dependencies for 'react'/'inline'/typescript=false  758ms
   ✓ Sprint 182 M04 public codegen matrix > compiles and closes dependencies for 'react'/'inline'/typescript=true  511ms
   ✓ Sprint 182 M04 public codegen matrix > compiles and closes dependencies for 'react'/'tokens'/typescript=false  497ms
   ✓ Sprint 182 M04 public codegen matrix > compiles and closes dependencies for 'react'/'tokens'/typescript=true  465ms
   ✓ Sprint 182 M04 public codegen matrix > compiles and closes dependencies for 'react'/'tailwind'/typescript=false  455ms
   ✓ Sprint 182 M04 public codegen matrix > compiles and closes dependencies for 'react'/'tailwind'/typescript=true  414ms
   ✓ Sprint 182 M04 public codegen matrix > compiles and closes dependencies for 'vue'/'inline'/typescript=false  4223ms
   ✓ Sprint 182 M04 public codegen matrix > compiles and closes dependencies for 'vue'/'inline'/typescript=true  3684ms
   ✓ Sprint 182 M04 public codegen matrix > compiles and closes dependencies for 'vue'/'tokens'/typescript=false  3623ms
   ✓ Sprint 182 M04 public codegen matrix > compiles and closes dependencies for 'vue'/'tokens'/typescript=true  3623ms
   ✓ Sprint 182 M04 public codegen matrix > compiles and closes dependencies for 'vue'/'tailwind'/typescript=false  3585ms
   ✓ Sprint 182 M04 public codegen matrix > compiles and closes dependencies for 'vue'/'tailwind'/typescript=true  3482ms
 ✓ test/tools/pipeline.compact.spec.ts (6 tests) 176ms
 ✓ test/tools/cvd-machado.spec.ts (8 tests) 2ms
 ✓ test/tools/echarts-render-worker.startup.spec.ts (1 test) 921ms
   ✓ MCP startup ECharts render boundary > registers the server without importing ECharts or evaluating the render worker  921ms
 ✓ test/product-reality/ported-freeze.s184.spec.ts (2 tests) 34ms
 ✓ test/tools/artifact.certify.echarts-option-stability.s179.spec.ts (2 tests) 376ms
   ✓ artifact.certify — option stability remains load-bearing (s179 m05) > fails the combined proof when emissions differ even though both renders agree  367ms
 ✓ test/tools/design.preview.spec.ts (5 tests) 27ms
 ✓ test/product-reality/archive-workflow.s188.spec.ts (2 tests) 5542ms
   ✓ generated archive-view integration > react carries the authored archive label into governed Tabs and row overlays, and typechecks  1865ms
   ✓ generated archive-view integration > vue carries the authored archive label into governed Tabs and row overlays, and typechecks  3676ms
 ✓ test/product-reality/field-labels.s188.spec.ts (3 tests) 833ms
   ✓ Sprint 188 meaningful field labels > keeps all 66 public compositions free of anonymous Field N labels  832ms
 ✓ src/codegen/html-utils.test.ts (12 tests) 2ms
 ✓ src/schema-store/__tests__/schema-store.test.ts (4 tests) 9ms
 ✓ src/compose/templates/timeline.test.ts (8 tests) 2ms
 ✓ test/product-reality/m06-gate-bites.s184.spec.ts (1 test) 170292ms
   ✓ Sprint 184 m06 real consumer gate bites > executes one unique red mutation for every gate on both framework targets  170267ms
 ✓ src/compose/templates/card.test.ts (7 tests) 3ms
 ✓ test/product-reality/browser-receipt-audit.s189.spec.ts (6 tests) 21ms
 ✓ test/product-reality/structured-data.s194.spec.ts (3 tests) 25ms
 ✓ test/product-reality/billing-views-export-cells.s188.spec.ts (10 tests) 26ms
 ✓ test/product-reality/advertised-movers.s184.spec.ts (1 test) 31ms
 ✓ test/product-reality/billing-export-cells.s188.spec.ts (6 tests) 23ms
 ✓ test/render/render-preview-messaging.spec.ts (3 tests) 7ms
 ✓ test/product-reality/list-states.s193.spec.ts (13 tests) 341ms
 ✓ test/render/css-extractor.spec.ts (3 tests) 4ms
 ✓ src/compose/templates/form.test.ts (4 tests) 2ms
 ✓ test/tools/dashboard-token-css-ref-honor.s179.spec.ts (3 tests) 4ms
 ✓ test/product-reality/input-validation-state.s184.spec.ts (4 tests) 15ms
 ✓ test/product-reality/object.s194.spec.ts (1 test) 68ms
 ✓ test/product-reality/artifact.certify.s194.spec.ts (1 test) 331ms
   ✓ certifies the actual data-bound SVG and rejects HTML at the advertised wire boundary  331ms
 ✓ test/product-reality/catalog.list.s194.spec.ts (1 test) 349ms
   ✓ paginates the live 109-component catalog and reports framework evidence independently of legacy status  348ms
 ✓ test/render/viz-area-svg.spec.ts (1 test) 2ms
 ✓ test/contracts/tool.registry.spec.ts (3 tests) 2ms
 ✓ test/a2ui-host-conformance/host-conformance-render.spec.ts (51 tests) 39ms
 ✓ src/a2ui/host-conformance/adapter.test.ts (13 tests) 9ms

 Test Files  3 failed | 353 passed | 1 skipped (357)
      Tests  8 failed | 6571 passed | 16 skipped (6595)
   Start at  19:32:07
   Duration  824.18s (transform 3.97s, setup 979ms, collect 77.33s, tests 695.39s, environment 323ms, prepare 13.52s)

JSON report written to /var/folders/gd/rty3217130vdbr9_q713nvg80000gn/T/oods-s185-m01-baseline-LzuOjB/run-1-mcp-server.json
undefined
/Users/systemsystems/.codex/worktrees/s195/OODS-Forge/packages/mcp-server:
 ERR_PNPM_RECURSIVE_EXEC_FIRST_FAIL  Command failed with exit code 1: vitest run --reporter=default --reporter=json --outputFile=/var/folders/gd/rty3217130vdbr9_q713nvg80000gn/T/oods-s185-m01-baseline-LzuOjB/run-1-mcp-server.json

[stderr]
[ECharts] 'oklch(0.56 0.1737 264.97)' is an illegal color, fallback to '#000000'
[ECharts] 'oklch(0.46 0.1875 274.17)' is an illegal color, fallback to '#000000'
[ECharts] 'oklch(0.6001 0.1195 161.58)' is an illegal color, fallback to '#000000'
[ECharts] 'oklch(0.6558 0.122 80.37)' is an illegal color, fallback to '#000000'
[ECharts] 'oklch(0.5824 0.1655 23.81)' is an illegal color, fallback to '#000000'
[ECharts] 'oklch(0.4755 0.1421 47.13)' is an illegal color, fallback to '#000000'
[ECharts] 'oklch(0.94 0.025 250)' is an illegal color, fallback to '#000000'
[ECharts] 'oklch(0.54 0.09 250)' is an illegal color, fallback to '#000000'
[ECharts] 'oklch(0.34 0.13 250)' is an illegal color, fallback to '#000000'
[ECharts] 'oklch(0.56 0.1737 264.97)' is an illegal color, fallback to '#000000'
[ECharts] 'oklch(0.46 0.1875 274.17)' is an illegal color, fallback to '#000000'
[ECharts] 'oklch(0.6001 0.1195 161.58)' is an illegal color, fallback to '#000000'
[ECharts] 'oklch(0.6558 0.122 80.37)' is an illegal color, fallback to '#000000'
[ECharts] 'oklch(0.5824 0.1655 23.81)' is an illegal color, fallback to '#000000'
[ECharts] 'oklch(0.4755 0.1421 47.13)' is an illegal color, fallback to '#000000'
[ECharts] 'oklch(0.94 0.025 250)' is an illegal color, fallback to '#000000'
[ECharts] 'oklch(0.54 0.09 250)' is an illegal color, fallback to '#000000'
[ECharts] 'oklch(0.34 0.13 250)' is an illegal color, fallback to '#000000'
stderr | src/tools/viz.render.fidelity.test.ts > viz.render render fidelity (renderable, not just AJV-valid) > suggest mode (no chartType): the data-aware pick is renderable and golden-locked at the render boundary
WARN Channel "color" does not work with "band" scale. We are using "ordinal" scale instead.

stderr | test/product-reality/viz-recipes.s193.spec.ts > visualization recipes use the public renderer input and pixels > scatter opacity changes both renderer outputs and retains normalized intent
Boolean type for boundaryGap is only allowed for ordinal axis. Please use string in percentage instead, e.g., "20%". Currently, boundaryGap is set to be 0.
Boolean type for boundaryGap is only allowed for ordinal axis. Please use string in percentage instead, e.g., "20%". Currently, boundaryGap is set to be 0.

stderr | test/a2ui-host-conformance/host-conformance-render.spec.ts
Lit is in dev mode. Not recommended for production! See https://lit.dev/msg/dev-mode for more information.

stderr | src/a2ui/host-conformance/adapter.test.ts
Lit is in dev mode. Not recommended for production! See https://lit.dev/msg/dev-mode for more information.


⎯⎯⎯⎯⎯⎯⎯ Failed Tests 8 ⎯⎯⎯⎯⎯⎯⎯

 FAIL  src/tools/artifact.certify.scope.test.ts > certification describes the pixels at the requested scope > an ECharts canvas override is graded against the rendered background, while spec-only evidence stays reconstructed
AssertionError: expected 'certified' to be 'uncertified' // Object.is equality

Expected: "uncertified"
Received: "certified"

 ❯ src/tools/artifact.certify.scope.test.ts:38:29
     36|     expect(backed.contrastResults?.[0]).toMatchObject({ verdict: 'fail…
     37|     expect(backed.contrastNote).toContain('#416CD9');
     38|     expect(backed.coverage).toBe('uncertified'); expect(backed.conform…
       |                             ^
     39|     const specOnly = await certify({ spec, theme: 'dark', brand: 'B' }…
     40|     expect(specOnly.contrastResults?.[0]).toMatchObject({ theme: 'dark…

⎯⎯⎯⎯⎯⎯⎯⎯⎯⎯⎯⎯⎯⎯⎯⎯⎯⎯⎯⎯⎯⎯⎯⎯[1/8]⎯

 FAIL  src/tools/artifact.certify.scope.test.ts > certification describes the pixels at the requested scope > rejects unsupported scope {"theme":"hc"} before creating measurement rows
AssertionError: expected true to be false // Object.is equality

- Expected
+ Received

- false
+ true

 ❯ src/tools/artifact.certify.scope.test.ts:47:34
     45|     const rendered = await render({ chartType: 'area', rows: [...SALES…
     46|     const input = { spec: rendered.normalizedSpec!, ...scope };
     47|     expect(validateInput(input)).toBe(false);
       |                                  ^
     48|     const out = await certify(input as never);
     49|     expect(out.status).toBe('error'); expect(out.contrastResults).toBe…

⎯⎯⎯⎯⎯⎯⎯⎯⎯⎯⎯⎯⎯⎯⎯⎯⎯⎯⎯⎯⎯⎯⎯⎯[2/8]⎯

 FAIL  test/tools/echarts-role-a-assignment.s179.spec.ts > ECharts Role-A semantic assignment (s179 m04) > 'treemap': n=8 is exactly slots 1..6,1,2 despite repeated geometry/category carriers
 FAIL  test/tools/echarts-role-a-assignment.s179.spec.ts > ECharts Role-A semantic assignment (s179 m04) > 'sunburst': n=8 is exactly slots 1..6,1,2 despite repeated geometry/category carriers
 FAIL  test/tools/echarts-role-a-assignment.s179.spec.ts > ECharts Role-A semantic assignment (s179 m04) > 'sankey': n=8 is exactly slots 1..6,1,2 despite repeated geometry/category carriers
 FAIL  test/tools/echarts-role-a-assignment.s179.spec.ts > ECharts Role-A semantic assignment (s179 m04) > 'chord': n=8 is exactly slots 1..6,1,2 despite repeated geometry/category carriers
 FAIL  test/tools/echarts-role-a-assignment.s179.spec.ts > ECharts Role-A semantic assignment (s179 m04) > 'force_graph': n=8 is exactly slots 1..6,1,2 despite repeated geometry/category carriers
AssertionError: expected { status: 'ungradeable', …(3) } to deeply equal { status: 'assigned', …(2) }

- Expected
+ Received

@@ -7,17 +7,9 @@
      "Group 4",
      "Group 5",
      "Group 6",
      "Group 7",
    ],
-   "roleAAssignment": [
-     "#416CD9",
-     "#3E44BE",
-     "#279669",
-     "#B58525",
-     "#CA4948",
-     "#993B00",
-     "#416CD9",
-     "#3E44BE",
-   ],
-   "status": "assigned",
+   "reason": "semantic-paint-not-rendered",
+   "roleAAssignment": [],
+   "status": "ungradeable",
  }

 ❯ test/tools/echarts-role-a-assignment.s179.spec.ts:152:22
    150|     ({ chartType, branchData, categoryKeys }) => {
    151|       const result = assign(chartType, projected(chartType, branchData…
    152|       expect(result).toEqual({
       |                      ^
    153|         status: "assigned",
    154|         categoryKeys,

⎯⎯⎯⎯⎯⎯⎯⎯⎯⎯⎯⎯⎯⎯⎯⎯⎯⎯⎯⎯⎯⎯⎯⎯[3/8]⎯

 FAIL  test/product-reality/closeout.s191.spec.ts > Sprint 191 bounded closeout > current capability prose derives contrast from the registry and keeps review separate
AssertionError: expected '# Near Roadmap\n\n**Status:** ACTIVE …' to contain 'contrastPassed light/dark for 9 categ…'

- Expected
+ Received

- contrastPassed light/dark for 9 categorical types, [] for 4 exempt
+ # Near Roadmap
+
+ **Status:** ACTIVE — program decision `#1652`; Sprint 186 certified by `#1785`; Sprint 187 independently certified and closed by `#1809`; carries preserved by `#1810`; Sprint 188 independently certified and closed by `#1831`; craft carries preserved by `#1832`; capture policy `#1833`; Sprint 189 independently certified and closed by `#1844`; residual craft carries `#1845`; Sprint 190 independently certified and closed by `#1859`; residual visualization carries `#1860`; Sprint 191 independently certified and closed by `#1880`; residual carries `#1881`; Sprint 192 independently certified and closed by `#1891`; residual carries `#1892`; Sprint 193 independently certified and closed by `#1914`; residual craft carries `#1915`; Sprint 194 independently certified and closed by `#1934`; residual carries `#1935`
+
+ **Updated:** 2026-09-11 — Sprint 195 build `PS-2026-09-11-008`; Increment 14 BUILT, REVIEW PENDING. Increment 13 remains CERTIFIED AND CLOSED (`#1934`), with its residual carries preserved by `#1935`. Classification approval remains Derek's (`#1438`); `approvedRuntimeCensus:null`.
+
+ **Sprint 188:** CERTIFIED AND CLOSED. Build base `cd8ee986`; Mission 1 delivered that merged head and the authentic User-form successor. Missions 2–5 built the generated React/Vue Subscription workflow and eight declared billing/archive recipes. Mission 6 froze the final proof and handed off. Review `PS-2026-09-08-011` (decision `#1831`) inspected all 36 frozen-head screenshots in both frameworks: the workflow runs end to end with all four states and criterion 8 is opened; usable is not certified, and the ranked craft carries are preserved by `#1832`. See [Increment 7](#increment-7--sprint-188-ship-then-make-the-subscription-app-whole--certified-and-closed).
+
+ **Sprint 189:** CERTIFIED AND CLOSED. Build base `f4cd1ba3`; Mission 1 delivered that merged head to the live bridge and sent the Sprint 188 reconnect. Missions 2–5 built the browser design loop (`scripts/design-loop`, public `design.preview`) and used it to retire all seven `#1832` carries at the producer. Mission 6 froze the final proof and handed off. Review `PS-2026-09-09-002` (decision `#1844`) inspected the 24 frozen-head receipts and 72 screenshots in both frameworks: every `#1832` item is resolved by exact receipt lines and criterion 8 is certified for the Subscription app; the residual craft list is `#1845`. See [Increment 8](#increment-8--sprint-189-browser-design-loop--certified-and-closed).
+
+ **Sprint 190:** CERTIFIED AND CLOSED. Build base `c3a68d5f`; Mission 1 delivered the merged Sprint 189 head `f19a654c` to the live bridge and sent the Sprint 189 reconnect. Missions 2–5 put the shared renderer on the public surface: `viz.render` returns SVG for all 13 types, dashboard HTML draws 11/11 admitted types, theme and brand resolve from the token scopes, `artifact.certify` grades the requested scope, VizAreaPreview renders a real chart on Subscription/detail, and one measured registry equals its public-handler census. Mission 6 froze the final proof and handed off. Review `PS-2026-09-10-001` (decision `#1859`) re-ran the registry contract test and the independent auditor at the frozen head and inspected the 52-cell matrix, contrast rows and browser receipts; the residual visualization carries are `#1860`. See [Increment 9](#increment-9--sprint-190-visualization-public-render--certified-and-closed).
+
+ **Sprint 191:** CERTIFIED AND CLOSED. Build base `d3a99d39`; no delivery mission, because the bridge already served that head. Mission 1 put a measured dark categorical palette into the A/B token scopes, repaired light slot 04, added the registry `contrastPassed` cell and gave `code.generate` theme/brand options so the generated app takes its theme. Mission 2 closed OODS-N016 generically so the Organization and User workflows generate (77/77, 154/154) with six packed cells green. Mission 3 retired the seven `#1845`/chart craft items and `#1274` at the producer with BEFORE/AFTER receipts. Mission 4 closed maintenance `#1318`–`#1322` on receipts and rebuilt the `#1315` bundle clean. Mission 5 froze the final proof and handed off. Review `PS-2026-09-10-008` (decision `#1880`) recomputed all 24 palette cells from the built CSS, re-ran the independent auditor and the contract specs at the head and inspected the dark and AFTER screenshots in both frameworks; the residual carries are `#1881`. See [Increment 10](#increment-10--sprint-191-carry-forward-pay-down--certified-and-closed).
+
+ **Sprint 192:** CERTIFIED AND CLOSED. Build base `5fdf8a18`; Mission 1 delivered that merged head to the live bridge and sent the six prepared notices, closing `#1315`. Mission 2 put the four component packages into CI and a fifth capture suite and repaired the token contract (zero unresolved colour roles, zero system-colour fallbacks in six scopes, 106 `cmp` semantic aliases). Missions 3–4 measured accessibility, interaction and six theme scopes for every governed root in React and Vue inside the CI job. Mission 5 implemented AuditSummaryCard, SortIndicator and TimelineEntryLabel on that proof and cleared the Invoice V007 warnings. Mission 6 regenerated the ledger from evidence, refreshed the served export and completed the 109-row classification proposal. Mission 7 froze the final proof and handed off. Review `PS-2026-09-10-013` (decision `#1891`) re-ran the token resolver, the composition census and the retained component verifier at the merged head, read the served export and the five capture receipts, and confirmed the hash-bound `#1890` derivation exception; the residual carries are `#1892`. See [Increment 11](#increment-11--sprint-192-component-truth--certified-and-closed).
+
+ **Sprint 193:** CERTIFIED AND CLOSED. Build base `c098237f`; Mission 1 delivered that merged head to the live bridge and sent the three prepared notices, closing `#1439`. Mission 2 built the generic packed runtime harness and measured all 132 single-screen cells from one pack, with a CI job, a contract spec and a real emitter-removal bite. Mission 3 ran all 11 workflows in both frameworks (22 cells, 16 state observations each; Invoice and Plan for the first time) and put `productReality.runtime` on health. Missions 4–5 implemented the 34 missing roots (nine non-viz recipes, 25 Viz recipes bound to `viz.render` intent) on the Sprint 192 proof, reaching 109/109 React and Vue. Mission 6 derived the 27-entry tool-capability ledger served by health and fixed the stale narrative. Mission 7 froze the final proof and handed off. Review `PS-2026-09-11-003` (decision `#1914`) read the 154-row runtime ledger, the served catalog and health outputs, the passing five-suite accounting and the independent audit at execution head `8858a575`, and inspected the Invoice and Plan workflow receipts in React; runtime and component evidence are certified, application craft is not, and the ranked craft carries are `#1915`. PR #98 merged into `OODS-pro` at `1f69c957`. See [Increment 12](#increment-12--sprint-193-runtime-at-scale--certified-and-closed).
+
+ **Sprint 194:** CERTIFIED AND CLOSED. Build base `1f69c957`; Mission 1 delivered that merged head to the live bridge, sent the three prepared notices and split the coverage CI job into two budgeted jobs. Mission 2 made the brand seam real: intake emits a consumable delta, `brand.apply` writes canonical brand source under an operator-only root and runs the real token build with captured exit, `tokens.build` returns the requested scope, and chart, app-shell and component pixels move from one source edit. Mission 3 narrowed `map` to an external resolver and proved map, registry.snapshot, schema, object and structuredData.fetch at the wire. Mission 4 retired `viz.compose`, `review` and `release.verify` with decisions `#1922`/`#1923` and gave the five remaining on-demand tools real dry-run contracts. Mission 5 resolved every inert option (212 input properties, zero unresolved). Mission 6 gave all 19 advertised tools real-handler boundary proof and extended the portable E2E to 28 calls over all 19 tools with five documented limits (`#1927`–`#1929`). Mission 7 froze the final proof and handed off. Review `PS-2026-09-11-006` (decision `#1934`) read the ledger and registry files directly, reran the independent auditor (41 criteria, 8 executions, 776 frozen paths) and the producer check, confirmed the served bridge and the corrected CI run `34630306346`, and found two docs-only drifts fixed in the closure commit; tool truthfulness and the host-side brand seam are certified, portable brand writes and React/Vue generation from the Gate-1 bundle are not, and the carries are `#1935`. See [Increment 13](#increment-13--sprint-194-tools-truthful--certified-and-closed).
+
+ **PR integration:** PR #84's initial CI run failed three jobs after the frozen local proof. [CI follow-up](../../planning/forge-s187-ci-followup.md), session `PS-2026-09-07-003` / decision #1811, records the correction; remote acceptance is determined by the checks on the corrected PR head. PR #84 and PR #85 subsequently merged into `OODS-pro` at `cd8ee986`. Sprint 188 merged through PR #86 (`33a20d0e`) and PR #87 (`ed0d5750`); remote CI on the frozen head `7fc3c9e0` passed all three workflows before the review.
+
+ **Scope:** The next increments — Increment 12 (Sprint 193, certified and closed), Increment 13 (Sprint 194, certified and closed), Increment 14 (Sprint 195, visualization breadth and certification, built/review pending) and Increment 15 (Sprint 196, release proof); the whole remaining map is [the phase map](../../planning/forge-remaining-work-phase-map-2026-09.md) (`#1893`); see [Program position](#program-position-and-the-next-three-increments)
+
+ **Program authority:** [Forge Product Reality Program](product-reality-program.md)
+
+ ## Direction
+
+ OODS Foundry and Forge must function as one usable design system and agent toolchain Derek can use to
+ build real work. Greenfield output is a first-class requirement. Mapping into an existing company
+ system remains valuable, but it cannot substitute for Forge-owned components, runtime artifacts, or
+ working generation.
+
+ Two direction decisions from 2026-09-05 govern this queue. The Sprint 182 promotion freeze is void
+ (`#1722`): it was self-imposed, nothing outside our own scripts depends on it, and it is never cited
+ as a constraint again — new components go straight into the nucleus. The binding constraint on the
+ program is component breadth (`#1723`), so the increments after Runnable Generation are breadth waves
+ ordered by how many pre-existing saved schemas each wave makes reachable. Sprint 186 reached the
+ disclosed successor corpus's 16/16 boundary. The next locked breadth metric is fresh composition
+ through the existing public object/context inputs; saved-corpus success does not establish that coverage.
+
+ The current program does not ratify MCP Apps, Figma, Penpot, or a custom canvas; surface selection
+ follows runnable product foundations.
+
+ ## Current measured state — Sprint 195, 2026-09-11; BUILT, REVIEW PENDING
+
+ | Claim area | Current evidence | Remaining obligation |
+ |---|---|---|
+ | Component catalog | **109/109** governed React and Vue roots, **109/109** HTML mappings and versioned contracts. The `2026-09-11-s193-m07` export equals the regenerated component ledger | All109 classifications await Derek; `approvedRuntimeCensus:null`. Proposed native/recipe/alias labels are not approved |
+ | Component maturity | Accessibility/theme **109 verified** each; interaction **40 verified / 69 not-applicable**, with reasons. Six scopes ×109 roots ×2 frameworks = **1308 measured cells** | Component theme proof does not certify automatic recoloring of supplied SVG or application craft |
+ | Runtime coverage | **154/154 pass**, zero typed gaps/failures: 11 objects ×7 contexts ×2 frameworks, one pack/run at the recorded head. Invoice/Usage dashboard layouts add **4/4** separately scoped cells; their detail/dashboard charts add **48/48** brand/theme checks. The canonical population places **68/109** component identities | The remaining 41 identities are not placed by those public schemas. Separate real-trait fixtures and component proofs remain separate; runtime does not imply application craft approval |
+ | Fresh composition | **77/77 schemas and 154/154 generation cells**; four chart additions (Invoice/Usage detail and workflow), 73 unchanged versus the pre-placement census. Record headers and all other schema content are retained | Eight chart declarations across 88 context/layout requests cover area, bar and line. Declaration coverage and runtime proof remain distinct |
+ | Saved designs | Original15/16 retained as a historical negative; adopted successor16/16;17 live-store hashes unchanged | No saved source mutated by the census |
+ | Tool truth | **24 entries**:19 auto +5 on-demand. Source-test tiers **19 product-reality /5 contract /0 unit /0 none**; all19 advertised tools called by the portable E2E | Boundary execution receipts retained. Portable outcomes:14 pass and5 documented limits; source proof does not imply portable success. Three retired entries retain decisions. |
+ | Delivery and discovery | Sprint 195 m01 delivered certified **5b25c3c9** to primary PM2 and sent exactly three prepared notices. Built catalog and health expose component/runtime/tool ledgers plus `productReality.viz`; portable health includes the same registry inputs | Sprint 195 candidate delivery belongs to Sprint 196. Its notices for cmos-dashboard, forge-demos and aquex-mcp are prepared unsent |
+ | Visualization | **34/34 identities** classified into eight families; 20 core cells: **13 surface-complete /7 typed gaps**. The 21 patterns have **8 public /13 authoring-only** identities. Thirteen chart types yield **60 rendered /18 typed HC-deferred** scopes out of 78. All 13 types have a declared certification path; 56 rendered scopes conform and four bubble-map scopes remain nonconformant. Palette Role-A minima exceed 10 with all 24 Role-C checks passing | HC contrast is typed forced-colors exemption, not a numerical contrast measurement. Spec-only ECharts stays uncertified/null. ECharts object placement carries under #1944; bar/line are placed. Full Invoice/Usage detail HTML retains Tabs OODS-V007; chart-node HTML carries real SVG |
+ | Release proof | The m07 packet binds the five-suite campaign, all skips/deltas, frozen censuses, mutation checks and actual CI source heads. Strict soak retains its statistical failure as `OODS-SOAK-1442` observation under #1946; thresholds are unchanged | `builderSelfCertified:false`; independent review remains required. Bridge packaging and bundle reference apps remain Increment 15/Sprint 196 |
+
+ The Sprint 187 evidence below is retained as this table's historical baseline.
+
+ The exact runtime and saved-store hashes are in
+ [the m06 evidence packet](../../../artifacts/product-reality/sprint-187/m06/README.md).
+ Final four-suite counts, skipped tests and file-attributed deltas belong to its retained capture and
+ claim ledger. The baseline comparator is s186 execution `740e8405`, never a relabeled run. The initial clean `2a7bb93e` capture failed22 server and17 root assertions; its raw evidence remains retained. Corrected bundled discovery schema and contract expectations are verified at the new implementation. The corrected capture and output audit record the final build gates and were verified during independent review.
+
+ Independent review re-derived all seven criteria byte-for-byte and reran the separate output audit:
+ 30 executions and 900 frozen paths pass. Rebuilt fresh and saved censuses reproduce the table above.
+ Raw suite counts are 1390 / 64 / 5866 / 6146 passed, zero failed, with the identical 16 existing skips
+ in the overlapping server/root runs. The review inspected retained browser and suite receipts rather
+ than repeating those full runs. See [the review determination](../../planning/forge-s187-review-determination.md).
+ CMOS closed Sprint 187 on 2026-09-07; learnings #516–#518 and carry-forward #1389–#1391 retain the
+ review lessons, delivery work and explicit product limits. Master-context milestone snapshot: 2162.
+
+ Counts describe the named surface only. HTML evidence is not React or Vue evidence, a source emitter
+ is not a runtime package, an admitted chart name is not rendered output, and a preview frame is not a
+ chart.
+
+ ## Program position and the next three increments
+
+ Sprint 193 closes the implementation gap left after Increment 11: every one of109obligations now resolves in both governed frameworks and has measured maturity cells. The public runtime population is154/154 at one recorded head; its66placed component identities remain separate from the109implemented roots. The tool ledger exposes the remaining advertised-claim work. Classification approval, application craft inspection, visualization breadth, the design-surface choice and integrated release proof remain open.
+
+ | Increment | Sprint | Outcome | Exit |
+ |---|---|---|---|
+ | 11 — Component truth | 192, CERTIFIED AND CLOSED (`#1891`) | Proof in the gate; token-resolution contract; accessibility, interaction and theme measured 75/75 in both frameworks; the three disputed rows; the ledger regenerated and served; the 109-row classification proposal | Every governed root has measured cells from suites that run in CI; `catalog_list` serves them; Derek's approval is the only open step to a non-null runtime census |
+ | 12 — Runtime at scale, the 34 rows, the tool-truth census | 193, CERTIFIED AND CLOSED | The generic single-screen harness over all 132 single-screen cells (one pack per sweep) and the workflow harness over all 11 workflows, so runtime-proven cells become a gated ratio served by `health` at154/154 with zero typed gaps; the 9 remaining non-viz rows and the 25 `Viz*` control rows implemented on the Sprint 192 machinery; a generated tool-capability ledger over the 27 registry entries served by `health` (measure only) | Runtime coverage is a gate, not prose; React and Vue implement109/109 with measured maturity cells; every advertised tool has a measured proof tier |
+ | 13 — Tools truthful | 194, CERTIFIED AND CLOSED (`#1934`) | Every advertised tool proven at the MCP boundary and called by the portable E2E, or narrowed/retired with a record: the brand seam end to end (intake → apply writes source with receipt → real build → pixels move), `map` output consumed by composer/codegen or the brownfield claim narrowed, `viz_compose` retired, `review` given a contract and a real patch output or retired, inert options and swallowed errors removed | 24-row ledger: 19 advertised at product-reality tier with portable calls, 5 on-demand contracts, 3 retired with decisions; zero advertised claim without executable evidence; five portable limits typed |
+ | 14 — Visualization breadth and certification | 195, BUILT, REVIEW PENDING | Versioned taxonomy/Core Analytics Profile; 21 pattern identities; measured operand certification, canonical palette revision, forced-colors proof, bar/line placements and real mutation checks | 34/34 classified; 13/20 core cells surface-complete and seven typed gaps with reasons. ECharts placement and measured HC failures remain explicit; independent review pending |
+ | 15 — Integrated release proof | 196 | The bridge in the portable bundle; Subscription, Organization and User exercised from the bundle as reference apps; `docs/components` and the Tool-Specs counts generated from the ledger with `--check`; doc and viz mutation bites; the gate-2 decisions | Every published claim is generated from current executable evidence; no false green survives mutation |
+
+ Re-sequenced 2026-09-11 by the phase map (`#1893`): tool truth moves ahead of visualization breadth because the tool gaps are claims Forge makes today, while chart breadth is capability not yet claimed. The design-surface adapter decision remains Derek's gate and can be taken after Increment 12 without displacing the sequence. Sprint numbers after 193 are assigned only after each preceding increment's independent review.
+
+ ## Increment 1 — Sprint 182: Product Reality Foundation — CLOSED 2026-09-04
+
+ Reviewed by `PS-2026-09-04-004` (decision `#1662`); `foundation-v1` promoted by Derek (decision
+ `#1663`). The 14-component nucleus is real in React and Vue with clean packed-consumer proof. Its build
+ authority was
+ [forge-s182-product-reality-foundation-decision-memo.md](../../planning/forge-s182-product-reality-foundation-decision-memo.md).
+
+ ## Increment 2 — Sprint 183: Runnable Generation — CLOSED 2026-09-05
+
+ Built by `PS-2026-09-04-007` at frozen head `9a4202fe` and independently reviewed by `PS-2026-09-05-001`
+ (decision `#1689`, determination in
+ [forge-s183-review-determination.md](../../planning/forge-s183-review-determination.md)). The exit gate
+ was genuinely met: the six-month-old schema `compose-7d860337` installs, builds, renders, hydrates and
+ passes interactions in clean React and Vue consumers. Two record defects blocked certification — a
+ `passed` claim that five archived mutation patches could not support, and an undisclosed loss of HTML
+ generation for Forge's own detail template absorbed by repointing tests. Both were repaired in
+ `s184-m07`, and the sprint was closed on 2026-09-05.
+
+ ## Increment 3 — Sprint 184: First Greenfield Workflow — CLOSED 2026-09-05, PARTIAL BY DESIGN
+
+ Built from `ab0d712d` and reviewed by `PS-2026-09-05-004`; closed by Derek the same day. Its build
+ authority was
+ [forge-s184-greenfield-workflow-decision-memo.md](../../planning/forge-s184-greenfield-workflow-decision-memo.md).
+
+ It ported the eight components the two March-2026 Subscription schemas needed, resolved six
+ off-contract facts by moving contracts rather than schemas, added the workflow state axis to the
+ schema language and both emitters, reversed the screen-scope binding rule so generated call sites
+ exist, replaced the textual stub guard with a forwarding check, and proved the list → detail slice
+ from live generation in both frameworks.
+
+ **Increment 3 is recorded as partial, in those words.** The four workflow states are proven on a
+ schema the sprint's own script builds; the real Subscription schemas are proven state-neutral. No
+ single artifact demonstrates the program sentence "the same semantic workflow is usable in both
+ frameworks with loading, empty, error, and success states." Edit/cancel and timeline have no
+ pre-existing schema, and authoring one would be the circularity the increment exists to avoid. The
+ review also found that the sprint's per-mission mover accounting missed five consumer-relevant
+ advertised movers, including the nucleus Table's zero-row output; that notice is owed and is sent in
+ Sprint 185.
+
+ ## Increment 4 — Sprint 185: Component Breadth Wave 1
+
+ Numbered because Sprint 184 is independently reviewed and closed. Its build authority is
+ [forge-s185-component-breadth-wave-1-decision-memo.md](../../planning/forge-s185-component-breadth-wave-1-decision-memo.md),
+ locked by decision `#1724` at build base `1118f436`.
+
+ It adds **DetailHeader, CardHeader, ColorSwatch, ColorizedBadge and VizAreaPreview** to the nucleus as
+ real React and Vue components and proves them by running the six pre-existing saved schemas they block
+ through live generation and the consumer gates in both frameworks. Reachable saved schemas go from
+ 5/16 to 11/16.
+
+ Planning measured twelve target cells failing with `OODS-N015` on those five IDs and twelve green
+ pruned controls. It incorrectly inferred a pure port; the build found the hidden defects described
+ below. The sprint also retired the voided literal nucleus freeze. VizAreaPreview ships honestly as a
+ sized preview frame, not a chart (`#1727`).
+
+ **Built and independently reviewed 2026-09-06; CERTIFIED and CLOSED** (review session
+ `PS-2026-09-06-002`, determination in
+ [forge-s185-review-determination.md](../../planning/forge-s185-review-determination.md)). The exit
+ gate held from live generation: 124 of 124 applicable gates over 16 framework cells, four interaction
+ rows not applicable and excluded; reachability 11/16; every live nucleus pin derived. The "pure port"
+ inference did not survive the build — three contract defects were found and repaired in-sprint
+ (`#1734`, `#1736`, `#1738`). Four-suite closeout at `f8d15098` was green with zero failures.
+
+ ## Increment 5 — Sprint 186: Component Breadth Wave 2 — CERTIFIED AND CLOSED
+
+ Locked 2026-09-06 on Derek's confirmation. Build authority was
+ [forge-s186-component-breadth-wave-2-decision-memo.md](../../planning/forge-s186-component-breadth-wave-2-decision-memo.md)
+ at build base `5aa53b3a`. The starting census showed the remaining five unreachable schemas blocked by
+ exactly 23 components, all with executing HTML renderers. Six missions, one per schema in
+ smallest-cluster-first order (test-tagged 3, user-detail 4, user-list 5, user-timeline 5, user-form 6)
+ and a sixth that folded the eight ported families into the root. Existing Sprint 185 tooling was
+ reused with explicit narrow adaptations (#1780), rather than literal unchanged execution.
+
+ Independent review `PS-2026-09-06-006` closed the sprint under decision #1785. Governed components
+ grew 27 → 50; the five newly reachable schemas passed 80/80 applicable consumer gates in both
+ frameworks. **The 16/16 result applies to the authentic recomposed successor store.** The original
+ historical corpus remains 15/16 on five invalid User-form field bindings per framework. Decisions
+ #1776–#1779 record the scope adjustment; the program's original-input obligation is not silently
+ removed. See [review determination](../../planning/forge-s186-review-determination.md).
+
+ Pace rule from Derek, in force from this sprint on: appreciable progress every sprint, not a little work
+ and a lot of measuring. No per-mission four-suite captures, no new closeout apparatus, no critic
+ workflow. The per-component evidence bar from Wave 1 is unchanged.
+
+ ## Increment 6 — Sprint 187: Fresh Composition Coverage — CERTIFIED AND CLOSED
+
+ **LOCKED** by decisions `#1787`–`#1789`, planning session `PS-2026-09-06-007`.
+ The [decision memo](../../planning/forge-s187-fresh-composition-decision-memo.md) is the build authority.
+ The fourteen component families, binding repairs, discovery refresh and delivery preparation are
+ implemented. The serial mission evidence is retained under `artifacts/product-reality/sprint-187/`.
+ The final census at `a9c02b7d` improves the planning baseline from 27/66 schemas and 58/132 cells to
+ **66/66 and 132/132**. All 28 selected consumer cells pass their applicable gates (218 pass,
+ 6 explicitly N/A, zero failures/skips). No schemas were pruned or hand-authored as fresh inputs.
+
+ | Delivered work | Evidence boundary |
+ |---|---|
+ | LabelCell, InlineLabel, FormLabelGroup, ClassificationBadge, ClassificationEditor | Real React/Vue roots, contracts, styles and local native classification controls; no persistence |
+ | OwnerBadge, OwnershipSummary, OwnershipMeta, TagSummary | Owner/role metadata, zero counts, tags and documented children precedence |
+ | ArchiveSummary, ArchivePill, CancellationForm, CancellationBadge, PriceCardMeta | False badges, nullable archive timestamp, price model/interval and local cancellation controls; no cancellation workflow |
+ | Composition and binding repairs | StatusTimeline.label, numeric zero, boolean false, local query updates, optional card actions and nullable datetime; original Product/detail B2 operand measured separately |
+ | Discovery/census/aliases/delivery | Retain109 explained in live discovery; eleven dispositions recorded; aliases retained because migration is unproven; isolated delivery rehearsal and rollback complete |
+
+ The existing s185/s186 proof tools received named, bounded s187 adaptations. No new closeout
+ framework or per-mission four-suite capture was introduced. The source capability fold is unchanged
+ from the evidence-backed m04 result:150 surface cells on 50 existing IDs and 600 references, with all 109
+ identities retained. Final m06 runtime evidence supplements those retained proofs.
+
+ After this increment, the strongest follow-on candidates are the still-partial **complete greenfield
+ workflow** and **current visualization public-render closure**. Neither is automatically numbered or
+ locked here. The green 66-schema generation matrix does not prove navigation, edit/cancel, state
+ transitions, responsive craft, remaining catalog breadth, or chart pixels.
+
+ ## Increment 7 — Sprint 188: Ship, then make the Subscription app whole — CERTIFIED AND CLOSED
+
+ The build follows decisions `#1814`/`#1815` and amendments `#1817`, `#1822` and `#1825`. The [decision memo](../../planning/forge-s188-subscription-workflow-decision-memo.md) and amended CMOS criteria control scope. The [M05 packet](../../../artifacts/product-reality/sprint-188/m05/README.md) records the component and application evidence; the [M06 handoff](../../../artifacts/product-reality/sprint-188/m06/accepted-timeout/README.md) records the final implementation, execution and evidence heads. Sprint 188 is **Completed**, independently certified by review `PS-2026-09-08-011` and decision `#1831`. Historical builder receipts retain `builderSelfCertified:false`; they are not relabeled.
+
+ **Delivered:** Mission 1 fast-forwarded the primary checkout to merged `cd8ee986`, rebuilt and restarted PM2, repaired served schema loading, and adopted only the authentic User-form successor with hashed backup/rollback. Seventeen HTTP probes and two retained N015 negatives verified the served result. The authorized combined reconnect was sent once to aquex-mcp and forge-demos. The new workflow implementation awaits the next reviewed delivery.
+
+ **Built:** public `context:'workflow'` produces a runnable Subscription application in both frameworks: generated navigation, typed local store, ten deterministic records, edit/save/cancel/history, archive views and loading/empty/error/success on list/detail/form/timeline. The M05 proof passes 16 gates, 18 flow checks and 32 state observations with 36 screenshots at 390/820/1440, including payment and archived views. The final M06 proof repeats at its frozen implementation head.
+
+ All eight declared rows are implemented: BillingSummaryBadge, BillingAmountInput, BillingIntervalSelector, CycleProgressCard, PaymentTimeline, PaymentEventTimeline, BillingCardMeta and ArchivedRowOverlay. Composition uses three mechanisms keyed on the declared recipe set: resolved parameters, extension-only selection and placement preservation. Generic grouping and unplaced-extension behavior are regression-pinned. M04 and M05 census changes are exactly attributed against their prior heads; the current baseline is 66/66 schemas and 132/132 screen generation cells plus Subscription/workflow's two cells. Current catalog discovery restores the original 14 nucleus rows from independently approved foundation evidence; frozen baseline/intake/reconciliation records remain unchanged. `/health.revision` exposes the build commit and structured-data manifest hash from a build-time stamp.
+
+ | Mission | Outcome |
+ |---|---|
+ | m01 | Delivery, adoption, reconnect from the primary checkout; no code change |
+ | m02 | `context:'workflow'`, application emitters in React and Vue, real field labels |
+ | m03 | The app live in both frameworks: full flow, four states on four screens, screenshots |
+ | m04 | BillingSummaryBadge, BillingAmountInput, BillingIntervalSelector |
+ | m05 | CycleProgressCard, PaymentTimeline, PaymentEventTimeline, BillingCardMeta, ArchivedRowOverlay; nucleus catalog truth; `/health` revision |
+ | m06 | Census 66/66 plus `Subscription/workflow`, one four-suite capture, sprint-wide advertised diff, review handoff |
+
+ Exit: the program sentence — *the same semantic workflow is usable in both frameworks with loading, empty,
+ error, and success states* — met for Subscription, and criterion 8 opened with one application. **"Usable" is
+ decided by the independent review's responsive/craft inspection, not by the build.** The sprint does not claim
+ persistence, a backend, URL routing, confirmation or permission primitives, or maturity of the 64 families.
+ Descope ladder and never-cut list are in the memo. After this increment, the strongest follow-on candidates are
+ the **browser design loop** (compose, render live, adjust, reconcile) and **current visualization public-render
+ closure** (#1372); neither is numbered or locked here.
+
+ **Review verdict (`PS-2026-09-08-011`, decision `#1831`):** all 36 screenshots at 390/820/1440 in both frameworks
+ were inspected. The application is operable end to end and the eight declared rows render real values, but the
+ composed source screens carry template defects — an unwired list header block with a `No items` paginator above
+ nine records, four empty timeline cards, description-as-label form fields with duplicated controls, an editable
+ cancellation fieldset and `Archived: false` on the detail screen, raw ISO timestamps — so usable is not certified.
+ The ranked carries are decision `#1832` and are the target list for the browser design loop candidate. Capture and
+ timeout handling for Sprint 189 is decision `#1833`.
+
+ ## Gates that apply to every increment
+
+ - Claims come from executable evidence, never catalog prose or research conclusions.
+ - React and Vue are equal targets; framework-specific behavior stays idiomatic.
+ - Packed-consumer tests use no workspace alias, repository source import, existing `node_modules`, or
+   user registry configuration.
+ - An unsupported target fails with a typed gap; warning-only fallback is not success.
+ - Exploratory work may use advisory validation. Production/release artifacts must pass the declared
+   enforced profile.
+ - Every significant failure mode receives a negative test or mutation bite capable of proving the
+   gate is discriminating, and a bite for a behavioral promise removes the behavior, not a string.
+ - A pre-existing test whose input changes during a sprint carries a stated reason in the closeout.
+ - A claim quantified with "every" is measured against the full tracked population at the review head.
+ - Advertised-surface movement is computed once, sprint-wide, from the final diff — never assembled
+   from per-mission scopes.
+ - Automated snapshots prove stability, not design quality; an independent review inspects responsive
+   craft and interaction states before a greenfield artifact is called usable.
+ - A build session records evidence and stops. A separate review session decides genuine close, and
+   scopes its verification to findings that could flip the determination.
+ - Public publishing, hosting, and paid external API use require explicit later decisions.
+
+ ## Parallel obligations and parks
+
+ Sprint 191 m04 closes maintenance `#1318`–`#1322`: SR27 requires the full sprint advertised diff,
+ runtime scans include native adapter JavaScript, OODS-N013 keeps its unavailable-target category with
+ matching descriptions, historical DTCG and repinned-schema bites are retaken, and the A --final pin
+ is confirmed. `#1315` remains pending: the reproducible bundle and exact re-pin notices are prepared
+ for Sprint 192 delivery after review, with zero sends. Evidence: `artifacts/product-reality/sprint-191/m04/README.md`.
+
+ Derek resolved the census choice (#1331) by accepting the recommendation to **retain all 109
+ obligations** (#1788). The old 98-runtime split is not approved. Its generator assigns `authoring-only`
+ when a root React export or HTML renderer is absent, although the excluded traits describe runtime
+ behavior. Missing implementation cannot by itself remove an obligation. Sprint 187 m05 reviewed
+ those eleven rows with trait/caller evidence: nine retain implementation work and two alias/merge
+ proposals need product decisions. No runtime intent was excluded because code was missing.
+ The historical `approvedRuntimeCensus` stays null while that old proposal is unapproved; live discovery
+ must explain the accepted retain-109 ruling. Surface-cell evidence updates do not move scope (#1726).
+
+ The following are parked until their named dependency is met:
+
+ - the eight-family root fold is complete; `/ported`, `/readiness-ported` and `/css-ported` alias
+   retirement was reviewed in Sprint 187 (#1382/#1385); retain aliases while external migration is unproven;
+ - closure of all current visualization recipes, and making VizAreaPreview a real chart — after
+   component breadth, unless independent staffing permits parallel work;
+ - visualization breadth beyond the current 13 — after the public render and certification path is
+   coherent;
+ - Figma, Penpot, MCP Apps, or another design-surface adapter — after Forge artifacts are runnable and
+   the adapter's capabilities, costs, auth, and write semantics can be evaluated honestly;
+ - public package publication or hosted Forge delivery — after licensing, distribution, and operating
+   cost decisions; and
+ - `schema.ingest` — historically shelved by `#1649`; decision `#1652` retains the shelving result
+   while superseding its incorrect surface claim.
+
+ ## Independent review and remaining delivery
+
+ Read [the m06 evidence packet](../../../artifacts/product-reality/sprint-187/m06/README.md) and its
+ claim-ledger/review-handoff JSON. The build is in
+ `/Users/systemsystems/.codex/worktrees/s187/OODS-Forge`, branch
+ `codex/sprint-187-fresh-composition`; actual public implementation `a9c02b7dadeef56690be82e05fe8b02f54beff9f`.
+ The ledger separately names the actual four-suite execution and frozen evidence/review commits;
+ public-byte equivalence must hold between implementation and execution. Canonical CMOS remains in
+ the primary checkout, whose unrelated dirty work was not reset or used as implementation source.
+
+ Sprint 187 is **Completed**, independently certified by review `PS-2026-09-07-002` and decision
+ `#1809`. Historical builder receipts retain `builderSelfCertified:false`; they are not relabeled.
+ Delivery #1374/#1379/#1384 was completed by Sprint 188 m01 at merged `cd8ee986`, with the authorized
+ PM2 restart, exact User-form adoption and combined reconnect. That delivery does not deploy Sprint 188's
+ new workflow. Alias retirement and unverified maturity remain open. Maintenance #1315/#1318–#1322
+ remains named and unabsorbed before integrated public release. PR83 CI follow-up #1386 was resolved;
+ its ECharts soak skip remains disclosed.
+
+ The historical Sprint 189 delivery draft was sent by Sprint 189 m01 after reviewed `f4cd1ba3` was delivered.
+ The Sprint 189 review (`#1844`) inspected the AFTER receipts and screenshots: the duplicate source/application
+ controls, raw timestamps, narrow summary terms, wrapped archive badge and surplus empty cards are gone, and the
+ Subscription app is certified usable; the residual craft list is `#1845`. Sprint 190 m01 delivered that merged head
+ (`f19a654c`). The Sprint 190 review (`#1859`) closed the visualization public-render surface. Decision `#1861`
+ records that merged head `d3a99d39` was already delivered and the reconnect sent to cmos-dashboard,
+ forge-demos and aquex-mcp before this build; archived dashboard-demos is excluded.
+ The Sprint 191 review (`#1880`) certified the carry-forward pay-down and closed the sprint; the residual carries
+ are `#1881`. PR #94 merged into `OODS-pro` at `5fdf8a18`. Sprint 192 m01 delivers that merged head to the bridge,
+ sends the prepared reconnect to cmos-dashboard, forge-demos and aquex-mcp, and sends the `#1315` re-pin notices to
+ aquex-mcp, forge-demos and shopify-forge, which closes `#1315`.
+ The Sprint 192 review (`#1891`) certified component truth and closed the sprint; the residual carries are `#1892`.
+ PR #96 merged into `OODS-pro` at `c098237f`. Sprint 193 m01 delivers that merged head to the bridge and sends the
+ prepared Sprint 193 reconnect to cmos-dashboard, forge-demos and aquex-mcp.
+
+
+ ## Increment 8 — Sprint 189: Browser design loop — CERTIFIED AND CLOSED
+
+ Sprint 189 is **Completed**, independently certified by review `PS-2026-09-09-002` and decision `#1844`. It was built under decisions #1832–#1834. Mission 1 delivered reviewed `f4cd1ba3` from the primary checkout, rebuilt and restarted PM2, verified its build-stamped revision and sent the prepared reconnect to aquex-mcp and forge-demos. All 17 served-store hashes stayed unchanged.
+
+ The build worktree now has a persistent exact-tarball React/Vue preview loop with screenshots, accessibility text, layout measurements and source hashes. Composed list and timeline contexts own their collections and controls. Forms use short labels with help, one owner per field and native Save; detail is read-only with cancellation on demand and populated, uniquely labeled tabs. Summary values, timestamps, archived badges and deterministic billing seeds are reconciled. The public `design.preview` tool uses the same loop and reports OODS-N019 when it is stopped. The served primary bridge still has the delivered Sprint 188 implementation; the Sprint 189 preview tool is proven on the worktree bridge.
+
+ The final packet retains the 77-schema census with the 66/66 and 132/132 single-screen population plus Subscription/workflow 2/2. The wider generation result remains 75/77 and 150/154, with the existing User/workflow and Organization/workflow gaps disclosed. Saved-corpus results remain separate: original 15/16, successor 16/16. The final four-suite capture follows #1833; exact counts and all failures/skips belong to its raw receipts and file-attributed accounting.
+
+ [The Sprint 189 handoff](../../../artifacts/product-reality/sprint-189/m06/README.md) binds the frozen implementation, execution and evidence commits, the BEFORE/AFTER browser receipts and all seven craft dispositions. The Sprint 190 reconnect is prepared and remains unsent. Historical builder receipts retain `builderSelfCertified:false`; they are not relabeled. This build does not certify accessibility, theme maturity or every object/context at runtime.
+
+ **Review verdict (`PS-2026-09-09-002`, decision `#1844`):** all 24 receipts and 72 screenshots at 390/820/1440 in both
+ frameworks were inspected against the seven-item `#1832` mapping. Every Sprint 188 defect is resolved by exact receipt
+ lines: one bound search, filter, sort and paginator over nine real rows with Active/Archived tabs; a chronological
+ timeline with formatted timestamps and a formatted billing header; short form labels with help text, one owner per
+ field, seeded datetime and reason code, one Save; a read-only detail with cancellation on demand, populated unique
+ tabs, history-bound audit entries and Yes/No summary terms; an unbroken archived badge with `1 record`; identical
+ StatusTimeline text across HTML, React and Vue; mid-cycle seeds. Zero page or console errors, zero overflow, zero
+ React/Vue lifecycle text differences. A person can list, search, filter, open, edit, save, cancel and read the
+ timeline in both frameworks at all three widths, so criterion 8 is certified for the Subscription app. Six residual
+ craft items found by the screenshot pass (Vue Search label wrap and pagination bullets at 390 px, raw event codes
+ and a duplicated two-entry history on detail, a wide-badge row wrap at 1440 px, the minor-units help text beside a
+ major-units amount, the Vue archived badge outside its row card) are ranked in `#1845`; none blocks usability. The
+ four-suite capture followed `#1833`: the first capture failed on 26 stale schema-shape assertions, one corrective
+ capture passed with zero failures and zero timeouts. The Package Compatibility CI failure on PR #90 was a
+ pre-existing workflow gap (the compat runner never built `@oods/component-contracts` before Storybook and had not run
+ since those imports landed); the review closure commit adds that build step to `scripts/pkg/compat.ts`, mirroring the
+ a11y-contract job, with public runtime bytes unchanged.
+
+ ## Increment 9 — Sprint 190: Visualization public render — CERTIFIED AND CLOSED
+
+ Sprint 190 is **Completed**, independently certified by review `PS-2026-09-10-001` and decision `#1859`. It was built under decisions #1847–#1858. Historical builder receipts retain `builderSelfCertified:false`; they are not relabeled. The measured [visualization registry](../../../packages/viz-core/src/registry/viz-recipes.v1.json) reports 13/13 public SVG in light/dark × A/B; 5 certified / 8 uncertified; area placed on Subscription/detail. Dashboard HTML draws 11/11 admitted types; chord and flow_map remain excluded under #881. The public-tool census, two-run 52-SVG matrix, component and saved-store census, packed application flows and light/dark browser receipts are retained in the [m06 packet](../../../artifacts/product-reality/sprint-190/m06/README.md). The [handoff](../../../artifacts/product-reality/sprint-190/m06/closeout/review-handoff.json) binds the frozen implementation `502e9bf7`, execution `81fb1a96` and evidence `b5b80d9d` commits; PR #92 merged into `OODS-pro` at `d3a99d39`.
+
+ The default uses CSS light/A. The flat token export remains byte-identical; m03 contains the one-time golden migration and every flat-versus-light/A token difference (#1850). HC token scopes remain exported while HC pixels are deferred (#1851). Certification grades the requested scope and retains failures: the existing light categorical palettes on dark canvases can fail contrast. Heatmap and geo exemptions make no categorical canvas-ratio claim. Eight ECharts-primary types retain `conformant:null`.
+
+ Subscription/detail includes a static sample-payment SVG above the timeline in HTML, React and Vue; workflow records each receive a seeded SVG. Editing the form does not regenerate the chart. This placement changes only Subscription/detail in the 66-schema population. The wider 77-schema population retains the Organization/User workflow OODS-N016 gaps. Generation coverage does not imply full runtime coverage for every context.
+
+ Mission 1 delivered the reviewed Sprint 189 head and its authorized reconnects. Decision `#1861` records later delivery of the merged Sprint 190 head `d3a99d39` and the sent reconnects to cmos-dashboard, forge-demos and aquex-mcp; archived dashboard-demos is excluded. Sprint 191 was certified by `#1880` and merged at `5fdf8a18`; the Sprint 192 reconnect and re-pin notice plans remain prepared-unsent until Sprint 192 m01 sends them.
+
+ **Review verdict (`PS-2026-09-10-001`, decision `#1859`):** the registry-equals-census contract test and the Sprint 190
+ prose tests were re-run at the frozen head (12/12), and the independent closeout auditor was re-run from a fresh
+ invocation: 37/37 criteria, 13 executions, 296 frozen paths. The retained scope observations hold 52/52
+ `svgHash == renderHash` identities across 13 types × light/dark × A/B, every one repeated byte-stable; dashboard HTML
+ draws 11/11 admitted types with chord and flow_map excluded under #881 and answered in the registry notes. The light
+ React 1440 and dark Vue 390 screenshots show the payment area chart as a named figure above Status Timeline with the
+ dark scope applied to the chart pixels and no overflow. The corrective four-suite capture is zero failures (viz-core
+ 1397, viz-render 69, mcp-server 6091, root 6265) with the same 16 skip identities as Sprint 189; PR CI, pkg-compat and
+ Token Governance all succeeded. The program exit gate, 13/13 current recipes rendering visible public output with
+ truthful cells, is met, so the visualization public-render surface is closed. The truthful residue is ranked in `#1860`
+ and none of it blocks closure: 14 dark-scope contrast failures (line, scatter, treemap, sunburst, sankey, chord,
+ force_graph × A/B) because the light categorical palette is drawn on the dark canvas, so certified line and scatter
+ report `conformant:false` for dark; HC pixels deferred (#1851); the generated app shell stays light under
+ `theme:'dark'` while chart pixels follow the scope; the constant seeded payments draw the area chart as a flat block
+ under a duplicated title; eight ECharts-primary types remain uncertified with `conformant:null`.
+
+
+ ## Increment 10 — Sprint 191: Carry-forward pay-down — CERTIFIED AND CLOSED
+
+ Sprint 191 is **Completed**, independently certified by review `PS-2026-09-10-008` and decision `#1880`. Build base
+ `d3a99d39`; authority `#1862`; built under decisions #1863–#1879. The
+ [handoff](../../../artifacts/product-reality/sprint-191/m05/closeout/review-handoff.json) binds the frozen
+ implementation `be5d2b30`, execution `e8027e64` and review-input `dc0f4789` commits; PR #94 merged into `OODS-pro` at
+ `5fdf8a18`. Historical builder receipts retain `builderSelfCertified:false` and `separateReviewRequired:true`; they
+ are not relabeled.
+
+ The nine categorical chart types report `contrastPassed: [light, dark]` across brands A/B; the four
+ exempt types retain `[]`. Role-C canvas contrast passes while Role-A cautions remain visible. HC pixels
+ are deferred and eight ECharts types remain uncertified. The generated shell carries theme and brand.
+ Derek accepted exactly three changed light workflow shell files per framework on 2026-09-10; m01's
+ README attributes the exception and preserves the before/after hashes.
+
+ Organization and User join Subscription for **6/6** packed workflow cells. The fresh population is
+ **77/77 schemas and 154/154 cells**, including **66/66 and 132/132** single-screen generation.
+ The original saved store remains **15/16**, the authentic successor **16/16**, and all **17** live store
+ hashes remain unchanged. Generation counts do not assert full runtime coverage for every schema.
+
+ Craft repairs cover search and pagination parity, human-readable history, genuine audit ownership,
+ archive badge containment, billing alignment, amount units and recorded-payment charts. Payment SVGs
+ represent recorded samples and do not regenerate on form edits. The m01 dark and m03 BEFORE/AFTER
+ receipts remain historical; m05 re-verifies the current implementation and retains the complete hashes.
+
+ Maintenance `#1318`–`#1322` is complete. `#1315` bundle re-pin delivery remains pending. Reconnect
+ notices for cmos-dashboard, forge-demos and aquex-mcp, plus re-pin notices for aquex-mcp, forge-demos
+ and shopify-forge, remain **prepared-unsent** for Sprint 192. Final proof includes one four-suite
+ capture under `#1833`, the 52-cell matrix rendered twice, registry-derived censuses, the reproducible
+ portable bundle, Git-derived advertised movers and the independent output audit.
+
+ **Review verdict (`PS-2026-09-10-008`, decision `#1880`):** the six categorical slots were recomputed from the built
+ `tokens.css` (oklch → sRGB → WCAG) for A/B × light/dark: 24/24 cells at or above 3:1 (minima 3.00 A/light slot 04,
+ 3.03 B/light slot 04, 3.16 B/dark slot 02), paints identical to the builder's token proof; the retained contrast table
+ holds 52 scope observations, 36 pass / 16 exempt / 0 fail, and the 52-cell matrix plus four dashboards are byte-stable
+ across two renders. The independent auditor was re-run from a fresh invocation, 33/33 criteria, 8 executions, 864
+ frozen paths; the s190/s191 closeout, theme and collections specs (22/22) and the root prose and runtime-boundary
+ tests (18/18) pass at the head. The census is 77/77 and 154/154 with exactly Organization/workflow and User/workflow
+ changing status, 34 attributed and 0 unattributed artifact changes; the packed apps pass 6 cells and 48 gates. The
+ dark Vue 390 detail and dark React 1440 list screenshots show the shell, chrome and chart on the dark/B canvas; the
+ AFTER Vue 390 list, Vue 1440 detail, Vue 390 archived and Organization React 390 form screenshots show the search
+ label unwrapped, no pagination bullets, humanized history with one timeline, a four-point payment series under one
+ title, the archived badge inside its card and a seeded address entry. The corrective four-suite capture is zero
+ failures (viz-core 1397, viz-render 69, mcp-server 6110, root 6301, the same 16 skip identities) and the merge-head
+ CI run is green. Maintenance `#1318`–`#1322` close on their receipts, so the carry-forward pay-down is complete and
+ Sprint 191 is closed. The truthful residue is ranked in `#1881` and none of it blocks closure: HC pixels deferred
+ (#1851); eight ECharts-primary types uncertified; the Role-A pairwise minimum just under the clean target; two recipe
+ surfaces (CancellationSummary and the Billing tab panel) unthemed against the canvas; the standalone list context
+ truncating its Sort select at 390 and carrying no rows; raw lifecycle words on timeline entries and sample payment
+ amounts unrelated to the record price; Organization and User workflows generated and gate-green but below
+ Subscription's craft bar.
+
+ ## Increment 11 — Sprint 192: Component truth — CERTIFIED AND CLOSED
+
+ Sprint 192 is **Completed**, independently certified by review `PS-2026-09-10-013` and decision `#1891`. Build base
+ `5fdf8a18`; authority `#1882` and baseline correction `#1884`; built under decisions #1883–#1890. The
+ [handoff](../../../artifacts/product-reality/sprint-192/m07/closeout/review-handoff.json) binds the corrected
+ implementation `c2f9c338`, execution `fb56910b` and review-input `b078ac6e` commits; PR #96 merged into `OODS-pro` at
+ `c098237f`. Historical builder receipts retain `builderSelfCertified:false` and `separateReviewRequired:true`; they
+ are not relabeled.
+
+ Seven serial missions deliver the reviewed Sprint 191
+ head and its six notices, put the four component packages in CI and a fifth capture suite, measure
+ accessibility/interaction and six theme scopes, implement AuditSummaryCard, SortIndicator and
+ TimelineEntryLabel, and regenerate the catalog from evidence. Current coverage is 75 React/Vue
+ implementations and 109 HTML mappings; the other 34 implementations remain obligations. The
+ proposal is 24 native / 84 recipe / 1 alias with all 109 classifications awaiting Derek and
+ `approvedRuntimeCensus:null`. The historical foundation-v1 authority remains separate.
+
+ The base diagnostic retains 191 / 45 / 57 / 89, seven missing system names, six unguarded names,
+ and 61 reachable system-colour names under the real per-scope resolver. The repaired token contract
+ has zero unresolved colour roles and zero reachable system-colour fallbacks outside forced-colors.
+ The final packet is [Sprint 192 m07](../../../artifacts/product-reality/sprint-192/m07/README.md).
+ Fresh generation (77 schemas / 154 cells), packed runtime observations and independent certification
+ remain distinct claims. Derek's classification decision remains open and `approvedRuntimeCensus` stays null; the
+ Sprint 193 reconnect is prepared unsent until Sprint 193 m01 delivers `c098237f`.
+
+ **Review verdict (`PS-2026-09-10-013`, decision `#1891`):** re-measured at the merged head, the served `2026-09-10`
+ export and the built `catalog_list` carry zero `unverified` cells (174 verified / 218 unavailable / 51 not-applicable)
+ and zero HTML fallbacks; the retained verifier, re-run with the corrected implementation head pinned and writes
+ disabled, proves built catalog = export = ledger for 109/109 rows, 75 passed axe scenarios and 450 passed theme
+ root-cells per framework with matching screenshot hashes; the token resolver re-run live reports zero unresolved colour
+ roles and zero reachable system-colour fallbacks in all six scopes with all six formerly unguarded names defined; the
+ composition census re-run live is 77/77 and 154/154 with 14 attributed movements and 17 unchanged live-store hashes;
+ the v2 proposal holds 109 rows (24 native / 84 recipe / 1 alias) with `approvedRuntimeCensus` null; `ci.yml` runs the
+ four package suites and both six-cell visual harnesses; suite accounting passed with zero unattributed deltas; all
+ five capture receipts exit zero (1397 / 69 / 6134 / 6322 / 1099 passed, 0 failed, the same 16 skips); the independent
+ audit passed at `fb56910b`; the `#1890` derivation exception is hash-bound and only its three scripts changed after
+ the execution head outside evidence paths; remote CI is green at the execution head, the final head and the merge
+ commit. Every `#1882` exit criterion is met, so component truth is certified and Sprint 192 is closed. The truthful
+ residue is ranked in `#1892` and none of it blocks closure: 34 rows unimplemented in React/Vue (Sprint 193); Derek's
+ classification decision; runtime at scale (154 cells at one head, Invoice and Plan without a packed cell); the optional
+ ECharts render soak red on the unchanged base control (learning #561); Auditable/Sortable placements proven on bounded
+ real-trait fixtures; interaction claims for 51 static roots resting on declared reasons; the `#1881` visualization
+ residue (Sprint 194); delivery of `c098237f` and the prepared reconnect by Sprint 193 m01; hand-written
+ `docs/components` and Tool-Specs counts (Increment 14).
+
+ ## Increment 12 — Sprint 193: Runtime at scale — CERTIFIED AND CLOSED
+
+ Sprint 193 is **Completed**, independently certified by review `PS-2026-09-11-003` and decision `#1914`. Build base
+ `c098237f`; lock `#1894`; built under decisions #1895–#1913 (the third five-suite capture was permitted by `#1911`, the CI
+ budget correction by `#1912` and the one coverage-job rerun by `#1913`). The
+ [handoff](../../../artifacts/product-reality/sprint-193/m07/closeout/review-handoff.json) binds implementation `871e5acf`,
+ execution `8858a575` and review-input `236b3fe9`; PR #98 merged into `OODS-pro` at `1f69c957`. The review verified the
+ 154-row runtime ledger, the served catalog (109/109 React and Vue) and health projections, the passing suite accounting and
+ the independent audit directly, and inspected the new Invoice and Plan workflow receipts. Certified: runtime and component
+ evidence. Not certified: classification (`#1438`, `approvedRuntimeCensus:null`) and application craft; the ranked craft
+ carries are `#1915`. Historical builder receipts retain `builderSelfCertified:false`; they are not relabeled.
+
+ Build base: `c098237f`. The generic harness measures all 132single-screen cells and22workflow cells from one package sweep, with strict typechecking, builds, mounted components, accessibility trees, screenshots and declared states. All11workflows include the four observed states for each screen. The final runtime receipt is `artifacts/product-reality/sprint-193/m07/runtime/runtime-cells.v1.json`; the measured head is recorded in that receipt and verified through the product-path diff on later evidence commits.
+
+ All34missing roots are implemented on the existing component proof: nine non-viz recipes and25Viz recipes. The composer follows actual trait declarations. Read-only tags, lifecycle events, communication panels and explicit list states account for the30public-schema changes; new visualization authoring placements are bounded real-trait fixtures. Controls emit a validated Cartesian intent fragment, preserving siblings and rejecting invalid edits; previews preserve real renderer SVG. This build makes no craft or classification approval.
+
+ The tool census measures27registry entries and serves its source-test tiers through health. Auto tiers are7/11/3/0, not the planning shorthand9/10/2; on-demand tiers are0/1/1/4. The remaining legacy viz.compose reserved-attribute error, inert options, brand behavior and review fixture limitations remain named Sprint 194 candidates, not silently repaired by the census.
+
+ The [m07 packet](../../../artifacts/product-reality/sprint-193/m07/README.md) retains the one five-suite campaign, class-enumerated movement, saved-store and visualization censuses, advertised diff from c098237f, prepared unsent reconnect and PR/CI observations. Its closeout producer and independent auditor bind all 36literal criteria. `builderSelfCertified:false`; the sprint stays Active until separate independent review. The phase sequence remains Increment 13/Sprint 194 tools truthful, Increment 14/Sprint 195 visualization breadth, Increment 15/Sprint 196 integrated release proof (`#1893`).
+
+ ## Increment 13 — Sprint 194: Tools truthful — CERTIFIED AND CLOSED
+
+ Sprint 194 is **Completed**, independently certified by review `PS-2026-09-11-006` and decision `#1934`. Build base
+ `1f69c957`; lock `#1916`; built under decisions #1917–#1933 (the corrective five-suite capture by `#1932`, the per-run CI
+ attribution by `#1933`). The [handoff](../../../artifacts/product-reality/sprint-194/m07/closeout/review-handoff.json)
+ binds implementation `71538162`, execution `ceecd21f` and review-input `c9640348`; PR #100 targets `OODS-pro`. The review
+ measured the ledger and registry files directly (24 rows: 19 advertised product-reality with portable calls, 5 on-demand
+ contracts, 3 retired), reran the independent auditor and the producer check, confirmed the bridge on `1f69c957` and the
+ corrected CI run `34630306346` green on every required job, and fixed two docs-only drifts (retired names in the issue
+ template; the stale delivery row). Certified: tool truthfulness at the MCP boundary and the host-side brand seam. Not
+ certified: portable brand writes and React/Vue generation from the Gate-1 bundle (five documented limits, `#1927`–`#1929`),
+ classification (`#1438`), application craft (`#1915`), the optional soak (`#1442`); carries are `#1935`. Historical builder
+ receipts retain `builderSelfCertified:false`; they are not relabeled.
+
+ Build base: `1f69c957`. The live tool roster is19 advertised and5 on-demand; three registrations were retired with decision records. Every advertised tool has a real-handler JSON/AJV boundary proof and a content-pinned extracted-bundle call. The portable E2E makes28 calls over19 tools, with14 passing outcomes and5 documented limits (brand source, token export inputs, preview error transport, and React/Vue readiness inputs for code.generate/pipeline). Host brand source writes, captured builds and chart/app pixels are proven separately. Map claims are narrowed to the external resolver. Input options and error/receipt descriptions match the implemented boundary.
+
+ The final packet is `artifacts/product-reality/sprint-194/m07/closeout/review-handoff.json`. Its actual execution heads, fresh154-cell runtime,77-schema/154-cell composition census, unchanged13-recipe registry, saved-store comparisons, per-tool proof and CI receipts are retained for independent review. Component implementation bytes and the109-row component export remain unchanged. Classification approval stays pending; `approvedRuntimeCensus:null`.
+
+ At the Sprint 194 build handoff, the sprint remained **Active** and `builderSelfCertified:false`, the bridge served `1f69c957`, and the three Sprint 195 notices were prepared unsent. Review subsequently certified and closed Sprint 194; Sprint 195 m01 delivered `5b25c3c9` and sent those notices. These historical builder receipts are not relabeled.
+
+ ## Increment 14 — Sprint 195: Visualization breadth and certification — BUILT, REVIEW PENDING
+
+ Built under the [locked decision memo](../../planning/forge-s195-visualization-breadth-decision-memo.md) in session `PS-2026-09-11-008`. The [m07 handoff](../../../artifacts/product-reality/sprint-195/m07/closeout/handoff.md) binds the actual implementation, execution and evidence heads, the five-suite accounting, all 28 literal mission criteria and observed CI. Sprint 195 remains **Active** with `builderSelfCertified:false`; independent review is a separate step.
+
+ The taxonomy classifies 34 identities across eight families. Its 20 core cells contain 13 surface-complete cells and seven typed gaps, including financial and scientific cells. Eight of 21 patterns have public pixels in all four light/dark brand scopes; thirteen preserve explicit authoring-only reasons. Operand certification grades the ECharts a11y, contrast, determinism and accuracy pillars; spec-only calls remain uncertified with `conformant:null`. Measured bubble-map failures remain failures.
+
+ The canonical categorical hue revision reaches Role-A minima 10.0176 light and 10.2364 dark with all 24 Role-C checks passing. HC preserves declared scope paints and CSS system colors: bar, line, area and scatter render; the other nine types retain measured typed failures. Forced-colors browser evidence is separate from numerical contrast, which is explicitly exempt on HC. The [m05 golden receipt](../../../artifacts/product-reality/sprint-195/m05/integration-results.json) retains the original migration qualification head and before/after evidence.
+
+ Invoice now places a bar chart from line-item amounts in minor units, and Usage places a line chart from explicitly labeled synthetic API-call samples. The 77-schema comparison records four additions and 73 unchanged schemas, preserving record headers. The same runtime sweep proves 154 standard cells, four dashboard cells and 48 placement theme checks. ECharts object placement carries under #1944 pending an authored mark/preview and a domain-data contract; full detail HTML still reports the existing Tabs normalization limit. The three visualization mutations fail then pass after exact restoration. The soak investigation retains its strict statistical failure as a bounded observation under #1946; it does not certify retention.
+
+ Sprint 196 notices are prepared and unsent for cmos-dashboard, forge-demos and aquex-mcp. They name `pattern`, `hc`, the certification operand contract and `health.productReality.viz`. Classification approval, application craft, the five historical portable limits and the phase-map M5 release proof remain open. Increment 15 stays assigned to Sprint 196.
+

 ❯ test/product-reality/closeout.s191.spec.ts:34:21


⎯⎯⎯⎯⎯⎯⎯⎯⎯⎯⎯⎯⎯⎯⎯⎯⎯⎯⎯⎯⎯⎯⎯⎯[4/8]⎯

