$ pnpm exec vitest run --project core --reporter=default --reporter=json --outputFile=/var/folders/gd/rty3217130vdbr9_q713nvg80000gn/T/oods-s185-m01-baseline-LzuOjB/run-1-root-core.json
exitCode=1
startedAt=2026-09-12T00:45:53.637Z
endedAt=2026-09-12T00:48:49.343Z
durationMs=175704.486
[stdout]

 RUN  v3.2.4 /Users/systemsystems/.codex/worktrees/s195/OODS-Forge

 ✓ |core| packages/mcp-server/test/contracts/dtcg-intake.s180.spec.ts (21 tests) 121ms
 ✓ |core| packages/mcp-server/test/contracts/repl.tools.spec.ts (39 tests) 50ms
 ✓ |core| packages/mcp-server/test/contracts/mapping.spec.ts (65 tests) 1682ms
   ✓ map.list pagination > benchmarks paginated reads p99 within a relative warmup budget at 1000 mappings  1418ms
 ✓ |core| packages/mcp-server/test/product-reality/breadth-live-generation.s186.spec.ts (117 tests) 332ms
 ✓ |core| packages/mcp-server/test/product-reality/closeout-ledger.s185.spec.ts (60 tests) 1688ms
   ✓ Independent public runtime equality uses actual Git bytes and disclosed test exclusions > test-only preserves the reviewed runtime boundary  306ms
   ✓ Independent public runtime equality uses actual Git bytes and disclosed test exclusions > runtime-change preserves the reviewed runtime boundary  377ms
   ✓ Independent public runtime equality uses actual Git bytes and disclosed test exclusions > runtime-renamed-to-test preserves the reviewed runtime boundary  319ms
 ✓ |core| packages/mcp-server/test/product-reality/validation-profiles.s183.spec.ts (73 tests) 467ms
 ✓ |core| packages/mcp-server/test/tools/artifact.certify.spec.ts (72 tests) 1411ms
   ✓ artifact.certify — conformance verdict (cartesian) > a conformant cartesian IR → certified, conformant:true, no findings, stable contentHash  373ms
 ✓ |core| packages/mcp-server/test/product-reality/suite-accounting.s185.spec.ts (20 tests) 2066ms
   ✓ Sprint 185 four-suite accounting counts executions and explains population movement > derives valid accounting across primary baselines, an immutable failed initial attempt and one distinct final four-suite capture  1042ms
   ✓ Sprint 185 four-suite accounting counts executions and explains population movement > cannot reuse an old baseline execution as the newly measured closeout run  840ms
 ✓ |core| packages/mcp-server/test/product-reality/closeout.s183.spec.ts (7 tests) 1933ms
   ✓ Sprint 183 M06 deterministic closeout > reconciles the exact 38 CMOS criteria and writes an acyclic review handoff  399ms
   ✓ Sprint 183 M06 deterministic closeout > turns a missing gate result and a tampered gate log red  564ms
   ✓ Sprint 183 M06 deterministic closeout > rejects CMOS contract drift and a duplicated R-02 target/component cell  586ms
 ✓ |core| packages/mcp-server/test/contracts/stage1-integration.spec.ts (32 tests) 306ms
 ✓ |core| packages/mcp-server/test/tools/certify-contrast.spec.ts (30 tests) 749ms
   ✓ certify-contrast — role-C (WCAG mark-vs-canvas) + default palette > a single-series chart (no color encoding) -> pass on categorical-01 (baked mark.color, rendered) vs the canvas  359ms
 ✓ |core| packages/mcp-server/test/render/fragment-edge-cases.spec.ts (48 tests) 41ms
 ✓ |core| packages/mcp-server/test/a11y/a11y.contract.spec.ts (20 tests) 51ms
 ✓ |core| packages/mcp-server/test/compose/object-slot-filler.spec.ts (35 tests) 756ms
 ✓ |core| packages/mcp-server/test/compose/field-patterns.spec.ts (31 tests) 23ms
 ✓ |core| packages/mcp-server/test/render/xss-security.spec.ts (51 tests) 25ms
 ✓ |core| tests/domain/billing/states.spec.ts (61 tests) 38ms
 ✓ |core| tests/traits/viz/spatial/geocodable.test.ts (79 tests) 26ms
 ✓ |core| packages/mcp-server/test/contracts/map-apply.spec.ts (18 tests) 135ms
 ✓ |core| tests/validation/error-context-enrichment.test.ts (16 tests) 66ms
 ✓ |core| packages/mcp-server/test/codegen/react-emitter.spec.ts (34 tests) 55ms
 ✓ |core| tests/integration/network-flow-full.test.ts (21 tests) 15ms
 ✓ |core| tests/schemas/spatial-spec.test.ts (24 tests) 57ms
 ✓ |core| tests/viz/adapters/echarts/sankey-adapter.test.ts (43 tests) 11ms
 ✓ |core| tests/codegen/code-generate.contract.test.ts (26 tests) 98ms
 ✓ |core| packages/mcp-server/test/compose/design-compose.spec.ts (48 tests) 1412ms
 ✓ |core| packages/mcp-server/test/contracts/catalog.list.spec.ts (30 tests) 2305ms
 ✓ |core| tests/core/dependency-graph.test.ts (40 tests) 13ms
 ✓ |core| packages/mcp-server/test/compose/templates.spec.ts (68 tests) 36ms
 ✓ |core| packages/mcp-server/test/codegen/vue-emitter.spec.ts (29 tests) 28ms
 ✓ |core| tests/tokens/mobile-output.test.ts (27 tests) 180ms
 ✓ |core| packages/mcp-server/test/e2e/action-mappings.e2e.spec.ts (12 tests | 9 skipped) 198ms
 ✓ |core| tests/dashboard/network-cross-filter.test.ts (36 tests) 15ms
 ✓ |core| packages/mcp-server/test/product-reality/consumer-contract.s185.spec.ts (22 tests) 194ms
 ✓ |core| tests/tokens/bridged-slot-specificity-census.test.ts (5 tests) 428ms
 ✓ |core| packages/mcp-server/test/product-reality/b2-legacy-inputs.s184.spec.ts (7 tests) 993ms
   ✓ Sprint 184 m07 B2 legacy-input compatibility disclosure > binds all 13 retained repoints to a source selector and a non-empty reason  408ms
 ✓ |core| tests/core/compositor.test.ts (21 tests) 34ms
 ✓ |core| tests/generators/composer.test.ts (24 tests) 11ms
 ✓ |core| packages/mcp-server/test/product-reality/contract-resolution.s184.spec.ts (9 tests) 976ms
   ✓ Sprint 184 m03 contract-resolution closeout > preserves the historical readiness manifests while every current nucleus ref resolves  891ms
 ✓ |core| packages/mcp-server/test/tools/artifact.certify.echarts-a11y-warnfirst.spec.ts (88 tests) 3316ms
   ✓ artifact.certify — a11y-equivalence declared operand profile (s195 m04) > treemap: WITH the operand, findings[] carries exactly the matrix-derived a11y set at native severity  809ms
   ✓ artifact.certify — a11y evaluation remains a READER (s195 m04) > the CARTESIAN path is untouched: a11yEquivalence still carries a real pass/fail verdict there  366ms
   ✓ artifact.certify — the NOT-APPLICABLE channel, a11yNotApplicable[] (s175 m03) > when the engine THROWS the key is ABSENT (the partial list is discarded) and the note says so  920ms
 ✓ |core| packages/mcp-server/test/compose/component-selector.spec.ts (56 tests) 263ms
 ✓ |core| packages/mcp-server/test/sprint68-behavioral-traits.spec.ts (62 tests) 1325ms
stdout | tests/tokens/brand-root-and-containment.test.ts > s168 m06 — :root value audit + the two discriminating brand-axis oracles > (d) every non-base cell genuinely differs from :root — the blocks are not no-ops
A/base: 0/44 differ from :root
A/dark: 43/44 differ from :root
A/hc: 44/44 differ from :root
B/base: 0/44 differ from :root
B/dark: 44/44 differ from :root
B/hc: 44/44 differ from :root

 ✓ |core| tests/tokens/brand-root-and-containment.test.ts (9 tests) 59ms
 ✓ |core| packages/mcp-server/test/codegen/prop-binding.spec.ts (33 tests) 12ms
 ✓ |core| packages/mcp-server/test/e2e/a2ui-runtime-q3.e2e.spec.ts (98 tests) 94ms
 ✓ |core| packages/mcp-server/test/tools/artifact.certify.echarts-determinism.spec.ts (45 tests) 2165ms
   ✓ artifact.certify — live cross-tool contentHash parity, same (spec, data) (s172 m02) > treemap: certify.determinism.contentHash === viz.render.contentHash  694ms
   ✓ artifact.certify — the cartesian determinism path is untouched (s172 m02) > a cartesian IR still proves determinism through the Vega-Lite compile, with no operand involved  343ms
 ✓ |core| packages/mcp-adapter/sanitize-schema.test.js (27 tests) 6ms
 ↓ |core| packages/mcp-server/test/e2e/stage1-rollups.e2e.spec.ts (7 tests | 7 skipped)
 ✓ |core| packages/mcp-server/test/product-reality/closeout-audit.s195.spec.ts (28 tests) 7524ms
   ✓ Sprint 195 independent closeout predicates reject false greens > keeps palette historical after hashes qualified at m05 rather than mutable current source  4414ms
   ✓ Sprint 195 independent closeout predicates reject false greens > binds all28 literal criteria and their evidence to existing executions  2230ms
 ✓ |core| packages/mcp-server/test/compose/object-aware-compose.spec.ts (26 tests) 608ms
 ✓ |core| tests/viz/adapters/echarts/sankey-adapter-edge-cases.test.ts (21 tests) 29ms
 ✓ |core| packages/mcp-server/test/product-reality/readiness-ref-enforcement.s184.spec.ts (21 tests) 933ms
   ✓ s184-m02 readiness reference enforcement > independently verifies the derived nucleus readiness-ref inventory  331ms
 ✓ |core| packages/mcp-server/test/contracts/registry-v14-roundtrip.spec.ts (13 tests) 309ms
 ✓ |core| packages/mcp-server/test/product-reality/parity.s185.spec.ts (58 tests) 609ms
 ✓ |core| tests/codegen/react-emitter.test.ts (26 tests) 32ms
 ✓ |core| packages/mcp-server/test/product-reality/closeout-producer.s195.spec.ts (32 tests) 11647ms
   ✓ Sprint195 producer manifest contract > derives28 literal claims with fresh-proof source shapes and preserves all recorded limits  2344ms
   ✓ Sprint195 producer manifest contract > rejects a tool proof with the wrong censusHead binding  557ms
   ✓ Sprint195 producer manifest contract > rejects a tool proof with the wrong implementationHead binding  442ms
   ✓ Sprint195 producer manifest contract > rejects duplicate criterion bindings and unrecorded decision qualifications  5238ms
   ✓ Sprint195 mover and reconnect boundaries > covers authored domain data, taxonomy, schemas and the producing scripts from the locked base  783ms
   ✓ Sprint195 mover and reconnect boundaries > requires every moved path to carry mission, full commit and hashed execution evidence  354ms
   ✓ Sprint195 mover and reconnect boundaries > prepares three exact hashed notices for196 with all four contract changes and limitations  804ms
 ✓ |core| tests/viz/mark-options-schema-validity-s167.test.ts (75 tests) 16196ms
   ✓ s168 m02 — allowlist + translation table (FF#22 corrective) > every committed mark-bearing fixture emits schema-valid mark defs  15949ms
 ✓ |core| tests/tokens/brand-semantic-bridge.test.ts (14 tests) 15ms
 ✓ |core| tests/accounts/metadata-policy.spec.ts (23 tests) 44ms
 ✓ |core| tests/codegen/vue-emitter.test.ts (31 tests) 20ms
 ✓ |core| tests/viz/adapters/echarts/graph-adapter.test.ts (35 tests) 8ms
 ✓ |core| tests/compliance/rbac.spec.ts (11 tests) 27ms
 ✓ |core| packages/mcp-server/test/compose/intent-object-resolver.spec.ts (38 tests) 508ms
 ✓ |core| tests/e2e/network-dashboard.test.ts (14 tests) 9ms
 ✓ |core| tests/tokens-governance/token-map-and-diff.test.ts (14 tests) 17ms
 ✓ |core| tests/compliance/integration.spec.ts (7 tests) 21ms
 ✓ |core| packages/mcp-server/test/product-reality/options.s194.spec.ts (9 tests) 3751ms
   ✓ remaining options do what their public wire says (s194-m05) > keeps both portable dashboard HTML identities and their repeats unchanged  632ms
   ✓ remaining options do what their public wire says (s194-m05) > preserves thirteen historical operands and eleven panels through the qualified s195 palette migration  1553ms
   ✓ remaining options do what their public wire says (s194-m05) > retains 48 Sprint 193 SVG identities and the four qualified s195 force_graph migrations  913ms
 ✓ |core| tests/time/temporal-hygiene.spec.ts (34 tests) 40ms
 ✓ |core| packages/mcp-server/test/e2e/review-q3.e2e.spec.ts (62 tests) 114ms
 ✓ |core| tests/generators/type-generator.test.ts (26 tests) 6ms
 ✓ |core| tests/parsers/object-parser.test.ts (13 tests) 11ms
 ✓ |core| packages/mcp-server/test/e2e/apply-summary-q3.e2e.spec.ts (94 tests) 113ms
 ✓ |core| packages/mcp-server/test/compose/intent-synonyms.spec.ts (35 tests) 185ms
 ✓ |core| packages/mcp-server/test/tools/viz-a11y-equivalence-emission.spec.ts (14 tests) 55ms
 ✓ |core| packages/mcp-server/test/tools/artifact.certify.data-operand.spec.ts (33 tests) 724ms
   ✓ artifact.certify — the operand is validated by the RENDER path validators (s172 m01) > MarkTreemap: a VALID operand is accepted (status ok, schema-valid)  539ms
 ✓ |core| packages/mcp-server/test/product-reality/breadth-export-cells.s186.spec.ts (46 tests) 211ms
 ✓ |core| packages/mcp-server/test/tools/artifact.certify.geo-id-parity.spec.ts (26 tests) 987ms
   ✓ geo identity parity — viz.render and artifact.certify emit the SAME option (s173 m01) > choropleth with id absent: the certify VERDICT agrees with the render hash (live, both handlers)  777ms
 ✓ |core| packages/mcp-server/test/tools/artifact.certify.echarts-accuracy.spec.ts (28 tests) 1496ms
   ✓ artifact.certify — the ECharts accuracy pillar is wired (s172 m03) > treemap: the representative operand reports measured accuracy under the declared rule set  708ms
 ✓ |core| packages/mcp-server/test/product-reality/m06-evidence-controls.s184.spec.ts (7 tests) 926ms
   ✓ Sprint 184 m06 evidence controls > keeps log tracking checks effective when unrelated git paths exceed the process output limit  442ms
 ✓ |core| packages/mcp-server/test/product-reality/closeout.s193.spec.ts (9 tests) 1069ms
   ✓ Sprint 193 bounded closeout > rejects an omitted catalog schema in the declared sprint diff  307ms
 ✓ |core| packages/mcp-server/test/tools/artifact.certify.spec-only-bytes.spec.ts (32 tests) 1144ms
   ✓ artifact.certify — {spec}-only byte compatibility, cartesian half (baseline 85004fe) > MarkBar: the {spec}-only response moves only by the declared set vs pristine HEAD 85004fe  596ms
 ✓ |core| packages/mcp-server/test/tools/artifact.certify.echarts-render-grading.s179.spec.ts (13 tests) 1551ms
   ✓ artifact.certify — operand-backed ECharts render grading (s179 m05) > 'treemap': keeps option identity and adds a stable first-render hash  921ms
 ✓ |core| packages/mcp-server/test/product-reality/suite-accounting.s195.spec.ts (9 tests) 7307ms
   ✓ Sprint 195 accounting keeps five-suite identities and historical evidence separate > uses Sprint 194 by default and validates all five final comparisons, skips, and final golden bytes  828ms
   ✓ Sprint 195 accounting keeps five-suite identities and historical evidence separate > retains one failed initial capture without substituting it into final comparisons  784ms
   ✓ Sprint 195 accounting keeps five-suite identities and historical evidence separate > uses the same Sprint 195 defaults through the CLI and rejects stale derived output  1524ms
   ✓ Sprint 195 accounting keeps five-suite identities and historical evidence separate > rejects an incomplete or duplicated suite roster: {"missingSuite":true}  561ms
   ✓ Sprint 195 accounting keeps five-suite identities and historical evidence separate > rejects an incomplete or duplicated suite roster: {"duplicateSuite":true}  667ms
   ✓ Sprint 195 accounting keeps five-suite identities and historical evidence separate > does not call a final assertion failure successful accounting  946ms
   ✓ Sprint 195 accounting keeps five-suite identities and historical evidence separate > requires one final run and no third attempt or borrowed historical exception  792ms
   ✓ Sprint 195 accounting keeps five-suite identities and historical evidence separate > rejects a relabeled final execution head or post-capture source edit  1195ms
 ✓ |core| packages/mcp-server/test/product-reality/billing-composition.s188.spec.ts (3 tests) 4066ms
   ✓ Decision 1822 bounded recipe composition > preserves the historical exact diff and current declared recipes across 66 schemas and 132 artifacts  3885ms
 ✓ |core| packages/mcp-server/test/product-reality/high-contrast.s195.spec.ts (22 tests) 4252ms
   ✓ HC scope at the public wire (s195-m05) > 'bar' measures the actual HC renderer and certification  497ms
   ✓ HC scope at the public wire (s195-m05) > 'treemap' measures the actual HC renderer and certification  849ms
   ✓ HC scope at the public wire (s195-m05) > dashboard HC omit keeps supported pixels and typed failed panels  305ms
   ✓ HC scope at the public wire (s195-m05) > public code.generate emits the real HC payment asset for react detail  366ms
 ✓ |core| packages/mcp-server/test/product-reality/breadth-contracts.s185.spec.ts (45 tests) 38ms
 ✓ |core| packages/mcp-server/test/product-reality/nucleus-pins.s185.spec.ts (5 tests) 384ms
 ❯ |core| packages/mcp-server/test/tools/echarts-role-a-assignment.s179.spec.ts (14 tests | 5 failed) 39ms
   × ECharts Role-A semantic assignment (s179 m04) > 'treemap': n=8 is exactly slots 1..6,1,2 despite repeated geometry/category carriers 19ms
     → expected { status: 'ungradeable', …(3) } to deeply equal { status: 'assigned', …(2) }
   × ECharts Role-A semantic assignment (s179 m04) > 'sunburst': n=8 is exactly slots 1..6,1,2 despite repeated geometry/category carriers 2ms
     → expected { status: 'ungradeable', …(3) } to deeply equal { status: 'assigned', …(2) }
   × ECharts Role-A semantic assignment (s179 m04) > 'sankey': n=8 is exactly slots 1..6,1,2 despite repeated geometry/category carriers 5ms
     → expected { status: 'ungradeable', …(3) } to deeply equal { status: 'assigned', …(2) }
   × ECharts Role-A semantic assignment (s179 m04) > 'chord': n=8 is exactly slots 1..6,1,2 despite repeated geometry/category carriers 1ms
     → expected { status: 'ungradeable', …(3) } to deeply equal { status: 'assigned', …(2) }
   × ECharts Role-A semantic assignment (s179 m04) > 'force_graph': n=8 is exactly slots 1..6,1,2 despite repeated geometry/category carriers 3ms
     → expected { status: 'ungradeable', …(3) } to deeply equal { status: 'assigned', …(2) }
   ✓ ECharts Role-A semantic assignment (s179 m04) > the five standard projected operands use their semantic sources, never total path-like cardinality 4ms
   ✓ ECharts Role-A semantic assignment (s179 m04) > choropleth: geo is explicitly not applicable under the ratified exemption 1ms
   ✓ ECharts Role-A semantic assignment (s179 m04) > bubble_map: geo is explicitly not applicable under the ratified exemption 1ms
   ✓ ECharts Role-A semantic assignment (s179 m04) > flow_map: geo is explicitly not applicable under the ratified exemption 1ms
   ✓ ECharts Role-A semantic assignment (s179 m04) > is ungradeable when one semantic paint did not occur in the realized chart paints 0ms
   ✓ ECharts Role-A semantic assignment (s179 m04) > URL-only semantic paint is ungradeable, never silently omitted or passed 0ms
   ✓ ECharts Role-A semantic assignment (s179 m04) > transparent semantic paint is ungradeable, never silently omitted or passed 0ms
   ✓ ECharts Role-A semantic assignment (s179 m04) > literal source semantic paint is ungradeable, never silently omitted or passed 0ms
   ✓ ECharts Role-A semantic assignment (s179 m04) > decal-only and missing semantic metadata are ungradeable, not geo-like not-applicable 0ms
 ✓ |core| packages/mcp-server/test/tools/dashboard-a11y-equivalence-emission.spec.ts (9 tests) 64ms
 ✓ |core| packages/mcp-server/test/product-reality/certify-operand-profile.s195.spec.ts (21 tests) 1247ms
   ✓ artifact.certify declared ECharts operand profile (s195-m04) > treemap grades the actual operand and preserves native warnings and named N/A rules  652ms
 ✓ |core| packages/mcp-server/test/product-reality/m06-evidence.s184.spec.ts (4 tests) 333ms
 ✓ |core| packages/mcp-server/test/product-reality/health-viz.s195.spec.ts (28 tests) 1012ms
 ✓ |core| packages/mcp-server/test/product-reality/brand-seam.s194.spec.ts (9 tests) 17874ms
   ✓ s194 brand seam crosses real tool and browser boundaries > accepted intake moves source, chart SVG, generated app CSS and a governed component in B/dark  12366ms
   ✓ s194 brand seam crosses real tool and browser boundaries > build failure is typed, contains captured output and explicitly leaves hashed source writes  5419ms
 ✓ |core| packages/mcp-server/test/product-reality/history-pins.s185.spec.ts (13 tests) 557ms
 ✓ |core| packages/mcp-server/test/tools/certify-echarts-role-c.spec.ts (16 tests) 722ms
   ✓ ECharts Role-C structural paint extraction > 'treemap': extracts only visible chart carriers from the exact served option  553ms
 ✓ |core| packages/mcp-server/test/tools/certify-echarts-render-contrast.s179.spec.ts (13 tests) 820ms
   ✓ ECharts rendered categorical contrast (s179 m04) > 'treemap': composes actual carriers with the family semantic assignment  551ms
 ✓ |core| packages/mcp-server/test/product-reality/billing-placement.s188.spec.ts (8 tests) 3638ms
   ✓ Sprint 188 remaining trait placement obligations > preserves the historical placement diff and current declared recipes across 66 schemas, 132 artifacts and workflow  3108ms
 ✓ |core| packages/mcp-server/test/product-reality/approved-timeout.s188.spec.ts (44 tests) 1446ms
   ✓ Decision 1830 independent-auditor exception boundary > rejects not-timeout so one user exception cannot hide another defect  717ms
 ✓ |core| packages/mcp-server/test/product-reality/m04-controls.s185.spec.ts (13 tests) 367ms
 ✓ |core| packages/mcp-server/test/product-reality/evidence-retention.s184.spec.ts (10 tests) 295ms
 ✓ |core| packages/mcp-server/test/product-reality/local-behavior-guards.s185.spec.ts (16 tests) 164ms
 ✓ |core| packages/mcp-server/test/product-reality/billing-views.s188.spec.ts (3 tests) 571ms
   ✓ Sprint 188 five remaining trait rows > computes value and accessible-name parity across HTML, React and Vue with an empty difference allowlist  517ms
 ✓ |core| packages/mcp-server/test/product-reality/breadth-live-generation.s185.spec.ts (33 tests) 331ms
 ✓ |core| packages/mcp-server/test/tools/artifact.certify.ten-series-collision.spec.ts (4 tests) 560ms
   ✓ artifact.certify — the §0 ten-series palette-recycling collision (RED-first, s176 m01) > a 10-series chart with four recycled series pairs must NOT certify conformant (RED at 4f64bcf)  439ms
 ✓ |core| packages/mcp-server/test/product-reality/billing.s188.spec.ts (4 tests) 488ms
   ✓ Sprint 188 Billable list/form contracts > computes HTML/React/Vue visible-text and accessible-name parity with no allowlisted differences  429ms
 ✓ |core| packages/mcp-server/test/tools/viz.render.bubble-symbolsize-s172.spec.ts (6 tests) 18ms
 ✓ |core| packages/mcp-server/test/render/renderer-edge-cases.spec.ts (25 tests) 20ms
 ✓ |core| tests/tokens/brand-theme-matrix.test.ts (10 tests) 6ms
 ✓ |core| packages/mcp-server/test/tools/artifact.certify.unchecked-tristate.spec.ts (6 tests) 694ms
   ✓ artifact.certify — contrast tri-state: 'ungradeable' (tried and failed) vs 'unchecked' (nothing to grade) > poisoned canvas — grading was attempted on a colour-bearing unit and could not resolve the canvas > pillars.contrast is 'ungradeable' (not 'unchecked') on the certified path  432ms
 ✓ |core| tests/accounts/account-archetypes.spec.ts (12 tests) 11ms
 ✓ |core| packages/mcp-server/test/tools/artifact.certify.echarts-s179-baseline.spec.ts (11 tests) 1059ms
   ✓ artifact.certify — s179 operand-backed baseline at 1be93f8 > treemap: projected option hash, render hash, and the bounded full-response delta stay pinned  665ms
 ✓ |core| packages/mcp-server/test/tools/artifact.certify.render-determinism.spec.ts (5 tests) 1296ms
   ✓ artifact.certify — render-backed determinism (s176 m02) > a rendered-graded cartesian chart carries renderHash (64-hex), stable, conformant, schema-valid  393ms
   ✓ artifact.certify — render-backed determinism (s176 m02) > ECharts {spec}-only has no determinism while a renderable operand carries the option and normalized-render hashes  701ms
 ✓ |core| tests/compose/compose-integration.contract.test.ts (44 tests) 849ms
 ✓ |core| tests/billing/usage-aggregate.spec.ts (16 tests) 36ms
 ✓ |core| tests/viz/spatial/geo-data-resolver.test.ts (15 tests) 49ms
 ✓ |core| tests/validation/boundary-conditions.test.ts (17 tests) 52ms
 ✓ |core| packages/mcp-server/test/compose/design-compose-object.spec.ts (27 tests) 977ms
 ✓ |core| tests/tokens/breakpoint-keep-in-step.test.ts (15 tests) 233ms
 ✓ |core| packages/mcp-server/test/e2e/boxes-arrows-q3.e2e.spec.ts (44 tests) 82ms
 ✓ |core| packages/mcp-server/test/product-reality/saved-schema-compiler.s183.spec.ts (4 tests) 156ms
 ✓ |core| tests/cli/network-scaffold.test.ts (24 tests) 25ms
 ✓ |core| tests/compliance/audit-log.spec.ts (15 tests) 67ms
 ✓ |core| tests/tools/stage1-dtcg-adapter.test.ts (11 tests) 154ms
 ✓ |core| tests/components/stepper.test.tsx (19 tests) 28ms
 ✓ |core| tests/components/progress.test.tsx (18 tests) 26ms
 ✓ |core| tests/compositor/composeExtensions.test.ts (4 tests) 22ms
 ✓ |core| tests/components/RenderObject.edge-cases.test.tsx (4 tests) 13ms
 ✓ |core| tests/components/RenderObject.test.tsx (3 tests) 11ms
 ✓ |core| tests/compose/compose-semantic-guardrails.test.ts (5 tests) 251ms
 ✓ |core| tests/components/subscription.render-object.test.tsx (5 tests) 70ms
 ✓ |core| tests/dashboard/network-widgets.test.ts (28 tests) 7ms
 ✓ |core| tests/validation/composition-validator.test.ts (6 tests) 95ms
 ✓ |core| tests/contracts/upstream-trait-sync.contract.test.ts (20 tests) 988ms
   ✓ contract: Taggable v2 enriched params visible in catalog > catalog.list returns components with Taggable trait  360ms
 ✓ |core| tests/contracts/tokens-governance-entry-guard.spec.ts (2 tests) 2111ms
   ✓ tokens-governance entry guard (s176 m04 realpath fold, #1250) > direct invocation runs main(): the usage surface prints and the exit code is 1  875ms
   ✓ tokens-governance entry guard (s176 m04 realpath fold, #1250) > SYMLINKED invocation runs main() too — the pre-s176 guard silently no-opped here — and its usage surface is byte-identical to the direct one  1234ms
stdout | tests/tenancy/isolated.spec.ts > Schema-Per-Tenant Isolation > Schema Isolation > should route queries to tenant-specific schema
[SchemaPerTenant] Using schema: tenant_tenant_alice

stdout | tests/tenancy/isolated.spec.ts > Schema-Per-Tenant Isolation > Schema Isolation > should route queries to tenant-specific schema
[SchemaPerTenant] Query in tenant_tenant_alice: SELECT * FROM subscriptions

stdout | tests/tenancy/isolated.spec.ts > Schema-Per-Tenant Isolation > Schema Isolation > should route queries to tenant-specific schema
[SchemaPerTenant] Using schema: tenant_tenant_bob

stdout | tests/tenancy/isolated.spec.ts > Schema-Per-Tenant Isolation > Schema Isolation > should route queries to tenant-specific schema
[SchemaPerTenant] Query in tenant_tenant_bob: SELECT * FROM subscriptions

stdout | tests/tenancy/isolated.spec.ts > Schema-Per-Tenant Isolation > Schema Isolation > should prevent cross-schema data access
[SchemaPerTenant] Using schema: tenant_tenant_alice

stdout | tests/tenancy/isolated.spec.ts > Schema-Per-Tenant Isolation > Schema Isolation > should prevent cross-schema data access
[SchemaPerTenant] Query in tenant_tenant_alice: SELECT * FROM subscriptions

stdout | tests/tenancy/isolated.spec.ts > Schema-Per-Tenant Isolation > Transaction Isolation > should maintain schema context across transaction
[SchemaPerTenant] Using schema: tenant_tenant_alice

stdout | tests/tenancy/isolated.spec.ts > Schema-Per-Tenant Isolation > Transaction Isolation > should maintain schema context across transaction
[SchemaPerTenant] BEGIN in tenant_tenant_alice

stdout | tests/tenancy/isolated.spec.ts > Schema-Per-Tenant Isolation > Transaction Isolation > should maintain schema context across transaction
[SchemaPerTenant] Execute in tenant_tenant_alice: INSERT INTO subscriptions (id, status) VALUES (?, ?)

stdout | tests/tenancy/isolated.spec.ts > Schema-Per-Tenant Isolation > Transaction Isolation > should maintain schema context across transaction
[SchemaPerTenant] COMMIT in tenant_tenant_alice

stdout | tests/tenancy/isolated.spec.ts > Schema-Per-Tenant Isolation > Transaction Isolation > should not leak data across schema transactions
[SchemaPerTenant] Using schema: tenant_tenant_alice

stdout | tests/tenancy/isolated.spec.ts > Schema-Per-Tenant Isolation > Transaction Isolation > should not leak data across schema transactions
[SchemaPerTenant] BEGIN in tenant_tenant_alice

stdout | tests/tenancy/isolated.spec.ts > Schema-Per-Tenant Isolation > Transaction Isolation > should not leak data across schema transactions
[SchemaPerTenant] Execute in tenant_tenant_alice: INSERT INTO subscriptions (id, status) VALUES (?, ?)

stdout | tests/tenancy/isolated.spec.ts > Schema-Per-Tenant Isolation > Transaction Isolation > should not leak data across schema transactions
[SchemaPerTenant] Using schema: tenant_tenant_bob

stdout | tests/tenancy/isolated.spec.ts > Schema-Per-Tenant Isolation > Transaction Isolation > should not leak data across schema transactions
[SchemaPerTenant] Query in tenant_tenant_bob: SELECT * FROM subscriptions

stdout | tests/tenancy/isolated.spec.ts > Schema-Per-Tenant Isolation > Concurrent Access > should handle multiple tenants querying simultaneously
[SchemaPerTenant] Using schema: tenant_tenant_alice
[SchemaPerTenant] Using schema: tenant_tenant_bob
[SchemaPerTenant] Using schema: tenant_tenant_charlie
[SchemaPerTenant] Query in tenant_tenant_alice: SELECT * FROM subscriptions
[SchemaPerTenant] Query in tenant_tenant_bob: SELECT * FROM subscriptions
[SchemaPerTenant] Query in tenant_tenant_charlie: SELECT * FROM subscriptions

stdout | tests/tenancy/isolated.spec.ts > Schema-Per-Tenant Isolation > Per-Tenant Migrations > should support independent schema versions
[SchemaPerTenant] Using schema: tenant_tenant_alice

stdout | tests/tenancy/isolated.spec.ts > Schema-Per-Tenant Isolation > Per-Tenant Migrations > should support independent schema versions
[SchemaPerTenant] Query in tenant_tenant_alice: SELECT * FROM subscriptions

stdout | tests/tenancy/isolated.spec.ts > Schema-Per-Tenant Isolation > Per-Tenant Migrations > should support independent schema versions
[SchemaPerTenant] Using schema: tenant_tenant_bob

stdout | tests/tenancy/isolated.spec.ts > Schema-Per-Tenant Isolation > Per-Tenant Migrations > should support independent schema versions
[SchemaPerTenant] Query in tenant_tenant_bob: SELECT * FROM subscriptions

 ✓ |core| tests/tenancy/isolated.spec.ts (10 tests) 7ms
 ✓ |core| tests/validation/error-code-coverage.test.ts (20 tests) 196ms
 ✓ |core| tests/contracts/schema-types.contract.test.ts (3 tests) 1784ms
   ✓ Schema-derived types > can be consumed from one barrel without ambiguous chart parameter type exports  1779ms
 ✓ |core| tests/services/billing/usage-invoice-builder.spec.ts (2 tests) 45ms
 ✓ |core| tests/styles/view-context-collapse.test.ts (13 tests) 8ms
 ✓ |core| tests/tokens/collision-guard.test.ts (7 tests) 678ms
 ✓ |core| tests/design-loop/design-loop.test.ts (14 tests) 82ms
 ✓ |core| tests/database/communication-migrations.test.ts (4 tests) 274ms
 ✓ |core| tests/governance-gates/enforce-preserves-build-inputs.test.ts (4 tests) 159ms
 ✓ |core| tests/governance-gates/state-assessment-tokens-red-paths.test.ts (11 tests) 2710ms
   ✓ runTokenGovernanceCheck — the red paths (s175 m02, C3) > U1 fail-closed: a supplied base ref the diff cannot satisfy → failClosed=true, RED, no report  473ms
   ✓ runTokenGovernanceCheck — the red paths (s175 m02, C3) > U1 positive control: a supplied ref the diff satisfies → failClosed=false, both reports, measuredPrDelta=true  399ms
   ✓ runTokenGovernanceCheck — the red paths (s175 m02, C3) > U2 named SKIP, variant "nothing was diffed": no ref and no report → the SKIP note, measuredPrDelta=false  399ms
   ✓ runTokenGovernanceCheck — the red paths (s175 m02, C3) > U2 named SKIP, variant "measured NO PR DELTA": no ref but the tool fell back → the fell-back note naming the base  349ms
   ✓ runTokenGovernanceCheck — the red paths (s175 m02, C3) > discriminator: the SAME failing diff is fail-closed with a ref and a named skip without one — only env.TOKEN_GOV_BASE_REF differs  388ms
   ✓ runTokenGovernanceCheck — the red paths (s175 m02, C3) > the env seam is the injected context, not process.env (a stray TOKEN_GOV_BASE_REF in the parent cannot turn a skip into a fail-closed)  359ms
 ✓ |core| tests/tokens/viz-map.test.ts (20 tests) 18ms
 ✓ |core| tests/integrations/billing/stripe.spec.ts (9 tests) 31ms
stdout | tests/tenancy/shared.spec.ts > Shared-Schema Tenancy > Tenant Isolation > should isolate queries to current tenant
[SharedSchema] Query for tenant tenant-alice: SELECT * FROM subscriptions WHERE tenant_id = 'tenant-alice'

stdout | tests/tenancy/shared.spec.ts > Shared-Schema Tenancy > Tenant Isolation > should isolate queries to current tenant
[SharedSchema] Query for tenant tenant-bob: SELECT * FROM subscriptions WHERE tenant_id = 'tenant-bob'

stdout | tests/tenancy/shared.spec.ts > Shared-Schema Tenancy > Tenant Isolation > should prevent cross-tenant data access
[SharedSchema] Query for tenant tenant-alice: SELECT * FROM subscriptions WHERE tenant_id = 'tenant-alice'

stdout | tests/tenancy/shared.spec.ts > Shared-Schema Tenancy > Transaction Isolation > should maintain tenant context across transaction
[SharedSchema] BEGIN for tenant tenant-alice

stdout | tests/tenancy/shared.spec.ts > Shared-Schema Tenancy > Transaction Isolation > should maintain tenant context across transaction
[SharedSchema] Execute for tenant tenant-alice: INSERT INTO subscriptions (id, status) VALUES (?, ?)

stdout | tests/tenancy/shared.spec.ts > Shared-Schema Tenancy > Transaction Isolation > should maintain tenant context across transaction
[SharedSchema] COMMIT for tenant tenant-alice

stdout | tests/tenancy/shared.spec.ts > Shared-Schema Tenancy > Transaction Isolation > should restore context after rollback
[SharedSchema] BEGIN for tenant tenant-bob

stdout | tests/tenancy/shared.spec.ts > Shared-Schema Tenancy > Transaction Isolation > should restore context after rollback
[SharedSchema] Execute for tenant tenant-bob: INSERT INTO subscriptions (id, status) VALUES (?, ?)

stdout | tests/tenancy/shared.spec.ts > Shared-Schema Tenancy > Transaction Isolation > should restore context after rollback
[SharedSchema] ROLLBACK for tenant tenant-bob

 ✓ |core| tests/tenancy/shared.spec.ts (11 tests) 19ms
 ✓ |core| tests/services/classification/hybrid-term-adapter.spec.ts (2 tests) 164ms
 ✓ |core| tests/services/classification/ltree-query-service.spec.ts (4 tests) 82ms
 ✓ |core| tests/integrations/billing/chargebee.spec.ts (7 tests) 34ms
 ✓ |core| tests/tokens/tailwind-screens.test.ts (7 tests) 107ms
 ✓ |core| tests/integrations/billing/zuora.spec.ts (7 tests) 27ms
 ✓ |core| tests/view/compositor/composeExtensions.test.ts (6 tests) 11ms
 ✓ |core| tests/verification/how-forge-works.contract.test.ts (16 tests) 50ms
 ✓ |core| tests/e2e/code-generate.test.ts (7 tests) 39ms
 ✓ |core| tests/domain/billing/state-set-convergence.spec.ts (7 tests) 25ms
 ✓ |core| tests/services/billing/event-ingestion.spec.ts (3 tests) 10ms
 ✓ |core| tests/traits/communication/delivery-service.test.ts (4 tests) 40ms
 ✓ |core| tests/traits/classifiable/tag-governance.test.ts (3 tests) 48ms
 ✓ |core| tests/viz/vega-lite-adapter.test.ts (8 tests) 16ms
 ✓ |core| tests/traits/addressable/validation.test.ts (3 tests) 17ms
 ✓ |core| tests/verification/agent-docs-registry.contract.test.ts (5 tests) 12ms
 ✓ |core| tests/registry/resolver.test.ts (6 tests) 63ms
 ✓ |core| tests/traits/addressable/validation-lifecycle.test.ts (4 tests) 54ms
 ✓ |core| tests/registry/bound-charts.s195.test.ts (19 tests) 347ms
 ✓ |core| tests/traits/preferenceable/cache.test.ts (4 tests) 64ms
 ✓ |core| tests/traits/authz/entitlement.test.ts (4 tests) 66ms
 ✓ |core| tests/verification/purity.contract.test.ts (4 tests) 1228ms
   ✓ B3.3 — Purity Harness > enforces the oods/no-hooks-in-modifiers ESLint rule for modifier modules  1190ms
 ✓ |core| tests/viz/resolver/network-flow-resolver.test.ts (6 tests) 9ms
 ✓ |core| tests/traits/preferenceable/performance.test.ts (4 tests) 56ms
 ✓ |core| tests/traits/preferenceable/notification-routing.test.ts (4 tests) 9ms
 ✓ |core| tests/traits/addressable/international-formatting.test.ts (5 tests) 35ms
 ✓ |core| tests/viz/patterns/pattern-library-v2.test.ts (6 tests) 5ms
 ✓ |core| tests/verification/s177-prose-carriers.contract.test.ts (6 tests) 10ms
 ✓ |core| tests/verification/contexts.contract.test.tsx (16 tests) 26ms
 ✓ |core| tests/verification/compositor.contract.test.ts (4 tests) 15ms
 ✓ |core| packages/mcp-server/test/e2e/map-apply.test.ts (1 test) 214ms
 ✓ |core| packages/mcp-server/test/contracts/schema.contract.spec.ts (20 tests) 24ms
 ✓ |core| tests/viz/adapters/echarts/graph-adapter-interaction.test.ts (24 tests) 9ms
 ✓ |core| tests/verification/s178-viz-twin-retirement.contract.test.ts (3 tests) 4759ms
   ✓ Sprint 178 viz twin retirement rung 1 > rejects external import/export/require/vi.mock references to retired paths  4754ms
 ✓ |core| packages/mcp-server/test/compose/view-extension-collector.spec.ts (17 tests) 101ms
 ✓ |core| packages/mcp-server/test/e2e/branded-mockup-q3.e2e.spec.ts (66 tests) 83ms
 ✓ |core| packages/mcp-server/test/objects/trait-composer.spec.ts (21 tests) 551ms
 ✓ |core| packages/mcp-server/test/contracts/stage1-v14-stubs.spec.ts (4 tests) 110ms
 ✓ |core| packages/mcp-server/test/product-reality/review-carries.s185.spec.ts (14 tests) 943ms
   ✓ Sprint 185 additive review carries preserve history and expose omitted axes > rederives 13 historical invocations and 14 axes from the record's comparisonFields  445ms
   ✓ Sprint 185 additive review carries preserve history and expose omitted axes > keeps all referenced Sprint-183/184 artifact bytes at the completed m04 commit  396ms
 ✓ |core| packages/mcp-server/test/codegen/responsive-tailwind.spec.ts (20 tests) 61ms
 ✓ |core| packages/mcp-server/test/compose/selection-tree-bridge.spec.ts (9 tests) 703ms
   ✓ selection→tree bridge — list footer > User list compose: pagination slot component differs from template default  506ms
 ✓ |core| packages/mcp-server/test/contracts/viz-taxonomy.s195.spec.ts (21 tests) 1285ms
   ✓ generated visualization taxonomy preserves the exact census and primary-cell proof (s195 m02) > reproduces canonical JSON and documentation byte for byte through --check  975ms
 ✓ |core| packages/mcp-server/test/contracts/error-observability.contract.spec.ts (19 tests) 577ms
 ✓ |core| packages/mcp-server/test/product-reality/viz-patterns.s195.spec.ts (45 tests) 1937ms
   ✓ viz.render registered pattern wire boundary (s195-m03) > pattern:viz:simple-bar renders source data and presentation into real pixels and certifiable IR  733ms
   ✓ viz.render registered pattern wire boundary (s195-m03) > pattern:viz:stacked-bar renders source data and presentation into real pixels and certifiable IR  405ms
 ✓ |core| packages/mcp-server/test/contracts/doc-retirement-gate.spec.ts (10 tests) 3333ms
   ✓ Sprint 194 retired public surfaces (CMOS #1922) > does not reintroduce any retired tool outside retained evidence and planning  3265ms
 ✓ |core| tests/traits/viz/spatial/layered-overlay.test.ts (25 tests) 7ms
 ✓ |core| packages/mcp-server/test/codegen/styling-mode-coverage.spec.ts (54 tests) 7ms
 ✓ |core| packages/mcp-server/test/codegen/vue-reactivity.spec.ts (12 tests) 32ms
 ✓ |core| packages/mcp-server/test/e2e/wireframe-q3.e2e.spec.ts (40 tests) 114ms
 ✓ |core| packages/mcp-server/test/e2e/review-resolve-q3.e2e.spec.ts (25 tests) 90ms
 ✓ |core| packages/mcp-server/test/contracts/versioning.spec.ts (22 tests) 175ms
 ✓ |core| packages/mcp-server/test/e2e/a2ui-image-q3.e2e.spec.ts (24 tests) 115ms
 ✓ |core| tests/viz/spatial/geo-format-parser.test.ts (22 tests) 11ms
 ✓ |core| packages/mcp-server/test/e2e/conflict-detail-q3.e2e.spec.ts (83 tests) 65ms
 ✓ |core| packages/mcp-server/test/render/confidence-affordance.spec.ts (15 tests) 26ms
 ✓ |core| packages/mcp-server/test/scale/viz-determinism.spec.ts (42 tests) 330ms
 ✓ |core| packages/mcp-server/test/e2e/object-codegen-pipeline.spec.ts (5 tests) 1010ms
   ✓ E2E object codegen target readiness > builds the original Subscription detail now that ArchiveSummary is governed  728ms
 ✓ |core| packages/mcp-server/test/contracts/registry-gaps.contract.spec.ts (10 tests) 19ms
 ✓ |core| packages/mcp-server/test/contracts/upstream-trait-sync.contract.spec.ts (10 tests) 278ms
 ✓ |core| packages/mcp-server/test/e2e/review-queue-q3.e2e.spec.ts (66 tests) 113ms
 ✓ |core| packages/mcp-server/test/contracts/contract-alignment.spec.ts (16 tests) 915ms
   ✓ pipeline — nested options aliases contract > handler reads styling from options when not at top level  305ms
 ✓ |core| packages/mcp-server/test/product-reality/recipe-header-fields.s185.spec.ts (19 tests) 1363ms
   ✓ Sprint 185 legacy CardHeader recipe fields retain their data meaning > react compiles and server-renders actual object data through existing header props  317ms
   ✓ Sprint 185 legacy CardHeader recipe fields retain their data meaning > vue compiles and server-renders actual object data through existing header props  445ms
 ✓ |core| tests/viz/spatial/geo-data-joiner.test.ts (13 tests) 7ms
 ✓ |core| packages/mcp-server/test/product-reality/reconnect.s185.spec.ts (11 tests) 820ms
   ✓ Combined reconnect requires real unique deliveries of the exact reviewed requests > prepares the 23 new families separately from the eight root promotions and names the alias horizon without sending  816ms
 ✓ |core| packages/mcp-server/test/contracts/fragment-anchor-contract.spec.ts (3 tests) 755ms
   ✓ fragment-anchor contract: data-oods-label durable, data-oods-node-id best-effort > is deterministic — identical input yields identical label->node-id map  388ms
 ✓ |core| packages/mcp-server/test/product-reality/chart-placement-codegen.s195.spec.ts (25 tests) 37308ms
   ✓ declared charts use actual records and public SVG (s195-m06) > Invoice detail html carries authored rows and unchanged public pixels  588ms
   ✓ declared charts use actual records and public SVG (s195-m06) > Invoice detail react carries authored rows and unchanged public pixels  1239ms
   ✓ declared charts use actual records and public SVG (s195-m06) > Invoice detail vue carries authored rows and unchanged public pixels  1585ms
   ✓ declared charts use actual records and public SVG (s195-m06) > Invoice workflow react keys static SVG to real seeded records  4674ms
   ✓ declared charts use actual records and public SVG (s195-m06) > Invoice workflow vue keys static SVG to real seeded records  8380ms
   ✓ declared charts use actual records and public SVG (s195-m06) > Usage detail react carries authored rows and unchanged public pixels  1345ms
   ✓ declared charts use actual records and public SVG (s195-m06) > Usage detail vue carries authored rows and unchanged public pixels  2872ms
   ✓ declared charts use actual records and public SVG (s195-m06) > Usage workflow react keys static SVG to real seeded records  4781ms
   ✓ declared charts use actual records and public SVG (s195-m06) > Usage workflow vue keys static SVG to real seeded records  11289ms
 ✓ |core| packages/mcp-server/test/e2e/mapping-versioning.e2e.spec.ts (3 tests) 2797ms
   ✓ mapping + versioning bridge E2E > map.create → map.list → map.resolve round-trip via bridge (multi-system)  2030ms
 ✓ |core| packages/mcp-server/test/compose/slot-content-distributor.spec.ts (7 tests) 417ms
   ✓ slot content distribution — compose integration > Product detail with many fields: expanded tabs have varied components  321ms
 ✓ |core| packages/mcp-server/test/contracts/s90-registration-audit.spec.ts (35 tests) 16ms
 ✓ |core| tests/verification/closeout-checklist.contract.test.ts (8 tests) 16ms
 ✓ |core| tests/traits/viz/spatial/has-projection.test.ts (19 tests) 8ms
 ✓ |core| tests/traits/viz/spatial/spatial-composition.test.ts (15 tests) 22ms
 ✓ |core| packages/mcp-server/test/presets/brand-presets.spec.ts (29 tests) 11ms
 ✓ |core| packages/mcp-server/test/contracts/registry-snapshot.spec.ts (5 tests) 1479ms
   ✓ registry.snapshot handler > benchmarks the snapshot p99 within a relative warmup budget at 100, 500, and 1000 mappings  1271ms
 ✓ |core| packages/mcp-server/test/compose/label-generator.spec.ts (13 tests) 84ms
 ✓ |core| packages/mcp-server/test/product-reality/read-only-field-binding.s185.spec.ts (13 tests) 787ms
 ✓ |core| packages/mcp-server/test/compose/wire-field-props.spec.ts (10 tests) 46ms
 ✓ |core| packages/mcp-server/test/product-reality/workflow-runtime.s193.spec.ts (14 tests) 2891ms
 ✓ |core| packages/mcp-server/test/contracts/viz-pattern-registry.s195.spec.ts (19 tests) 5554ms
   ✓ the generated pattern registry retains exact source identity and public pixel evidence (s195 m03) > remeasures all supported scopes and every authoring-only rejection through the real handlers  3466ms
   ✓ the generated pattern registry retains exact source identity and public pixel evidence (s195 m03) > reproduces registry and documentation from frozen observations with --check  1628ms
 ✓ |core| packages/mcp-server/test/compose/token-injection.spec.ts (11 tests) 369ms
 ✓ |core| packages/mcp-server/test/e2e/registry-gaps.e2e.spec.ts (3 tests) 2453ms
   ✓ registry gaps e2e verification > Workbench S44 fixture with Grid + known components renders all fragments via bridge  1804ms
 ✓ |core| packages/mcp-server/test/compose/confidence-scoring.spec.ts (12 tests) 792ms
 ✓ |core| tests/contexts/context-templates.test.tsx (16 tests) 38ms
 ✓ |core| packages/mcp-server/test/product-reality/collections.s191.spec.ts (6 tests) 34941ms
   ✓ workflow collection domain ownership (s191) > Organization/react emits deterministic, strictly typed collection actions  4330ms
   ✓ workflow collection domain ownership (s191) > Organization/vue emits deterministic, strictly typed collection actions  10736ms
   ✓ workflow collection domain ownership (s191) > User/react emits deterministic, strictly typed collection actions  5101ms
   ✓ workflow collection domain ownership (s191) > User/vue emits deterministic, strictly typed collection actions  14020ms
   ✓ workflow collection domain ownership (s191) > upserts by the declared default-role field, preserves other entries and metadata, and persists only on Save  586ms
 ✓ |core| tests/parsers/yaml-parser.test.ts (12 tests) 17ms
 ✓ |core| packages/mcp-server/test/codegen/prop-destructuring.spec.ts (9 tests) 70ms
 ✓ |core| tests/viz/echarts-interactions.test.ts (5 tests) 10ms
 ✓ |core| packages/mcp-server/test/product-reality/s183-m06-replay-r02.spec.ts (4 tests) 1967ms
   ✓ Sprint 183 M06 mutation replay and R-02 resolution > replays exactly four M05 patches plus the repaired M01b patch from committed baselines  1780ms
 ✓ |core| tests/database/communication-seeds.test.ts (1 test) 407ms
   ✓ Communication seed scripts > populate canonical sample data and support downstream inserts  405ms
 ✓ |core| packages/mcp-server/test/contracts/code.generate-golden.spec.ts (6 tests) 69ms
 ✓ |core| packages/mcp-server/test/e2e/fragment-integration.e2e.spec.ts (9 tests) 2472ms
   ✓ fragment integration e2e > { name: 'dashboard', file: 'dashboard-page.ui-schema.json', minFragments: 3, minComponentCount: 15 } bridge transport returns fragment output equivalent to direct handler  1749ms
 ✓ |core| tests/validation/pipeline.test.ts (7 tests) 119ms
 ✓ |core| packages/mcp-server/test/schema-store/schema-store.spec.ts (6 tests) 230ms
 ✓ |core| tests/governance-gates/tracked-report-hermeticity.test.ts (5 tests) 1441ms
   ✓ diagnostics.json check-mode policy > runs pkg:compat twice without moving diagnostics; explicit recording still works  1217ms
 ✓ |core| packages/mcp-server/test/contracts/security.model.spec.ts (17 tests) 46ms
 ✓ |core| packages/mcp-server/test/a2ui-host-conformance/host-conformance-emitter.spec.ts (32 tests) 8ms
 ✓ |core| packages/mcp-server/test/product-reality/runnable-artifact.s183.spec.ts (28 tests) 907ms
 ✓ |core| packages/mcp-server/test/contracts/emitter-data-attr-parity.spec.ts (6 tests) 38ms
 ✓ |core| packages/mcp-server/test/contracts/schema-pattern-anchoring.spec.ts (8 tests) 53ms
 ✓ |core| tests/viz/spatial/geo-fetch.test.ts (9 tests) 187ms
 ✓ |core| packages/mcp-server/test/codegen/craft.s191.spec.ts (6 tests) 491ms
   ✓ s191 craft values agree across render targets > seeds human titles and four recorded payments without changing domain codes or adding form fields  395ms
 ✓ |core| packages/mcp-server/test/product-reality/viz-recipes.s193.spec.ts (25 tests) 2162ms
   ✓ visualization recipes use the public renderer input and pixels > VizHeatmapPreview preserves the deterministic public SVG in both governed recipes  1036ms
 ✓ |core| tests/governance-gates/storycap-lightdark-compare.test.ts (7 tests) 1634ms
   ✓ light/dark capture byte comparator > makes the CLI nonzero for a stable-set byte difference  384ms
 ✓ |core| packages/mcp-server/test/contracts/viz-recipes.s190.spec.ts (3 tests) 13868ms
   ✓ one executable visualization registry (s190 m05) > the exported registry equals every live census cell after canonicalization  13835ms
 ✓ |core| packages/mcp-server/test/product-reality/viz-placement.s193.spec.ts (14 tests) 3161ms
   ✓ Viz recipes are declared by real traits, without editing composed schemas > MarkArea places and generates its declared input/preview recipes  762ms
 ✓ |core| packages/mcp-server/test/product-reality/closeout.s190.spec.ts (10 tests) 1868ms
   ✓ bounded Sprint 190 closeout rules > the sprint-wide scope catches token exports, scoped certification and placement  1743ms
 ✓ |core| packages/mcp-server/test/contracts/api-docs-generator.spec.ts (7 tests) 3787ms
   ✓ API reference generator > regeneration is idempotent  3757ms
 ✓ |core| packages/mcp-server/test/objects/loaders.spec.ts (24 tests) 734ms
 ✓ |core| tests/registry/registry.test.ts (3 tests) 238ms
 ✓ |core| packages/mcp-server/test/contracts/s71-fixes.spec.ts (10 tests) 980ms
   ✓ Sprint 71 fixes > catalog.list availableCategories > returns same availableCategories regardless of filter  598ms
 ✓ |core| packages/mcp-server/test/product-reality/viz-golden-migration.s195.spec.ts (4 tests) 3336ms
   ✓ the s195 palette migration preserves historical evidence and accounts for every changed golden > pins a pre-mutation baseline and attributes the complete current byte delta  3016ms
 ✓ |core| packages/mcp-server/test/codegen/form-detail.s189.spec.ts (8 tests) 24731ms
   ✓ form and detail reconcile their declared semantics > react workflow compiles its on-demand cancellation and native form  8391ms
   ✓ form and detail reconcile their declared semantics > vue workflow compiles its on-demand cancellation and native form  15835ms
 ✓ |core| packages/mcp-server/test/bridge/fragment-parity.spec.ts (1 test) 3354ms
   ✓ bridge fragment parity > supports fragment mode via bridge /run and matches direct MCP transport semantics  2719ms
 ✓ |core| packages/mcp-server/test/objects/object.show.spec.ts (14 tests) 1176ms
   ✓ object.show > output validates for all known objects  510ms
 ✓ |core| packages/mcp-server/test/product-reality/runtime-cells.s193.spec.ts (7 tests) 168ms
 ✓ |core| packages/mcp-server/test/tools/artifact.certify.accuracy-fault.spec.ts (3 tests) 986ms
   ✓ artifact.certify — certified-path accuracy engine fault (s170 review LOW carry) > an accuracy-engine throw degrades the pillar to 'ungradeable' with the offered-rules note; the verdict stays ok/certified and 'ungradeable' pulls conformant false (s175 m04, #781)  783ms
 ✓ |core| packages/mcp-server/test/contracts/fragment-api.contract.spec.ts (5 tests) 49ms
 ✓ |core| packages/mcp-server/test/compose/form-field-differentiation.spec.ts (4 tests) 620ms
   ✓ design.compose — form field differentiation > differentiates mixed Subscription fields into specialized form controls  329ms
 ✓ |core| packages/mcp-server/test/objects/trait-loader.spec.ts (17 tests) 811ms
 ✓ |core| packages/mcp-server/test/tools/repl.render.compact.spec.ts (8 tests) 38ms
 ✓ |core| packages/mcp-server/test/product-reality/payment-chart.s190.spec.ts (10 tests) 31748ms
   ✓ Subscription payment chart is an actual public render > declares one read-only detail projection without mark fields or controls in other contexts  419ms
   ✓ Subscription payment chart is an actual public render > emits repeatable, strictly typed react workflow assets keyed by seed identity  8277ms
   ✓ Subscription payment chart is an actual public render > emits repeatable, strictly typed vue workflow assets keyed by seed identity  15740ms
   ✓ Subscription payment chart is an actual public render > single detail react has a hashed seed asset and unchanged public SVG bytes  3026ms
   ✓ Subscription payment chart is an actual public render > single detail vue has a hashed seed asset and unchanged public SVG bytes  3949ms
 ✓ |core| tests/viz/adapters/spatial/vega-lite-spatial-adapter.test.ts (3 tests) 164ms
 ✓ |core| packages/mcp-server/test/tools/artifact.certify.contrast-fault.spec.ts (3 tests) 1087ms
   ✓ artifact.certify — contrast engine fault degrades, never errors > cartesian certified path: the catch degrades contrast to 'ungradeable' WITH a note naming the fault, and 'ungradeable' pulls conformant false; verdict stays ok/certified and AJV-valid  941ms
 ✓ |core| packages/mcp-server/test/product-reality/evidence-accounting.s185.spec.ts (10 tests) 1876ms
   ✓ Sprint 185 evidence accounting preserves the actual proof denominator > independently rederives retained evidence without running builds, consumers, or mutations  1863ms
 ✓ |core| tests/governance-gates/state-assessment-exit.test.ts (2 tests) 2528ms
   ✓ state-assessment.mjs main() carries deriveProcessExit into the process exit (s175 m02) > a base ref the diff cannot satisfy → exit 1 and the FAIL-CLOSED line on stderr  1199ms
   ✓ state-assessment.mjs main() carries deriveProcessExit into the process exit (s175 m02) > a resolvable stub ref → exit 0, a GREEN overall status, both brand reports under the scratch root  1325ms
 ✓ |core| packages/mcp-server/test/product-reality/ported-mutation-matrix.s184.spec.ts (5 tests) 3624ms
 ✓ |core| packages/mcp-server/test/contracts/brand.apply.cross-brand-delta.spec.ts (7 tests) 33ms
 ✓ |core| packages/mcp-server/test/compose/design-compose-actions.spec.ts (7 tests) 502ms
   ✓ design.compose — actionMappings input integration > empty or absent actionMappings is a no-op  445ms
 ✓ |core| packages/mcp-server/test/contracts/structuredData.fetch.spec.ts (11 tests) 105ms
 ✓ |core| packages/mcp-server/test/product-reality/state-evidence.s184.spec.ts (2 tests) 14ms
 ✓ |core| packages/mcp-server/test/contracts/tool-truth.s193.spec.ts (11 tests) 3819ms
   ✓ tool truth derives claims without upgrading source references to runtime proof > reproduces every byte from current source using the recorded census head  3430ms
 ✓ |core| packages/mcp-server/test/product-reality/trait-recipes.s193.spec.ts (11 tests) 1133ms
   ✓ nine declared non-visualization recipes > Subscription/timeline places ArchiveEvent and emits both governed targets without schema editing  411ms
 ✓ |core| packages/mcp-server/test/product-reality/closeout.s194.spec.ts (6 tests) 1597ms
   ✓ Sprint 194 tool-truth closeout > independently enumerates the complete tool/SDK/policy/doc boundary from the delivered base  799ms
   ✓ Sprint 194 tool-truth closeout > prepares Sprint195 notices with every retirement and portable carry without sending  659ms
 ✓ |core| tests/system-protocols/semantic-protocol.test.ts (3 tests) 61ms
 ✓ |core| packages/mcp-server/test/product-reality/breadth-export-cells.s187.spec.ts (28 tests) 626ms
   ✓ Sprint 187 built package export cells > 'react/ArchiveSummary'  329ms
 ✓ |core| packages/mcp-server/test/product-reality/disputed.s192.spec.ts (10 tests) 3573ms
   ✓ retained declared trait recipes and Invoice writer ownership > places the declared detail recipe and emits both governed targets  308ms
   ✓ retained declared trait recipes and Invoice writer ownership > Invoice workflow never assigns an edit handler to a display header  2125ms
   ✓ retained declared trait recipes and Invoice writer ownership > requires every declared Article workflow behavior without a three-object row-count assumption  356ms
 ✓ |core| packages/mcp-server/test/contracts/repl.e2e.integration.spec.ts (4 tests) 141ms
 ✓ |core| tests/viz/echarts-adapter.test.ts (8 tests) 20ms
 ✓ |core| tests/integration/universal-quintet-objects.integration.test.ts (6 tests) 598ms
 ✓ |core| packages/mcp-server/test/contracts/object.show.spec.ts (12 tests) 1051ms
   ✓ object.show contract > output validates for every known object  553ms
 ✓ |core| tests/viz/a11y-equivalence.test.ts (12 tests) 22ms
 ✓ |core| tests/contracts/public-api.contract.test.ts (3 tests) 46ms
 ✓ |core| packages/mcp-server/test/contracts/pragmatic-role-ia.spec.ts (4 tests) 212ms
 ✓ |core| packages/mcp-server/test/contracts/brand.apply.rfc6902-wording.spec.ts (2 tests) 30ms
 ✓ |core| tests/tokens/brand-css-no-tie.test.ts (6 tests) 14ms
 ✓ |core| packages/mcp-server/test/compose/landing-template.spec.ts (10 tests) 1050ms
   ✓ landing layout — intent detection (the page->detail collision fix) > "landing page" now routes to landing, not detail/Tabs  404ms
 ✓ |core| tests/integration/communicable-composition.test.ts (3 tests) 285ms
 ✓ |core| packages/mcp-server/test/contracts/object.schema.contract.spec.ts (11 tests) 732ms
   ✓ object schema contracts > object.show > output validates for every known object  429ms
 ✓ |core| packages/mcp-server/test/objects/object-loader.spec.ts (14 tests) 282ms
 ✓ |core| tests/tools/stage1-dtcg-cli-containment.test.ts (5 tests) 12276ms
   ✓ stage1-dtcg CLI --out containment (s169 m05) > the ORIGINAL escape is rejected with exit 2 and writes nothing outside --out  1610ms
   ✓ stage1-dtcg CLI --out containment (s169 m05) > rejects every ESCAPING --name shape, not just the one that was reported  5656ms
   ✓ stage1-dtcg CLI --out containment (s169 m05) > a LEADING SLASH is not an escape, and the guard correctly allows it  1807ms
   ✓ stage1-dtcg CLI --out containment (s169 m05) > a legitimate --name still writes all its files, in --out  1486ms
   ✓ stage1-dtcg CLI --out containment (s169 m05) > a --name that traverses but RESOLVES back inside --out is allowed  1707ms
 ✓ |core| packages/mcp-server/test/contracts/schema-ref.workflow.spec.ts (4 tests) 383ms
 ✓ |core| packages/mcp-server/test/contracts/object.list.spec.ts (13 tests) 194ms
 ✓ |core| tests/integration/object-registry.test.ts (3 tests) 652ms
   ✓ Object registry pipeline integration > indexes and resolves the Universal Quintet within performance targets  570ms
 ✓ |core| tests/governance-gates/enforce-report-floor.test.ts (6 tests) 209ms
 ✓ |core| tests/integration/type-generation.test.ts (2 tests) 2974ms
   ✓ Object type generation integration > generates TypeScript definitions that are directly importable  2927ms
 ✓ |core| packages/mcp-server/test/render/fragment-errors.spec.ts (5 tests) 37ms
 ✓ |core| packages/mcp-server/test/contracts/code.generate-parity.spec.ts (2 tests) 76ms
 ✓ |core| packages/mcp-server/test/contracts/schema.list-delete.spec.ts (2 tests) 231ms
 ✓ |core| tests/engine/contributions.registry.spec.ts (3 tests) 12ms
 ✓ |core| tests/viz/adapters/spatial/echarts-spatial-adapter.test.ts (3 tests) 237ms
 ✓ |core| tests/integration/communication-authable-integration.test.ts (1 test) 81ms
 ✓ |core| packages/mcp-server/test/tools/dashboard-contrast-alpha-s170.spec.ts (7 tests) 21ms
 ✓ |core| packages/mcp-server/test/codegen/component-carries.s189.spec.ts (7 tests) 27452ms
   ✓ ten seeded records describe plausible subscription periods > enumerates every record against the declared clock, interval, lifecycle and event vocabulary  622ms
   ✓ ten seeded records describe plausible subscription periods > react workflow accepts optional absent cancellation metadata  9130ms
   ✓ ten seeded records describe plausible subscription periods > vue workflow accepts optional absent cancellation metadata  17572ms
 ✓ |core| packages/mcp-server/test/product-reality/map-compose.s194.spec.ts (1 test) 441ms
   ✓ map persists and resolves external mappings; snapshots surface draft fields without consuming them  435ms
 ✓ |core| packages/mcp-server/test/tools/certify-echarts-projected-render-s179.spec.ts (2 tests) 202ms
 ✓ |core| packages/mcp-server/test/objects/object.list.spec.ts (10 tests) 193ms
 ✓ |core| tests/registry/composition-integration.test.ts (1 test) 107ms
 ✓ |core| packages/mcp-server/test/scale/map.apply.scale.spec.ts (5 tests) 14230ms
   ✓ map.apply at scale (dry-run) > tier=100: dry-run handler returns, diff totals match, registry unchanged  929ms
   ✓ map.apply at scale (dry-run) > tier=500: dry-run handler returns, diff totals match, registry unchanged  3549ms
   ✓ map.apply at scale (dry-run) > tier=1000: dry-run handler returns, diff totals match, registry unchanged  8250ms
   ✓ map.apply at scale (apply=true at 100-tier only) > apply=true persists the create count; snapshot reflects the mutation  716ms
   ✓ map.apply determinism across runs > tier=100: two consecutive dry-runs with the same seed produce identical diff summaries  784ms
 ✓ |core| tests/traits/addressable.test.ts (6 tests) 203ms
 ✓ |core| packages/mcp-server/test/tools/repl.render.fragment.spec.ts (4 tests) 34ms
 ✓ |core| packages/mcp-server/test/contracts/dashboard.render.duplicate-panel-id.s181.spec.ts (3 tests) 76ms
 ✓ |core| tests/viz/renderer-selector.test.ts (7 tests) 7ms
 ✓ |core| packages/mcp-server/test/e2e/a11y-pipeline.e2e.spec.ts (3 tests) 2656ms
   ✓ a11y pipeline e2e > validate with checkA11y=true returns a11y warnings through bridge  2015ms
 ✓ |core| packages/mcp-server/test/product-reality/screen-action-surface.s184.spec.ts (6 tests) 139ms
stdout | tests/tenancy/external.spec.ts > External Adapter Tenancy > Isolation > should route queries to dedicated databases
[ExternalAdapter] Tenant Alice Corp (tenant-alice) → alice.db.internal:5432/oods_alice

stdout | tests/tenancy/external.spec.ts > External Adapter Tenancy > Isolation > should route queries to dedicated databases
[ExternalAdapter] Query in oods_alice: SELECT * FROM subscriptions

stdout | tests/tenancy/external.spec.ts > External Adapter Tenancy > Isolation > should route queries to dedicated databases
[ExternalAdapter] Tenant Bob Industries (tenant-bob) → bob.db.internal:5432/oods_bob

stdout | tests/tenancy/external.spec.ts > External Adapter Tenancy > Isolation > should route queries to dedicated databases
[ExternalAdapter] Query in oods_bob: SELECT * FROM subscriptions

 ✓ |core| tests/tenancy/external.spec.ts (3 tests) 13ms
 ✓ |core| packages/mcp-server/test/codegen/collections.s189.spec.ts (12 tests) 61378ms
   ✓ collection screens own the data presentation > declares one row template and moves the billing and archive recipes into it  391ms
   ✓ collection screens own the data presentation > react standalone collection props compile without a workflow or invented records  11013ms
   ✓ collection screens own the data presentation > vue standalone collection props compile without a workflow or invented records  29617ms
   ✓ collection screens own the data presentation > react App binds the composed collection instead of shipping a competing presentation  1390ms
   ✓ collection screens own the data presentation > vue App binds the composed collection instead of shipping a competing presentation  610ms
   ✓ collection screens own the data presentation > react JavaScript collection output has real runtime props and no TypeScript-only imports  7039ms
   ✓ collection screens own the data presentation > vue JavaScript collection output has real runtime props and no TypeScript-only imports  11194ms
 ✓ |core| tests/integration/classifiable-composition.test.ts (3 tests) 430ms
   ✓ Classifiable integrations > composes taxonomy-mode Classifiable fields for Product  331ms
 ✓ |core| tests/e2e/schema-ref-pipeline.test.ts (2 tests) 352ms
 ✓ |core| packages/mcp-server/test/product-reality/soak-observation.s195.spec.ts (13 tests) 18ms
 ✓ |core| packages/mcp-server/test/product-reality/certify-missing-palette.s195.spec.ts (4 tests) 1461ms
   ✓ missing categorical palette has no measured contrast claim (s195-m06) > nominal missing bake fails without borrowing the determinism render as contrast evidence  1237ms
 ✓ |core| packages/mcp-server/test/contracts/artifact-certify-render-prose.s179.spec.ts (13 tests) 6ms
 ✓ |core| tests/traits/preferenceable.test.ts (5 tests) 106ms
 ✓ |core| tests/traits/authable.test.ts (4 tests) 230ms
 ✓ |core| tests/validation/parameter-validator.test.ts (6 tests) 376ms
 ✓ |core| tests/database/authz-migrations.test.ts (6 tests) 11ms
 ✓ |core| tests/validation/formatter.test.ts (5 tests) 74ms
 ✓ |core| packages/mcp-server/test/tools/certify-contrast.echarts-caveat-pin.spec.ts (2 tests) 25ms
 ✓ |core| tests/integration/failure-scenarios.integration.test.ts (4 tests) 179ms
 ✓ |core| packages/mcp-server/test/product-reality/html-tailwind-gap.s185.spec.ts (9 tests) 130ms
 ✓ |core| tests/parsers/ts-parser.test.ts (7 tests) 10ms
 ✓ |core| tests/governance-gates/import-side-effect-guard.test.ts (3 tests) 410ms
   ✓ importing a governance script runs no CLI (s175 m02) > scripts/state-assessment.mjs: exports main/runTokenGovernanceCheck/deriveProcessExit; no check ran; nothing tracked moved  378ms
 ✓ |core| packages/mcp-server/test/e2e/tier1-acceptance.e2e.spec.ts (4 tests) 1392ms
   ✓ Tier 1 acceptance — bounded framework compatibility > builds the unchanged Subscription detail react flow after its final family port  1075ms
 ✓ |core| tests/tokens/categorical-overlays.s195.test.ts (11 tests) 82ms
 ✓ |core| tests/governance-gates/build-stories-ratchet.test.ts (4 tests) 1777ms
   ✓ build:stories exact-pin ratchet > accepts an exact diagnostic count even though tsc reports a nonzero status  475ms
   ✓ build:stories exact-pin ratchet > rejects a count above the pin as a regression  442ms
   ✓ build:stories exact-pin ratchet > rejects a count below the pin so headroom cannot accumulate  431ms
   ✓ build:stories exact-pin ratchet > never treats a failed compiler with no parsed diagnostics as zero errors  428ms
 ✓ |core| packages/mcp-server/test/product-reality/closeout.s192.spec.ts (5 tests) 1488ms
   ✓ Sprint 192 bounded closeout > rejects an omitted catalog schema in the declared sprint diff  690ms
   ✓ Sprint 192 bounded closeout > prepares exactly the three active destinations without sending or approving classifications  479ms
 ✓ |core| tests/tokens/scoped-js-export.test.ts (14 tests) 26ms
 ✓ |core| tests/compositor/withStatusBadge.modifier.test.ts (6 tests) 7ms
 ✓ |core| tests/integration/communication-preferenceable-integration.test.ts (1 test) 97ms
 ✓ |core| tests/integration/preferenceable-composition.test.ts (2 tests) 211ms
 ✓ |core| packages/mcp-server/test/codegen/prop-enrichment.spec.ts (4 tests) 519ms
   ✓ prop enrichment: compose → codegen integration > object-backed form > enriches Input with label, placeholder, and type from object field metadata  342ms
 ✓ |core| packages/mcp-server/test/compose/slot-vocabulary-unification.spec.ts (2 tests) 281ms
 ✓ |core| packages/mcp-server/test/compose/viz-auto-binding.spec.ts (5 tests) 7ms
 ✓ |core| packages/mcp-server/test/product-reality/schema.s194.spec.ts (1 test) 424ms
   ✓ schema round-trips actual composed schemas, versions, metadata and deletion through the grouped wire  421ms
 ✓ |core| packages/mcp-server/test/contracts/schema.load.spec.ts (3 tests) 65ms
 ❯ |core| packages/mcp-server/test/product-reality/closeout.s191.spec.ts (3 tests | 1 failed) 1704ms
   ✓ Sprint 191 bounded closeout > the advertised diff includes the maintenance executable boundary and component repairs  1677ms
   ✓ Sprint 191 bounded closeout > review evidence cannot silently change implementation or historical proof 15ms
   × Sprint 191 bounded closeout > current capability prose derives contrast from the registry and keeps review separate 10ms
     → expected '# Near Roadmap\n\n**Status:** ACTIVE …' to contain 'contrastPassed light/dark for 9 categ…'
 ✓ |core| packages/mcp-server/test/product-reality/trait-recipes-proof.s193.spec.ts (3 tests) 80ms
 ✓ |core| packages/mcp-server/test/product-reality/viz-recipes-proof.s193.spec.ts (3 tests) 150ms
 ✓ |core| packages/mcp-server/test/product-reality/static-server-teardown.s195.spec.ts (3 tests) 132ms
 ✓ |core| tests/viz/normalized-viz-spec.test.ts (6 tests) 21ms
 ✓ |core| tests/viz/adapters/spatial/echarts-visual-regression.test.ts (2 tests) 151ms
 ✓ |core| packages/mcp-server/test/e2e/design-compose.e2e.spec.ts (3 tests) 2766ms
   ✓ design.compose bridge E2E > compose via bridge produces valid schema with selections  1954ms
 ✓ |core| packages/mcp-server/test/product-reality/viz-certification.s195.spec.ts (4 tests) 1313ms
   ✓ the declared ECharts certification profile changes verdicts without repainting charts (s195 m04) > puts the real negative-size and negative-strength guards inside the executable census  1295ms
 ✓ |core| packages/mcp-server/test/product-reality/breadth-export-cells.s185.spec.ts (10 tests) 200ms
 ✓ |core| tests/view/extensions.test.ts (6 tests) 10ms
 ✓ |core| packages/mcp-server/test/contracts/schema.save.spec.ts (3 tests) 71ms
 ✓ |core| tests/components/user.render-object.test.tsx (2 tests) 87ms
 ✓ |core| tests/generators/object-type-generator.test.ts (2 tests) 82ms
 ✓ |core| tests/viz/adapters/echarts/treemap-adapter.test.ts (2 tests) 7ms
 ✓ |core| tests/traits/authz/sod-policy.test.ts (5 tests) 71ms
 ✓ |core| tests/traits/authz/sod-validator.test.ts (5 tests) 38ms
 ✓ |core| tests/viz/adapters/spatial/vega-lite-visual-regression.test.ts (2 tests) 162ms
 ✓ |core| packages/mcp-server/test/tools/cvd-machado.spec.ts (8 tests) 8ms
 ✓ |core| packages/mcp-server/test/contracts/preview.compaction.spec.ts (3 tests) 22ms
 ✓ |core| packages/mcp-server/test/contracts/layout-single-source.spec.ts (5 tests) 370ms
   ✓ layout single-source (s107-m02) > pipeline(layout="landing") routes to the landing template, matching design.compose  358ms
 ✓ |core| tests/schemas/authz.test.ts (8 tests) 46ms
 ✓ |core| tests/traits/communication/communication-trait.test.ts (3 tests) 175ms
 ✓ |core| packages/mcp-server/test/tools/pipeline.compact.spec.ts (6 tests) 674ms
 ✓ |core| tests/integration/authable-composition.test.ts (4 tests) 468ms
   ✓ Authable composition > composes Authable trait for User object definitions  374ms
 ✓ |core| tests/viz/adapters/echarts/hierarchy-utils.test.ts (3 tests) 57ms
 ✓ |core| tests/schemas/classification.test.ts (5 tests) 16ms
 ✓ |core| tests/viz/integration/spatial-crossfilter.test.ts (5 tests) 9ms
 ✓ |core| tests/viz/integration/renderer-selection-spatial.test.ts (5 tests) 34ms
 ✓ |core| tests/traits/Statusable.test.ts (6 tests) 393ms
 ✓ |core| tests/governance-gates/triage-resolve-base-ref.test.ts (3 tests) 824ms
 ✓ |core| packages/mcp-server/test/product-reality/ported-freeze.s184.spec.ts (2 tests) 62ms
 ✓ |core| tests/view/compositor/modifierPurity.test.ts (5 tests) 19ms
 ✓ |core| tests/lint/no-account-unsafe-metadata.spec.ts (4 tests) 1179ms
   ✓ no-account-unsafe-metadata > flags direct metadata writes with no validation  1104ms
 ✓ |core| packages/mcp-server/test/contracts/layout-align.spec.ts (8 tests) 72ms
 ✓ |core| tests/traits/preferenceable/read-repair.test.ts (3 tests) 87ms
 ✓ |core| packages/mcp-server/test/tools/design.preview.spec.ts (5 tests) 152ms
 ✓ |core| tests/schemas/preferences.test.ts (4 tests) 45ms
 ✓ |core| tests/schemas/viz/transform-outputs.test.ts (4 tests) 81ms
 ✓ |core| tests/schemas/viz/hierarchy-input.test.ts (5 tests) 57ms
 ✓ |core| tests/schemas/address.test.ts (4 tests) 136ms
 ✓ |core| tests/validation/cli.test.ts (4 tests) 15ms
 ✓ |core| tests/database/authz-seeds.test.ts (3 tests) 8ms
 ✓ |core| packages/mcp-server/test/tools/echarts-render-worker.startup.spec.ts (1 test) 2867ms
   ✓ MCP startup ECharts render boundary > registers the server without importing ECharts or evaluating the render worker  2864ms
 ✓ |core| tests/traits/communication/throttling-enforcer.test.ts (3 tests) 50ms
 ✓ |core| tests/integration/universal-quintet.integration.test.ts (5 tests) 436ms
 ✓ |core| tests/tokens/viz-scales.test.ts (2 tests) 13ms
 ✓ |core| tests/tokens/transform.test.ts (3 tests) 59ms
 ✓ |core| packages/mcp-server/test/tools/artifact.certify.echarts-option-stability.s179.spec.ts (2 tests) 1290ms
   ✓ artifact.certify — option stability remains load-bearing (s179 m05) > fails the combined proof when emissions differ even though both renders agree  1259ms
 ✓ |core| tests/traits/Auditable.test.ts (5 tests) 137ms
 ✓ |core| tests/traits/preferenceable/schema-registry.test.ts (5 tests) 527ms
   ✓ preference schema registry > generates TypeScript types per schema version  456ms
 ✓ |core| tests/validation/reporters.test.ts (3 tests) 6ms
 ✓ |core| tests/schemas/authz-registry.test.ts (5 tests) 143ms
 ✓ |core| tests/traits/Archivable.test.ts (4 tests) 156ms
 ✓ |core| tests/traits/communication/channel-resolver.test.ts (3 tests) 5ms
 ✓ |core| tests/traits/communication/sla-monitor.test.ts (2 tests) 36ms
 ✓ |core| tests/registry/viz-recipe-parameters.s193.test.ts (14 tests) 497ms
 ✓ |core| tests/traits/Stateful.test.ts (4 tests) 113ms
 ✓ |core| tests/registry/payment-chart.s190.test.ts (2 tests) 185ms
 ✓ |core| tests/traits/preferenceable/dual-write-migration.test.ts (2 tests) 11ms
 ✓ |core| tests/traits/addressable/multi-role.test.ts (2 tests) 89ms
 ✓ |core| tests/traits/communication/schema-validator.test.ts (4 tests) 35ms
 ✓ |core| tests/viz/patterns/suggest-chart.test.ts (4 tests) 15ms
 ✓ |core| tests/verification/regions.contract.test.ts (3 tests) 7ms
 ✓ |core| tests/schemas/viz/network-input.test.ts (4 tests) 45ms
 ✓ |core| tests/viz/adapters/layout-adapter.test.ts (2 tests) 16ms
 ✓ |core| tests/viz/integration/spatial-dashboard.test.tsx (2 tests) 14ms
 ✓ |core| tests/traits/Cancellable.test.ts (4 tests) 140ms
 ✓ |core| tests/traits/Colorized.test.ts (4 tests) 155ms
 ✓ |core| tests/traits/viz/mark-bar.test.ts (4 tests) 208ms
 ✓ |core| tests/verification/ci-token-governance-event.contract.test.ts (2 tests) 4ms
 ✓ |core| tests/traits/Taggable.test.ts (4 tests) 204ms
 ✓ |core| tests/traits/classifiable/spam-detection.test.ts (3 tests) 46ms
 ✓ |core| tests/view/context.test.ts (2 tests) 4ms
 ✓ |core| tests/schemas/viz/sankey-input.test.ts (3 tests) 56ms
 ✓ |core| tests/traits/Labelled.test.ts (4 tests) 112ms
 ✓ |core| tests/traits/communication/policy-builder.test.ts (3 tests) 9ms
 ✓ |core| tests/traits/addressable/default-management.test.ts (3 tests) 56ms
 ✓ |core| tests/traits/viz/mark-line.test.ts (4 tests) 314ms
 ✓ |core| tests/traits/viz/mark-area.test.ts (4 tests) 274ms
 ✓ |core| tests/traits/viz/mark-point.test.ts (4 tests) 240ms
 ✓ |core| tests/traits/viz/encoding-color.test.ts (4 tests) 196ms
 ✓ |core| tests/tokens/palette-role-a.s195.test.ts (2 tests) 5134ms
   ✓ s195 categorical hue revision is measured and reproducible > replays the exhaustive smaller-radius hue search from retained source palettes  2966ms
   ✓ s195 categorical hue revision is measured and reproducible > grades actual built palettes against all four canvases and detects unrelated leaf drift  2166ms
 ✓ |core| tests/traits/addressable/format-templates.test.ts (4 tests) 5ms
 ✓ |core| tests/traits/viz/scale-temporal.test.ts (4 tests) 205ms
 ✓ |core| tests/traits/viz/interaction-highlight.test.ts (3 tests) 107ms
 ✓ |core| tests/traits/viz/encoding-position-x.test.ts (4 tests) 204ms
 ✓ |core| tests/traits/authz/role-graph.test.ts (3 tests) 27ms
 ✓ |core| tests/viz/a11y/facet-table-generator.test.ts (4 tests) 13ms
 ✓ |core| tests/viz/patterns/scaffold-generator.test.ts (1 test) 2354ms
   ✓ scaffold generator > produces JSON spec + component shell for chart suggestion  2345ms
 ✓ |core| tests/traits/viz/scale-linear.test.ts (4 tests) 168ms
 ✓ |core| tests/traits/viz/layout-layer.test.ts (3 tests) 116ms
 ✓ |core| tests/traits/viz/encoding-size.test.ts (4 tests) 128ms
 ✓ |core| tests/traits/viz/encoding-position-y.test.ts (4 tests) 162ms
 ✓ |core| tests/viz/adapters/layout-parity.test.ts (2 tests) 15ms
 ✓ |core| tests/traits/viz/layout-facet.test.ts (3 tests) 107ms
 ✓ |core| tests/traits/viz/layout-concat.test.ts (3 tests) 117ms
 ✓ |core| tests/traits/communication/retry-scheduler.test.ts (3 tests) 64ms
 ✓ |core| tests/traits/viz/authoring-recipes.s193.test.ts (14 tests) 77ms
 ✓ |core| tests/traits/preferenceable/migration-logger.test.ts (1 test) 7ms
 ✓ |core| tests/traits/communication/schema-registry.test.ts (3 tests) 9ms
 ✓ |core| tests/traits/viz/interaction-tooltip.test.ts (3 tests) 89ms
 ✓ |core| tests/verification/pkg-compat-workflow.contract.test.ts (2 tests) 4ms
 ✓ |core| tests/verification/docs.contract.test.ts (2 tests) 6ms
 ✓ |core| tests/verification/standing-rules.contract.test.ts (4 tests) 7ms
 ✓ |core| tests/mcp/bridge-policy-and-tool-names.test.ts (3 tests) 6ms
 ✓ |core| tests/viz/patterns/suggest-chart-v2.test.ts (2 tests) 6ms
 ✓ |core| packages/mcp-server/test/product-reality/browser-receipt-audit.s189.spec.ts (6 tests) 75ms
 ✓ |core| tests/integration/addressable-composition.test.ts (2 tests) 226ms
 ✓ |core| packages/mcp-server/test/product-reality/structured-data.s194.spec.ts (3 tests) 91ms
 ✓ |core| tests/viz/adapters/echarts/sunburst-adapter.test.ts (2 tests) 7ms
 ✓ |core| packages/mcp-server/test/product-reality/advertised-movers.s184.spec.ts (1 test) 58ms
 ✓ |core| packages/mcp-server/test/contracts/dsl-version.spec.ts (8 tests) 19ms
 ✓ |core| packages/mcp-server/test/contracts/tokens.build.apply.spec.ts (1 test) 162ms
 ✓ |core| tests/components/dashboard-context.integration.test.tsx (5 tests) 251ms
 ✓ |core| packages/mcp-server/test/product-reality/billing-views-export-cells.s188.spec.ts (10 tests) 109ms
 ✓ |core| tests/lint/no-unsafe-tenancy-override.spec.ts (3 tests) 776ms
   ✓ no-unsafe-tenancy-override > flags TenancyContext.setCurrentTenant in application code  760ms
 ✓ |core| tests/cli/spatial-detection.test.ts (4 tests) 8ms
 ✓ |core| packages/mcp-server/test/render/render-preview-messaging.spec.ts (3 tests) 19ms
 ✓ |core| packages/mcp-server/test/product-reality/billing-export-cells.s188.spec.ts (6 tests) 95ms
 ✓ |core| packages/mcp-server/test/product-reality/field-labels.s188.spec.ts (3 tests) 2820ms
   ✓ Sprint 188 meaningful field labels > keeps all 66 public compositions free of anonymous Field N labels  2817ms
 ✓ |core| tests/cli/refresh-data.test.ts (4 tests) 23ms
 ✓ |core| packages/mcp-server/test/render/css-extractor.spec.ts (3 tests) 7ms
 ✓ |core| tests/integration/entitlement-export.test.ts (4 tests) 71ms
 ✓ |core| tests/parsers/index.test.ts (5 tests) 8ms
 ✓ |core| tests/viz/stack-transform.test.ts (2 tests) 8ms
 ✓ |core| tests/integration/communication-export.test.ts (3 tests) 54ms
 ✓ |core| packages/mcp-server/test/contracts/portable-fixtures.s194.spec.ts (1 test) 749ms
   ✓ pins one portable recipe per advertised tool and binds only untouched live producer output  748ms
 ✓ |core| packages/mcp-server/test/tools/dashboard-token-css-ref-honor.s179.spec.ts (3 tests) 10ms
 ✓ |core| tests/compose/compose-intent-sections.test.ts (2 tests) 271ms
 ✓ |core| tests/verification/runtime-executable-boundary.s191.test.ts (7 tests) 3ms
 ✓ |core| tests/verification/runtime-placement-ci.s195.test.ts (2 tests) 7ms
 ✓ |core| packages/mcp-server/test/scale/dashboard-determinism.spec.ts (6 tests) 555ms
 ✓ |core| packages/mcp-server/test/product-reality/object.s194.spec.ts (1 test) 326ms
   ✓ object discovers the real registry and exposes composed traits and context-filtered view extensions  325ms
 ✓ |core| tests/base/table.test.tsx (2 tests) 16ms
 ✓ |core| packages/mcp-server/test/product-reality/input-validation-state.s184.spec.ts (4 tests) 51ms
 ✓ |core| tests/viz/layout/keyboard-nav.test.ts (3 tests) 12ms
 ✓ |core| packages/mcp-server/test/product-reality/list-states.s193.spec.ts (13 tests) 1127ms
   ✓ public single-screen list state contract > Organization detail displays tags without an inert editing field  404ms
 ✓ |core| packages/mcp-server/test/contracts/brand.apply.patch.spec.ts (1 test) 25ms
 ✓ |core| packages/mcp-server/test/scale/determinism.spec.ts (9 tests) 38ms
 ✓ |core| packages/mcp-server/test/codegen/codegen-invalid-schema.spec.ts (2 tests) 60ms
 ✓ |core| tests/cli/spatial-scaffold.test.ts (2 tests) 5ms
 ✓ |core| tests/components/page-header.test.tsx (1 test) 24ms
 ✓ |core| tests/integration/communication-throttling-integration.test.ts (1 test) 38ms
 ✓ |core| packages/mcp-server/test/product-reality/artifact.certify.s194.spec.ts (1 test) 1045ms
   ✓ certifies the actual data-bound SVG and rejects HTML at the advertised wire boundary  1043ms
 ✓ |core| tests/base/button.test.tsx (3 tests) 24ms
 ✓ |core| tests/integration/communication-audit.test.ts (2 tests) 87ms
 ✓ |core| tests/base/text-field.test.tsx (2 tests) 16ms
 ✓ |core| tests/base/select.test.tsx (2 tests) 19ms
 ✓ |core| packages/mcp-server/test/render/viz-area-svg.spec.ts (1 test) 6ms
 ✓ |core| tests/base/date-picker.test.tsx (2 tests) 20ms
 ✓ |core| packages/mcp-server/test/product-reality/catalog.list.s194.spec.ts (1 test) 1485ms
   ✓ paginates the live 109-component catalog and reports framework evidence independently of legacy status  1483ms
 ✓ |core| packages/mcp-server/test/product-reality/theme.s191.spec.ts (3 tests) 23984ms
   ✓ generated applications own their token scope (s191) > react shell, mount, styles and embedded chart share dark/B  9067ms
   ✓ generated applications own their token scope (s191) > vue shell, mount, styles and embedded chart share dark/B  14875ms
 ✓ |core| packages/mcp-server/test/compose/position-affinity.spec.ts (5 tests) 5ms
 ✓ |core| tests/base/textarea.test.tsx (2 tests) 25ms
 ✓ |core| packages/mcp-server/test/contracts/tool.registry.spec.ts (3 tests) 4ms
 ✓ |core| packages/mcp-server/test/contracts/diag.snapshot.s194.spec.ts (1 test) 314ms
   ✓ diag.snapshot actual dry-run wire (s194-m04) > performs its documented read/preview and confines receipts to the temporary artifact root  311ms
 ✓ |core| packages/mcp-server/test/contracts/repl.registry.contract.spec.ts (2 tests) 19ms
 ✓ |core| tests/base/checkbox.test.tsx (2 tests) 15ms
 ✓ |core| packages/mcp-server/test/contracts/billing.reviewKit.s194.spec.ts (1 test) 128ms
 ✓ |core| packages/mcp-server/test/contracts/release.tag.s194.spec.ts (1 test) 1988ms
   ✓ release.tag actual dry-run wire (s194-m04) > performs its documented read/preview and confines receipts to the temporary artifact root  1987ms
 ✓ |core| tests/utils/format.test.ts (2 tests) 54ms
 ✓ |core| tests/base/banner.test.tsx (2 tests) 18ms
 ✓ |core| packages/mcp-server/test/contracts/billing.switchFixtures.s194.spec.ts (1 test) 152ms
 ✓ |core| tests/mcp/agent-panel-tool-surface.test.ts (1 test) 9ms
 ✓ |core| tests/base/badge.test.tsx (2 tests) 18ms
 ✓ |core| packages/mcp-server/test/contracts/diag.snapshot-counts.spec.ts (1 test) 246ms
 ✓ |core| packages/mcp-server/test/contracts/a11y.scan.s194.spec.ts (1 test) 167ms
 ✓ |core| tests/components/viz/spatial/ChoroplethMap.test.tsx (15 tests) 278ms
 ✓ |core| tests/components/toast.spec.tsx (17 tests) 514ms
   ✓ ToastPortal > removes toasts after dismissal  324ms
 ✓ |core| tests/components/context-panel-drawer.test.tsx (5 tests) 234ms
 ✓ |core| tests/components/pagination.spec.tsx (33 tests) 614ms
 ✓ |core| tests/components/empty-state.spec.tsx (12 tests) 284ms
 ✓ |core| tests/components/breadcrumbs.spec.tsx (32 tests) 920ms
 ✓ |core| tests/components/tabs.spec.tsx (24 tests) 714ms
 ✓ |core| tests/viz/spatial/adapter-parity.test.ts (2 tests) 189ms
 ✓ |core| tests/apps/playground.app.test.tsx (2 tests) 598ms
   ✓ playground app > switches to the Stage1 mode and reloads when the fixture changes  379ms
 ✓ |core| tests/traits/SaaSBilling.payable.spec.tsx (4 tests) 137ms
 ✓ |core| tests/components/classification/CategoryTree.test.tsx (4 tests) 429ms
 ✓ |core| tests/viz/hooks/useSpatialSpec.test.ts (5 tests) 300ms
 ✓ |core| tests/components/viz/Sankey.test.tsx (12 tests) 284ms
 ✓ |core| tests/components/viz/AreaChart.test.tsx (3 tests) 295ms
 ✓ |core| tests/viz/spatial/a11y-integration.test.tsx (4 tests) 505ms
 ✓ |core| tests/components/viz/ForceGraph.test.tsx (10 tests) 304ms
 ✓ |core| tests/components/viz/Treemap.test.tsx (9 tests) 193ms
 ✓ |core| tests/components/viz/LineChart.test.tsx (3 tests) 365ms
 ✓ |core| tests/components/classification/CategoryPicker.test.tsx (4 tests) 471ms
 ✓ |core| tests/components/viz/Sunburst.test.tsx (7 tests) 163ms
 ✓ |core| tests/components/addresses/address-form.test.tsx (4 tests) 369ms
 ✓ |core| tests/components/viz/Heatmap.visualmap-dimension-s166.test.tsx (2 tests) 193ms
 ✓ |core| tests/components/classification/TagInput.test.tsx (4 tests) 407ms
 ✓ |core| tests/components/viz/spatial/ChoroplethMap.a11y.test.tsx (11 tests) 319ms
 ✓ |core| tests/components/viz/spatial/BubbleMap.test.tsx (6 tests) 112ms
 ✓ |core| tests/viz/spatial/e2e-spatial.test.tsx (3 tests) 370ms
 ✓ |core| tests/overlays/manager.edges.spec.tsx (4 tests) 123ms
 ✓ |core| tests/components/viz/spatial/spatial-integration.test.tsx (2 tests) 172ms
 ✓ |core| tests/components/viz/spatial/layer-utils.test.ts (10 tests) 5ms
 ✓ |core| tests/components/viz/spatial/projection-utils.test.ts (9 tests) 14ms
 ✓ |core| tests/components/viz/spatial/SpatialContainer.test.tsx (7 tests) 244ms
 ✓ |core| tests/viz/spatial/performance.test.tsx (3 tests) 1532ms
   ✓ Spatial Performance Benchmarks > meets choropleth render budgets  549ms
   ✓ Spatial Performance Benchmarks > meets bubble render budgets  875ms
 ✓ |core| tests/components/viz/a11y/a11y-fallbacks.test.tsx (5 tests) 245ms
 ✓ |core| tests/components/viz/spatial/SpatialContainer.a11y.test.tsx (6 tests) 226ms
 ✓ |core| tests/components/viz/spatial/BubbleMap.renderers.test.tsx (2 tests) 106ms
 ✓ |core| tests/viz/hooks/useSpatialProjection.test.ts (6 tests) 36ms
 ✓ |core| tests/components/viz/spatial/BubbleMap.a11y.test.tsx (3 tests) 238ms
 ✓ |core| tests/components/viz/Heatmap.test.tsx (3 tests) 384ms
 ✓ |core| tests/components/viz/LineChart.a11y.test.tsx (1 test) 382ms
   ✓ LineChart accessibility > has no axe violations  381ms
 ✓ |core| tests/components/communication/ConversationThread.test.tsx (2 tests) 172ms
 ✓ |core| tests/components/viz/spatial/keyboard-nav.test.tsx (3 tests) 72ms
 ✓ |core| tests/components/viz/VizFacetGrid.test.tsx (3 tests) 507ms
 ✓ |core| tests/components/viz/spatial/AccessibleMapFallback.test.tsx (3 tests) 238ms
 ✓ |core| tests/traits/SaaSBilling.refundable.spec.tsx (2 tests) 79ms
 ✓ |core| tests/components/preferences/PreferenceForm.test.tsx (4 tests) 1502ms
   ✓ PreferenceForm > emits document changes when schema-driven fields update  745ms
   ✓ PreferenceForm > reports validation issues for invalid inputs via onValidationChange  494ms
 ✓ |core| tests/components/viz/spatial/MapLegend.test.tsx (3 tests) 210ms
 ✓ |core| tests/components/viz/ScatterChart.test.tsx (2 tests) 1040ms
   ✓ ScatterChart > selects the ECharts renderer for dense datasets and wires interactions  809ms
 ✓ |core| tests/hooks/useConversations.test.tsx (1 test) 40ms
 ✓ |core| tests/components/authz/RolePermissionMatrix.test.tsx (3 tests) 293ms
 ✓ |core| tests/views/view-profiles.spec.tsx (2 tests) 33ms
 ✓ |core| tests/panel/diff-viewer.test.tsx (3 tests) 305ms
 ✓ |core| tests/viz/hooks.test.tsx (5 tests) 49ms
 ✓ |core| tests/components/authz/MembershipManager.a11y.test.tsx (2 tests) 443ms
 ✓ |core| tests/components/communication/MessageTimeline.test.tsx (3 tests) 308ms
 ✓ |core| tests/components/preferences/NotificationMatrix.test.tsx (3 tests) 513ms
 ✓ |core| tests/components/classification/CategoryTree.a11y.test.tsx (1 test) 235ms
 ✓ |core| tests/components/addresses/address-display.test.tsx (3 tests) 270ms
 ✓ |core| tests/components/communication/ChannelPlanEditor.test.tsx (2 tests) 76ms
 ✓ |core| tests/components/viz/AreaChart.a11y.test.tsx (1 test) 373ms
   ✓ AreaChart accessibility > has no axe violations  371ms
 ✓ |core| tests/components/viz/ScatterChart.a11y.test.tsx (1 test) 422ms
   ✓ ScatterChart accessibility > has no axe violations  417ms
 ✓ |core| tests/components/viz/Heatmap.a11y.test.tsx (1 test) 364ms
   ✓ Heatmap accessibility > has no axe violations  362ms
 ✓ |core| tests/components/viz/VizLayeredView.a11y.test.tsx (1 test) 365ms
   ✓ VizLayeredView accessibility > has no axe violations  363ms
 ✓ |core| tests/components/classification/TagInput.a11y.test.tsx (1 test) 214ms
 ✓ |core| tests/components/viz/VizFacetGrid.a11y.test.tsx (1 test) 455ms
   ✓ VizFacetGrid accessibility > has no axe violations  453ms
 ✓ |core| tests/components/addresses/address-form.a11y.test.tsx (1 test) 375ms
   ✓ AddressForm accessibility > has no axe violations  373ms
 ✓ |core| tests/components/communication/DeliveryHealthWidget.test.tsx (1 test) 174ms
 ✓ |core| tests/components/viz/BarChart.test.tsx (2 tests) 261ms
 ✓ |core| tests/components/viz/BarChart.a11y.test.tsx (1 test) 314ms
   ✓ BarChart accessibility > has no axe violations  310ms
 ✓ |core| tests/panel/artifact-list.test.tsx (2 tests) 334ms
   ✓ ArtifactList component > virtualises long lists and copies SHA values  330ms
 ✓ |core| tests/traits/preferenceable/rjsf-integration.test.tsx (2 tests) 709ms
   ✓ PreferenceForm (RJSF integration) > renders schema-driven inputs for older versions  503ms
 ✓ |core| tests/components/viz/SharedLegend.test.tsx (2 tests) 52ms
 ✓ |core| tests/components/viz/VizLayeredView.test.tsx (2 tests) 236ms
 ✓ |core| tests/components/viz/spatial/BubbleMapClustering.test.tsx (3 tests) 30ms
 ✓ |core| tests/components/viz/spatial/MapControls.test.tsx (3 tests) 127ms
 ✓ |core| tests/base/toast.test.tsx (3 tests) 123ms
 ✓ |core| tests/hooks/useMessages.test.tsx (1 test) 52ms
 ✓ |core| tests/hooks/useDeliveryStatus.test.tsx (1 test) 24ms
 ✓ |core| packages/mcp-server/test/a2ui-host-conformance/host-conformance-render.spec.ts (51 tests) 115ms
 ✓ |core| tests/components/preferences/PreferenceForm.a11y.test.tsx (1 test) 487ms
   ✓ PreferenceForm accessibility > renders without axe violations  486ms

 Test Files  2 failed | 593 passed | 1 skipped (596)
      Tests  6 failed | 6798 passed | 16 skipped (6820)
   Start at  19:45:54
   Duration  174.83s (transform 21.12s, setup 0ms, collect 326.95s, tests 610.02s, environment 53.62s, prepare 67.64s)

JSON report written to /var/folders/gd/rty3217130vdbr9_q713nvg80000gn/T/oods-s185-m01-baseline-LzuOjB/run-1-root-core.json

[stderr]
stderr | tests/viz/mark-options-schema-validity-s167.test.ts
unknown format "color-hex" ignored in schema at path "#/definitions/HexColor"
unknown format "color-hex" ignored in schema at path "#/definitions/HexColor"
unknown format "color-hex" ignored in schema at path "#/definitions/HexColor"
unknown format "color-hex" ignored in schema at path "#/definitions/HexColor"

[ECharts] 'oklch(0.56 0.1737 264.97)' is an illegal color, fallback to '#000000'
[ECharts] 'oklch(0.46 0.1875 274.17)' is an illegal color, fallback to '#000000'
[ECharts] 'oklch(0.6001 0.1195 161.58)' is an illegal color, fallback to '#000000'
[ECharts] 'oklch(0.6558 0.122 80.37)' is an illegal color, fallback to '#000000'
[ECharts] 'oklch(0.5824 0.1655 23.81)' is an illegal color, fallback to '#000000'
[ECharts] 'oklch(0.4755 0.1421 47.13)' is an illegal color, fallback to '#000000'
[ECharts] 'oklch(0.94 0.025 250)' is an illegal color, fallback to '#000000'
[ECharts] 'oklch(0.54 0.09 250)' is an illegal color, fallback to '#000000'
[ECharts] 'oklch(0.34 0.13 250)' is an illegal color, fallback to '#000000'
stderr | packages/mcp-server/test/product-reality/viz-recipes.s193.spec.ts > visualization recipes use the public renderer input and pixels > scatter opacity changes both renderer outputs and retains normalized intent
Boolean type for boundaryGap is only allowed for ordinal axis. Please use string in percentage instead, e.g., "20%". Currently, boundaryGap is set to be 0.
Boolean type for boundaryGap is only allowed for ordinal axis. Please use string in percentage instead, e.g., "20%". Currently, boundaryGap is set to be 0.

[ECharts] 'oklch(0.56 0.1737 264.97)' is an illegal color, fallback to '#000000'
[ECharts] 'oklch(0.46 0.1875 274.17)' is an illegal color, fallback to '#000000'
[ECharts] 'oklch(0.6001 0.1195 161.58)' is an illegal color, fallback to '#000000'
[ECharts] 'oklch(0.6558 0.122 80.37)' is an illegal color, fallback to '#000000'
[ECharts] 'oklch(0.5824 0.1655 23.81)' is an illegal color, fallback to '#000000'
[ECharts] 'oklch(0.4755 0.1421 47.13)' is an illegal color, fallback to '#000000'
[ECharts] 'oklch(0.94 0.025 250)' is an illegal color, fallback to '#000000'
[ECharts] 'oklch(0.54 0.09 250)' is an illegal color, fallback to '#000000'
[ECharts] 'oklch(0.34 0.13 250)' is an illegal color, fallback to '#000000'
stderr | tests/viz/adapters/spatial/vega-lite-spatial-adapter.test.ts
unknown format "color-hex" ignored in schema at path "#/definitions/HexColor"
unknown format "color-hex" ignored in schema at path "#/definitions/HexColor"

stderr | tests/components/toast.spec.tsx > toast service > subscriptions and helpers > exposes useToastQueue hook to subscribers
An update to HookProbe inside a test was not wrapped in act(...).

When testing, code that causes React state updates should be wrapped into act(...):

act(() => {
  /* fire events that update state */
});
/* assert on the output */

This ensures that you're testing the behavior the user would see in the browser. Learn more at https://react.dev/link/wrap-tests-with-act

stderr | tests/components/toast.spec.tsx > ToastPortal > renders role=status toasts from the queue
An update to OODS.ToastPortal inside a test was not wrapped in act(...).

When testing, code that causes React state updates should be wrapped into act(...):

act(() => {
  /* fire events that update state */
});
/* assert on the output */

This ensures that you're testing the behavior the user would see in the browser. Learn more at https://react.dev/link/wrap-tests-with-act

stderr | tests/components/toast.spec.tsx > ToastPortal > stacks multiple toasts without exceeding maxVisible
An update to OODS.ToastPortal inside a test was not wrapped in act(...).

When testing, code that causes React state updates should be wrapped into act(...):

act(() => {
  /* fire events that update state */
});
/* assert on the output */

This ensures that you're testing the behavior the user would see in the browser. Learn more at https://react.dev/link/wrap-tests-with-act

stderr | tests/components/toast.spec.tsx > ToastPortal > applies position modifiers for placement
An update to OODS.ToastPortal inside a test was not wrapped in act(...).

When testing, code that causes React state updates should be wrapped into act(...):

act(() => {
  /* fire events that update state */
});
/* assert on the output */

This ensures that you're testing the behavior the user would see in the browser. Learn more at https://react.dev/link/wrap-tests-with-act

stderr | tests/components/toast.spec.tsx > ToastPortal > removes toasts after dismissal
An update to OODS.ToastPortal inside a test was not wrapped in act(...).

When testing, code that causes React state updates should be wrapped into act(...):

act(() => {
  /* fire events that update state */
});
/* assert on the output */

This ensures that you're testing the behavior the user would see in the browser. Learn more at https://react.dev/link/wrap-tests-with-act

stderr | tests/components/toast.spec.tsx > ToastPortal > renders action buttons when provided
An update to OODS.ToastPortal inside a test was not wrapped in act(...).

When testing, code that causes React state updates should be wrapped into act(...):

act(() => {
  /* fire events that update state */
});
/* assert on the output */

This ensures that you're testing the behavior the user would see in the browser. Learn more at https://react.dev/link/wrap-tests-with-act

stderr | tests/components/toast.spec.tsx > ToastPortal > supports focus shortcut to highlight latest toast
An update to OODS.ToastPortal inside a test was not wrapped in act(...).

When testing, code that causes React state updates should be wrapped into act(...):

act(() => {
  /* fire events that update state */
});
/* assert on the output */

This ensures that you're testing the behavior the user would see in the browser. Learn more at https://react.dev/link/wrap-tests-with-act

stderr | packages/mcp-server/test/a2ui-host-conformance/host-conformance-render.spec.ts
Lit is in dev mode. Not recommended for production! See https://lit.dev/msg/dev-mode for more information.


⎯⎯⎯⎯⎯⎯⎯ Failed Tests 6 ⎯⎯⎯⎯⎯⎯⎯

 FAIL  |core| packages/mcp-server/test/tools/echarts-role-a-assignment.s179.spec.ts > ECharts Role-A semantic assignment (s179 m04) > 'treemap': n=8 is exactly slots 1..6,1,2 despite repeated geometry/category carriers
 FAIL  |core| packages/mcp-server/test/tools/echarts-role-a-assignment.s179.spec.ts > ECharts Role-A semantic assignment (s179 m04) > 'sunburst': n=8 is exactly slots 1..6,1,2 despite repeated geometry/category carriers
 FAIL  |core| packages/mcp-server/test/tools/echarts-role-a-assignment.s179.spec.ts > ECharts Role-A semantic assignment (s179 m04) > 'sankey': n=8 is exactly slots 1..6,1,2 despite repeated geometry/category carriers
 FAIL  |core| packages/mcp-server/test/tools/echarts-role-a-assignment.s179.spec.ts > ECharts Role-A semantic assignment (s179 m04) > 'chord': n=8 is exactly slots 1..6,1,2 despite repeated geometry/category carriers
 FAIL  |core| packages/mcp-server/test/tools/echarts-role-a-assignment.s179.spec.ts > ECharts Role-A semantic assignment (s179 m04) > 'force_graph': n=8 is exactly slots 1..6,1,2 despite repeated geometry/category carriers
AssertionError: expected { status: 'ungradeable', …(3) } to deeply equal { status: 'assigned', …(2) }

- Expected
+ Received

@@ -7,17 +7,9 @@
      "Group 4",
      "Group 5",
      "Group 6",
      "Group 7",
    ],
-   "roleAAssignment": [
-     "#416CD9",
-     "#3E44BE",
-     "#279669",
-     "#B58525",
-     "#CA4948",
-     "#993B00",
-     "#416CD9",
-     "#3E44BE",
-   ],
-   "status": "assigned",
+   "reason": "semantic-paint-not-rendered",
+   "roleAAssignment": [],
+   "status": "ungradeable",
  }

 ❯ packages/mcp-server/test/tools/echarts-role-a-assignment.s179.spec.ts:152:22
    150|     ({ chartType, branchData, categoryKeys }) => {
    151|       const result = assign(chartType, projected(chartType, branchData…
    152|       expect(result).toEqual({
       |                      ^
    153|         status: "assigned",
    154|         categoryKeys,

⎯⎯⎯⎯⎯⎯⎯⎯⎯⎯⎯⎯⎯⎯⎯⎯⎯⎯⎯⎯⎯⎯⎯⎯[1/6]⎯

 FAIL  |core| packages/mcp-server/test/product-reality/closeout.s191.spec.ts > Sprint 191 bounded closeout > current capability prose derives contrast from the registry and keeps review separate
AssertionError: expected '# Near Roadmap\n\n**Status:** ACTIVE …' to contain 'contrastPassed light/dark for 9 categ…'

- Expected
+ Received

- contrastPassed light/dark for 9 categorical types, [] for 4 exempt
+ # Near Roadmap
+
+ **Status:** ACTIVE — program decision `#1652`; Sprint 186 certified by `#1785`; Sprint 187 independently certified and closed by `#1809`; carries preserved by `#1810`; Sprint 188 independently certified and closed by `#1831`; craft carries preserved by `#1832`; capture policy `#1833`; Sprint 189 independently certified and closed by `#1844`; residual craft carries `#1845`; Sprint 190 independently certified and closed by `#1859`; residual visualization carries `#1860`; Sprint 191 independently certified and closed by `#1880`; residual carries `#1881`; Sprint 192 independently certified and closed by `#1891`; residual carries `#1892`; Sprint 193 independently certified and closed by `#1914`; residual craft carries `#1915`; Sprint 194 independently certified and closed by `#1934`; residual carries `#1935`
+
+ **Updated:** 2026-09-11 — Sprint 195 build `PS-2026-09-11-008`; Increment 14 BUILT, REVIEW PENDING. Increment 13 remains CERTIFIED AND CLOSED (`#1934`), with its residual carries preserved by `#1935`. Classification approval remains Derek's (`#1438`); `approvedRuntimeCensus:null`.
+
+ **Sprint 188:** CERTIFIED AND CLOSED. Build base `cd8ee986`; Mission 1 delivered that merged head and the authentic User-form successor. Missions 2–5 built the generated React/Vue Subscription workflow and eight declared billing/archive recipes. Mission 6 froze the final proof and handed off. Review `PS-2026-09-08-011` (decision `#1831`) inspected all 36 frozen-head screenshots in both frameworks: the workflow runs end to end with all four states and criterion 8 is opened; usable is not certified, and the ranked craft carries are preserved by `#1832`. See [Increment 7](#increment-7--sprint-188-ship-then-make-the-subscription-app-whole--certified-and-closed).
+
+ **Sprint 189:** CERTIFIED AND CLOSED. Build base `f4cd1ba3`; Mission 1 delivered that merged head to the live bridge and sent the Sprint 188 reconnect. Missions 2–5 built the browser design loop (`scripts/design-loop`, public `design.preview`) and used it to retire all seven `#1832` carries at the producer. Mission 6 froze the final proof and handed off. Review `PS-2026-09-09-002` (decision `#1844`) inspected the 24 frozen-head receipts and 72 screenshots in both frameworks: every `#1832` item is resolved by exact receipt lines and criterion 8 is certified for the Subscription app; the residual craft list is `#1845`. See [Increment 8](#increment-8--sprint-189-browser-design-loop--certified-and-closed).
+
+ **Sprint 190:** CERTIFIED AND CLOSED. Build base `c3a68d5f`; Mission 1 delivered the merged Sprint 189 head `f19a654c` to the live bridge and sent the Sprint 189 reconnect. Missions 2–5 put the shared renderer on the public surface: `viz.render` returns SVG for all 13 types, dashboard HTML draws 11/11 admitted types, theme and brand resolve from the token scopes, `artifact.certify` grades the requested scope, VizAreaPreview renders a real chart on Subscription/detail, and one measured registry equals its public-handler census. Mission 6 froze the final proof and handed off. Review `PS-2026-09-10-001` (decision `#1859`) re-ran the registry contract test and the independent auditor at the frozen head and inspected the 52-cell matrix, contrast rows and browser receipts; the residual visualization carries are `#1860`. See [Increment 9](#increment-9--sprint-190-visualization-public-render--certified-and-closed).
+
+ **Sprint 191:** CERTIFIED AND CLOSED. Build base `d3a99d39`; no delivery mission, because the bridge already served that head. Mission 1 put a measured dark categorical palette into the A/B token scopes, repaired light slot 04, added the registry `contrastPassed` cell and gave `code.generate` theme/brand options so the generated app takes its theme. Mission 2 closed OODS-N016 generically so the Organization and User workflows generate (77/77, 154/154) with six packed cells green. Mission 3 retired the seven `#1845`/chart craft items and `#1274` at the producer with BEFORE/AFTER receipts. Mission 4 closed maintenance `#1318`–`#1322` on receipts and rebuilt the `#1315` bundle clean. Mission 5 froze the final proof and handed off. Review `PS-2026-09-10-008` (decision `#1880`) recomputed all 24 palette cells from the built CSS, re-ran the independent auditor and the contract specs at the head and inspected the dark and AFTER screenshots in both frameworks; the residual carries are `#1881`. See [Increment 10](#increment-10--sprint-191-carry-forward-pay-down--certified-and-closed).
+
+ **Sprint 192:** CERTIFIED AND CLOSED. Build base `5fdf8a18`; Mission 1 delivered that merged head to the live bridge and sent the six prepared notices, closing `#1315`. Mission 2 put the four component packages into CI and a fifth capture suite and repaired the token contract (zero unresolved colour roles, zero system-colour fallbacks in six scopes, 106 `cmp` semantic aliases). Missions 3–4 measured accessibility, interaction and six theme scopes for every governed root in React and Vue inside the CI job. Mission 5 implemented AuditSummaryCard, SortIndicator and TimelineEntryLabel on that proof and cleared the Invoice V007 warnings. Mission 6 regenerated the ledger from evidence, refreshed the served export and completed the 109-row classification proposal. Mission 7 froze the final proof and handed off. Review `PS-2026-09-10-013` (decision `#1891`) re-ran the token resolver, the composition census and the retained component verifier at the merged head, read the served export and the five capture receipts, and confirmed the hash-bound `#1890` derivation exception; the residual carries are `#1892`. See [Increment 11](#increment-11--sprint-192-component-truth--certified-and-closed).
+
+ **Sprint 193:** CERTIFIED AND CLOSED. Build base `c098237f`; Mission 1 delivered that merged head to the live bridge and sent the three prepared notices, closing `#1439`. Mission 2 built the generic packed runtime harness and measured all 132 single-screen cells from one pack, with a CI job, a contract spec and a real emitter-removal bite. Mission 3 ran all 11 workflows in both frameworks (22 cells, 16 state observations each; Invoice and Plan for the first time) and put `productReality.runtime` on health. Missions 4–5 implemented the 34 missing roots (nine non-viz recipes, 25 Viz recipes bound to `viz.render` intent) on the Sprint 192 proof, reaching 109/109 React and Vue. Mission 6 derived the 27-entry tool-capability ledger served by health and fixed the stale narrative. Mission 7 froze the final proof and handed off. Review `PS-2026-09-11-003` (decision `#1914`) read the 154-row runtime ledger, the served catalog and health outputs, the passing five-suite accounting and the independent audit at execution head `8858a575`, and inspected the Invoice and Plan workflow receipts in React; runtime and component evidence are certified, application craft is not, and the ranked craft carries are `#1915`. PR #98 merged into `OODS-pro` at `1f69c957`. See [Increment 12](#increment-12--sprint-193-runtime-at-scale--certified-and-closed).
+
+ **Sprint 194:** CERTIFIED AND CLOSED. Build base `1f69c957`; Mission 1 delivered that merged head to the live bridge, sent the three prepared notices and split the coverage CI job into two budgeted jobs. Mission 2 made the brand seam real: intake emits a consumable delta, `brand.apply` writes canonical brand source under an operator-only root and runs the real token build with captured exit, `tokens.build` returns the requested scope, and chart, app-shell and component pixels move from one source edit. Mission 3 narrowed `map` to an external resolver and proved map, registry.snapshot, schema, object and structuredData.fetch at the wire. Mission 4 retired `viz.compose`, `review` and `release.verify` with decisions `#1922`/`#1923` and gave the five remaining on-demand tools real dry-run contracts. Mission 5 resolved every inert option (212 input properties, zero unresolved). Mission 6 gave all 19 advertised tools real-handler boundary proof and extended the portable E2E to 28 calls over all 19 tools with five documented limits (`#1927`–`#1929`). Mission 7 froze the final proof and handed off. Review `PS-2026-09-11-006` (decision `#1934`) read the ledger and registry files directly, reran the independent auditor (41 criteria, 8 executions, 776 frozen paths) and the producer check, confirmed the served bridge and the corrected CI run `34630306346`, and found two docs-only drifts fixed in the closure commit; tool truthfulness and the host-side brand seam are certified, portable brand writes and React/Vue generation from the Gate-1 bundle are not, and the carries are `#1935`. See [Increment 13](#increment-13--sprint-194-tools-truthful--certified-and-closed).
+
+ **PR integration:** PR #84's initial CI run failed three jobs after the frozen local proof. [CI follow-up](../../planning/forge-s187-ci-followup.md), session `PS-2026-09-07-003` / decision #1811, records the correction; remote acceptance is determined by the checks on the corrected PR head. PR #84 and PR #85 subsequently merged into `OODS-pro` at `cd8ee986`. Sprint 188 merged through PR #86 (`33a20d0e`) and PR #87 (`ed0d5750`); remote CI on the frozen head `7fc3c9e0` passed all three workflows before the review.
+
+ **Scope:** The next increments — Increment 12 (Sprint 193, certified and closed), Increment 13 (Sprint 194, certified and closed), Increment 14 (Sprint 195, visualization breadth and certification, built/review pending) and Increment 15 (Sprint 196, release proof); the whole remaining map is [the phase map](../../planning/forge-remaining-work-phase-map-2026-09.md) (`#1893`); see [Program position](#program-position-and-the-next-three-increments)
+
+ **Program authority:** [Forge Product Reality Program](product-reality-program.md)
+
+ ## Direction
+
+ OODS Foundry and Forge must function as one usable design system and agent toolchain Derek can use to
+ build real work. Greenfield output is a first-class requirement. Mapping into an existing company
+ system remains valuable, but it cannot substitute for Forge-owned components, runtime artifacts, or
+ working generation.
+
+ Two direction decisions from 2026-09-05 govern this queue. The Sprint 182 promotion freeze is void
+ (`#1722`): it was self-imposed, nothing outside our own scripts depends on it, and it is never cited
+ as a constraint again — new components go straight into the nucleus. The binding constraint on the
+ program is component breadth (`#1723`), so the increments after Runnable Generation are breadth waves
+ ordered by how many pre-existing saved schemas each wave makes reachable. Sprint 186 reached the
+ disclosed successor corpus's 16/16 boundary. The next locked breadth metric is fresh composition
+ through the existing public object/context inputs; saved-corpus success does not establish that coverage.
+
+ The current program does not ratify MCP Apps, Figma, Penpot, or a custom canvas; surface selection
+ follows runnable product foundations.
+
+ ## Current measured state — Sprint 195, 2026-09-11; BUILT, REVIEW PENDING
+
+ | Claim area | Current evidence | Remaining obligation |
+ |---|---|---|
+ | Component catalog | **109/109** governed React and Vue roots, **109/109** HTML mappings and versioned contracts. The `2026-09-11-s193-m07` export equals the regenerated component ledger | All109 classifications await Derek; `approvedRuntimeCensus:null`. Proposed native/recipe/alias labels are not approved |
+ | Component maturity | Accessibility/theme **109 verified** each; interaction **40 verified / 69 not-applicable**, with reasons. Six scopes ×109 roots ×2 frameworks = **1308 measured cells** | Component theme proof does not certify automatic recoloring of supplied SVG or application craft |
+ | Runtime coverage | **154/154 pass**, zero typed gaps/failures: 11 objects ×7 contexts ×2 frameworks, one pack/run at the recorded head. Invoice/Usage dashboard layouts add **4/4** separately scoped cells; their detail/dashboard charts add **48/48** brand/theme checks. The canonical population places **68/109** component identities | The remaining 41 identities are not placed by those public schemas. Separate real-trait fixtures and component proofs remain separate; runtime does not imply application craft approval |
+ | Fresh composition | **77/77 schemas and 154/154 generation cells**; four chart additions (Invoice/Usage detail and workflow), 73 unchanged versus the pre-placement census. Record headers and all other schema content are retained | Eight chart declarations across 88 context/layout requests cover area, bar and line. Declaration coverage and runtime proof remain distinct |
+ | Saved designs | Original15/16 retained as a historical negative; adopted successor16/16;17 live-store hashes unchanged | No saved source mutated by the census |
+ | Tool truth | **24 entries**:19 auto +5 on-demand. Source-test tiers **19 product-reality /5 contract /0 unit /0 none**; all19 advertised tools called by the portable E2E | Boundary execution receipts retained. Portable outcomes:14 pass and5 documented limits; source proof does not imply portable success. Three retired entries retain decisions. |
+ | Delivery and discovery | Sprint 195 m01 delivered certified **5b25c3c9** to primary PM2 and sent exactly three prepared notices. Built catalog and health expose component/runtime/tool ledgers plus `productReality.viz`; portable health includes the same registry inputs | Sprint 195 candidate delivery belongs to Sprint 196. Its notices for cmos-dashboard, forge-demos and aquex-mcp are prepared unsent |
+ | Visualization | **34/34 identities** classified into eight families; 20 core cells: **13 surface-complete /7 typed gaps**. The 21 patterns have **8 public /13 authoring-only** identities. Thirteen chart types yield **60 rendered /18 typed HC-deferred** scopes out of 78. All 13 types have a declared certification path; 56 rendered scopes conform and four bubble-map scopes remain nonconformant. Palette Role-A minima exceed 10 with all 24 Role-C checks passing | HC contrast is typed forced-colors exemption, not a numerical contrast measurement. Spec-only ECharts stays uncertified/null. ECharts object placement carries under #1944; bar/line are placed. Full Invoice/Usage detail HTML retains Tabs OODS-V007; chart-node HTML carries real SVG |
+ | Release proof | The m07 packet binds the five-suite campaign, all skips/deltas, frozen censuses, mutation checks and actual CI source heads. Strict soak retains its statistical failure as `OODS-SOAK-1442` observation under #1946; thresholds are unchanged | `builderSelfCertified:false`; independent review remains required. Bridge packaging and bundle reference apps remain Increment 15/Sprint 196 |
+
+ The Sprint 187 evidence below is retained as this table's historical baseline.
+
+ The exact runtime and saved-store hashes are in
+ [the m06 evidence packet](../../../artifacts/product-reality/sprint-187/m06/README.md).
+ Final four-suite counts, skipped tests and file-attributed deltas belong to its retained capture and
+ claim ledger. The baseline comparator is s186 execution `740e8405`, never a relabeled run. The initial clean `2a7bb93e` capture failed22 server and17 root assertions; its raw evidence remains retained. Corrected bundled discovery schema and contract expectations are verified at the new implementation. The corrected capture and output audit record the final build gates and were verified during independent review.
+
+ Independent review re-derived all seven criteria byte-for-byte and reran the separate output audit:
+ 30 executions and 900 frozen paths pass. Rebuilt fresh and saved censuses reproduce the table above.
+ Raw suite counts are 1390 / 64 / 5866 / 6146 passed, zero failed, with the identical 16 existing skips
+ in the overlapping server/root runs. The review inspected retained browser and suite receipts rather
+ than repeating those full runs. See [the review determination](../../planning/forge-s187-review-determination.md).
+ CMOS closed Sprint 187 on 2026-09-07; learnings #516–#518 and carry-forward #1389–#1391 retain the
+ review lessons, delivery work and explicit product limits. Master-context milestone snapshot: 2162.
+
+ Counts describe the named surface only. HTML evidence is not React or Vue evidence, a source emitter
+ is not a runtime package, an admitted chart name is not rendered output, and a preview frame is not a
+ chart.
+
+ ## Program position and the next three increments
+
+ Sprint 193 closes the implementation gap left after Increment 11: every one of109obligations now resolves in both governed frameworks and has measured maturity cells. The public runtime population is154/154 at one recorded head; its66placed component identities remain separate from the109implemented roots. The tool ledger exposes the remaining advertised-claim work. Classification approval, application craft inspection, visualization breadth, the design-surface choice and integrated release proof remain open.
+
+ | Increment | Sprint | Outcome | Exit |
+ |---|---|---|---|
+ | 11 — Component truth | 192, CERTIFIED AND CLOSED (`#1891`) | Proof in the gate; token-resolution contract; accessibility, interaction and theme measured 75/75 in both frameworks; the three disputed rows; the ledger regenerated and served; the 109-row classification proposal | Every governed root has measured cells from suites that run in CI; `catalog_list` serves them; Derek's approval is the only open step to a non-null runtime census |
+ | 12 — Runtime at scale, the 34 rows, the tool-truth census | 193, CERTIFIED AND CLOSED | The generic single-screen harness over all 132 single-screen cells (one pack per sweep) and the workflow harness over all 11 workflows, so runtime-proven cells become a gated ratio served by `health` at154/154 with zero typed gaps; the 9 remaining non-viz rows and the 25 `Viz*` control rows implemented on the Sprint 192 machinery; a generated tool-capability ledger over the 27 registry entries served by `health` (measure only) | Runtime coverage is a gate, not prose; React and Vue implement109/109 with measured maturity cells; every advertised tool has a measured proof tier |
+ | 13 — Tools truthful | 194, CERTIFIED AND CLOSED (`#1934`) | Every advertised tool proven at the MCP boundary and called by the portable E2E, or narrowed/retired with a record: the brand seam end to end (intake → apply writes source with receipt → real build → pixels move), `map` output consumed by composer/codegen or the brownfield claim narrowed, `viz_compose` retired, `review` given a contract and a real patch output or retired, inert options and swallowed errors removed | 24-row ledger: 19 advertised at product-reality tier with portable calls, 5 on-demand contracts, 3 retired with decisions; zero advertised claim without executable evidence; five portable limits typed |
+ | 14 — Visualization breadth and certification | 195, BUILT, REVIEW PENDING | Versioned taxonomy/Core Analytics Profile; 21 pattern identities; measured operand certification, canonical palette revision, forced-colors proof, bar/line placements and real mutation checks | 34/34 classified; 13/20 core cells surface-complete and seven typed gaps with reasons. ECharts placement and measured HC failures remain explicit; independent review pending |
+ | 15 — Integrated release proof | 196 | The bridge in the portable bundle; Subscription, Organization and User exercised from the bundle as reference apps; `docs/components` and the Tool-Specs counts generated from the ledger with `--check`; doc and viz mutation bites; the gate-2 decisions | Every published claim is generated from current executable evidence; no false green survives mutation |
+
+ Re-sequenced 2026-09-11 by the phase map (`#1893`): tool truth moves ahead of visualization breadth because the tool gaps are claims Forge makes today, while chart breadth is capability not yet claimed. The design-surface adapter decision remains Derek's gate and can be taken after Increment 12 without displacing the sequence. Sprint numbers after 193 are assigned only after each preceding increment's independent review.
+
+ ## Increment 1 — Sprint 182: Product Reality Foundation — CLOSED 2026-09-04
+
+ Reviewed by `PS-2026-09-04-004` (decision `#1662`); `foundation-v1` promoted by Derek (decision
+ `#1663`). The 14-component nucleus is real in React and Vue with clean packed-consumer proof. Its build
+ authority was
+ [forge-s182-product-reality-foundation-decision-memo.md](../../planning/forge-s182-product-reality-foundation-decision-memo.md).
+
+ ## Increment 2 — Sprint 183: Runnable Generation — CLOSED 2026-09-05
+
+ Built by `PS-2026-09-04-007` at frozen head `9a4202fe` and independently reviewed by `PS-2026-09-05-001`
+ (decision `#1689`, determination in
+ [forge-s183-review-determination.md](../../planning/forge-s183-review-determination.md)). The exit gate
+ was genuinely met: the six-month-old schema `compose-7d860337` installs, builds, renders, hydrates and
+ passes interactions in clean React and Vue consumers. Two record defects blocked certification — a
+ `passed` claim that five archived mutation patches could not support, and an undisclosed loss of HTML
+ generation for Forge's own detail template absorbed by repointing tests. Both were repaired in
+ `s184-m07`, and the sprint was closed on 2026-09-05.
+
+ ## Increment 3 — Sprint 184: First Greenfield Workflow — CLOSED 2026-09-05, PARTIAL BY DESIGN
+
+ Built from `ab0d712d` and reviewed by `PS-2026-09-05-004`; closed by Derek the same day. Its build
+ authority was
+ [forge-s184-greenfield-workflow-decision-memo.md](../../planning/forge-s184-greenfield-workflow-decision-memo.md).
+
+ It ported the eight components the two March-2026 Subscription schemas needed, resolved six
+ off-contract facts by moving contracts rather than schemas, added the workflow state axis to the
+ schema language and both emitters, reversed the screen-scope binding rule so generated call sites
+ exist, replaced the textual stub guard with a forwarding check, and proved the list → detail slice
+ from live generation in both frameworks.
+
+ **Increment 3 is recorded as partial, in those words.** The four workflow states are proven on a
+ schema the sprint's own script builds; the real Subscription schemas are proven state-neutral. No
+ single artifact demonstrates the program sentence "the same semantic workflow is usable in both
+ frameworks with loading, empty, error, and success states." Edit/cancel and timeline have no
+ pre-existing schema, and authoring one would be the circularity the increment exists to avoid. The
+ review also found that the sprint's per-mission mover accounting missed five consumer-relevant
+ advertised movers, including the nucleus Table's zero-row output; that notice is owed and is sent in
+ Sprint 185.
+
+ ## Increment 4 — Sprint 185: Component Breadth Wave 1
+
+ Numbered because Sprint 184 is independently reviewed and closed. Its build authority is
+ [forge-s185-component-breadth-wave-1-decision-memo.md](../../planning/forge-s185-component-breadth-wave-1-decision-memo.md),
+ locked by decision `#1724` at build base `1118f436`.
+
+ It adds **DetailHeader, CardHeader, ColorSwatch, ColorizedBadge and VizAreaPreview** to the nucleus as
+ real React and Vue components and proves them by running the six pre-existing saved schemas they block
+ through live generation and the consumer gates in both frameworks. Reachable saved schemas go from
+ 5/16 to 11/16.
+
+ Planning measured twelve target cells failing with `OODS-N015` on those five IDs and twelve green
+ pruned controls. It incorrectly inferred a pure port; the build found the hidden defects described
+ below. The sprint also retired the voided literal nucleus freeze. VizAreaPreview ships honestly as a
+ sized preview frame, not a chart (`#1727`).
+
+ **Built and independently reviewed 2026-09-06; CERTIFIED and CLOSED** (review session
+ `PS-2026-09-06-002`, determination in
+ [forge-s185-review-determination.md](../../planning/forge-s185-review-determination.md)). The exit
+ gate held from live generation: 124 of 124 applicable gates over 16 framework cells, four interaction
+ rows not applicable and excluded; reachability 11/16; every live nucleus pin derived. The "pure port"
+ inference did not survive the build — three contract defects were found and repaired in-sprint
+ (`#1734`, `#1736`, `#1738`). Four-suite closeout at `f8d15098` was green with zero failures.
+
+ ## Increment 5 — Sprint 186: Component Breadth Wave 2 — CERTIFIED AND CLOSED
+
+ Locked 2026-09-06 on Derek's confirmation. Build authority was
+ [forge-s186-component-breadth-wave-2-decision-memo.md](../../planning/forge-s186-component-breadth-wave-2-decision-memo.md)
+ at build base `5aa53b3a`. The starting census showed the remaining five unreachable schemas blocked by
+ exactly 23 components, all with executing HTML renderers. Six missions, one per schema in
+ smallest-cluster-first order (test-tagged 3, user-detail 4, user-list 5, user-timeline 5, user-form 6)
+ and a sixth that folded the eight ported families into the root. Existing Sprint 185 tooling was
+ reused with explicit narrow adaptations (#1780), rather than literal unchanged execution.
+
+ Independent review `PS-2026-09-06-006` closed the sprint under decision #1785. Governed components
+ grew 27 → 50; the five newly reachable schemas passed 80/80 applicable consumer gates in both
+ frameworks. **The 16/16 result applies to the authentic recomposed successor store.** The original
+ historical corpus remains 15/16 on five invalid User-form field bindings per framework. Decisions
+ #1776–#1779 record the scope adjustment; the program's original-input obligation is not silently
+ removed. See [review determination](../../planning/forge-s186-review-determination.md).
+
+ Pace rule from Derek, in force from this sprint on: appreciable progress every sprint, not a little work
+ and a lot of measuring. No per-mission four-suite captures, no new closeout apparatus, no critic
+ workflow. The per-component evidence bar from Wave 1 is unchanged.
+
+ ## Increment 6 — Sprint 187: Fresh Composition Coverage — CERTIFIED AND CLOSED
+
+ **LOCKED** by decisions `#1787`–`#1789`, planning session `PS-2026-09-06-007`.
+ The [decision memo](../../planning/forge-s187-fresh-composition-decision-memo.md) is the build authority.
+ The fourteen component families, binding repairs, discovery refresh and delivery preparation are
+ implemented. The serial mission evidence is retained under `artifacts/product-reality/sprint-187/`.
+ The final census at `a9c02b7d` improves the planning baseline from 27/66 schemas and 58/132 cells to
+ **66/66 and 132/132**. All 28 selected consumer cells pass their applicable gates (218 pass,
+ 6 explicitly N/A, zero failures/skips). No schemas were pruned or hand-authored as fresh inputs.
+
+ | Delivered work | Evidence boundary |
+ |---|---|
+ | LabelCell, InlineLabel, FormLabelGroup, ClassificationBadge, ClassificationEditor | Real React/Vue roots, contracts, styles and local native classification controls; no persistence |
+ | OwnerBadge, OwnershipSummary, OwnershipMeta, TagSummary | Owner/role metadata, zero counts, tags and documented children precedence |
+ | ArchiveSummary, ArchivePill, CancellationForm, CancellationBadge, PriceCardMeta | False badges, nullable archive timestamp, price model/interval and local cancellation controls; no cancellation workflow |
+ | Composition and binding repairs | StatusTimeline.label, numeric zero, boolean false, local query updates, optional card actions and nullable datetime; original Product/detail B2 operand measured separately |
+ | Discovery/census/aliases/delivery | Retain109 explained in live discovery; eleven dispositions recorded; aliases retained because migration is unproven; isolated delivery rehearsal and rollback complete |
+
+ The existing s185/s186 proof tools received named, bounded s187 adaptations. No new closeout
+ framework or per-mission four-suite capture was introduced. The source capability fold is unchanged
+ from the evidence-backed m04 result:150 surface cells on 50 existing IDs and 600 references, with all 109
+ identities retained. Final m06 runtime evidence supplements those retained proofs.
+
+ After this increment, the strongest follow-on candidates are the still-partial **complete greenfield
+ workflow** and **current visualization public-render closure**. Neither is automatically numbered or
+ locked here. The green 66-schema generation matrix does not prove navigation, edit/cancel, state
+ transitions, responsive craft, remaining catalog breadth, or chart pixels.
+
+ ## Increment 7 — Sprint 188: Ship, then make the Subscription app whole — CERTIFIED AND CLOSED
+
+ The build follows decisions `#1814`/`#1815` and amendments `#1817`, `#1822` and `#1825`. The [decision memo](../../planning/forge-s188-subscription-workflow-decision-memo.md) and amended CMOS criteria control scope. The [M05 packet](../../../artifacts/product-reality/sprint-188/m05/README.md) records the component and application evidence; the [M06 handoff](../../../artifacts/product-reality/sprint-188/m06/accepted-timeout/README.md) records the final implementation, execution and evidence heads. Sprint 188 is **Completed**, independently certified by review `PS-2026-09-08-011` and decision `#1831`. Historical builder receipts retain `builderSelfCertified:false`; they are not relabeled.
+
+ **Delivered:** Mission 1 fast-forwarded the primary checkout to merged `cd8ee986`, rebuilt and restarted PM2, repaired served schema loading, and adopted only the authentic User-form successor with hashed backup/rollback. Seventeen HTTP probes and two retained N015 negatives verified the served result. The authorized combined reconnect was sent once to aquex-mcp and forge-demos. The new workflow implementation awaits the next reviewed delivery.
+
+ **Built:** public `context:'workflow'` produces a runnable Subscription application in both frameworks: generated navigation, typed local store, ten deterministic records, edit/save/cancel/history, archive views and loading/empty/error/success on list/detail/form/timeline. The M05 proof passes 16 gates, 18 flow checks and 32 state observations with 36 screenshots at 390/820/1440, including payment and archived views. The final M06 proof repeats at its frozen implementation head.
+
+ All eight declared rows are implemented: BillingSummaryBadge, BillingAmountInput, BillingIntervalSelector, CycleProgressCard, PaymentTimeline, PaymentEventTimeline, BillingCardMeta and ArchivedRowOverlay. Composition uses three mechanisms keyed on the declared recipe set: resolved parameters, extension-only selection and placement preservation. Generic grouping and unplaced-extension behavior are regression-pinned. M04 and M05 census changes are exactly attributed against their prior heads; the current baseline is 66/66 schemas and 132/132 screen generation cells plus Subscription/workflow's two cells. Current catalog discovery restores the original 14 nucleus rows from independently approved foundation evidence; frozen baseline/intake/reconciliation records remain unchanged. `/health.revision` exposes the build commit and structured-data manifest hash from a build-time stamp.
+
+ | Mission | Outcome |
+ |---|---|
+ | m01 | Delivery, adoption, reconnect from the primary checkout; no code change |
+ | m02 | `context:'workflow'`, application emitters in React and Vue, real field labels |
+ | m03 | The app live in both frameworks: full flow, four states on four screens, screenshots |
+ | m04 | BillingSummaryBadge, BillingAmountInput, BillingIntervalSelector |
+ | m05 | CycleProgressCard, PaymentTimeline, PaymentEventTimeline, BillingCardMeta, ArchivedRowOverlay; nucleus catalog truth; `/health` revision |
+ | m06 | Census 66/66 plus `Subscription/workflow`, one four-suite capture, sprint-wide advertised diff, review handoff |
+
+ Exit: the program sentence — *the same semantic workflow is usable in both frameworks with loading, empty,
+ error, and success states* — met for Subscription, and criterion 8 opened with one application. **"Usable" is
+ decided by the independent review's responsive/craft inspection, not by the build.** The sprint does not claim
+ persistence, a backend, URL routing, confirmation or permission primitives, or maturity of the 64 families.
+ Descope ladder and never-cut list are in the memo. After this increment, the strongest follow-on candidates are
+ the **browser design loop** (compose, render live, adjust, reconcile) and **current visualization public-render
+ closure** (#1372); neither is numbered or locked here.
+
+ **Review verdict (`PS-2026-09-08-011`, decision `#1831`):** all 36 screenshots at 390/820/1440 in both frameworks
+ were inspected. The application is operable end to end and the eight declared rows render real values, but the
+ composed source screens carry template defects — an unwired list header block with a `No items` paginator above
+ nine records, four empty timeline cards, description-as-label form fields with duplicated controls, an editable
+ cancellation fieldset and `Archived: false` on the detail screen, raw ISO timestamps — so usable is not certified.
+ The ranked carries are decision `#1832` and are the target list for the browser design loop candidate. Capture and
+ timeout handling for Sprint 189 is decision `#1833`.
+
+ ## Gates that apply to every increment
+
+ - Claims come from executable evidence, never catalog prose or research conclusions.
+ - React and Vue are equal targets; framework-specific behavior stays idiomatic.
+ - Packed-consumer tests use no workspace alias, repository source import, existing `node_modules`, or
+   user registry configuration.
+ - An unsupported target fails with a typed gap; warning-only fallback is not success.
+ - Exploratory work may use advisory validation. Production/release artifacts must pass the declared
+   enforced profile.
+ - Every significant failure mode receives a negative test or mutation bite capable of proving the
+   gate is discriminating, and a bite for a behavioral promise removes the behavior, not a string.
+ - A pre-existing test whose input changes during a sprint carries a stated reason in the closeout.
+ - A claim quantified with "every" is measured against the full tracked population at the review head.
+ - Advertised-surface movement is computed once, sprint-wide, from the final diff — never assembled
+   from per-mission scopes.
+ - Automated snapshots prove stability, not design quality; an independent review inspects responsive
+   craft and interaction states before a greenfield artifact is called usable.
+ - A build session records evidence and stops. A separate review session decides genuine close, and
+   scopes its verification to findings that could flip the determination.
+ - Public publishing, hosting, and paid external API use require explicit later decisions.
+
+ ## Parallel obligations and parks
+
+ Sprint 191 m04 closes maintenance `#1318`–`#1322`: SR27 requires the full sprint advertised diff,
+ runtime scans include native adapter JavaScript, OODS-N013 keeps its unavailable-target category with
+ matching descriptions, historical DTCG and repinned-schema bites are retaken, and the A --final pin
+ is confirmed. `#1315` remains pending: the reproducible bundle and exact re-pin notices are prepared
+ for Sprint 192 delivery after review, with zero sends. Evidence: `artifacts/product-reality/sprint-191/m04/README.md`.
+
+ Derek resolved the census choice (#1331) by accepting the recommendation to **retain all 109
+ obligations** (#1788). The old 98-runtime split is not approved. Its generator assigns `authoring-only`
+ when a root React export or HTML renderer is absent, although the excluded traits describe runtime
+ behavior. Missing implementation cannot by itself remove an obligation. Sprint 187 m05 reviewed
+ those eleven rows with trait/caller evidence: nine retain implementation work and two alias/merge
+ proposals need product decisions. No runtime intent was excluded because code was missing.
+ The historical `approvedRuntimeCensus` stays null while that old proposal is unapproved; live discovery
+ must explain the accepted retain-109 ruling. Surface-cell evidence updates do not move scope (#1726).
+
+ The following are parked until their named dependency is met:
+
+ - the eight-family root fold is complete; `/ported`, `/readiness-ported` and `/css-ported` alias
+   retirement was reviewed in Sprint 187 (#1382/#1385); retain aliases while external migration is unproven;
+ - closure of all current visualization recipes, and making VizAreaPreview a real chart — after
+   component breadth, unless independent staffing permits parallel work;
+ - visualization breadth beyond the current 13 — after the public render and certification path is
+   coherent;
+ - Figma, Penpot, MCP Apps, or another design-surface adapter — after Forge artifacts are runnable and
+   the adapter's capabilities, costs, auth, and write semantics can be evaluated honestly;
+ - public package publication or hosted Forge delivery — after licensing, distribution, and operating
+   cost decisions; and
+ - `schema.ingest` — historically shelved by `#1649`; decision `#1652` retains the shelving result
+   while superseding its incorrect surface claim.
+
+ ## Independent review and remaining delivery
+
+ Read [the m06 evidence packet](../../../artifacts/product-reality/sprint-187/m06/README.md) and its
+ claim-ledger/review-handoff JSON. The build is in
+ `/Users/systemsystems/.codex/worktrees/s187/OODS-Forge`, branch
+ `codex/sprint-187-fresh-composition`; actual public implementation `a9c02b7dadeef56690be82e05fe8b02f54beff9f`.
+ The ledger separately names the actual four-suite execution and frozen evidence/review commits;
+ public-byte equivalence must hold between implementation and execution. Canonical CMOS remains in
+ the primary checkout, whose unrelated dirty work was not reset or used as implementation source.
+
+ Sprint 187 is **Completed**, independently certified by review `PS-2026-09-07-002` and decision
+ `#1809`. Historical builder receipts retain `builderSelfCertified:false`; they are not relabeled.
+ Delivery #1374/#1379/#1384 was completed by Sprint 188 m01 at merged `cd8ee986`, with the authorized
+ PM2 restart, exact User-form adoption and combined reconnect. That delivery does not deploy Sprint 188's
+ new workflow. Alias retirement and unverified maturity remain open. Maintenance #1315/#1318–#1322
+ remains named and unabsorbed before integrated public release. PR83 CI follow-up #1386 was resolved;
+ its ECharts soak skip remains disclosed.
+
+ The historical Sprint 189 delivery draft was sent by Sprint 189 m01 after reviewed `f4cd1ba3` was delivered.
+ The Sprint 189 review (`#1844`) inspected the AFTER receipts and screenshots: the duplicate source/application
+ controls, raw timestamps, narrow summary terms, wrapped archive badge and surplus empty cards are gone, and the
+ Subscription app is certified usable; the residual craft list is `#1845`. Sprint 190 m01 delivered that merged head
+ (`f19a654c`). The Sprint 190 review (`#1859`) closed the visualization public-render surface. Decision `#1861`
+ records that merged head `d3a99d39` was already delivered and the reconnect sent to cmos-dashboard,
+ forge-demos and aquex-mcp before this build; archived dashboard-demos is excluded.
+ The Sprint 191 review (`#1880`) certified the carry-forward pay-down and closed the sprint; the residual carries
+ are `#1881`. PR #94 merged into `OODS-pro` at `5fdf8a18`. Sprint 192 m01 delivers that merged head to the bridge,
+ sends the prepared reconnect to cmos-dashboard, forge-demos and aquex-mcp, and sends the `#1315` re-pin notices to
+ aquex-mcp, forge-demos and shopify-forge, which closes `#1315`.
+ The Sprint 192 review (`#1891`) certified component truth and closed the sprint; the residual carries are `#1892`.
+ PR #96 merged into `OODS-pro` at `c098237f`. Sprint 193 m01 delivers that merged head to the bridge and sends the
+ prepared Sprint 193 reconnect to cmos-dashboard, forge-demos and aquex-mcp.
+
+
+ ## Increment 8 — Sprint 189: Browser design loop — CERTIFIED AND CLOSED
+
+ Sprint 189 is **Completed**, independently certified by review `PS-2026-09-09-002` and decision `#1844`. It was built under decisions #1832–#1834. Mission 1 delivered reviewed `f4cd1ba3` from the primary checkout, rebuilt and restarted PM2, verified its build-stamped revision and sent the prepared reconnect to aquex-mcp and forge-demos. All 17 served-store hashes stayed unchanged.
+
+ The build worktree now has a persistent exact-tarball React/Vue preview loop with screenshots, accessibility text, layout measurements and source hashes. Composed list and timeline contexts own their collections and controls. Forms use short labels with help, one owner per field and native Save; detail is read-only with cancellation on demand and populated, uniquely labeled tabs. Summary values, timestamps, archived badges and deterministic billing seeds are reconciled. The public `design.preview` tool uses the same loop and reports OODS-N019 when it is stopped. The served primary bridge still has the delivered Sprint 188 implementation; the Sprint 189 preview tool is proven on the worktree bridge.
+
+ The final packet retains the 77-schema census with the 66/66 and 132/132 single-screen population plus Subscription/workflow 2/2. The wider generation result remains 75/77 and 150/154, with the existing User/workflow and Organization/workflow gaps disclosed. Saved-corpus results remain separate: original 15/16, successor 16/16. The final four-suite capture follows #1833; exact counts and all failures/skips belong to its raw receipts and file-attributed accounting.
+
+ [The Sprint 189 handoff](../../../artifacts/product-reality/sprint-189/m06/README.md) binds the frozen implementation, execution and evidence commits, the BEFORE/AFTER browser receipts and all seven craft dispositions. The Sprint 190 reconnect is prepared and remains unsent. Historical builder receipts retain `builderSelfCertified:false`; they are not relabeled. This build does not certify accessibility, theme maturity or every object/context at runtime.
+
+ **Review verdict (`PS-2026-09-09-002`, decision `#1844`):** all 24 receipts and 72 screenshots at 390/820/1440 in both
+ frameworks were inspected against the seven-item `#1832` mapping. Every Sprint 188 defect is resolved by exact receipt
+ lines: one bound search, filter, sort and paginator over nine real rows with Active/Archived tabs; a chronological
+ timeline with formatted timestamps and a formatted billing header; short form labels with help text, one owner per
+ field, seeded datetime and reason code, one Save; a read-only detail with cancellation on demand, populated unique
+ tabs, history-bound audit entries and Yes/No summary terms; an unbroken archived badge with `1 record`; identical
+ StatusTimeline text across HTML, React and Vue; mid-cycle seeds. Zero page or console errors, zero overflow, zero
+ React/Vue lifecycle text differences. A person can list, search, filter, open, edit, save, cancel and read the
+ timeline in both frameworks at all three widths, so criterion 8 is certified for the Subscription app. Six residual
+ craft items found by the screenshot pass (Vue Search label wrap and pagination bullets at 390 px, raw event codes
+ and a duplicated two-entry history on detail, a wide-badge row wrap at 1440 px, the minor-units help text beside a
+ major-units amount, the Vue archived badge outside its row card) are ranked in `#1845`; none blocks usability. The
+ four-suite capture followed `#1833`: the first capture failed on 26 stale schema-shape assertions, one corrective
+ capture passed with zero failures and zero timeouts. The Package Compatibility CI failure on PR #90 was a
+ pre-existing workflow gap (the compat runner never built `@oods/component-contracts` before Storybook and had not run
+ since those imports landed); the review closure commit adds that build step to `scripts/pkg/compat.ts`, mirroring the
+ a11y-contract job, with public runtime bytes unchanged.
+
+ ## Increment 9 — Sprint 190: Visualization public render — CERTIFIED AND CLOSED
+
+ Sprint 190 is **Completed**, independently certified by review `PS-2026-09-10-001` and decision `#1859`. It was built under decisions #1847–#1858. Historical builder receipts retain `builderSelfCertified:false`; they are not relabeled. The measured [visualization registry](../../../packages/viz-core/src/registry/viz-recipes.v1.json) reports 13/13 public SVG in light/dark × A/B; 5 certified / 8 uncertified; area placed on Subscription/detail. Dashboard HTML draws 11/11 admitted types; chord and flow_map remain excluded under #881. The public-tool census, two-run 52-SVG matrix, component and saved-store census, packed application flows and light/dark browser receipts are retained in the [m06 packet](../../../artifacts/product-reality/sprint-190/m06/README.md). The [handoff](../../../artifacts/product-reality/sprint-190/m06/closeout/review-handoff.json) binds the frozen implementation `502e9bf7`, execution `81fb1a96` and evidence `b5b80d9d` commits; PR #92 merged into `OODS-pro` at `d3a99d39`.
+
+ The default uses CSS light/A. The flat token export remains byte-identical; m03 contains the one-time golden migration and every flat-versus-light/A token difference (#1850). HC token scopes remain exported while HC pixels are deferred (#1851). Certification grades the requested scope and retains failures: the existing light categorical palettes on dark canvases can fail contrast. Heatmap and geo exemptions make no categorical canvas-ratio claim. Eight ECharts-primary types retain `conformant:null`.
+
+ Subscription/detail includes a static sample-payment SVG above the timeline in HTML, React and Vue; workflow records each receive a seeded SVG. Editing the form does not regenerate the chart. This placement changes only Subscription/detail in the 66-schema population. The wider 77-schema population retains the Organization/User workflow OODS-N016 gaps. Generation coverage does not imply full runtime coverage for every context.
+
+ Mission 1 delivered the reviewed Sprint 189 head and its authorized reconnects. Decision `#1861` records later delivery of the merged Sprint 190 head `d3a99d39` and the sent reconnects to cmos-dashboard, forge-demos and aquex-mcp; archived dashboard-demos is excluded. Sprint 191 was certified by `#1880` and merged at `5fdf8a18`; the Sprint 192 reconnect and re-pin notice plans remain prepared-unsent until Sprint 192 m01 sends them.
+
+ **Review verdict (`PS-2026-09-10-001`, decision `#1859`):** the registry-equals-census contract test and the Sprint 190
+ prose tests were re-run at the frozen head (12/12), and the independent closeout auditor was re-run from a fresh
+ invocation: 37/37 criteria, 13 executions, 296 frozen paths. The retained scope observations hold 52/52
+ `svgHash == renderHash` identities across 13 types × light/dark × A/B, every one repeated byte-stable; dashboard HTML
+ draws 11/11 admitted types with chord and flow_map excluded under #881 and answered in the registry notes. The light
+ React 1440 and dark Vue 390 screenshots show the payment area chart as a named figure above Status Timeline with the
+ dark scope applied to the chart pixels and no overflow. The corrective four-suite capture is zero failures (viz-core
+ 1397, viz-render 69, mcp-server 6091, root 6265) with the same 16 skip identities as Sprint 189; PR CI, pkg-compat and
+ Token Governance all succeeded. The program exit gate, 13/13 current recipes rendering visible public output with
+ truthful cells, is met, so the visualization public-render surface is closed. The truthful residue is ranked in `#1860`
+ and none of it blocks closure: 14 dark-scope contrast failures (line, scatter, treemap, sunburst, sankey, chord,
+ force_graph × A/B) because the light categorical palette is drawn on the dark canvas, so certified line and scatter
+ report `conformant:false` for dark; HC pixels deferred (#1851); the generated app shell stays light under
+ `theme:'dark'` while chart pixels follow the scope; the constant seeded payments draw the area chart as a flat block
+ under a duplicated title; eight ECharts-primary types remain uncertified with `conformant:null`.
+
+
+ ## Increment 10 — Sprint 191: Carry-forward pay-down — CERTIFIED AND CLOSED
+
+ Sprint 191 is **Completed**, independently certified by review `PS-2026-09-10-008` and decision `#1880`. Build base
+ `d3a99d39`; authority `#1862`; built under decisions #1863–#1879. The
+ [handoff](../../../artifacts/product-reality/sprint-191/m05/closeout/review-handoff.json) binds the frozen
+ implementation `be5d2b30`, execution `e8027e64` and review-input `dc0f4789` commits; PR #94 merged into `OODS-pro` at
+ `5fdf8a18`. Historical builder receipts retain `builderSelfCertified:false` and `separateReviewRequired:true`; they
+ are not relabeled.
+
+ The nine categorical chart types report `contrastPassed: [light, dark]` across brands A/B; the four
+ exempt types retain `[]`. Role-C canvas contrast passes while Role-A cautions remain visible. HC pixels
+ are deferred and eight ECharts types remain uncertified. The generated shell carries theme and brand.
+ Derek accepted exactly three changed light workflow shell files per framework on 2026-09-10; m01's
+ README attributes the exception and preserves the before/after hashes.
+
+ Organization and User join Subscription for **6/6** packed workflow cells. The fresh population is
+ **77/77 schemas and 154/154 cells**, including **66/66 and 132/132** single-screen generation.
+ The original saved store remains **15/16**, the authentic successor **16/16**, and all **17** live store
+ hashes remain unchanged. Generation counts do not assert full runtime coverage for every schema.
+
+ Craft repairs cover search and pagination parity, human-readable history, genuine audit ownership,
+ archive badge containment, billing alignment, amount units and recorded-payment charts. Payment SVGs
+ represent recorded samples and do not regenerate on form edits. The m01 dark and m03 BEFORE/AFTER
+ receipts remain historical; m05 re-verifies the current implementation and retains the complete hashes.
+
+ Maintenance `#1318`–`#1322` is complete. `#1315` bundle re-pin delivery remains pending. Reconnect
+ notices for cmos-dashboard, forge-demos and aquex-mcp, plus re-pin notices for aquex-mcp, forge-demos
+ and shopify-forge, remain **prepared-unsent** for Sprint 192. Final proof includes one four-suite
+ capture under `#1833`, the 52-cell matrix rendered twice, registry-derived censuses, the reproducible
+ portable bundle, Git-derived advertised movers and the independent output audit.
+
+ **Review verdict (`PS-2026-09-10-008`, decision `#1880`):** the six categorical slots were recomputed from the built
+ `tokens.css` (oklch → sRGB → WCAG) for A/B × light/dark: 24/24 cells at or above 3:1 (minima 3.00 A/light slot 04,
+ 3.03 B/light slot 04, 3.16 B/dark slot 02), paints identical to the builder's token proof; the retained contrast table
+ holds 52 scope observations, 36 pass / 16 exempt / 0 fail, and the 52-cell matrix plus four dashboards are byte-stable
+ across two renders. The independent auditor was re-run from a fresh invocation, 33/33 criteria, 8 executions, 864
+ frozen paths; the s190/s191 closeout, theme and collections specs (22/22) and the root prose and runtime-boundary
+ tests (18/18) pass at the head. The census is 77/77 and 154/154 with exactly Organization/workflow and User/workflow
+ changing status, 34 attributed and 0 unattributed artifact changes; the packed apps pass 6 cells and 48 gates. The
+ dark Vue 390 detail and dark React 1440 list screenshots show the shell, chrome and chart on the dark/B canvas; the
+ AFTER Vue 390 list, Vue 1440 detail, Vue 390 archived and Organization React 390 form screenshots show the search
+ label unwrapped, no pagination bullets, humanized history with one timeline, a four-point payment series under one
+ title, the archived badge inside its card and a seeded address entry. The corrective four-suite capture is zero
+ failures (viz-core 1397, viz-render 69, mcp-server 6110, root 6301, the same 16 skip identities) and the merge-head
+ CI run is green. Maintenance `#1318`–`#1322` close on their receipts, so the carry-forward pay-down is complete and
+ Sprint 191 is closed. The truthful residue is ranked in `#1881` and none of it blocks closure: HC pixels deferred
+ (#1851); eight ECharts-primary types uncertified; the Role-A pairwise minimum just under the clean target; two recipe
+ surfaces (CancellationSummary and the Billing tab panel) unthemed against the canvas; the standalone list context
+ truncating its Sort select at 390 and carrying no rows; raw lifecycle words on timeline entries and sample payment
+ amounts unrelated to the record price; Organization and User workflows generated and gate-green but below
+ Subscription's craft bar.
+
+ ## Increment 11 — Sprint 192: Component truth — CERTIFIED AND CLOSED
+
+ Sprint 192 is **Completed**, independently certified by review `PS-2026-09-10-013` and decision `#1891`. Build base
+ `5fdf8a18`; authority `#1882` and baseline correction `#1884`; built under decisions #1883–#1890. The
+ [handoff](../../../artifacts/product-reality/sprint-192/m07/closeout/review-handoff.json) binds the corrected
+ implementation `c2f9c338`, execution `fb56910b` and review-input `b078ac6e` commits; PR #96 merged into `OODS-pro` at
+ `c098237f`. Historical builder receipts retain `builderSelfCertified:false` and `separateReviewRequired:true`; they
+ are not relabeled.
+
+ Seven serial missions deliver the reviewed Sprint 191
+ head and its six notices, put the four component packages in CI and a fifth capture suite, measure
+ accessibility/interaction and six theme scopes, implement AuditSummaryCard, SortIndicator and
+ TimelineEntryLabel, and regenerate the catalog from evidence. Current coverage is 75 React/Vue
+ implementations and 109 HTML mappings; the other 34 implementations remain obligations. The
+ proposal is 24 native / 84 recipe / 1 alias with all 109 classifications awaiting Derek and
+ `approvedRuntimeCensus:null`. The historical foundation-v1 authority remains separate.
+
+ The base diagnostic retains 191 / 45 / 57 / 89, seven missing system names, six unguarded names,
+ and 61 reachable system-colour names under the real per-scope resolver. The repaired token contract
+ has zero unresolved colour roles and zero reachable system-colour fallbacks outside forced-colors.
+ The final packet is [Sprint 192 m07](../../../artifacts/product-reality/sprint-192/m07/README.md).
+ Fresh generation (77 schemas / 154 cells), packed runtime observations and independent certification
+ remain distinct claims. Derek's classification decision remains open and `approvedRuntimeCensus` stays null; the
+ Sprint 193 reconnect is prepared unsent until Sprint 193 m01 delivers `c098237f`.
+
+ **Review verdict (`PS-2026-09-10-013`, decision `#1891`):** re-measured at the merged head, the served `2026-09-10`
+ export and the built `catalog_list` carry zero `unverified` cells (174 verified / 218 unavailable / 51 not-applicable)
+ and zero HTML fallbacks; the retained verifier, re-run with the corrected implementation head pinned and writes
+ disabled, proves built catalog = export = ledger for 109/109 rows, 75 passed axe scenarios and 450 passed theme
+ root-cells per framework with matching screenshot hashes; the token resolver re-run live reports zero unresolved colour
+ roles and zero reachable system-colour fallbacks in all six scopes with all six formerly unguarded names defined; the
+ composition census re-run live is 77/77 and 154/154 with 14 attributed movements and 17 unchanged live-store hashes;
+ the v2 proposal holds 109 rows (24 native / 84 recipe / 1 alias) with `approvedRuntimeCensus` null; `ci.yml` runs the
+ four package suites and both six-cell visual harnesses; suite accounting passed with zero unattributed deltas; all
+ five capture receipts exit zero (1397 / 69 / 6134 / 6322 / 1099 passed, 0 failed, the same 16 skips); the independent
+ audit passed at `fb56910b`; the `#1890` derivation exception is hash-bound and only its three scripts changed after
+ the execution head outside evidence paths; remote CI is green at the execution head, the final head and the merge
+ commit. Every `#1882` exit criterion is met, so component truth is certified and Sprint 192 is closed. The truthful
+ residue is ranked in `#1892` and none of it blocks closure: 34 rows unimplemented in React/Vue (Sprint 193); Derek's
+ classification decision; runtime at scale (154 cells at one head, Invoice and Plan without a packed cell); the optional
+ ECharts render soak red on the unchanged base control (learning #561); Auditable/Sortable placements proven on bounded
+ real-trait fixtures; interaction claims for 51 static roots resting on declared reasons; the `#1881` visualization
+ residue (Sprint 194); delivery of `c098237f` and the prepared reconnect by Sprint 193 m01; hand-written
+ `docs/components` and Tool-Specs counts (Increment 14).
+
+ ## Increment 12 — Sprint 193: Runtime at scale — CERTIFIED AND CLOSED
+
+ Sprint 193 is **Completed**, independently certified by review `PS-2026-09-11-003` and decision `#1914`. Build base
+ `c098237f`; lock `#1894`; built under decisions #1895–#1913 (the third five-suite capture was permitted by `#1911`, the CI
+ budget correction by `#1912` and the one coverage-job rerun by `#1913`). The
+ [handoff](../../../artifacts/product-reality/sprint-193/m07/closeout/review-handoff.json) binds implementation `871e5acf`,
+ execution `8858a575` and review-input `236b3fe9`; PR #98 merged into `OODS-pro` at `1f69c957`. The review verified the
+ 154-row runtime ledger, the served catalog (109/109 React and Vue) and health projections, the passing suite accounting and
+ the independent audit directly, and inspected the new Invoice and Plan workflow receipts. Certified: runtime and component
+ evidence. Not certified: classification (`#1438`, `approvedRuntimeCensus:null`) and application craft; the ranked craft
+ carries are `#1915`. Historical builder receipts retain `builderSelfCertified:false`; they are not relabeled.
+
+ Build base: `c098237f`. The generic harness measures all 132single-screen cells and22workflow cells from one package sweep, with strict typechecking, builds, mounted components, accessibility trees, screenshots and declared states. All11workflows include the four observed states for each screen. The final runtime receipt is `artifacts/product-reality/sprint-193/m07/runtime/runtime-cells.v1.json`; the measured head is recorded in that receipt and verified through the product-path diff on later evidence commits.
+
+ All34missing roots are implemented on the existing component proof: nine non-viz recipes and25Viz recipes. The composer follows actual trait declarations. Read-only tags, lifecycle events, communication panels and explicit list states account for the30public-schema changes; new visualization authoring placements are bounded real-trait fixtures. Controls emit a validated Cartesian intent fragment, preserving siblings and rejecting invalid edits; previews preserve real renderer SVG. This build makes no craft or classification approval.
+
+ The tool census measures27registry entries and serves its source-test tiers through health. Auto tiers are7/11/3/0, not the planning shorthand9/10/2; on-demand tiers are0/1/1/4. The remaining legacy viz.compose reserved-attribute error, inert options, brand behavior and review fixture limitations remain named Sprint 194 candidates, not silently repaired by the census.
+
+ The [m07 packet](../../../artifacts/product-reality/sprint-193/m07/README.md) retains the one five-suite campaign, class-enumerated movement, saved-store and visualization censuses, advertised diff from c098237f, prepared unsent reconnect and PR/CI observations. Its closeout producer and independent auditor bind all 36literal criteria. `builderSelfCertified:false`; the sprint stays Active until separate independent review. The phase sequence remains Increment 13/Sprint 194 tools truthful, Increment 14/Sprint 195 visualization breadth, Increment 15/Sprint 196 integrated release proof (`#1893`).
+
+ ## Increment 13 — Sprint 194: Tools truthful — CERTIFIED AND CLOSED
+
+ Sprint 194 is **Completed**, independently certified by review `PS-2026-09-11-006` and decision `#1934`. Build base
+ `1f69c957`; lock `#1916`; built under decisions #1917–#1933 (the corrective five-suite capture by `#1932`, the per-run CI
+ attribution by `#1933`). The [handoff](../../../artifacts/product-reality/sprint-194/m07/closeout/review-handoff.json)
+ binds implementation `71538162`, execution `ceecd21f` and review-input `c9640348`; PR #100 targets `OODS-pro`. The review
+ measured the ledger and registry files directly (24 rows: 19 advertised product-reality with portable calls, 5 on-demand
+ contracts, 3 retired), reran the independent auditor and the producer check, confirmed the bridge on `1f69c957` and the
+ corrected CI run `34630306346` green on every required job, and fixed two docs-only drifts (retired names in the issue
+ template; the stale delivery row). Certified: tool truthfulness at the MCP boundary and the host-side brand seam. Not
+ certified: portable brand writes and React/Vue generation from the Gate-1 bundle (five documented limits, `#1927`–`#1929`),
+ classification (`#1438`), application craft (`#1915`), the optional soak (`#1442`); carries are `#1935`. Historical builder
+ receipts retain `builderSelfCertified:false`; they are not relabeled.
+
+ Build base: `1f69c957`. The live tool roster is19 advertised and5 on-demand; three registrations were retired with decision records. Every advertised tool has a real-handler JSON/AJV boundary proof and a content-pinned extracted-bundle call. The portable E2E makes28 calls over19 tools, with14 passing outcomes and5 documented limits (brand source, token export inputs, preview error transport, and React/Vue readiness inputs for code.generate/pipeline). Host brand source writes, captured builds and chart/app pixels are proven separately. Map claims are narrowed to the external resolver. Input options and error/receipt descriptions match the implemented boundary.
+
+ The final packet is `artifacts/product-reality/sprint-194/m07/closeout/review-handoff.json`. Its actual execution heads, fresh154-cell runtime,77-schema/154-cell composition census, unchanged13-recipe registry, saved-store comparisons, per-tool proof and CI receipts are retained for independent review. Component implementation bytes and the109-row component export remain unchanged. Classification approval stays pending; `approvedRuntimeCensus:null`.
+
+ At the Sprint 194 build handoff, the sprint remained **Active** and `builderSelfCertified:false`, the bridge served `1f69c957`, and the three Sprint 195 notices were prepared unsent. Review subsequently certified and closed Sprint 194; Sprint 195 m01 delivered `5b25c3c9` and sent those notices. These historical builder receipts are not relabeled.
+
+ ## Increment 14 — Sprint 195: Visualization breadth and certification — BUILT, REVIEW PENDING
+
+ Built under the [locked decision memo](../../planning/forge-s195-visualization-breadth-decision-memo.md) in session `PS-2026-09-11-008`. The [m07 handoff](../../../artifacts/product-reality/sprint-195/m07/closeout/handoff.md) binds the actual implementation, execution and evidence heads, the five-suite accounting, all 28 literal mission criteria and observed CI. Sprint 195 remains **Active** with `builderSelfCertified:false`; independent review is a separate step.
+
+ The taxonomy classifies 34 identities across eight families. Its 20 core cells contain 13 surface-complete cells and seven typed gaps, including financial and scientific cells. Eight of 21 patterns have public pixels in all four light/dark brand scopes; thirteen preserve explicit authoring-only reasons. Operand certification grades the ECharts a11y, contrast, determinism and accuracy pillars; spec-only calls remain uncertified with `conformant:null`. Measured bubble-map failures remain failures.
+
+ The canonical categorical hue revision reaches Role-A minima 10.0176 light and 10.2364 dark with all 24 Role-C checks passing. HC preserves declared scope paints and CSS system colors: bar, line, area and scatter render; the other nine types retain measured typed failures. Forced-colors browser evidence is separate from numerical contrast, which is explicitly exempt on HC. The [m05 golden receipt](../../../artifacts/product-reality/sprint-195/m05/integration-results.json) retains the original migration qualification head and before/after evidence.
+
+ Invoice now places a bar chart from line-item amounts in minor units, and Usage places a line chart from explicitly labeled synthetic API-call samples. The 77-schema comparison records four additions and 73 unchanged schemas, preserving record headers. The same runtime sweep proves 154 standard cells, four dashboard cells and 48 placement theme checks. ECharts object placement carries under #1944 pending an authored mark/preview and a domain-data contract; full detail HTML still reports the existing Tabs normalization limit. The three visualization mutations fail then pass after exact restoration. The soak investigation retains its strict statistical failure as a bounded observation under #1946; it does not certify retention.
+
+ Sprint 196 notices are prepared and unsent for cmos-dashboard, forge-demos and aquex-mcp. They name `pattern`, `hc`, the certification operand contract and `health.productReality.viz`. Classification approval, application craft, the five historical portable limits and the phase-map M5 release proof remain open. Increment 15 stays assigned to Sprint 196.
+

 ❯ packages/mcp-server/test/product-reality/closeout.s191.spec.ts:34:21


⎯⎯⎯⎯⎯⎯⎯⎯⎯⎯⎯⎯⎯⎯⎯⎯⎯⎯⎯⎯⎯⎯⎯⎯[2/6]⎯

