2026-09-10T18:53:37.1795367Z Current runner version: '2.337.0'
2026-09-10T18:53:37.1834975Z ##[group]Runner Image Provisioner
2026-09-10T18:53:37.1836723Z Hosted Compute Agent
2026-09-10T18:53:37.1837737Z Version: 20260828.587
2026-09-10T18:53:37.1838817Z Commit: abac92662cab4cc7352de4f9f9d2e2419aad9c29
2026-09-10T18:53:37.1840262Z Build Date: 2026-08-28T16:44:25Z
2026-09-10T18:53:37.1841583Z Worker ID: {94ac8ff2-973c-4864-b36f-08f594d9e437}
2026-09-10T18:53:37.1842830Z Azure Region: centralus
2026-09-10T18:53:37.1844005Z ##[endgroup]
2026-09-10T18:53:37.1846841Z ##[group]Operating System
2026-09-10T18:53:37.1848034Z Ubuntu
2026-09-10T18:53:37.1849058Z 24.04.5
2026-09-10T18:53:37.1850056Z LTS
2026-09-10T18:53:37.1851131Z ##[endgroup]
2026-09-10T18:53:37.1852111Z ##[group]Runner Image
2026-09-10T18:53:37.1853695Z Image: ubuntu-24.04
2026-09-10T18:53:37.1854754Z Version: 20260907.300.1
2026-09-10T18:53:37.1857289Z Included Software: https://github.com/actions/runner-images/blob/ubuntu24/20260907.300/images/ubuntu/Ubuntu2404-Readme.md
2026-09-10T18:53:37.1860197Z Image Release: https://github.com/actions/runner-images/releases/tag/ubuntu24%2F20260907.300
2026-09-10T18:53:37.1862093Z ##[endgroup]
2026-09-10T18:53:37.1864417Z ##[group]GITHUB_TOKEN Permissions
2026-09-10T18:53:37.1867907Z Contents: read
2026-09-10T18:53:37.1868970Z Metadata: read
2026-09-10T18:53:37.1869943Z PullRequests: write
2026-09-10T18:53:37.1871092Z ##[endgroup]
2026-09-10T18:53:37.1874122Z Secret source: Actions
2026-09-10T18:53:37.1875864Z Cache mode: write
2026-09-10T18:53:37.1877686Z Prepare workflow directory
2026-09-10T18:53:37.2980288Z Prepare all required actions
2026-09-10T18:53:37.3134721Z Getting action download info
2026-09-10T18:53:37.6646574Z Download action repository 'actions/checkout@v4' (SHA:11d5960a326750d5838078e36cf38b85af677262)
2026-09-10T18:53:37.8001373Z Download action repository 'pnpm/action-setup@v4' (SHA:b906affcce14559ad1aafd4ab0e942779e9f58b1)
2026-09-10T18:53:38.5280755Z Download action repository 'actions/setup-node@v4' (SHA:49933ea5288caeca8642d1e84afbd3f7d6820020)
2026-09-10T18:53:38.6464979Z Download action repository 'actions/cache@v4' (SHA:0057852bfaa89a56745cba8c7296529d2fc39830)
2026-09-10T18:53:38.8182800Z Download action repository 'actions/upload-artifact@v4' (SHA:ea165f8d65b6e75b540449e92b4886f43607fa02)
2026-09-10T18:53:39.0840565Z Complete job name: a11y-contract
2026-09-10T18:53:39.1983644Z Node 20 is being deprecated. This workflow is running with Node 24 by default. If you need to temporarily use Node 20, you can set the ACTIONS_ALLOW_USE_UNSECURE_NODE_VERSION=true environment variable. For more information see: https://github.blog/changelog/2025-09-19-deprecation-of-node-20-on-github-actions-runners/
2026-09-10T18:53:39.2002059Z ##[group]Run actions/checkout@v4
2026-09-10T18:53:39.2004266Z with:
2026-09-10T18:53:39.2005816Z   repository: kneelinghorse/OODS-Forge
2026-09-10T18:53:39.2024107Z   token: ***
2026-09-10T18:53:39.2025643Z   ssh-strict: true
2026-09-10T18:53:39.2027579Z   ssh-user: git
2026-09-10T18:53:39.2029250Z   persist-credentials: true
2026-09-10T18:53:39.2031020Z   clean: true
2026-09-10T18:53:39.2032655Z   sparse-checkout-cone-mode: true
2026-09-10T18:53:39.2034575Z   fetch-depth: 1
2026-09-10T18:53:39.2036532Z   fetch-tags: false
2026-09-10T18:53:39.2038186Z   show-progress: true
2026-09-10T18:53:39.2039826Z   lfs: false
2026-09-10T18:53:39.2041364Z   submodules: false
2026-09-10T18:53:39.2043011Z   set-safe-directory: true
2026-09-10T18:53:39.2044858Z   allow-unsafe-pr-checkout: false
2026-09-10T18:53:39.2047346Z env:
2026-09-10T18:53:39.2048791Z   NODE_VERSION: 24
2026-09-10T18:53:39.2050374Z ##[endgroup]
2026-09-10T18:53:39.3651003Z Syncing repository: kneelinghorse/OODS-Forge
2026-09-10T18:53:39.3655201Z ##[group]Getting Git version info
2026-09-10T18:53:39.3657910Z Working directory is '/home/runner/work/OODS-Forge/OODS-Forge'
2026-09-10T18:53:39.3661252Z [command]/usr/bin/git version
2026-09-10T18:53:39.3828101Z git version 2.55.0
2026-09-10T18:53:39.3958503Z ##[endgroup]
2026-09-10T18:53:39.3989714Z Temporarily overriding HOME='/home/runner/work/_temp/f170ab75-3585-4718-9915-4d3db4291a65' before making global git config changes
2026-09-10T18:53:39.3995073Z Adding repository directory to the temporary git global config as a safe directory
2026-09-10T18:53:39.3999833Z [command]/usr/bin/git config --global --add safe.directory /home/runner/work/OODS-Forge/OODS-Forge
2026-09-10T18:53:39.4053512Z Deleting the contents of '/home/runner/work/OODS-Forge/OODS-Forge'
2026-09-10T18:53:39.4057829Z ##[group]Initializing the repository
2026-09-10T18:53:39.4060746Z [command]/usr/bin/git init /home/runner/work/OODS-Forge/OODS-Forge
2026-09-10T18:53:39.4205848Z hint: Using 'master' as the name for the initial branch. This default branch name
2026-09-10T18:53:39.4238003Z hint: will change to "main" in Git 3.0. To configure the initial branch name
2026-09-10T18:53:39.4242950Z hint: to use in all of your new repositories, which will suppress this warning,
2026-09-10T18:53:39.4267328Z hint: call:
2026-09-10T18:53:39.4287694Z hint:
2026-09-10T18:53:39.4290392Z hint: 	git config --global init.defaultBranch <name>
2026-09-10T18:53:39.4307299Z hint:
2026-09-10T18:53:39.4328226Z hint: Names commonly chosen instead of 'master' are 'main', 'trunk' and
2026-09-10T18:53:39.4348122Z hint: 'development'. The just-created branch can be renamed via this command:
2026-09-10T18:53:39.4367229Z hint:
2026-09-10T18:53:39.4387380Z hint: 	git branch -m <name>
2026-09-10T18:53:39.4407140Z hint:
2026-09-10T18:53:39.4409701Z hint: Disable this message with "git config set advice.defaultBranchName false"
2026-09-10T18:53:39.4428387Z Initialized empty Git repository in /home/runner/work/OODS-Forge/OODS-Forge/.git/
2026-09-10T18:53:39.4439915Z [command]/usr/bin/git remote add origin https://github.com/kneelinghorse/OODS-Forge
2026-09-10T18:53:39.4447457Z ##[endgroup]
2026-09-10T18:53:39.4452532Z ##[group]Disabling automatic garbage collection
2026-09-10T18:53:39.4455127Z [command]/usr/bin/git config --local gc.auto 0
2026-09-10T18:53:39.4464648Z ##[endgroup]
2026-09-10T18:53:39.4467913Z ##[group]Setting up auth
2026-09-10T18:53:39.4479755Z [command]/usr/bin/git config --local --name-only --get-regexp core\.sshCommand
2026-09-10T18:53:39.4542318Z [command]/usr/bin/git submodule foreach --recursive sh -c "git config --local --name-only --get-regexp 'core\.sshCommand' && git config --local --unset-all 'core.sshCommand' || :"
2026-09-10T18:53:39.5040679Z [command]/usr/bin/git config --local --name-only --get-regexp http\.https\:\/\/github\.com\/\.extraheader
2026-09-10T18:53:39.5091537Z [command]/usr/bin/git submodule foreach --recursive sh -c "git config --local --name-only --get-regexp 'http\.https\:\/\/github\.com\/\.extraheader' && git config --local --unset-all 'http.https://github.com/.extraheader' || :"
2026-09-10T18:53:39.5423345Z [command]/usr/bin/git config --local --name-only --get-regexp ^includeIf\.gitdir:
2026-09-10T18:53:39.5458365Z [command]/usr/bin/git submodule foreach --recursive git config --local --show-origin --name-only --get-regexp remote.origin.url
2026-09-10T18:53:39.5705609Z [command]/usr/bin/git config --local http.https://github.com/.extraheader AUTHORIZATION: basic ***
2026-09-10T18:53:39.5749104Z ##[endgroup]
2026-09-10T18:53:39.5752519Z ##[group]Fetching the repository
2026-09-10T18:53:39.5763623Z [command]/usr/bin/git -c protocol.version=2 fetch --no-tags --prune --no-recurse-submodules --depth=1 origin +009a96b15906c49773ce1074c5dacc981787e9a5:refs/remotes/origin/codex/sprint-192-component-truth
2026-09-10T18:53:51.8715710Z From https://github.com/kneelinghorse/OODS-Forge
2026-09-10T18:53:51.8727702Z  * [new ref]           009a96b15906c49773ce1074c5dacc981787e9a5 -> origin/codex/sprint-192-component-truth
2026-09-10T18:53:51.8730851Z ##[endgroup]
2026-09-10T18:53:51.8731665Z ##[group]Determining the checkout info
2026-09-10T18:53:51.8732421Z ##[endgroup]
2026-09-10T18:53:51.8734741Z [command]/usr/bin/git sparse-checkout disable
2026-09-10T18:53:51.8793169Z [command]/usr/bin/git config --local --unset-all extensions.worktreeConfig
2026-09-10T18:53:51.8828595Z ##[group]Checking out the ref
2026-09-10T18:53:51.8834183Z [command]/usr/bin/git checkout --progress --force -B codex/sprint-192-component-truth refs/remotes/origin/codex/sprint-192-component-truth
2026-09-10T18:53:52.9248745Z Updating files:  38% (10296/26516)
2026-09-10T18:53:52.9599246Z Updating files:  39% (10342/26516)
2026-09-10T18:53:52.9798652Z Updating files:  40% (10607/26516)
2026-09-10T18:53:52.9973456Z Updating files:  41% (10872/26516)
2026-09-10T18:53:53.0294670Z Updating files:  42% (11137/26516)
2026-09-10T18:53:53.0486395Z Updating files:  43% (11402/26516)
2026-09-10T18:53:53.0759238Z Updating files:  44% (11668/26516)
2026-09-10T18:53:53.1234948Z Updating files:  45% (11933/26516)
2026-09-10T18:53:53.1607727Z Updating files:  46% (12198/26516)
2026-09-10T18:53:53.2027628Z Updating files:  47% (12463/26516)
2026-09-10T18:53:53.2504835Z Updating files:  48% (12728/26516)
2026-09-10T18:53:53.2941343Z Updating files:  49% (12993/26516)
2026-09-10T18:53:53.3464009Z Updating files:  50% (13258/26516)
2026-09-10T18:53:53.3836984Z Updating files:  51% (13524/26516)
2026-09-10T18:53:53.4154269Z Updating files:  52% (13789/26516)
2026-09-10T18:53:53.4635202Z Updating files:  53% (14054/26516)
2026-09-10T18:53:53.5017645Z Updating files:  54% (14319/26516)
2026-09-10T18:53:53.5337166Z Updating files:  55% (14584/26516)
2026-09-10T18:53:53.5779824Z Updating files:  56% (14849/26516)
2026-09-10T18:53:53.6292036Z Updating files:  57% (15115/26516)
2026-09-10T18:53:53.6591171Z Updating files:  58% (15380/26516)
2026-09-10T18:53:53.6913026Z Updating files:  59% (15645/26516)
2026-09-10T18:53:53.7182244Z Updating files:  60% (15910/26516)
2026-09-10T18:53:53.7571338Z Updating files:  61% (16175/26516)
2026-09-10T18:53:53.7810318Z Updating files:  62% (16440/26516)
2026-09-10T18:53:53.8153819Z Updating files:  63% (16706/26516)
2026-09-10T18:53:53.8336663Z Updating files:  64% (16971/26516)
2026-09-10T18:53:53.8697307Z Updating files:  65% (17236/26516)
2026-09-10T18:53:53.8888632Z Updating files:  66% (17501/26516)
2026-09-10T18:53:53.9120077Z Updating files:  67% (17766/26516)
2026-09-10T18:53:53.9341169Z Updating files:  67% (17851/26516)
2026-09-10T18:53:53.9543420Z Updating files:  68% (18031/26516)
2026-09-10T18:53:53.9889054Z Updating files:  69% (18297/26516)
2026-09-10T18:53:54.0300514Z Updating files:  70% (18562/26516)
2026-09-10T18:53:54.0642433Z Updating files:  71% (18827/26516)
2026-09-10T18:53:54.1266736Z Updating files:  72% (19092/26516)
2026-09-10T18:53:54.1543151Z Updating files:  73% (19357/26516)
2026-09-10T18:53:54.1829990Z Updating files:  74% (19622/26516)
2026-09-10T18:53:54.3947292Z Updating files:  75% (19887/26516)
2026-09-10T18:53:54.4687662Z Updating files:  76% (20153/26516)
2026-09-10T18:53:54.5356548Z Updating files:  77% (20418/26516)
2026-09-10T18:53:54.6406671Z Updating files:  78% (20683/26516)
2026-09-10T18:53:54.7306827Z Updating files:  79% (20948/26516)
2026-09-10T18:53:54.8381426Z Updating files:  80% (21213/26516)
2026-09-10T18:53:54.9184505Z Updating files:  81% (21478/26516)
2026-09-10T18:53:54.9647046Z Updating files:  81% (21634/26516)
2026-09-10T18:53:55.0076821Z Updating files:  82% (21744/26516)
2026-09-10T18:53:55.0665593Z Updating files:  83% (22009/26516)
2026-09-10T18:53:55.4215283Z Updating files:  84% (22274/26516)
2026-09-10T18:53:55.4547344Z Updating files:  85% (22539/26516)
2026-09-10T18:53:55.4797145Z Updating files:  86% (22804/26516)
2026-09-10T18:53:55.5052140Z Updating files:  87% (23069/26516)
2026-09-10T18:53:55.5214363Z Updating files:  88% (23335/26516)
2026-09-10T18:53:55.5358494Z Updating files:  89% (23600/26516)
2026-09-10T18:53:55.5538427Z Updating files:  90% (23865/26516)
2026-09-10T18:53:55.5789942Z Updating files:  91% (24130/26516)
2026-09-10T18:53:55.5972555Z Updating files:  92% (24395/26516)
2026-09-10T18:53:55.6202709Z Updating files:  93% (24660/26516)
2026-09-10T18:53:55.6470060Z Updating files:  94% (24926/26516)
2026-09-10T18:53:55.6770073Z Updating files:  95% (25191/26516)
2026-09-10T18:53:55.6975240Z Updating files:  96% (25456/26516)
2026-09-10T18:53:55.7152274Z Updating files:  97% (25721/26516)
2026-09-10T18:53:55.7333071Z Updating files:  98% (25986/26516)
2026-09-10T18:53:55.7494151Z Updating files:  99% (26251/26516)
2026-09-10T18:53:55.7495637Z Updating files: 100% (26516/26516)
2026-09-10T18:53:55.7496714Z Updating files: 100% (26516/26516), done.
2026-09-10T18:53:55.9065787Z Switched to a new branch 'codex/sprint-192-component-truth'
2026-09-10T18:53:55.9078371Z branch 'codex/sprint-192-component-truth' set up to track 'origin/codex/sprint-192-component-truth'.
2026-09-10T18:53:55.9173829Z ##[endgroup]
2026-09-10T18:53:55.9233634Z [command]/usr/bin/git log -1 --format=%H
2026-09-10T18:53:55.9257841Z 009a96b15906c49773ce1074c5dacc981787e9a5
2026-09-10T18:53:56.0562770Z Node 20 is being deprecated. This workflow is running with Node 24 by default. If you need to temporarily use Node 20, you can set the ACTIONS_ALLOW_USE_UNSECURE_NODE_VERSION=true environment variable. For more information see: https://github.blog/changelog/2025-09-19-deprecation-of-node-20-on-github-actions-runners/
2026-09-10T18:53:56.0565100Z ##[group]Run pnpm/action-setup@v4
2026-09-10T18:53:56.0565358Z with:
2026-09-10T18:53:56.0565554Z   run_install: false
2026-09-10T18:53:56.0565770Z   dest: ~/setup-pnpm
2026-09-10T18:53:56.0565981Z   cache: false
2026-09-10T18:53:56.0566667Z   cache_dependency_path: pnpm-lock.yaml
2026-09-10T18:53:56.0566984Z   package_json_file: package.json
2026-09-10T18:53:56.0567230Z   standalone: false
2026-09-10T18:53:56.0567428Z env:
2026-09-10T18:53:56.0567607Z   NODE_VERSION: 24
2026-09-10T18:53:56.0567803Z ##[endgroup]
2026-09-10T18:53:56.2173695Z ##[group]Running self-installer...
2026-09-10T18:53:56.9559087Z (node:2041) [DEP0169] DeprecationWarning: `url.parse()` behavior is not standardized and prone to errors that have security implications. Use the WHATWG URL API instead. CVEs are not issued for `url.parse()` vulnerabilities.
2026-09-10T18:53:56.9560963Z (Use `node --trace-deprecation ...` to show where the warning was created)
2026-09-10T18:53:57.2776780Z Progress: resolved 1, reused 0, downloaded 0, added 0
2026-09-10T18:53:57.2895206Z Packages: +1
2026-09-10T18:53:57.2897473Z +
2026-09-10T18:53:57.8845556Z Progress: resolved 1, reused 0, downloaded 1, added 1, done
2026-09-10T18:53:58.0042186Z 
2026-09-10T18:53:58.0049707Z dependencies:
2026-09-10T18:53:58.0055704Z + pnpm 9.12.2 (12.3.4 is available)
2026-09-10T18:53:58.0056700Z 
2026-09-10T18:53:58.0531865Z Done in 1.4s
2026-09-10T18:53:58.0699560Z ##[endgroup]
2026-09-10T18:53:58.0700455Z Installation Completed!
2026-09-10T18:53:58.0887021Z Node 20 is being deprecated. This workflow is running with Node 24 by default. If you need to temporarily use Node 20, you can set the ACTIONS_ALLOW_USE_UNSECURE_NODE_VERSION=true environment variable. For more information see: https://github.blog/changelog/2025-09-19-deprecation-of-node-20-on-github-actions-runners/
2026-09-10T18:53:58.0888299Z ##[group]Run actions/setup-node@v4
2026-09-10T18:53:58.0888548Z with:
2026-09-10T18:53:58.0888753Z   node-version: 24
2026-09-10T18:53:58.0888952Z   cache: pnpm
2026-09-10T18:53:58.0889144Z   always-auth: false
2026-09-10T18:53:58.0889358Z   check-latest: false
2026-09-10T18:53:58.0892060Z   token: ***
2026-09-10T18:53:58.0892249Z env:
2026-09-10T18:53:58.0892424Z   NODE_VERSION: 24
2026-09-10T18:53:58.0892689Z   PNPM_HOME: /home/runner/setup-pnpm/node_modules/.bin
2026-09-10T18:53:58.0892995Z ##[endgroup]
2026-09-10T18:53:58.2440150Z Found in cache @ /opt/hostedtoolcache/node/24.20.0/x64
2026-09-10T18:53:58.2443976Z (node:2054) [DEP0040] DeprecationWarning: The `punycode` module is deprecated. Please use a userland alternative instead.
2026-09-10T18:53:58.2448347Z ##[group]Environment details
2026-09-10T18:53:58.2457704Z (Use `node --trace-deprecation ...` to show where the warning was created)
2026-09-10T18:53:58.7827647Z node: v24.20.0
2026-09-10T18:53:58.7828420Z npm: 11.19.0
2026-09-10T18:53:58.7829151Z yarn: 1.22.22
2026-09-10T18:53:58.7830845Z ##[endgroup]
2026-09-10T18:53:58.7897018Z [command]/home/runner/setup-pnpm/node_modules/.bin/pnpm store path --silent
2026-09-10T18:53:59.2527149Z /home/runner/setup-pnpm/node_modules/.bin/store/v3
2026-09-10T18:53:59.4007616Z Cache hit for: node-cache-Linux-x64-pnpm-b67c91f667c5bcffea4719eaa9342dcc5979d32e2fe7ae9409ce9caae98e184d
2026-09-10T18:53:59.4123939Z (node:2054) [DEP0169] DeprecationWarning: `url.parse()` behavior is not standardized and prone to errors that have security implications. Use the WHATWG URL API instead. CVEs are not issued for `url.parse()` vulnerabilities.
2026-09-10T18:54:00.5944299Z Received 75497472 of 125383733 (60.2%), 71.9 MBs/sec
2026-09-10T18:54:00.8602967Z Received 125383733 of 125383733 (100.0%), 94.4 MBs/sec
2026-09-10T18:54:00.8613176Z Cache Size: ~120 MB (125383733 B)
2026-09-10T18:54:00.8695042Z [command]/usr/bin/tar -xf /home/runner/work/_temp/5de4df00-e4ec-428f-88ff-60907fb40c48/cache.tzst -P -C /home/runner/work/OODS-Forge/OODS-Forge --use-compress-program unzstd
2026-09-10T18:54:03.5831960Z Cache restored successfully
2026-09-10T18:54:03.6967949Z Cache restored from key: node-cache-Linux-x64-pnpm-b67c91f667c5bcffea4719eaa9342dcc5979d32e2fe7ae9409ce9caae98e184d
2026-09-10T18:54:03.7571552Z ##[group]Run pnpm install --frozen-lockfile
2026-09-10T18:54:03.7572203Z [36;1mpnpm install --frozen-lockfile[0m
2026-09-10T18:54:03.7649453Z shell: /usr/bin/bash -e {0}
2026-09-10T18:54:03.7649875Z env:
2026-09-10T18:54:03.7650205Z   NODE_VERSION: 24
2026-09-10T18:54:03.7650657Z   PNPM_HOME: /home/runner/setup-pnpm/node_modules/.bin
2026-09-10T18:54:03.7651232Z ##[endgroup]
2026-09-10T18:54:04.3796758Z Scope: all 22 workspace projects
2026-09-10T18:54:04.4588037Z Lockfile is up to date, resolution step is skipped
2026-09-10T18:54:04.5472281Z Progress: resolved 1, reused 0, downloaded 0, added 0
2026-09-10T18:54:04.7053705Z Packages: +946
2026-09-10T18:54:04.7065973Z ++++++++++++++++++++++++++++++++++++++++++++++++++++++++++++++++++++++++++++++++
2026-09-10T18:54:05.5487688Z Progress: resolved 946, reused 565, downloaded 0, added 0
2026-09-10T18:54:06.5471438Z Progress: resolved 946, reused 945, downloaded 0, added 241
2026-09-10T18:54:07.5471935Z Progress: resolved 946, reused 945, downloaded 0, added 555
2026-09-10T18:54:08.2807694Z Progress: resolved 946, reused 945, downloaded 0, added 946, done
2026-09-10T18:54:10.1656518Z 
2026-09-10T18:54:10.1676985Z dependencies:
2026-09-10T18:54:10.1696881Z + @radix-ui/react-slot 1.2.3
2026-09-10T18:54:10.1716812Z + @rjsf/core 5.24.13
2026-09-10T18:54:10.1736783Z + @rjsf/utils 5.24.13
2026-09-10T18:54:10.1762312Z + @rjsf/validator-ajv8 5.24.13
2026-09-10T18:54:10.1786670Z + @types/geojson 7946.0.16
2026-09-10T18:54:10.1806679Z + @types/topojson-client 3.1.5
2026-09-10T18:54:10.1826696Z + @types/topojson-specification 1.0.5
2026-09-10T18:54:10.1846584Z + ajv 8.17.1
2026-09-10T18:54:10.1866621Z + ajv-formats 3.0.1
2026-09-10T18:54:10.1886578Z + d3-geo 3.1.1
2026-09-10T18:54:10.1906766Z + d3-scale 4.0.2
2026-09-10T18:54:10.1926706Z + echarts 6.0.0
2026-09-10T18:54:10.1946593Z + js-yaml 4.1.0
2026-09-10T18:54:10.1947018Z + luxon 3.7.2
2026-09-10T18:54:10.1947377Z + pg 8.16.3
2026-09-10T18:54:10.1947735Z + react 19.2.0
2026-09-10T18:54:10.1948316Z + react-dom 19.2.0
2026-09-10T18:54:10.1948726Z + react-window 1.8.11
2026-09-10T18:54:10.1949150Z + topojson-client 3.1.0
2026-09-10T18:54:10.1949578Z + vega 6.2.0
2026-09-10T18:54:10.1949962Z + vega-embed 7.1.0
2026-09-10T18:54:10.1950332Z + zod 4.1.12
2026-09-10T18:54:10.1950543Z 
2026-09-10T18:54:10.1950780Z devDependencies:
2026-09-10T18:54:10.1951263Z + @chromatic-com/storybook 4.1.1
2026-09-10T18:54:10.1951904Z + @oods/a11y-tools 0.1.0 <- packages/a11y-tools
2026-09-10T18:54:10.1952778Z + @oods/component-contracts 0.1.0 <- packages/component-contracts
2026-09-10T18:54:10.1953562Z + @oods/tokens 0.1.0 <- packages/tokens
2026-09-10T18:54:10.1954213Z + @oods/viz-core 0.1.0 <- packages/viz-core
2026-09-10T18:54:10.1954787Z + @playwright/test 1.56.1
2026-09-10T18:54:10.1955328Z + @storybook/addon-a11y 9.1.10
2026-09-10T18:54:10.1955883Z + @storybook/addon-docs 9.1.10
2026-09-10T18:54:10.1957086Z + @storybook/addon-onboarding 9.1.10
2026-09-10T18:54:10.1957618Z + @storybook/mdx2-csf 1.1.0
2026-09-10T18:54:10.1958137Z + @storybook/react 9.1.10
2026-09-10T18:54:10.1958663Z + @storybook/react-vite 9.1.10
2026-09-10T18:54:10.1959184Z + @testing-library/dom 10.4.1
2026-09-10T18:54:10.1959737Z + @testing-library/jest-dom 6.9.1
2026-09-10T18:54:10.1960293Z + @testing-library/react 16.3.0
2026-09-10T18:54:10.1960881Z + @testing-library/user-event 14.6.1
2026-09-10T18:54:10.1961483Z + @tokens-studio/sd-transforms 1.3.0
2026-09-10T18:54:10.1961998Z + @types/d3-geo 3.1.0
2026-09-10T18:54:10.1962442Z + @types/d3-scale 4.0.9
2026-09-10T18:54:10.1962902Z + @types/js-yaml 4.0.9
2026-09-10T18:54:10.1963456Z + @types/luxon 3.7.1
2026-09-10T18:54:10.1963871Z + @types/node 20.19.21
2026-09-10T18:54:10.2006624Z + @types/pg 8.15.6
2026-09-10T18:54:10.2028191Z + @types/react 19.2.2
2026-09-10T18:54:10.2066625Z + @types/react-dom 19.2.2
2026-09-10T18:54:10.2087334Z + @types/react-window 1.8.8
2026-09-10T18:54:10.2092625Z + @types/semver 7.7.1
2026-09-10T18:54:10.2136615Z + @types/sql.js 1.4.9
2026-09-10T18:54:10.2157137Z + @typescript-eslint/eslint-plugin 6.21.0
2026-09-10T18:54:10.2176686Z + @typescript-eslint/parser 6.21.0
2026-09-10T18:54:10.2236906Z + @vitejs/plugin-react 5.0.4
2026-09-10T18:54:10.2237385Z + @vitest/browser 3.2.4
2026-09-10T18:54:10.2237839Z + @vitest/coverage-v8 3.2.4
2026-09-10T18:54:10.2238283Z + axe-core 4.11.0
2026-09-10T18:54:10.2238697Z + colorjs.io 0.5.2
2026-09-10T18:54:10.2239059Z + dotenv 17.4.2
2026-09-10T18:54:10.2239415Z + eslint 8.57.1
2026-09-10T18:54:10.2239884Z + eslint-plugin-storybook 9.1.10
2026-09-10T18:54:10.2240326Z + globals 17.6.0
2026-09-10T18:54:10.2240656Z + jsdom 24.1.3
2026-09-10T18:54:10.2241119Z + json-schema-to-typescript 13.1.2
2026-09-10T18:54:10.2241781Z + markdown-to-jsx 7.7.15
2026-09-10T18:54:10.2242220Z + pg-mem 3.0.5
2026-09-10T18:54:10.2242612Z + playwright 1.56.1
2026-09-10T18:54:10.2242983Z + postcss 8.5.28
2026-09-10T18:54:10.2243369Z + prettier 3.6.2
2026-09-10T18:54:10.2243735Z + rimraf 5.0.10
2026-09-10T18:54:10.2244086Z + semver 7.7.3
2026-09-10T18:54:10.2244442Z + sql.js 1.13.0
2026-09-10T18:54:10.2244822Z + storybook 9.1.10
2026-09-10T18:54:10.2245239Z + style-dictionary 4.4.0
2026-09-10T18:54:10.2245878Z + tailwindcss 3.4.18
2026-09-10T18:54:10.2246557Z + tsup 8.5.0
2026-09-10T18:54:10.2246989Z + tsx 4.20.6
2026-09-10T18:54:10.2247377Z + typescript 5.3.3
2026-09-10T18:54:10.2247797Z + vega-lite 6.4.1
2026-09-10T18:54:10.2248226Z + vite-tsconfig-paths 5.1.4
2026-09-10T18:54:10.2248660Z + vitest 3.2.4
2026-09-10T18:54:10.2249039Z + vitest-axe 0.1.0
2026-09-10T18:54:10.2249269Z 
2026-09-10T18:54:10.2913129Z . prepare$ node tools/token-lint/setup-precommit.mjs
2026-09-10T18:54:10.3647678Z . prepare: No .git directory detected; skipping pre-commit hook installation.
2026-09-10T18:54:10.3666830Z . prepare: Done
2026-09-10T18:54:10.3838242Z Done in 6.5s
2026-09-10T18:54:10.4693980Z ##[group]Run pnpm run build:tokens
2026-09-10T18:54:10.4694533Z [36;1mpnpm run build:tokens[0m
2026-09-10T18:54:10.4746934Z shell: /usr/bin/bash -e {0}
2026-09-10T18:54:10.4747352Z env:
2026-09-10T18:54:10.4747678Z   NODE_VERSION: 24
2026-09-10T18:54:10.4748129Z   PNPM_HOME: /home/runner/setup-pnpm/node_modules/.bin
2026-09-10T18:54:10.4748661Z ##[endgroup]
2026-09-10T18:54:11.1776488Z 
2026-09-10T18:54:11.1797597Z > @oods/foundry-mcp@0.1.0 build:tokens /home/runner/work/OODS-Forge/OODS-Forge
2026-09-10T18:54:11.1826950Z > node packages/tokens/scripts/build.mjs
2026-09-10T18:54:11.1827561Z 
2026-09-10T18:54:11.6532916Z ✔︎ collision guard: no non-exempt collisions across 6 scopes
2026-09-10T18:54:11.6550421Z Building design tokens with Style Dictionary…
2026-09-10T18:54:11.7527528Z 
2026-09-10T18:54:11.7539215Z Token collisions detected (2):
2026-09-10T18:54:11.7559548Z Use log.verbosity "verbose" or use CLI option --verbose for more details.
2026-09-10T18:54:11.7565607Z Refer to: https://styledictionary.com/reference/logging/
2026-09-10T18:54:12.2935828Z 
2026-09-10T18:54:12.2937703Z ios-swift
2026-09-10T18:54:12.2938745Z ! dist/ios-swift/OodsTokens.swift, does not exist
2026-09-10T18:54:12.2951638Z 
2026-09-10T18:54:12.2952022Z compose
2026-09-10T18:54:12.2952838Z ! dist/compose/OodsTokens.kt, does not exist
2026-09-10T18:54:12.4386306Z 
2026-09-10T18:54:12.4390997Z ts
2026-09-10T18:54:12.4391899Z ! dist/ts/tokens.ts, does not exist
2026-09-10T18:54:12.4406707Z 
2026-09-10T18:54:12.4407254Z tailwind
2026-09-10T18:54:12.4408072Z ! dist/tailwind/tokens.json, does not exist
2026-09-10T18:54:13.3162219Z 
2026-09-10T18:54:13.3162743Z ios-swift
2026-09-10T18:54:13.3163692Z ✔︎ dist/ios-swift/OodsTokens.swift
2026-09-10T18:54:13.3164157Z 
2026-09-10T18:54:13.3177373Z compose
2026-09-10T18:54:13.3197619Z ✔︎ dist/compose/OodsTokens.kt
2026-09-10T18:54:13.3821425Z 
2026-09-10T18:54:13.3823600Z ts
2026-09-10T18:54:13.3824711Z ✔︎ dist/ts/tokens.ts
2026-09-10T18:54:13.3825410Z 
2026-09-10T18:54:13.3825839Z tailwind
2026-09-10T18:54:13.3827098Z ✔︎ dist/tailwind/tokens.json
2026-09-10T18:54:13.4667952Z 
2026-09-10T18:54:13.4668760Z Token collisions detected (2):
2026-09-10T18:54:13.4669950Z Use log.verbosity "verbose" or use CLI option --verbose for more details.
2026-09-10T18:54:13.4671234Z Refer to: https://styledictionary.com/reference/logging/
2026-09-10T18:54:13.6730142Z 
2026-09-10T18:54:13.6730780Z css
2026-09-10T18:54:13.6731925Z ✔︎ dist/css/tokens.css
2026-09-10T18:54:13.7202724Z 
2026-09-10T18:54:13.7203556Z Token collisions detected (2):
2026-09-10T18:54:13.7204877Z Use log.verbosity "verbose" or use CLI option --verbose for more details.
2026-09-10T18:54:13.7206316Z Refer to: https://styledictionary.com/reference/logging/
2026-09-10T18:54:13.8770447Z 
2026-09-10T18:54:13.8771158Z css
2026-09-10T18:54:13.8772206Z ✔︎ dist/css/tokens.css
2026-09-10T18:54:14.0327037Z 
2026-09-10T18:54:14.0364545Z Token collisions detected (252):
2026-09-10T18:54:14.0365895Z Use log.verbosity "verbose" or use CLI option --verbose for more details.
2026-09-10T18:54:14.0367393Z Refer to: https://styledictionary.com/reference/logging/
2026-09-10T18:54:14.1874500Z 
2026-09-10T18:54:14.1875121Z css
2026-09-10T18:54:14.1876390Z ✔︎ dist/css/tokens.css
2026-09-10T18:54:14.3274448Z 
2026-09-10T18:54:14.3275263Z Token collisions detected (227):
2026-09-10T18:54:14.3276664Z Use log.verbosity "verbose" or use CLI option --verbose for more details.
2026-09-10T18:54:14.3277946Z Refer to: https://styledictionary.com/reference/logging/
2026-09-10T18:54:14.4732390Z 
2026-09-10T18:54:14.4733169Z css
2026-09-10T18:54:14.4734197Z ✔︎ dist/css/tokens.css
2026-09-10T18:54:14.6232993Z 
2026-09-10T18:54:14.6234551Z Token collisions detected (2):
2026-09-10T18:54:14.6235772Z Use log.verbosity "verbose" or use CLI option --verbose for more details.
2026-09-10T18:54:14.6237565Z Refer to: https://styledictionary.com/reference/logging/
2026-09-10T18:54:14.7703716Z 
2026-09-10T18:54:14.7707409Z css
2026-09-10T18:54:14.7708939Z ✔︎ dist/css/tokens.css
2026-09-10T18:54:14.9003009Z 
2026-09-10T18:54:14.9003890Z Token collisions detected (252):
2026-09-10T18:54:14.9005235Z Use log.verbosity "verbose" or use CLI option --verbose for more details.
2026-09-10T18:54:14.9006684Z Refer to: https://styledictionary.com/reference/logging/
2026-09-10T18:54:15.0504310Z 
2026-09-10T18:54:15.0504997Z css
2026-09-10T18:54:15.0506265Z ✔︎ dist/css/tokens.css
2026-09-10T18:54:15.1892960Z 
2026-09-10T18:54:15.1893705Z Token collisions detected (227):
2026-09-10T18:54:15.1894848Z Use log.verbosity "verbose" or use CLI option --verbose for more details.
2026-09-10T18:54:15.1896289Z Refer to: https://styledictionary.com/reference/logging/
2026-09-10T18:54:15.3350409Z 
2026-09-10T18:54:15.3351096Z css
2026-09-10T18:54:15.3352138Z ✔︎ dist/css/tokens.css
2026-09-10T18:54:15.4880234Z 
2026-09-10T18:54:15.4881912Z Token collisions detected (2):
2026-09-10T18:54:15.4883117Z Use log.verbosity "verbose" or use CLI option --verbose for more details.
2026-09-10T18:54:15.4884315Z Refer to: https://styledictionary.com/reference/logging/
2026-09-10T18:54:15.6408981Z ✔︎ tokens built successfully in 3.99s
2026-09-10T18:54:15.6410251Z    css:      dist/css/tokens.css (6 brand × theme scopes)
2026-09-10T18:54:15.6411107Z    types:    dist/ts/tokens.ts
2026-09-10T18:54:15.6411897Z    tailwind: dist/tailwind/tokens.json
2026-09-10T18:54:15.6412651Z    ios:      dist/ios-swift/OodsTokens.swift
2026-09-10T18:54:15.6414155Z    compose:  dist/compose/OodsTokens.kt
2026-09-10T18:54:15.6853487Z ##[group]Run pnpm --filter @oods/tw-variants run build
2026-09-10T18:54:15.6854203Z [36;1mpnpm --filter @oods/tw-variants run build[0m
2026-09-10T18:54:15.6906399Z shell: /usr/bin/bash -e {0}
2026-09-10T18:54:15.6906676Z env:
2026-09-10T18:54:15.6906869Z   NODE_VERSION: 24
2026-09-10T18:54:15.6907153Z   PNPM_HOME: /home/runner/setup-pnpm/node_modules/.bin
2026-09-10T18:54:15.6907467Z ##[endgroup]
2026-09-10T18:54:16.1851457Z 
2026-09-10T18:54:16.1852798Z > @oods/tw-variants@0.1.0 build /home/runner/work/OODS-Forge/OODS-Forge/packages/tw-variants
2026-09-10T18:54:16.1854380Z > rimraf dist && tsup --config tsup.config.ts
2026-09-10T18:54:16.1855110Z 
2026-09-10T18:54:16.5947991Z [34mCLI[39m Building entry: src/context-matrix.ts, src/index.ts
2026-09-10T18:54:16.5948994Z [34mCLI[39m Using tsconfig: ../../tsconfig.json
2026-09-10T18:54:16.5949645Z [34mCLI[39m tsup v8.5.0
2026-09-10T18:54:16.5950925Z [34mCLI[39m Using tsup config: /home/runner/work/OODS-Forge/OODS-Forge/packages/tw-variants/tsup.config.ts
2026-09-10T18:54:16.6007242Z [34mCLI[39m Target: node20
2026-09-10T18:54:16.6047141Z [34mCLI[39m Cleaning output folder
2026-09-10T18:54:16.6087024Z [34mESM[39m Build start
2026-09-10T18:54:16.6087616Z [34mCJS[39m Build start
2026-09-10T18:54:17.1193008Z [32mCJS[39m [1mdist/context-matrix.cjs     [22m[32m6.42 KB[39m
2026-09-10T18:54:17.1194633Z [32mCJS[39m [1mdist/index.cjs              [22m[32m14.54 KB[39m
2026-09-10T18:54:17.1196351Z [32mCJS[39m [1mdist/context-matrix.cjs.map [22m[32m13.51 KB[39m
2026-09-10T18:54:17.1197749Z [32mCJS[39m [1mdist/index.cjs.map          [22m[32m32.63 KB[39m
2026-09-10T18:54:17.1198967Z [32mCJS[39m ⚡️ Build success in 514ms
2026-09-10T18:54:17.1200163Z [32mESM[39m [1mdist/index.js              [22m[32m8.03 KB[39m
2026-09-10T18:54:17.1201479Z [32mESM[39m [1mdist/chunk-IHQKAR2X.js     [22m[32m6.39 KB[39m
2026-09-10T18:54:17.1202796Z [32mESM[39m [1mdist/context-matrix.js     [22m[32m139.00 B[39m
2026-09-10T18:54:17.1204181Z [32mESM[39m [1mdist/index.js.map          [22m[32m19.16 KB[39m
2026-09-10T18:54:17.1205424Z [32mESM[39m [1mdist/chunk-IHQKAR2X.js.map [22m[32m13.51 KB[39m
2026-09-10T18:54:17.1207026Z [32mESM[39m [1mdist/context-matrix.js.map [22m[32m78.00 B[39m
2026-09-10T18:54:17.1208209Z [32mESM[39m ⚡️ Build success in 514ms
2026-09-10T18:54:17.2022504Z [34mDTS[39m Build start
2026-09-10T18:54:20.1099803Z [32mDTS[39m ⚡️ Build success in 2908ms
2026-09-10T18:54:20.1127403Z [32mDTS[39m [1mdist/index.d.ts           [22m[32m685.00 B[39m
2026-09-10T18:54:20.1128242Z [32mDTS[39m [1mdist/context-matrix.d.ts  [22m[32m573.00 B[39m
2026-09-10T18:54:20.1128819Z [32mDTS[39m [1mdist/index.d.cts          [22m[32m685.00 B[39m
2026-09-10T18:54:20.1129367Z [32mDTS[39m [1mdist/context-matrix.d.cts [22m[32m573.00 B[39m
2026-09-10T18:54:20.1792437Z ##[group]Run pnpm --filter @oods/component-contracts run build
2026-09-10T18:54:20.1792953Z [36;1mpnpm --filter @oods/component-contracts run build[0m
2026-09-10T18:54:20.1829637Z shell: /usr/bin/bash -e {0}
2026-09-10T18:54:20.1829898Z env:
2026-09-10T18:54:20.1830086Z   NODE_VERSION: 24
2026-09-10T18:54:20.1830365Z   PNPM_HOME: /home/runner/setup-pnpm/node_modules/.bin
2026-09-10T18:54:20.1830682Z ##[endgroup]
2026-09-10T18:54:20.6973953Z 
2026-09-10T18:54:20.6988059Z > @oods/component-contracts@0.1.0 build /home/runner/work/OODS-Forge/OODS-Forge/packages/component-contracts
2026-09-10T18:54:20.6989294Z > rimraf dist && tsup --config tsup.config.ts
2026-09-10T18:54:20.6989923Z 
2026-09-10T18:54:21.0711529Z [34mCLI[39m Building entry: src/index.ts
2026-09-10T18:54:21.0718697Z [34mCLI[39m Using tsconfig: tsconfig.json
2026-09-10T18:54:21.0719753Z [34mCLI[39m tsup v8.5.0
2026-09-10T18:54:21.0721670Z [34mCLI[39m Using tsup config: /home/runner/work/OODS-Forge/OODS-Forge/packages/component-contracts/tsup.config.ts
2026-09-10T18:54:21.0796938Z [34mCLI[39m Target: es2022
2026-09-10T18:54:21.0847263Z [34mCLI[39m Cleaning output folder
2026-09-10T18:54:21.0848408Z [34mESM[39m Build start
2026-09-10T18:54:21.0849267Z [34mCJS[39m Build start
2026-09-10T18:54:21.9790534Z [34mDTS[39m Build start
2026-09-10T18:54:21.9942049Z [32mCJS[39m [1mdist/index.cjs [22m[32m410.54 KB[39m
2026-09-10T18:54:22.0037310Z [32mCJS[39m ⚡️ Build success in 909ms
2026-09-10T18:54:22.0057454Z [32mESM[39m [1mdist/index.js [22m[32m409.23 KB[39m
2026-09-10T18:54:22.0058514Z [32mESM[39m ⚡️ Build success in 910ms
2026-09-10T18:54:24.5582781Z [32mDTS[39m ⚡️ Build success in 2736ms
2026-09-10T18:54:24.5597446Z [32mDTS[39m [1mdist/index.d.ts  [22m[32m59.71 KB[39m
2026-09-10T18:54:24.5598680Z [32mDTS[39m [1mdist/index.d.cts [22m[32m59.71 KB[39m
2026-09-10T18:54:24.6278534Z ##[group]Run pnpm run build-storybook
2026-09-10T18:54:24.6278903Z [36;1mpnpm run build-storybook[0m
2026-09-10T18:54:24.6315441Z shell: /usr/bin/bash -e {0}
2026-09-10T18:54:24.6315708Z env:
2026-09-10T18:54:24.6315909Z   NODE_VERSION: 24
2026-09-10T18:54:24.6316518Z   PNPM_HOME: /home/runner/setup-pnpm/node_modules/.bin
2026-09-10T18:54:24.6316845Z ##[endgroup]
2026-09-10T18:54:25.0824081Z 
2026-09-10T18:54:25.0825303Z > @oods/foundry-mcp@0.1.0 build-storybook /home/runner/work/OODS-Forge/OODS-Forge
2026-09-10T18:54:25.0826784Z > storybook build
2026-09-10T18:54:25.0827341Z 
2026-09-10T18:54:25.7172673Z [1mstorybook v9.1.10
2026-09-10T18:54:25.7173448Z [22m
2026-09-10T18:54:25.7197860Z info => Cleaning outputDir: [36mstorybook-static[39m
2026-09-10T18:54:25.9313297Z info => Loading presets
2026-09-10T18:54:26.8882147Z info => Building manager..
2026-09-10T18:54:27.3689235Z info => Building preview..
2026-09-10T18:54:27.6534465Z info Using tsconfig paths for react-docgen
2026-09-10T18:54:27.6595475Z No story files found for the specified pattern: [34msrc/stories/**/*.mdx[39m
2026-09-10T18:54:28.1759888Z 
2026-09-10T18:54:28.1761077Z > @oods/tokens@0.1.0 build /home/runner/work/OODS-Forge/OODS-Forge/packages/tokens
2026-09-10T18:54:28.1762642Z > rimraf dist && node ./scripts/build.mjs && node ./scripts/build-entry.mjs
2026-09-10T18:54:28.1763613Z 
2026-09-10T18:54:28.5401582Z ✔︎ collision guard: no non-exempt collisions across 6 scopes
2026-09-10T18:54:28.5403125Z Building design tokens with Style Dictionary…
2026-09-10T18:54:28.6188380Z 
2026-09-10T18:54:28.6189490Z Token collisions detected (2):
2026-09-10T18:54:28.6190692Z Use log.verbosity "verbose" or use CLI option --verbose for more details.
2026-09-10T18:54:28.6191886Z Refer to: https://styledictionary.com/reference/logging/
2026-09-10T18:54:29.1466431Z 
2026-09-10T18:54:29.1497263Z ios-swift
2026-09-10T18:54:29.1498306Z ! dist/ios-swift/OodsTokens.swift, does not exist
2026-09-10T18:54:29.1499105Z 
2026-09-10T18:54:29.1499597Z compose
2026-09-10T18:54:29.1500410Z ! dist/compose/OodsTokens.kt, does not exist
2026-09-10T18:54:29.2847057Z 
2026-09-10T18:54:29.2857466Z ts
2026-09-10T18:54:29.2877500Z ! dist/ts/tokens.ts, does not exist
2026-09-10T18:54:29.2878081Z 
2026-09-10T18:54:29.2878495Z tailwind
2026-09-10T18:54:29.2879260Z ! dist/tailwind/tokens.json, does not exist
2026-09-10T18:54:30.1722329Z 
2026-09-10T18:54:30.1745189Z ios-swift
2026-09-10T18:54:30.1746690Z ✔︎ dist/ios-swift/OodsTokens.swift
2026-09-10T18:54:30.1747430Z 
2026-09-10T18:54:30.1747886Z compose
2026-09-10T18:54:30.1748693Z ✔︎ dist/compose/OodsTokens.kt
2026-09-10T18:54:30.2400378Z 
2026-09-10T18:54:30.2401300Z ts
2026-09-10T18:54:30.2402441Z ✔︎ dist/ts/tokens.ts
2026-09-10T18:54:30.2403034Z 
2026-09-10T18:54:30.2403721Z tailwind
2026-09-10T18:54:30.2404878Z ✔︎ dist/tailwind/tokens.json
2026-09-10T18:54:30.3202841Z 
2026-09-10T18:54:30.3204222Z Token collisions detected (2):
2026-09-10T18:54:30.3205901Z Use log.verbosity "verbose" or use CLI option --verbose for more details.
2026-09-10T18:54:30.3207719Z Refer to: https://styledictionary.com/reference/logging/
2026-09-10T18:54:30.5279196Z 
2026-09-10T18:54:30.5280035Z css
2026-09-10T18:54:30.5281459Z ✔︎ dist/css/tokens.css
2026-09-10T18:54:30.5711181Z 
2026-09-10T18:54:30.5711991Z Token collisions detected (2):
2026-09-10T18:54:30.5713331Z Use log.verbosity "verbose" or use CLI option --verbose for more details.
2026-09-10T18:54:30.5714894Z Refer to: https://styledictionary.com/reference/logging/
2026-09-10T18:54:30.7317401Z 
2026-09-10T18:54:30.7318129Z css
2026-09-10T18:54:30.7319625Z ✔︎ dist/css/tokens.css
2026-09-10T18:54:30.8899954Z 
2026-09-10T18:54:30.8927470Z Token collisions detected (252):
2026-09-10T18:54:30.8933424Z Use log.verbosity "verbose" or use CLI option --verbose for more details.
2026-09-10T18:54:30.9018777Z Refer to: https://styledictionary.com/reference/logging/
2026-09-10T18:54:31.0441012Z 
2026-09-10T18:54:31.0441697Z css
2026-09-10T18:54:31.0442818Z ✔︎ dist/css/tokens.css
2026-09-10T18:54:31.1855719Z 
2026-09-10T18:54:31.1856789Z Token collisions detected (227):
2026-09-10T18:54:31.1858272Z Use log.verbosity "verbose" or use CLI option --verbose for more details.
2026-09-10T18:54:31.1859461Z Refer to: https://styledictionary.com/reference/logging/
2026-09-10T18:54:31.3334443Z 
2026-09-10T18:54:31.3335237Z css
2026-09-10T18:54:31.3336529Z ✔︎ dist/css/tokens.css
2026-09-10T18:54:31.4883078Z 
2026-09-10T18:54:31.4884660Z Token collisions detected (2):
2026-09-10T18:54:31.4885852Z Use log.verbosity "verbose" or use CLI option --verbose for more details.
2026-09-10T18:54:31.4887310Z Refer to: https://styledictionary.com/reference/logging/
2026-09-10T18:54:31.6365226Z 
2026-09-10T18:54:31.6367743Z css
2026-09-10T18:54:31.6368827Z ✔︎ dist/css/tokens.css
2026-09-10T18:54:31.7768561Z 
2026-09-10T18:54:31.7769333Z Token collisions detected (252):
2026-09-10T18:54:31.7770540Z Use log.verbosity "verbose" or use CLI option --verbose for more details.
2026-09-10T18:54:31.7771812Z Refer to: https://styledictionary.com/reference/logging/
2026-09-10T18:54:31.9266930Z 
2026-09-10T18:54:31.9267629Z css
2026-09-10T18:54:31.9268629Z ✔︎ dist/css/tokens.css
2026-09-10T18:54:32.0536486Z 
2026-09-10T18:54:32.0537375Z Token collisions detected (227):
2026-09-10T18:54:32.0538594Z Use log.verbosity "verbose" or use CLI option --verbose for more details.
2026-09-10T18:54:32.0539820Z Refer to: https://styledictionary.com/reference/logging/
2026-09-10T18:54:32.1992774Z 
2026-09-10T18:54:32.1993487Z css
2026-09-10T18:54:32.1994514Z ✔︎ dist/css/tokens.css
2026-09-10T18:54:32.3327598Z 
2026-09-10T18:54:32.3329072Z Token collisions detected (2):
2026-09-10T18:54:32.3330257Z Use log.verbosity "verbose" or use CLI option --verbose for more details.
2026-09-10T18:54:32.3331412Z Refer to: https://styledictionary.com/reference/logging/
2026-09-10T18:54:32.4831400Z ✔︎ tokens built successfully in 3.94s
2026-09-10T18:54:32.4832511Z    css:      dist/css/tokens.css (6 brand × theme scopes)
2026-09-10T18:54:32.4833362Z    types:    dist/ts/tokens.ts
2026-09-10T18:54:32.4834086Z    tailwind: dist/tailwind/tokens.json
2026-09-10T18:54:32.4834906Z    ios:      dist/ios-swift/OodsTokens.swift
2026-09-10T18:54:32.4835649Z    compose:  dist/compose/OodsTokens.kt
2026-09-10T18:54:34.6317828Z [36mvite v6.4.1 [32mbuilding for production...[36m[39m
2026-09-10T18:54:34.8342854Z [34mAttention:[39m Storybook now collects completely anonymous telemetry regarding usage. This information is used to shape Storybook's roadmap and prioritize features.
2026-09-10T18:54:34.8345522Z You can learn more, including how to opt-out if you'd not like to participate in this anonymous program, by visiting the following URL:
2026-09-10T18:54:34.8347373Z [36mhttps://storybook.js.org/telemetry[39m
2026-09-10T18:54:34.8348034Z 
2026-09-10T18:54:34.8456931Z transforming...
2026-09-10T18:54:35.7488888Z [baseline-browser-mapping] The data in this module is over two months old.  To ensure accurate Baseline data, please update: `npm i baseline-browser-mapping@latest -D`
2026-09-10T18:54:46.8968753Z (node:2307) [DEP0190] DeprecationWarning: Passing args to a child process with shell option true can lead to security vulnerabilities, as the arguments are not escaped, only concatenated.
2026-09-10T18:54:46.8988113Z (Use `node --trace-deprecation ...` to show where the warning was created)
2026-09-10T18:54:57.4890241Z [33m[plugin vite:resolve] Module "node:crypto" has been externalized for browser compatibility, imported by "/home/runner/work/OODS-Forge/OODS-Forge/src/utils/hash/sha256.ts". See https://vite.dev/guide/troubleshooting.html#module-externalized-for-browser-compatibility for more details.[39m
2026-09-10T18:55:12.2810779Z [32m✓[39m 2651 modules transformed.
2026-09-10T18:55:14.7834731Z rendering chunks...
2026-09-10T18:55:17.8442207Z computing gzip size...
2026-09-10T18:55:19.2075600Z [2mstorybook-static/[22m[32miframe.html                                                    [39m[1m[2m   19.58 kB[22m[1m[22m[2m │ gzip:   5.30 kB[22m
2026-09-10T18:55:19.2078189Z [2mstorybook-static/[22m[2massets/[22m[35mProgress-BmiqskSx.css                                   [39m[1m[2m    1.66 kB[22m[1m[22m[2m │ gzip:   0.52 kB[22m
2026-09-10T18:55:19.2080053Z [2mstorybook-static/[22m[2massets/[22m[35mStepper-BH9kROQA.css                                    [39m[1m[2m    3.17 kB[22m[1m[22m[2m │ gzip:   0.85 kB[22m
2026-09-10T18:55:19.2081908Z [2mstorybook-static/[22m[2massets/[22m[35mPagination-Ds7DCwF1.css                                 [39m[1m[2m    3.41 kB[22m[1m[22m[2m │ gzip:   0.87 kB[22m
2026-09-10T18:55:19.2083697Z [2mstorybook-static/[22m[2massets/[22m[35mBreadcrumbs-CRpeVKzG.css                                [39m[1m[2m    3.46 kB[22m[1m[22m[2m │ gzip:   0.85 kB[22m
2026-09-10T18:55:19.2098050Z [2mstorybook-static/[22m[2massets/[22m[35mTagPill-BkAHZaKK.css                                    [39m[1m[2m    4.12 kB[22m[1m[22m[2m │ gzip:   1.13 kB[22m
2026-09-10T18:55:19.2100874Z [2mstorybook-static/[22m[2massets/[22m[35mTabs-M6rjellP.css                                       [39m[1m[2m    4.38 kB[22m[1m[22m[2m │ gzip:   1.12 kB[22m
2026-09-10T18:55:19.2103843Z [2mstorybook-static/[22m[2massets/[22m[35maddress-types-DXNV0PwR.css                              [39m[1m[2m    6.12 kB[22m[1m[22m[2m │ gzip:   1.37 kB[22m
2026-09-10T18:55:19.2105681Z [2mstorybook-static/[22m[2massets/[22m[35mCategoryTree-BLEO57eG.css                               [39m[1m[2m    7.04 kB[22m[1m[22m[2m │ gzip:   1.45 kB[22m
2026-09-10T18:55:19.2108075Z [2mstorybook-static/[22m[2massets/[22m[35mforms-DhyefL6t.css                                      [39m[1m[2m    8.66 kB[22m[1m[22m[2m │ gzip:   1.55 kB[22m
2026-09-10T18:55:19.2128340Z [2mstorybook-static/[22m[2massets/[22m[35miframe-DEME8l_W.css                                     [39m[1m[2m  285.17 kB[22m[1m[22m[2m │ gzip:  37.15 kB[22m
2026-09-10T18:55:19.2150106Z [2mstorybook-static/[22m[2massets/[22m[36m__vite-browser-external-BIHI7g3E.js                     [39m[1m[2m    0.03 kB[22m[1m[22m[2m │ gzip:   0.05 kB[22m
2026-09-10T18:55:19.2166471Z [2mstorybook-static/[22m[2massets/[22m[36mdesign-tokens-BzU9NyEB.js                               [39m[1m[2m    0.11 kB[22m[1m[22m[2m │ gzip:   0.12 kB[22m
2026-09-10T18:55:19.2170029Z [2mstorybook-static/[22m[2massets/[22m[36mformat-compact-Cjy90nd7.js                              [39m[1m[2m    0.12 kB[22m[1m[22m[2m │ gzip:   0.12 kB[22m
2026-09-10T18:55:19.2172601Z [2mstorybook-static/[22m[2massets/[22m[36mTable-Bo04hq9I.js                                       [39m[1m[2m    0.17 kB[22m[1m[22m[2m │ gzip:   0.15 kB[22m
2026-09-10T18:55:19.2175492Z [2mstorybook-static/[22m[2massets/[22m[36mOverlayRoot-Dui1RRJY.js                                 [39m[1m[2m    0.17 kB[22m[1m[22m[2m │ gzip:   0.16 kB[22m
2026-09-10T18:55:19.2178871Z [2mstorybook-static/[22m[2massets/[22m[36mBubbleChart-Sopb2PIA.js                                 [39m[1m[2m    0.23 kB[22m[1m[22m[2m │ gzip:   0.20 kB[22m
2026-09-10T18:55:19.2181638Z [2mstorybook-static/[22m[2massets/[22m[36mobject-Cw4FR3UP.js                                      [39m[1m[2m    0.35 kB[22m[1m[22m[2m │ gzip:   0.27 kB[22m
2026-09-10T18:55:19.2184077Z [2mstorybook-static/[22m[2massets/[22m[36mshared-Mn1dbhYh.js                                      [39m[1m[2m    0.38 kB[22m[1m[22m[2m │ gzip:   0.28 kB[22m
2026-09-10T18:55:19.2189869Z [2mstorybook-static/[22m[2massets/[22m[36mindex-DAHwrdaV.js                                       [39m[1m[2m    0.46 kB[22m[1m[22m[2m │ gzip:   0.30 kB[22m
2026-09-10T18:55:19.2196631Z [2mstorybook-static/[22m[2massets/[22m[36mobject-4tbxUxYb.js                                      [39m[1m[2m    0.51 kB[22m[1m[22m[2m │ gzip:   0.32 kB[22m
2026-09-10T18:55:19.2199324Z [2mstorybook-static/[22m[2massets/[22m[36mBadge.stories-ooWhcFSx.js                               [39m[1m[2m    0.61 kB[22m[1m[22m[2m │ gzip:   0.40 kB[22m
2026-09-10T18:55:19.2201891Z [2mstorybook-static/[22m[2massets/[22m[36mButton.stories-Bf3eFFWf.js                              [39m[1m[2m    0.61 kB[22m[1m[22m[2m │ gzip:   0.40 kB[22m
2026-09-10T18:55:19.2207551Z [2mstorybook-static/[22m[2massets/[22m[36mInput.stories-wQs9cJTb.js                               [39m[1m[2m    0.65 kB[22m[1m[22m[2m │ gzip:   0.41 kB[22m
2026-09-10T18:55:19.2210242Z [2mstorybook-static/[22m[2massets/[22m[36mBanner.stories-DDjsSmIZ.js                              [39m[1m[2m    0.65 kB[22m[1m[22m[2m │ gzip:   0.41 kB[22m
2026-09-10T18:55:19.2214781Z [2mstorybook-static/[22m[2massets/[22m[36mToggle.stories-DvNHxI0O.js                              [39m[1m[2m    0.69 kB[22m[1m[22m[2m │ gzip:   0.44 kB[22m
2026-09-10T18:55:19.2217192Z [2mstorybook-static/[22m[2massets/[22m[36mCheckbox.stories-DHzPtrqY.js                            [39m[1m[2m    0.70 kB[22m[1m[22m[2m │ gzip:   0.44 kB[22m
2026-09-10T18:55:19.2228780Z [2mstorybook-static/[22m[2massets/[22m[36mTextArea.stories-DyTWKEUF.js                            [39m[1m[2m    0.71 kB[22m[1m[22m[2m │ gzip:   0.44 kB[22m
2026-09-10T18:55:19.2237368Z [2mstorybook-static/[22m[2massets/[22m[36mjsx-runtime-D_zvdyIk.js                                 [39m[1m[2m    0.73 kB[22m[1m[22m[2m │ gzip:   0.46 kB[22m
2026-09-10T18:55:19.2239490Z [2mstorybook-static/[22m[2massets/[22m[36mwithPage-DAPUertW.js                                    [39m[1m[2m    0.79 kB[22m[1m[22m[2m │ gzip:   0.50 kB[22m
2026-09-10T18:55:19.2241339Z [2mstorybook-static/[22m[2massets/[22m[36mTooltip.stories-DRLQQ3US.js                             [39m[1m[2m    0.84 kB[22m[1m[22m[2m │ gzip:   0.49 kB[22m
2026-09-10T18:55:19.2243370Z [2mstorybook-static/[22m[2massets/[22m[36mfieldUtils-D3i5JNgY.js                                  [39m[1m[2m    0.87 kB[22m[1m[22m[2m │ gzip:   0.44 kB[22m
2026-09-10T18:55:19.2245214Z [2mstorybook-static/[22m[2massets/[22m[36museTooltip-BMYHEICo.js                                  [39m[1m[2m    0.88 kB[22m[1m[22m[2m │ gzip:   0.41 kB[22m
2026-09-10T18:55:19.2247660Z [2mstorybook-static/[22m[2massets/[22m[36mprofiler-D57GTmHF.js                                    [39m[1m[2m    0.90 kB[22m[1m[22m[2m │ gzip:   0.47 kB[22m
2026-09-10T18:55:19.2249680Z [2mstorybook-static/[22m[2massets/[22m[36mtoken-values-DiYmCob4.js                                [39m[1m[2m    0.94 kB[22m[1m[22m[2m │ gzip:   0.45 kB[22m
2026-09-10T18:55:19.2251485Z [2mstorybook-static/[22m[2massets/[22m[36muserTiming-Di4SONa0.js                                  [39m[1m[2m    1.00 kB[22m[1m[22m[2m │ gzip:   0.39 kB[22m
2026-09-10T18:55:19.2253479Z [2mstorybook-static/[22m[2massets/[22m[36mPopover.stories-DpH1GtPk.js                             [39m[1m[2m    1.02 kB[22m[1m[22m[2m │ gzip:   0.58 kB[22m
2026-09-10T18:55:19.2255600Z [2mstorybook-static/[22m[2massets/[22m[36mCard.stories-BZO02hIA.js                                [39m[1m[2m    1.03 kB[22m[1m[22m[2m │ gzip:   0.61 kB[22m
2026-09-10T18:55:19.2257783Z [2mstorybook-static/[22m[2massets/[22m[36mDetail.stories-B8k7x7yF.js                              [39m[1m[2m    1.03 kB[22m[1m[22m[2m │ gzip:   0.60 kB[22m
2026-09-10T18:55:19.2264460Z [2mstorybook-static/[22m[2massets/[22m[36mList.stories-BvB8oFNG.js                                [39m[1m[2m    1.04 kB[22m[1m[22m[2m │ gzip:   0.61 kB[22m
2026-09-10T18:55:19.2266751Z [2mstorybook-static/[22m[2massets/[22m[36mInline.stories-Dq-n4zqP.js                              [39m[1m[2m    1.04 kB[22m[1m[22m[2m │ gzip:   0.61 kB[22m
2026-09-10T18:55:19.2268565Z [2mstorybook-static/[22m[2massets/[22m[36mForm.stories-DfM_Uk-g.js                                [39m[1m[2m    1.06 kB[22m[1m[22m[2m │ gzip:   0.62 kB[22m
2026-09-10T18:55:19.2270701Z [2mstorybook-static/[22m[2massets/[22m[36mTimeline.stories-CLGxNE_c.js                            [39m[1m[2m    1.08 kB[22m[1m[22m[2m │ gzip:   0.61 kB[22m
2026-09-10T18:55:19.2272798Z [2mstorybook-static/[22m[2massets/[22m[36mForcedColors.stories-BOz1hIsq.js                        [39m[1m[2m    1.13 kB[22m[1m[22m[2m │ gzip:   0.64 kB[22m
2026-09-10T18:55:19.2274661Z [2mstorybook-static/[22m[2massets/[22m[36mactive-WriDRwKw.js                                      [39m[1m[2m    1.20 kB[22m[1m[22m[2m │ gzip:   0.59 kB[22m
2026-09-10T18:55:19.2276848Z [2mstorybook-static/[22m[2massets/[22m[36mpreload-helper-Dp1pzeXC.js                              [39m[1m[2m    1.27 kB[22m[1m[22m[2m │ gzip:   0.73 kB[22m
2026-09-10T18:55:19.2278695Z [2mstorybook-static/[22m[2massets/[22m[36mDocsRenderer-PQXLIZUC-BNGFEZyl.js                       [39m[1m[2m    1.30 kB[22m[1m[22m[2m │ gzip:   0.70 kB[22m
2026-09-10T18:55:19.2280852Z [2mstorybook-static/[22m[2massets/[22m[36mhierarchy-utils-BsVLmEIJ.js                             [39m[1m[2m    1.40 kB[22m[1m[22m[2m │ gzip:   0.70 kB[22m
2026-09-10T18:55:19.2283293Z [2mstorybook-static/[22m[2massets/[22m[36mPatterns.Form-C2ug0hoL.js                               [39m[1m[2m    1.46 kB[22m[1m[22m[2m │ gzip:   0.71 kB[22m
2026-09-10T18:55:19.2284759Z [2mstorybook-static/[22m[2massets/[22m[36mBadge-Cu0vRZJu.js                                       [39m[1m[2m    1.47 kB[22m[1m[22m[2m │ gzip:   0.62 kB[22m
2026-09-10T18:55:19.2286239Z [2mstorybook-static/[22m[2massets/[22m[36mSheet-DKj4xTqE.js                                       [39m[1m[2m    1.47 kB[22m[1m[22m[2m │ gzip:   0.76 kB[22m
2026-09-10T18:55:19.2287670Z [2mstorybook-static/[22m[2massets/[22m[36mToggle-B6OuPzX8.js                                      [39m[1m[2m    1.47 kB[22m[1m[22m[2m │ gzip:   0.68 kB[22m
2026-09-10T18:55:19.2289053Z [2mstorybook-static/[22m[2massets/[22m[36mCheckbox-eUXNZec-.js                                    [39m[1m[2m    1.51 kB[22m[1m[22m[2m │ gzip:   0.67 kB[22m
2026-09-10T18:55:19.2290426Z [2mstorybook-static/[22m[2massets/[22m[36mCategoryBreadcrumb-C9XtHKXv.js                          [39m[1m[2m    1.60 kB[22m[1m[22m[2m │ gzip:   0.70 kB[22m
2026-09-10T18:55:19.2291775Z [2mstorybook-static/[22m[2massets/[22m[36msubscription-C1kagOOH.js                                [39m[1m[2m    1.61 kB[22m[1m[22m[2m │ gzip:   0.77 kB[22m
2026-09-10T18:55:19.2293186Z [2mstorybook-static/[22m[2massets/[22m[36mactive-Ezbq0kJo.js                                      [39m[1m[2m    1.66 kB[22m[1m[22m[2m │ gzip:   0.79 kB[22m
2026-09-10T18:55:19.2294503Z [2mstorybook-static/[22m[2massets/[22m[36mstatusMap-vNRpwO6a.js                                   [39m[1m[2m    1.76 kB[22m[1m[22m[2m │ gzip:   0.75 kB[22m
2026-09-10T18:55:19.2295817Z [2mstorybook-static/[22m[2massets/[22m[36mComponents.Toggle-BkBqy7Kp.js                           [39m[1m[2m    1.83 kB[22m[1m[22m[2m │ gzip:   0.90 kB[22m
2026-09-10T18:55:19.2297691Z [2mstorybook-static/[22m[2massets/[22m[36mComponents.Radio-CTvvbqrg.js                            [39m[1m[2m    1.84 kB[22m[1m[22m[2m │ gzip:   0.92 kB[22m
2026-09-10T18:55:19.2299052Z [2mstorybook-static/[22m[2massets/[22m[36mComponents.Checkbox-pcZDDrxE.js                         [39m[1m[2m    1.86 kB[22m[1m[22m[2m │ gzip:   0.92 kB[22m
2026-09-10T18:55:19.2300396Z [2mstorybook-static/[22m[2massets/[22m[36mTextArea-CXsHyW9O.js                                    [39m[1m[2m    1.91 kB[22m[1m[22m[2m │ gzip:   0.81 kB[22m
2026-09-10T18:55:19.2301693Z [2mstorybook-static/[22m[2massets/[22m[36mPopover-DnaHmfKX.js                                     [39m[1m[2m    1.99 kB[22m[1m[22m[2m │ gzip:   1.00 kB[22m
2026-09-10T18:55:19.2303501Z [2mstorybook-static/[22m[2massets/[22m[36mscale-token-mapper-O3Lj-JOz.js                          [39m[1m[2m    2.01 kB[22m[1m[22m[2m │ gzip:   0.65 kB[22m
2026-09-10T18:55:19.2304872Z [2mstorybook-static/[22m[2massets/[22m[36mButton-Brv8-oFG.js                                      [39m[1m[2m    2.02 kB[22m[1m[22m[2m │ gzip:   0.72 kB[22m
2026-09-10T18:55:19.2307030Z [2mstorybook-static/[22m[2massets/[22m[36mComponents.Tooltip-CQijKao7.js                          [39m[1m[2m    2.11 kB[22m[1m[22m[2m │ gzip:   0.91 kB[22m
2026-09-10T18:55:19.2308843Z [2mstorybook-static/[22m[2massets/[22m[36maddress-formatter-jjX4-Rcg.js                           [39m[1m[2m    2.12 kB[22m[1m[22m[2m │ gzip:   0.99 kB[22m
2026-09-10T18:55:19.2310602Z [2mstorybook-static/[22m[2massets/[22m[36mview-ByNxTz1D.js                                        [39m[1m[2m    2.14 kB[22m[1m[22m[2m │ gzip:   0.93 kB[22m
2026-09-10T18:55:19.2312287Z [2mstorybook-static/[22m[2massets/[22m[36mBrandA-DjE7VZQR.js                                      [39m[1m[2m    2.17 kB[22m[1m[22m[2m │ gzip:   1.02 kB[22m
2026-09-10T18:55:19.2314284Z [2mstorybook-static/[22m[2massets/[22m[36mPageHeader-Ce3YrCp5.js                                  [39m[1m[2m    2.17 kB[22m[1m[22m[2m │ gzip:   0.92 kB[22m
2026-09-10T18:55:19.2316295Z [2mstorybook-static/[22m[2massets/[22m[36mBarChart-BavgLnmW.js                                    [39m[1m[2m    2.20 kB[22m[1m[22m[2m │ gzip:   1.06 kB[22m
2026-09-10T18:55:19.2318074Z [2mstorybook-static/[22m[2massets/[22m[36mComponents.Toast-BVELxMeq.js                            [39m[1m[2m    2.20 kB[22m[1m[22m[2m │ gzip:   1.03 kB[22m
2026-09-10T18:55:19.2319960Z [2mstorybook-static/[22m[2massets/[22m[36mAccessibleTable-C_fzpkVm.js                             [39m[1m[2m    2.24 kB[22m[1m[22m[2m │ gzip:   1.03 kB[22m
2026-09-10T18:55:19.2321777Z [2mstorybook-static/[22m[2massets/[22m[36mPageHeader.stories-Bt7q0Pc3.js                          [39m[1m[2m    2.31 kB[22m[1m[22m[2m │ gzip:   0.97 kB[22m
2026-09-10T18:55:19.2323486Z [2mstorybook-static/[22m[2massets/[22m[36mindex-BoRlhAYW.js                                       [39m[1m[2m    2.35 kB[22m[1m[22m[2m │ gzip:   0.96 kB[22m
2026-09-10T18:55:19.2325206Z [2mstorybook-static/[22m[2massets/[22m[36moverlay-manager.stories-B3vZmuZv.js                     [39m[1m[2m    2.37 kB[22m[1m[22m[2m │ gzip:   1.14 kB[22m
2026-09-10T18:55:19.2327156Z [2mstorybook-static/[22m[2massets/[22m[36mComponents.TextArea-b-0OYdYI.js                         [39m[1m[2m    2.45 kB[22m[1m[22m[2m │ gzip:   1.14 kB[22m
2026-09-10T18:55:19.2328993Z [2mstorybook-static/[22m[2massets/[22m[36mComponents.Badge-DwcSDU8c.js                            [39m[1m[2m    2.46 kB[22m[1m[22m[2m │ gzip:   1.07 kB[22m
2026-09-10T18:55:19.2330687Z [2mstorybook-static/[22m[2massets/[22m[36mhooks-Cd-kVofq.js                                       [39m[1m[2m    2.49 kB[22m[1m[22m[2m │ gzip:   1.08 kB[22m
2026-09-10T18:55:19.2332639Z [2mstorybook-static/[22m[2massets/[22m[36mInput-DmCql3uH.js                                       [39m[1m[2m    2.50 kB[22m[1m[22m[2m │ gzip:   0.97 kB[22m
2026-09-10T18:55:19.2334371Z [2mstorybook-static/[22m[2massets/[22m[36mLayeredCharts.stories-OqDYzyRe.js                       [39m[1m[2m    2.50 kB[22m[1m[22m[2m │ gzip:   1.04 kB[22m
2026-09-10T18:55:19.2336286Z [2mstorybook-static/[22m[2massets/[22m[36mToast.stories-CJYefITB.js                               [39m[1m[2m    2.50 kB[22m[1m[22m[2m │ gzip:   1.16 kB[22m
2026-09-10T18:55:19.2338042Z [2mstorybook-static/[22m[2massets/[22m[36mSheet.stories-DiXh1BoV.js                               [39m[1m[2m    2.54 kB[22m[1m[22m[2m │ gzip:   0.82 kB[22m
2026-09-10T18:55:19.2339795Z [2mstorybook-static/[22m[2massets/[22m[36mComponents.StatusShowcase-BqTdlJnr.js                   [39m[1m[2m    2.55 kB[22m[1m[22m[2m │ gzip:   1.10 kB[22m
2026-09-10T18:55:19.2341730Z [2mstorybook-static/[22m[2massets/[22m[36mComponents.Select-BxmCO5TB.js                           [39m[1m[2m    2.58 kB[22m[1m[22m[2m │ gzip:   1.14 kB[22m
2026-09-10T18:55:19.2343497Z [2mstorybook-static/[22m[2massets/[22m[36mTooltip--qkzikib.js                                     [39m[1m[2m    2.62 kB[22m[1m[22m[2m │ gzip:   1.08 kB[22m
2026-09-10T18:55:19.2345190Z [2mstorybook-static/[22m[2massets/[22m[36mComponents.Tabs-CWjiTI4O.js                             [39m[1m[2m    2.65 kB[22m[1m[22m[2m │ gzip:   1.11 kB[22m
2026-09-10T18:55:19.2347026Z [2mstorybook-static/[22m[2massets/[22m[36mBadge.stories-CLFUf6iq.js                               [39m[1m[2m    2.67 kB[22m[1m[22m[2m │ gzip:   1.10 kB[22m
2026-09-10T18:55:19.2348689Z [2mstorybook-static/[22m[2massets/[22m[36mTagList-BB7YpJyF.js                                     [39m[1m[2m    2.68 kB[22m[1m[22m[2m │ gzip:   1.01 kB[22m
2026-09-10T18:55:19.2350312Z [2mstorybook-static/[22m[2massets/[22m[36mkeyboard-nav-CXH71Uyn.js                                [39m[1m[2m    2.69 kB[22m[1m[22m[2m │ gzip:   1.36 kB[22m
2026-09-10T18:55:19.2351958Z [2mstorybook-static/[22m[2massets/[22m[36mTagList.stories-m-uJ5yZj.js                             [39m[1m[2m    2.75 kB[22m[1m[22m[2m │ gzip:   1.06 kB[22m
2026-09-10T18:55:19.2353588Z [2mstorybook-static/[22m[2massets/[22m[36mInvoice.stories-DCPdMmuJ.js                             [39m[1m[2m    2.78 kB[22m[1m[22m[2m │ gzip:   0.91 kB[22m
2026-09-10T18:55:19.2355625Z [2mstorybook-static/[22m[2massets/[22m[36mBanner.stories-CMcaqYbm.js                              [39m[1m[2m    2.78 kB[22m[1m[22m[2m │ gzip:   1.15 kB[22m
2026-09-10T18:55:19.2357518Z [2mstorybook-static/[22m[2massets/[22m[36mComponents.Button-x8Vv5m86.js                           [39m[1m[2m    2.81 kB[22m[1m[22m[2m │ gzip:   1.16 kB[22m
2026-09-10T18:55:19.2359252Z [2mstorybook-static/[22m[2massets/[22m[36mComponents.Input-DjPifuAt.js                            [39m[1m[2m    2.84 kB[22m[1m[22m[2m │ gzip:   1.33 kB[22m
2026-09-10T18:55:19.2361010Z [2mstorybook-static/[22m[2massets/[22m[36mSubscription.stories-d2NuWxRc.js                        [39m[1m[2m    2.84 kB[22m[1m[22m[2m │ gzip:   0.92 kB[22m
2026-09-10T18:55:19.2362803Z [2mstorybook-static/[22m[2massets/[22m[36mtag-CiDFr6a8.js                                         [39m[1m[2m    2.86 kB[22m[1m[22m[2m │ gzip:   1.31 kB[22m
2026-09-10T18:55:19.2364515Z [2mstorybook-static/[22m[2massets/[22m[36mview-DSnEn3rt.js                                        [39m[1m[2m    2.87 kB[22m[1m[22m[2m │ gzip:   1.09 kB[22m
2026-09-10T18:55:19.2366327Z [2mstorybook-static/[22m[2massets/[22m[36mComponents.Banner-sChh-SrP.js                           [39m[1m[2m    2.87 kB[22m[1m[22m[2m │ gzip:   1.33 kB[22m
2026-09-10T18:55:19.2368087Z [2mstorybook-static/[22m[2massets/[22m[36mFacetedCharts.stories-D2WJa2DS.js                       [39m[1m[2m    2.93 kB[22m[1m[22m[2m │ gzip:   1.09 kB[22m
2026-09-10T18:55:19.2370111Z [2mstorybook-static/[22m[2massets/[22m[36mCompositorHarness.stories-1bDHfe4v.js                   [39m[1m[2m    2.95 kB[22m[1m[22m[2m │ gzip:   1.36 kB[22m
2026-09-10T18:55:19.2371883Z [2mstorybook-static/[22m[2massets/[22m[36mAddressDisplay.stories-CjYtEAJR.js                      [39m[1m[2m    2.98 kB[22m[1m[22m[2m │ gzip:   1.27 kB[22m
2026-09-10T18:55:19.2373690Z [2mstorybook-static/[22m[2massets/[22m[36moverlay-contract.stories-DO8iyufE.js                    [39m[1m[2m    3.03 kB[22m[1m[22m[2m │ gzip:   1.35 kB[22m
2026-09-10T18:55:19.2375429Z [2mstorybook-static/[22m[2massets/[22m[36mPatterns.stories-DUS38gFd.js                            [39m[1m[2m    3.07 kB[22m[1m[22m[2m │ gzip:   1.45 kB[22m
2026-09-10T18:55:19.2377663Z [2mstorybook-static/[22m[2massets/[22m[36mButton.stories-D71FsWH4.js                              [39m[1m[2m    3.25 kB[22m[1m[22m[2m │ gzip:   1.02 kB[22m
2026-09-10T18:55:19.2379577Z [2mstorybook-static/[22m[2massets/[22m[36mDialog.stories-C1UzT5fy.js                              [39m[1m[2m    3.29 kB[22m[1m[22m[2m │ gzip:   1.39 kB[22m
2026-09-10T18:55:19.2381376Z [2mstorybook-static/[22m[2massets/[22m[36mcontext-gallery.stories-oDuVRCgQ.js                     [39m[1m[2m    3.48 kB[22m[1m[22m[2m │ gzip:   1.53 kB[22m
2026-09-10T18:55:19.2383152Z [2mstorybook-static/[22m[2massets/[22m[36mUserWithAddresses.stories-BCkuwTbz.js                   [39m[1m[2m    3.50 kB[22m[1m[22m[2m │ gzip:   1.48 kB[22m
2026-09-10T18:55:19.2384893Z [2mstorybook-static/[22m[2massets/[22m[36maddress-types-CEmBN_jV.js                               [39m[1m[2m    3.51 kB[22m[1m[22m[2m │ gzip:   1.33 kB[22m
2026-09-10T18:55:19.2386685Z [2mstorybook-static/[22m[2massets/[22m[36mBanner-ZdzQyaOX.js                                      [39m[1m[2m    3.58 kB[22m[1m[22m[2m │ gzip:   1.24 kB[22m
2026-09-10T18:55:19.2388407Z [2mstorybook-static/[22m[2massets/[22m[36mComponentSetIV-Br_21VRa.js                              [39m[1m[2m    3.80 kB[22m[1m[22m[2m │ gzip:   1.29 kB[22m
2026-09-10T18:55:19.2390149Z [2mstorybook-static/[22m[2massets/[22m[36mCheckbox.stories-6Sch2lcS.js                            [39m[1m[2m    3.85 kB[22m[1m[22m[2m │ gzip:   1.24 kB[22m
2026-09-10T18:55:19.2391888Z [2mstorybook-static/[22m[2massets/[22m[36mOrganizationLocations.stories-B7S-xKoS.js               [39m[1m[2m    3.91 kB[22m[1m[22m[2m │ gzip:   1.63 kB[22m
2026-09-10T18:55:19.2393651Z [2mstorybook-static/[22m[2massets/[22m[36mToast-xqDixdnT.js                                       [39m[1m[2m    3.92 kB[22m[1m[22m[2m │ gzip:   1.53 kB[22m
2026-09-10T18:55:19.2395327Z [2mstorybook-static/[22m[2massets/[22m[36mLineChart-CWMTiV5J.js                                   [39m[1m[2m    3.97 kB[22m[1m[22m[2m │ gzip:   1.77 kB[22m
2026-09-10T18:55:19.2397150Z [2mstorybook-static/[22m[2massets/[22m[36mToast.stories-CClCB8_J.js                               [39m[1m[2m    3.98 kB[22m[1m[22m[2m │ gzip:   1.53 kB[22m
2026-09-10T18:55:19.2398860Z [2mstorybook-static/[22m[2massets/[22m[36maddress-display-BaNQB-i2.js                             [39m[1m[2m    4.20 kB[22m[1m[22m[2m │ gzip:   1.43 kB[22m
2026-09-10T18:55:19.2400613Z [2mstorybook-static/[22m[2massets/[22m[36mUsageAggregationHarness.stories-DAcU_8bM.js             [39m[1m[2m    4.24 kB[22m[1m[22m[2m │ gzip:   1.57 kB[22m
2026-09-10T18:55:19.2402346Z [2mstorybook-static/[22m[2massets/[22m[36mContexts.List-BEUEiNwG.js                               [39m[1m[2m    4.27 kB[22m[1m[22m[2m │ gzip:   1.65 kB[22m
2026-09-10T18:55:19.2404011Z [2mstorybook-static/[22m[2massets/[22m[36mTagPill-Co1c2sv1.js                                     [39m[1m[2m    4.41 kB[22m[1m[22m[2m │ gzip:   1.04 kB[22m
2026-09-10T18:55:19.2405865Z [2mstorybook-static/[22m[2massets/[22m[36mCommunication.DeliveryHealthWidget.stories-DjA2WxoC.js  [39m[1m[2m    4.42 kB[22m[1m[22m[2m │ gzip:   1.67 kB[22m
2026-09-10T18:55:19.2408129Z [2mstorybook-static/[22m[2massets/[22m[36mAddressFormatting.stories-BMGAfYeE.js                   [39m[1m[2m    4.42 kB[22m[1m[22m[2m │ gzip:   1.65 kB[22m
2026-09-10T18:55:19.2409883Z [2mstorybook-static/[22m[2massets/[22m[36mToastPortal-CX-_kaNA.js                                 [39m[1m[2m    4.47 kB[22m[1m[22m[2m │ gzip:   1.99 kB[22m
2026-09-10T18:55:19.2411610Z [2mstorybook-static/[22m[2massets/[22m[36mOrganizationMembers.stories-C5AkefPs.js                 [39m[1m[2m    4.48 kB[22m[1m[22m[2m │ gzip:   1.80 kB[22m
2026-09-10T18:55:19.2413347Z [2mstorybook-static/[22m[2massets/[22m[36mTabs.stories-DchtLCjE.js                                [39m[1m[2m    4.52 kB[22m[1m[22m[2m │ gzip:   1.90 kB[22m
2026-09-10T18:55:19.2415050Z [2mstorybook-static/[22m[2massets/[22m[36mcontext-matrix-DnLCejKW.js                              [39m[1m[2m    4.59 kB[22m[1m[22m[2m │ gzip:   0.50 kB[22m
2026-09-10T18:55:19.2417123Z [2mstorybook-static/[22m[2massets/[22m[36mTokenTransformHarness.stories-BipYigLH.js               [39m[1m[2m    4.63 kB[22m[1m[22m[2m │ gzip:   1.66 kB[22m
2026-09-10T18:55:19.2418954Z [2mstorybook-static/[22m[2massets/[22m[36mContexts.Timeline-Bz4mvyRo.js                           [39m[1m[2m    4.74 kB[22m[1m[22m[2m │ gzip:   1.78 kB[22m
2026-09-10T18:55:19.2420685Z [2mstorybook-static/[22m[2massets/[22m[36mRadio.stories-BoC3z4Oh.js                               [39m[1m[2m    4.75 kB[22m[1m[22m[2m │ gzip:   1.75 kB[22m
2026-09-10T18:55:19.2422451Z [2mstorybook-static/[22m[2massets/[22m[36mFoundations.Shadows--BRIqRMV.js                         [39m[1m[2m    4.91 kB[22m[1m[22m[2m │ gzip:   1.84 kB[22m
2026-09-10T18:55:19.2424173Z [2mstorybook-static/[22m[2massets/[22m[36mContexts.Form-C1NKjEu6.js                               [39m[1m[2m    4.92 kB[22m[1m[22m[2m │ gzip:   1.83 kB[22m
2026-09-10T18:55:19.2425926Z [2mstorybook-static/[22m[2massets/[22m[36mpreview-wiring-sanity.stories-CHtRkgVS.js               [39m[1m[2m    4.97 kB[22m[1m[22m[2m │ gzip:   1.87 kB[22m
2026-09-10T18:55:19.2427803Z [2mstorybook-static/[22m[2massets/[22m[36mtabs-BBMZFE6b.js                                        [39m[1m[2m    4.97 kB[22m[1m[22m[2m │ gzip:   2.04 kB[22m
2026-09-10T18:55:19.2429481Z [2mstorybook-static/[22m[2massets/[22m[36mContexts.Detail-tlLZlSZ7.js                             [39m[1m[2m    5.05 kB[22m[1m[22m[2m │ gzip:   1.95 kB[22m
2026-09-10T18:55:19.2431180Z [2mstorybook-static/[22m[2massets/[22m[36mBreadcrumbs.docs-ZhAYdFP2.js                            [39m[1m[2m    5.09 kB[22m[1m[22m[2m │ gzip:   1.89 kB[22m
2026-09-10T18:55:19.2432891Z [2mstorybook-static/[22m[2massets/[22m[36mListHarness.stories-D1DSE6UJ.js                         [39m[1m[2m    5.15 kB[22m[1m[22m[2m │ gzip:   2.07 kB[22m
2026-09-10T18:55:19.2434618Z [2mstorybook-static/[22m[2massets/[22m[36mVizTokens.stories-DBvUqYHs.js                           [39m[1m[2m    5.16 kB[22m[1m[22m[2m │ gzip:   1.96 kB[22m
2026-09-10T18:55:19.2436469Z [2mstorybook-static/[22m[2massets/[22m[36mFoundations.Borders-CTHjxmZv.js                         [39m[1m[2m    5.18 kB[22m[1m[22m[2m │ gzip:   1.93 kB[22m
2026-09-10T18:55:19.2438199Z [2mstorybook-static/[22m[2massets/[22m[36mSelect.stories-dwc816uf.js                              [39m[1m[2m    5.26 kB[22m[1m[22m[2m │ gzip:   1.37 kB[22m
2026-09-10T18:55:19.2439900Z [2mstorybook-static/[22m[2massets/[22m[36mPagination.docs-pRTG_98j.js                             [39m[1m[2m    5.30 kB[22m[1m[22m[2m │ gzip:   1.94 kB[22m
2026-09-10T18:55:19.2441581Z [2mstorybook-static/[22m[2massets/[22m[36mTooltip.stories-CLMrIGrU.js                             [39m[1m[2m    5.38 kB[22m[1m[22m[2m │ gzip:   1.56 kB[22m
2026-09-10T18:55:19.2443508Z [2mstorybook-static/[22m[2massets/[22m[36mVizLayeredView-gY4p_Sih.js                              [39m[1m[2m    5.44 kB[22m[1m[22m[2m │ gzip:   2.22 kB[22m
2026-09-10T18:55:19.2445205Z [2mstorybook-static/[22m[2massets/[22m[36mTabs.docs-CTJX3t7a.js                                   [39m[1m[2m    5.47 kB[22m[1m[22m[2m │ gzip:   1.98 kB[22m
2026-09-10T18:55:19.2446995Z [2mstorybook-static/[22m[2massets/[22m[36mStepper.docs-kesIS44K.js                                [39m[1m[2m    5.53 kB[22m[1m[22m[2m │ gzip:   1.96 kB[22m
2026-09-10T18:55:19.2448785Z [2mstorybook-static/[22m[2massets/[22m[36mProgress.docs-D5_h4sUy.js                               [39m[1m[2m    5.56 kB[22m[1m[22m[2m │ gzip:   1.99 kB[22m
2026-09-10T18:55:19.2450534Z [2mstorybook-static/[22m[2massets/[22m[36mObjectMatrix.stories-DtKU7oHP.js                        [39m[1m[2m    5.57 kB[22m[1m[22m[2m │ gzip:   2.24 kB[22m
2026-09-10T18:55:19.2452427Z [2mstorybook-static/[22m[2massets/[22m[36mstate-guards-BumdKES3.js                                [39m[1m[2m    5.57 kB[22m[1m[22m[2m │ gzip:   1.52 kB[22m
2026-09-10T18:55:19.2454213Z [2mstorybook-static/[22m[2massets/[22m[36mMembershipManager.stories-CXyyTk2D.js                   [39m[1m[2m    5.69 kB[22m[1m[22m[2m │ gzip:   2.34 kB[22m
2026-09-10T18:55:19.2456177Z [2mstorybook-static/[22m[2massets/[22m[36mCommunication.ConversationThread.stories-Bimcpxnm.js    [39m[1m[2m    5.72 kB[22m[1m[22m[2m │ gzip:   2.06 kB[22m
2026-09-10T18:55:19.2457992Z [2mstorybook-static/[22m[2massets/[22m[36mpreference-store-H5oHjFZW.js                            [39m[1m[2m    5.88 kB[22m[1m[22m[2m │ gzip:   2.09 kB[22m
2026-09-10T18:55:19.2459722Z [2mstorybook-static/[22m[2massets/[22m[36mview-collapse.stories-Czh-RD4G.js                       [39m[1m[2m    5.90 kB[22m[1m[22m[2m │ gzip:   2.31 kB[22m
2026-09-10T18:55:19.2461438Z [2mstorybook-static/[22m[2massets/[22m[36mToast.stories-BzRbfYMT.js                               [39m[1m[2m    5.91 kB[22m[1m[22m[2m │ gzip:   2.21 kB[22m
2026-09-10T18:55:19.2463138Z [2mstorybook-static/[22m[2massets/[22m[36mToast.docs-CFraedb1.js                                  [39m[1m[2m    5.98 kB[22m[1m[22m[2m │ gzip:   2.18 kB[22m
2026-09-10T18:55:19.2464841Z [2mstorybook-static/[22m[2massets/[22m[36mCategoryTree.stories-BXjIekLY.js                        [39m[1m[2m    6.06 kB[22m[1m[22m[2m │ gzip:   1.87 kB[22m
2026-09-10T18:55:19.2466685Z [2mstorybook-static/[22m[2massets/[22m[36mBrandA.stories-DAXom44v.js                              [39m[1m[2m    6.12 kB[22m[1m[22m[2m │ gzip:   2.48 kB[22m
2026-09-10T18:55:19.2468414Z [2mstorybook-static/[22m[2massets/[22m[36mLifecycle.docs-BUzWlFNX.js                              [39m[1m[2m    6.17 kB[22m[1m[22m[2m │ gzip:   1.92 kB[22m
2026-09-10T18:55:19.2470076Z [2mstorybook-static/[22m[2massets/[22m[36mIntro-ZAaQeMYy.js                                       [39m[1m[2m    6.29 kB[22m[1m[22m[2m │ gzip:   2.37 kB[22m
2026-09-10T18:55:19.2471768Z [2mstorybook-static/[22m[2massets/[22m[36mSelect.stories-PQ5QVtKi.js                              [39m[1m[2m    6.36 kB[22m[1m[22m[2m │ gzip:   2.54 kB[22m
2026-09-10T18:55:19.2473549Z [2mstorybook-static/[22m[2massets/[22m[36mStatusChip.stories-DXIG-Fka.js                          [39m[1m[2m    6.40 kB[22m[1m[22m[2m │ gzip:   1.27 kB[22m
2026-09-10T18:55:19.2475256Z [2mstorybook-static/[22m[2massets/[22m[36mUserDetail.stories-Ctr_HKUP.js                          [39m[1m[2m    6.42 kB[22m[1m[22m[2m │ gzip:   2.05 kB[22m
2026-09-10T18:55:19.2477104Z [2mstorybook-static/[22m[2massets/[22m[36mScatterChart.stories-N4ueni2D.js                        [39m[1m[2m    6.48 kB[22m[1m[22m[2m │ gzip:   1.95 kB[22m
2026-09-10T18:55:19.2478886Z [2mstorybook-static/[22m[2massets/[22m[36mTextField.stories-DUNYIm9h.js                           [39m[1m[2m    6.60 kB[22m[1m[22m[2m │ gzip:   1.89 kB[22m
2026-09-10T18:55:19.2480855Z [2mstorybook-static/[22m[2massets/[22m[36mEmptyState.docs-Tzkajchc.js                             [39m[1m[2m    6.64 kB[22m[1m[22m[2m │ gzip:   2.38 kB[22m
2026-09-10T18:55:19.2482602Z [2mstorybook-static/[22m[2massets/[22m[36maddress-IO7OCl_P.js                                     [39m[1m[2m    6.85 kB[22m[1m[22m[2m │ gzip:   2.23 kB[22m
2026-09-10T18:55:19.2484268Z [2mstorybook-static/[22m[2massets/[22m[36mScatterChart-rWwZjVwl.js                                [39m[1m[2m    6.85 kB[22m[1m[22m[2m │ gzip:   2.22 kB[22m
2026-09-10T18:55:19.2485930Z [2mstorybook-static/[22m[2massets/[22m[36mstatus-JQOYCq9x.js                                      [39m[1m[2m    7.10 kB[22m[1m[22m[2m │ gzip:   1.85 kB[22m
2026-09-10T18:55:19.2487782Z [2mstorybook-static/[22m[2massets/[22m[36mTable.stories-BPwsju6h.js                               [39m[1m[2m    7.24 kB[22m[1m[22m[2m │ gzip:   1.80 kB[22m
2026-09-10T18:55:19.2490529Z [2mstorybook-static/[22m[2massets/[22m[36mHighContrast.Guardrails-hc.stories-CnEQyDhv.js          [39m[1m[2m    7.36 kB[22m[1m[22m[2m │ gzip:   2.31 kB[22m
2026-09-10T18:55:19.2492683Z [2mstorybook-static/[22m[2massets/[22m[36mtable-Btc3S8fp.js                                       [39m[1m[2m    7.39 kB[22m[1m[22m[2m │ gzip:   1.99 kB[22m
2026-09-10T18:55:19.2494499Z [2mstorybook-static/[22m[2massets/[22m[36mUserPreferences.stories-CB3nSGUv.js                     [39m[1m[2m    7.90 kB[22m[1m[22m[2m │ gzip:   2.78 kB[22m
2026-09-10T18:55:19.2496419Z [2mstorybook-static/[22m[2massets/[22m[36mFoundations.Typography-DR2zVvbF.js                      [39m[1m[2m    8.61 kB[22m[1m[22m[2m │ gzip:   2.66 kB[22m
2026-09-10T18:55:19.2498191Z [2mstorybook-static/[22m[2massets/[22m[36mAreaChart.stories-BnTJEzpG.js                           [39m[1m[2m    8.62 kB[22m[1m[22m[2m │ gzip:   2.30 kB[22m
2026-09-10T18:55:19.2499963Z [2mstorybook-static/[22m[2massets/[22m[36mContexts.Dark-L1NmzIUO.js                               [39m[1m[2m    8.69 kB[22m[1m[22m[2m │ gzip:   3.22 kB[22m
2026-09-10T18:55:19.2501663Z [2mstorybook-static/[22m[2massets/[22m[36mHeatmap.stories-B7Mt3yZ9.js                             [39m[1m[2m    8.92 kB[22m[1m[22m[2m │ gzip:   2.50 kB[22m
2026-09-10T18:55:19.2503364Z [2mstorybook-static/[22m[2massets/[22m[36mVizFacetGrid-BVvMV39f.js                                [39m[1m[2m    9.03 kB[22m[1m[22m[2m │ gzip:   3.42 kB[22m
2026-09-10T18:55:19.2505062Z [2mstorybook-static/[22m[2massets/[22m[36mMembershipManager-DrOJ9UIu.js                           [39m[1m[2m    9.34 kB[22m[1m[22m[2m │ gzip:   2.70 kB[22m
2026-09-10T18:55:19.2506926Z [2mstorybook-static/[22m[2massets/[22m[36mPreferenceForm.stories-CXyxnYeV.js                      [39m[1m[2m    9.41 kB[22m[1m[22m[2m │ gzip:   3.14 kB[22m
2026-09-10T18:55:19.2508751Z [2mstorybook-static/[22m[2massets/[22m[36mUserWithAuthable.stories-CoENPPa0.js                    [39m[1m[2m    9.51 kB[22m[1m[22m[2m │ gzip:   3.23 kB[22m
2026-09-10T18:55:19.2510514Z [2mstorybook-static/[22m[2massets/[22m[36mLineChart.stories-H2LubBB5.js                           [39m[1m[2m    9.62 kB[22m[1m[22m[2m │ gzip:   2.67 kB[22m
2026-09-10T18:55:19.2512311Z [2mstorybook-static/[22m[2massets/[22m[36mCommunication.ChannelPlanEditor.stories-DOHQ9OOZ.js     [39m[1m[2m    9.66 kB[22m[1m[22m[2m │ gzip:   3.03 kB[22m
2026-09-10T18:55:19.2514114Z [2mstorybook-static/[22m[2massets/[22m[36mCategoryPicker.stories-DXR8bvqF.js                      [39m[1m[2m    9.96 kB[22m[1m[22m[2m │ gzip:   2.99 kB[22m
2026-09-10T18:55:19.2515843Z [2mstorybook-static/[22m[2massets/[22m[36m1-philosophy-ItjiXnZq.js                                [39m[1m[2m   10.05 kB[22m[1m[22m[2m │ gzip:   3.16 kB[22m
2026-09-10T18:55:19.2517703Z [2mstorybook-static/[22m[2massets/[22m[36mFoundations.Motion-DerPhk8s.js                          [39m[1m[2m   10.09 kB[22m[1m[22m[2m │ gzip:   3.32 kB[22m
2026-09-10T18:55:19.2519701Z [2mstorybook-static/[22m[2massets/[22m[36msample-entitlements-BdR_uNzy.js                         [39m[1m[2m   10.11 kB[22m[1m[22m[2m │ gzip:   3.53 kB[22m
2026-09-10T18:55:19.2521437Z [2mstorybook-static/[22m[2massets/[22m[36mBarChart.stories-53pTQJuX.js                            [39m[1m[2m   10.52 kB[22m[1m[22m[2m │ gzip:   2.75 kB[22m
2026-09-10T18:55:19.2523145Z [2mstorybook-static/[22m[2massets/[22m[36m4-getting-started-C_ugX542.js                           [39m[1m[2m   10.71 kB[22m[1m[22m[2m │ gzip:   3.08 kB[22m
2026-09-10T18:55:19.2524899Z [2mstorybook-static/[22m[2massets/[22m[36mSubscriptionContexts.stories-BcBJjaSZ.js                [39m[1m[2m   10.92 kB[22m[1m[22m[2m │ gzip:   2.67 kB[22m
2026-09-10T18:55:19.2526787Z [2mstorybook-static/[22m[2massets/[22m[36m7-token-architecture-BBNdiHQA.js                        [39m[1m[2m   10.96 kB[22m[1m[22m[2m │ gzip:   2.93 kB[22m
2026-09-10T18:55:19.2528779Z [2mstorybook-static/[22m[2massets/[22m[36mInvoice.lifecycle.stories-BgoiAAWh.js                   [39m[1m[2m   11.05 kB[22m[1m[22m[2m │ gzip:   3.05 kB[22m
2026-09-10T18:55:19.2530605Z [2mstorybook-static/[22m[2massets/[22m[36m5-visualization-system-Doi7_fVf.js                      [39m[1m[2m   11.24 kB[22m[1m[22m[2m │ gzip:   3.02 kB[22m
2026-09-10T18:55:19.2532378Z [2mstorybook-static/[22m[2massets/[22m[36m6-accessibility-approach-UVI0vTP1.js                    [39m[1m[2m   11.34 kB[22m[1m[22m[2m │ gzip:   3.19 kB[22m
2026-09-10T18:55:19.2534091Z [2mstorybook-static/[22m[2massets/[22m[36mAreaChart-DfzNmAQo.js                                   [39m[1m[2m   11.49 kB[22m[1m[22m[2m │ gzip:   4.28 kB[22m
2026-09-10T18:55:19.2535868Z [2mstorybook-static/[22m[2massets/[22m[36mReactNucleus.stories-DiMAkI0g.js                        [39m[1m[2m   11.63 kB[22m[1m[22m[2m │ gzip:   3.16 kB[22m
2026-09-10T18:55:19.2537969Z [2mstorybook-static/[22m[2massets/[22m[36mSubscription.lifecycle.stories-BIUU43SJ.js              [39m[1m[2m   12.25 kB[22m[1m[22m[2m │ gzip:   3.44 kB[22m
2026-09-10T18:55:19.2539783Z [2mstorybook-static/[22m[2massets/[22m[36mRolePermissionMatrix.stories-EB2YAGka.js                [39m[1m[2m   12.50 kB[22m[1m[22m[2m │ gzip:   4.48 kB[22m
2026-09-10T18:55:19.2541521Z [2mstorybook-static/[22m[2massets/[22m[36mTabs.stories-e9vCvADk.js                                [39m[1m[2m   12.75 kB[22m[1m[22m[2m │ gzip:   3.64 kB[22m
2026-09-10T18:55:19.2543210Z [2mstorybook-static/[22m[2massets/[22m[36mStatusChip-Be6ZEBII.js                                  [39m[1m[2m   13.08 kB[22m[1m[22m[2m │ gzip:   2.94 kB[22m
2026-09-10T18:55:19.2544917Z [2mstorybook-static/[22m[2massets/[22m[36mFoundations.Colors-ChJMx1wP.js                          [39m[1m[2m   13.39 kB[22m[1m[22m[2m │ gzip:   3.50 kB[22m
2026-09-10T18:55:19.2546797Z [2mstorybook-static/[22m[2massets/[22m[36mPatterns.Form.stories-aXPG-BnS.js                       [39m[1m[2m   13.48 kB[22m[1m[22m[2m │ gzip:   3.75 kB[22m
2026-09-10T18:55:19.2548533Z [2mstorybook-static/[22m[2massets/[22m[36mHeatmap-BWOE9nFi.js                                     [39m[1m[2m   14.00 kB[22m[1m[22m[2m │ gzip:   5.27 kB[22m
2026-09-10T18:55:19.2550220Z [2mstorybook-static/[22m[2massets/[22m[36mpresentational-Dv5jp75C.js                              [39m[1m[2m   14.10 kB[22m[1m[22m[2m │ gzip:   3.60 kB[22m
2026-09-10T18:55:19.2551928Z [2mstorybook-static/[22m[2massets/[22m[36mStatusable.stories-7WM_u5v7.js                          [39m[1m[2m   14.27 kB[22m[1m[22m[2m │ gzip:   3.72 kB[22m
2026-09-10T18:55:19.2553639Z [2mstorybook-static/[22m[2massets/[22m[36mEmptyState.stories-CtWXKmfg.js                          [39m[1m[2m   14.56 kB[22m[1m[22m[2m │ gzip:   4.32 kB[22m
2026-09-10T18:55:19.2555612Z [2mstorybook-static/[22m[2massets/[22m[36mBrownfield.adoption-GqZebHSh.js                         [39m[1m[2m   15.29 kB[22m[1m[22m[2m │ gzip:   3.89 kB[22m
2026-09-10T18:55:19.2557898Z [2mstorybook-static/[22m[2massets/[22m[36mSunburst.stories-DdL31QGH.js                            [39m[1m[2m   15.42 kB[22m[1m[22m[2m │ gzip:   5.71 kB[22m
2026-09-10T18:55:19.2559970Z [2mstorybook-static/[22m[2massets/[22m[36mPatternGalleryV2.stories-CVDWAumv.js                    [39m[1m[2m   15.50 kB[22m[1m[22m[2m │ gzip:   5.57 kB[22m
2026-09-10T18:55:19.2562288Z [2mstorybook-static/[22m[2massets/[22m[36mTreemap.stories-BbKSJZDt.js                             [39m[1m[2m   15.94 kB[22m[1m[22m[2m │ gzip:   5.79 kB[22m
2026-09-10T18:55:19.2565738Z [2mstorybook-static/[22m[2massets/[22m[36minvoice-kMl-XpS6.js                                     [39m[1m[2m   16.60 kB[22m[1m[22m[2m │ gzip:   4.71 kB[22m
2026-09-10T18:55:19.2568124Z [2mstorybook-static/[22m[2massets/[22m[36mCommunication.MessageTimeline.stories-Cid5OwAl.js       [39m[1m[2m   17.00 kB[22m[1m[22m[2m │ gzip:   6.28 kB[22m
2026-09-10T18:55:19.2570058Z [2mstorybook-static/[22m[2massets/[22m[36mProductCategoryBrowser.stories-iTHSt8uJ.js              [39m[1m[2m   17.20 kB[22m[1m[22m[2m │ gzip:   5.85 kB[22m
2026-09-10T18:55:19.2571819Z [2mstorybook-static/[22m[2massets/[22m[36mPlan.stories-CKnb6vvK.js                                [39m[1m[2m   18.79 kB[22m[1m[22m[2m │ gzip:   4.64 kB[22m
2026-09-10T18:55:19.2573568Z [2mstorybook-static/[22m[2massets/[22m[36mPagination.stories-B1wbA_X2.js                          [39m[1m[2m   18.99 kB[22m[1m[22m[2m │ gzip:   5.18 kB[22m
2026-09-10T18:55:19.2575270Z [2mstorybook-static/[22m[2massets/[22m[36mrenderer-selector-CPlvhR19.js                           [39m[1m[2m   19.01 kB[22m[1m[22m[2m │ gzip:   6.66 kB[22m
2026-09-10T18:55:19.2577096Z [2mstorybook-static/[22m[2massets/[22m[36mProgress.stories-BVle7rF3.js                            [39m[1m[2m   19.11 kB[22m[1m[22m[2m │ gzip:   3.90 kB[22m
2026-09-10T18:55:19.2578812Z [2mstorybook-static/[22m[2massets/[22m[36mCategoryTree-BxKxn_Ec.js                                [39m[1m[2m   19.25 kB[22m[1m[22m[2m │ gzip:   5.31 kB[22m
2026-09-10T18:55:19.2580507Z [2mstorybook-static/[22m[2massets/[22m[36mStepper.stories-BHFq9Paq.js                             [39m[1m[2m   19.63 kB[22m[1m[22m[2m │ gzip:   5.13 kB[22m
2026-09-10T18:55:19.2582313Z [2mstorybook-static/[22m[2massets/[22m[36mTemporalHygiene.stories-sO131r_q.js                     [39m[1m[2m   19.83 kB[22m[1m[22m[2m │ gzip:   4.15 kB[22m
2026-09-10T18:55:19.2584055Z [2mstorybook-static/[22m[2massets/[22m[36mAuthable.stories-C6jGfUSD.js                            [39m[1m[2m   19.93 kB[22m[1m[22m[2m │ gzip:   4.42 kB[22m
2026-09-10T18:55:19.2585763Z [2mstorybook-static/[22m[2massets/[22m[36mTimestampable.stories-Dbmb6lsA.js                       [39m[1m[2m   20.41 kB[22m[1m[22m[2m │ gzip:   4.35 kB[22m
2026-09-10T18:55:19.2587771Z [2mstorybook-static/[22m[2massets/[22m[36mTagInput.stories-7Cc97ebK.js                            [39m[1m[2m   20.49 kB[22m[1m[22m[2m │ gzip:   6.98 kB[22m
2026-09-10T18:55:19.2589474Z [2mstorybook-static/[22m[2massets/[22m[36mArticle.stories-Z6Ww6r2d.js                             [39m[1m[2m   20.89 kB[22m[1m[22m[2m │ gzip:   5.02 kB[22m
2026-09-10T18:55:19.2591183Z [2mstorybook-static/[22m[2massets/[22m[36m3-trait-engine-D9PmpgFp.js                              [39m[1m[2m   20.89 kB[22m[1m[22m[2m │ gzip:   4.76 kB[22m
2026-09-10T18:55:19.2592877Z [2mstorybook-static/[22m[2massets/[22m[36m2-core-concepts-Cos-Smby.js                             [39m[1m[2m   20.93 kB[22m[1m[22m[2m │ gzip:   5.03 kB[22m
2026-09-10T18:55:19.2594627Z [2mstorybook-static/[22m[2massets/[22m[36mTransaction.stories-BHdG30Td.js                         [39m[1m[2m   20.97 kB[22m[1m[22m[2m │ gzip:   5.04 kB[22m
2026-09-10T18:55:19.2596745Z [2mstorybook-static/[22m[2massets/[22m[36mAddressForm.stories-CeRYhXK8.js                         [39m[1m[2m   21.36 kB[22m[1m[22m[2m │ gzip:   6.14 kB[22m
2026-09-10T18:55:19.2598541Z [2mstorybook-static/[22m[2massets/[22m[36mMedia.stories-CHl5cKJ4.js                               [39m[1m[2m   21.76 kB[22m[1m[22m[2m │ gzip:   5.45 kB[22m
2026-09-10T18:55:19.2600252Z [2mstorybook-static/[22m[2massets/[22m[36mCancellable.stories-CNzuYgAZ.js                         [39m[1m[2m   21.76 kB[22m[1m[22m[2m │ gzip:   4.96 kB[22m
2026-09-10T18:55:19.2601992Z [2mstorybook-static/[22m[2massets/[22m[36mTokensRoundtrip.stories-CCYqR-tk.js                     [39m[1m[2m   21.85 kB[22m[1m[22m[2m │ gzip:   6.21 kB[22m
2026-09-10T18:55:19.2603723Z [2mstorybook-static/[22m[2massets/[22m[36mBillable.stories-mYZqhoN4.js                            [39m[1m[2m   22.01 kB[22m[1m[22m[2m │ gzip:   4.76 kB[22m
2026-09-10T18:55:19.2605614Z [2mstorybook-static/[22m[2massets/[22m[36mArchivable.stories-DFBBiY6x.js                          [39m[1m[2m   22.26 kB[22m[1m[22m[2m │ gzip:   4.46 kB[22m
2026-09-10T18:55:19.2607559Z [2mstorybook-static/[22m[2massets/[22m[36mStateful.stories-Dw87CVqa.js                            [39m[1m[2m   22.51 kB[22m[1m[22m[2m │ gzip:   5.28 kB[22m
2026-09-10T18:55:19.2609313Z [2mstorybook-static/[22m[2massets/[22m[36mAccountArchetypes.stories-BP7-uftx.js                   [39m[1m[2m   22.92 kB[22m[1m[22m[2m │ gzip:   5.78 kB[22m
2026-09-10T18:55:19.2611061Z [2mstorybook-static/[22m[2massets/[22m[36mBreadcrumbs.stories-DrqKGqKG.js                         [39m[1m[2m   23.34 kB[22m[1m[22m[2m │ gzip:   5.63 kB[22m
2026-09-10T18:55:19.2612782Z [2mstorybook-static/[22m[2massets/[22m[36mForceGraph.stories-D_31vmcI.js                          [39m[1m[2m   23.61 kB[22m[1m[22m[2m │ gzip:   7.49 kB[22m
2026-09-10T18:55:19.2614498Z [2mstorybook-static/[22m[2massets/[22m[36mUsage.metered.stories-4RgSgAzb.js                       [39m[1m[2m   23.94 kB[22m[1m[22m[2m │ gzip:   4.64 kB[22m
2026-09-10T18:55:19.2616345Z [2mstorybook-static/[22m[2massets/[22m[36mSankey.stories-DHDa-7Qj.js                              [39m[1m[2m   24.12 kB[22m[1m[22m[2m │ gzip:   7.48 kB[22m
2026-09-10T18:55:19.2618078Z [2mstorybook-static/[22m[2massets/[22m[36mSaaSBillingFlow.stories-C9MAd95l.js                     [39m[1m[2m   25.24 kB[22m[1m[22m[2m │ gzip:   4.08 kB[22m
2026-09-10T18:55:19.2619809Z [2mstorybook-static/[22m[2massets/[22m[36mcompliance.stories-6UjDEzA7.js                          [39m[1m[2m   25.43 kB[22m[1m[22m[2m │ gzip:   7.92 kB[22m
2026-09-10T18:55:19.2621510Z [2mstorybook-static/[22m[2massets/[22m[36mPayable.stories-BO1HNdwH.js                             [39m[1m[2m   25.65 kB[22m[1m[22m[2m │ gzip:   6.04 kB[22m
2026-09-10T18:55:19.2623231Z [2mstorybook-static/[22m[2massets/[22m[36mTaggable.stories-CTxRhr1m.js                            [39m[1m[2m   26.37 kB[22m[1m[22m[2m │ gzip:   6.20 kB[22m
2026-09-10T18:55:19.2625046Z [2mstorybook-static/[22m[2massets/[22m[36mDashboardContexts.stories-CY6_UKP8.js                   [39m[1m[2m   27.39 kB[22m[1m[22m[2m │ gzip:   6.70 kB[22m
2026-09-10T18:55:19.2626922Z [2mstorybook-static/[22m[2massets/[22m[36mMetered.stories-DR8EMkQf.js                             [39m[1m[2m   28.62 kB[22m[1m[22m[2m │ gzip:   6.41 kB[22m
2026-09-10T18:55:19.2628607Z [2mstorybook-static/[22m[36mvite-inject-mocker-entry.js                                    [39m[1m[2m   29.18 kB[22m[1m[22m[2m │ gzip:  10.13 kB[22m
2026-09-10T18:55:19.2630303Z [2mstorybook-static/[22m[2massets/[22m[36mColor-AVL7NMMY-BOtsg_8W.js                              [39m[1m[2m   29.38 kB[22m[1m[22m[2m │ gzip:  11.06 kB[22m
2026-09-10T18:55:19.2632011Z [2mstorybook-static/[22m[2massets/[22m[36mmatchers-7Z3WT2CE-T3xScrR7.js                           [39m[1m[2m   29.81 kB[22m[1m[22m[2m │ gzip:  10.30 kB[22m
2026-09-10T18:55:19.2634014Z [2mstorybook-static/[22m[2massets/[22m[36mClassifiable.stories-kZjmeJE3.js                        [39m[1m[2m   30.37 kB[22m[1m[22m[2m │ gzip:   6.95 kB[22m
2026-09-10T18:55:19.2635756Z [2mstorybook-static/[22m[2massets/[22m[36mbilling-acl.stories-B66LUQBK.js                         [39m[1m[2m   31.17 kB[22m[1m[22m[2m │ gzip:   7.15 kB[22m
2026-09-10T18:55:19.2637622Z [2mstorybook-static/[22m[2massets/[22m[36mPreferenceable.stories-DoEKf0g8.js                      [39m[1m[2m   32.91 kB[22m[1m[22m[2m │ gzip:   7.61 kB[22m
2026-09-10T18:55:19.2639266Z [2mstorybook-static/[22m[2massets/[22m[36mview-DJt2DwSt.js                                        [39m[1m[2m   33.47 kB[22m[1m[22m[2m │ gzip:   8.29 kB[22m
2026-09-10T18:55:19.2640857Z [2mstorybook-static/[22m[2massets/[22m[36mCommunicable.stories-Dn7RpbrZ.js                        [39m[1m[2m   34.19 kB[22m[1m[22m[2m │ gzip:   7.63 kB[22m
2026-09-10T18:55:19.2642707Z [2mstorybook-static/[22m[2massets/[22m[36mChartDescription-CIzxGlzQ.js                            [39m[1m[2m   42.24 kB[22m[1m[22m[2m │ gzip:  14.53 kB[22m
2026-09-10T18:55:19.2644351Z [2mstorybook-static/[22m[2massets/[22m[36mschemas-6mf_OlwC.js                                     [39m[1m[2m   54.25 kB[22m[1m[22m[2m │ gzip:  14.44 kB[22m
2026-09-10T18:55:19.2646251Z [2mstorybook-static/[22m[2massets/[22m[36mAccessibility.ContractA11y--Zo3MSw5.js                  [39m[1m[2m   61.44 kB[22m[1m[22m[2m │ gzip:   5.74 kB[22m
2026-09-10T18:55:19.2648402Z [2mstorybook-static/[22m[2massets/[22m[36mluxon-CMtWQ10C.js                                       [39m[1m[2m   71.39 kB[22m[1m[22m[2m │ gzip:  22.22 kB[22m
2026-09-10T18:55:19.2650079Z [2mstorybook-static/[22m[2massets/[22m[36mfields-5s2guRpL.js                                      [39m[1m[2m  126.73 kB[22m[1m[22m[2m │ gzip:  23.28 kB[22m
2026-09-10T18:55:19.2651795Z [2mstorybook-static/[22m[2massets/[22m[36mtime-grid-heatmap.spec-CbiybTcR.js                      [39m[1m[2m  144.53 kB[22m[1m[22m[2m │ gzip:  27.15 kB[22m
2026-09-10T18:55:19.2653507Z [2mstorybook-static/[22m[2massets/[22m[36mreact-18-Db5SVzd2.js                                    [39m[1m[2m  181.72 kB[22m[1m[22m[2m │ gzip:  57.19 kB[22m
2026-09-10T18:55:19.2655226Z [2mstorybook-static/[22m[2massets/[22m[36mPreferencePreview-OvEjffUC.js                           [39m[1m[2m  374.26 kB[22m[1m[22m[2m │ gzip: 120.83 kB[22m
2026-09-10T18:55:19.2657057Z [2mstorybook-static/[22m[2massets/[22m[36maxe-C45S60kA.js                                         [39m[1m[2m  579.04 kB[22m[1m[22m[2m │ gzip: 159.54 kB[22m
2026-09-10T18:55:19.2658745Z [2mstorybook-static/[22m[2massets/[22m[36mblocks-BAjnFsLw.js                                      [39m[1m[2m  664.17 kB[22m[1m[22m[2m │ gzip: 218.34 kB[22m
2026-09-10T18:55:19.2660429Z [2mstorybook-static/[22m[2massets/[22m[36membed-Dp7LL1iq.js                                       [39m[1m[2m  831.21 kB[22m[1m[22m[2m │ gzip: 287.58 kB[22m
2026-09-10T18:55:19.2662087Z [2mstorybook-static/[22m[2massets/[22m[36mindex-B65wl_ui.js                                       [39m[1m[2m1,047.35 kB[22m[1m[22m[2m │ gzip: 102.96 kB[22m
2026-09-10T18:55:19.2663724Z [2mstorybook-static/[22m[2massets/[22m[36mindex-DXW7qb_O.js                                       [39m[1m[2m1,128.32 kB[22m[1m[22m[2m │ gzip: 375.18 kB[22m
2026-09-10T18:55:19.2665396Z [2mstorybook-static/[22m[2massets/[22m[36miframe-B2U7s5oI.js                                      [39m[1m[2m1,284.22 kB[22m[1m[22m[2m │ gzip: 356.09 kB[22m
2026-09-10T18:55:19.2666474Z [32m✓ built in 44.50s[39m
2026-09-10T18:55:19.2667415Z info => Output directory: /home/runner/work/OODS-Forge/OODS-Forge/storybook-static
2026-09-10T18:55:20.2204815Z Node 20 is being deprecated. This workflow is running with Node 24 by default. If you need to temporarily use Node 20, you can set the ACTIONS_ALLOW_USE_UNSECURE_NODE_VERSION=true environment variable. For more information see: https://github.blog/changelog/2025-09-19-deprecation-of-node-20-on-github-actions-runners/
2026-09-10T18:55:20.2207075Z ##[group]Run actions/cache@v4
2026-09-10T18:55:20.2207333Z with:
2026-09-10T18:55:20.2207542Z   path: ~/.cache/ms-playwright
2026-09-10T18:55:20.2208011Z   key: Linux-playwright-b67c91f667c5bcffea4719eaa9342dcc5979d32e2fe7ae9409ce9caae98e184d
2026-09-10T18:55:20.2208516Z   restore-keys: Linux-playwright-

2026-09-10T18:55:20.2208806Z   enableCrossOsArchive: false
2026-09-10T18:55:20.2209067Z   fail-on-cache-miss: false
2026-09-10T18:55:20.2209314Z   lookup-only: false
2026-09-10T18:55:20.2209536Z   save-always: false
2026-09-10T18:55:20.2209734Z env:
2026-09-10T18:55:20.2209916Z   NODE_VERSION: 24
2026-09-10T18:55:20.2210225Z   PNPM_HOME: /home/runner/setup-pnpm/node_modules/.bin
2026-09-10T18:55:20.2210541Z ##[endgroup]
2026-09-10T18:55:20.3382896Z (node:2462) [DEP0040] DeprecationWarning: The `punycode` module is deprecated. Please use a userland alternative instead.
2026-09-10T18:55:20.3384878Z (Use `node --trace-deprecation ...` to show where the warning was created)
2026-09-10T18:55:20.4853878Z (node:2462) [DEP0169] DeprecationWarning: `url.parse()` behavior is not standardized and prone to errors that have security implications. Use the WHATWG URL API instead. CVEs are not issued for `url.parse()` vulnerabilities.
2026-09-10T18:55:20.4869948Z Cache hit for: Linux-playwright-b67c91f667c5bcffea4719eaa9342dcc5979d32e2fe7ae9409ce9caae98e184d
2026-09-10T18:55:21.6037531Z Received 117440512 of 279133350 (42.1%), 111.9 MBs/sec
2026-09-10T18:55:22.5970104Z Received 268435456 of 279133350 (96.2%), 127.9 MBs/sec
2026-09-10T18:55:22.7065384Z Received 279133350 of 279133350 (100.0%), 126.2 MBs/sec
2026-09-10T18:55:22.7087060Z Cache Size: ~266 MB (279133350 B)
2026-09-10T18:55:22.7175165Z [command]/usr/bin/tar -xf /home/runner/work/_temp/877d801b-a475-43c9-b069-262269ace08b/cache.tzst -P -C /home/runner/work/OODS-Forge/OODS-Forge --use-compress-program unzstd
2026-09-10T18:55:25.8015486Z Cache restored successfully
2026-09-10T18:55:26.3730017Z Cache restored from key: Linux-playwright-b67c91f667c5bcffea4719eaa9342dcc5979d32e2fe7ae9409ce9caae98e184d
2026-09-10T18:55:26.3975266Z ##[group]Run pnpm exec playwright install chromium
2026-09-10T18:55:26.3975929Z [36;1mpnpm exec playwright install chromium[0m
2026-09-10T18:55:26.4026187Z shell: /usr/bin/bash -e {0}
2026-09-10T18:55:26.4026616Z env:
2026-09-10T18:55:26.4026941Z   NODE_VERSION: 24
2026-09-10T18:55:26.4027399Z   PNPM_HOME: /home/runner/setup-pnpm/node_modules/.bin
2026-09-10T18:55:26.4027935Z ##[endgroup]
2026-09-10T18:55:27.8673722Z ##[group]Run pnpm --filter @oods/component-styles --filter @oods/components-react --filter @oods/components-vue run build
2026-09-10T18:55:27.8674651Z [36;1mpnpm --filter @oods/component-styles --filter @oods/components-react --filter @oods/components-vue run build[0m
2026-09-10T18:55:27.8711658Z shell: /usr/bin/bash -e {0}
2026-09-10T18:55:27.8711927Z env:
2026-09-10T18:55:27.8712127Z   NODE_VERSION: 24
2026-09-10T18:55:27.8712416Z   PNPM_HOME: /home/runner/setup-pnpm/node_modules/.bin
2026-09-10T18:55:27.8712752Z ##[endgroup]
2026-09-10T18:55:28.3603265Z Scope: 3 of 22 workspace projects
2026-09-10T18:55:28.3630129Z packages/component-styles build$ rimraf dist && tsup --config tsup.config.ts && node scripts/copy-css.mjs
2026-09-10T18:55:28.7469366Z packages/component-styles build: [34mCLI[39m Building entry: src/index.ts, src/ported.ts
2026-09-10T18:55:28.7482371Z packages/component-styles build: [34mCLI[39m Using tsconfig: tsconfig.json
2026-09-10T18:55:28.7717953Z packages/component-styles build: [34mCLI[39m tsup v8.5.0
2026-09-10T18:55:28.7909367Z packages/component-styles build: [34mCLI[39m Using tsup config: /home/runner/work/OODS-Forge/OODS-Forge/packages/component-styles/tsup.config.ts
2026-09-10T18:55:28.7918595Z packages/component-styles build: [34mCLI[39m Target: es2022
2026-09-10T18:55:28.8301699Z packages/component-styles build: [34mESM[39m Build start
2026-09-10T18:55:28.8584431Z packages/component-styles build: [34mCJS[39m Build start
2026-09-10T18:55:28.9429116Z packages/component-styles build: [32mESM[39m [1mdist/index.js          [22m[32m143.00 B[39m
2026-09-10T18:55:28.9477690Z packages/component-styles build: [32mESM[39m [1mdist/ported.js         [22m[32m513.00 B[39m
2026-09-10T18:55:28.9517410Z packages/component-styles build: [32mESM[39m [1mdist/chunk-FPEPL7UR.js [22m[32m1.83 KB[39m
2026-09-10T18:55:28.9557140Z packages/component-styles build: [32mESM[39m ⚡️ Build success in 189ms
2026-09-10T18:55:28.9577099Z packages/component-styles build: [32mCJS[39m [1mdist/index.cjs  [22m[32m1.97 KB[39m
2026-09-10T18:55:28.9657310Z packages/component-styles build: [32mCJS[39m [1mdist/ported.cjs [22m[32m1.93 KB[39m
2026-09-10T18:55:28.9677128Z packages/component-styles build: [32mCJS[39m ⚡️ Build success in 189ms
2026-09-10T18:55:29.1838157Z packages/component-styles build: [34mDTS[39m Build start
2026-09-10T18:55:32.2095633Z packages/component-styles build: [32mDTS[39m ⚡️ Build success in 3026ms
2026-09-10T18:55:32.2109643Z packages/component-styles build: [32mDTS[39m [1mdist/index.d.ts   [22m[32m1.87 KB[39m
2026-09-10T18:55:32.2125560Z packages/component-styles build: [32mDTS[39m [1mdist/ported.d.ts  [22m[32m500.00 B[39m
2026-09-10T18:55:32.2127500Z packages/component-styles build: [32mDTS[39m [1mdist/index.d.cts  [22m[32m1.87 KB[39m
2026-09-10T18:55:32.2129105Z packages/component-styles build: [32mDTS[39m [1mdist/ported.d.cts [22m[32m500.00 B[39m
2026-09-10T18:55:32.2968299Z packages/component-styles build: Done
2026-09-10T18:55:32.2969691Z packages/components-react build$ rimraf dist && tsup --config tsup.config.ts
2026-09-10T18:55:32.2972112Z packages/components-vue build$ rimraf dist && tsup --config tsup.config.ts && tsup --config tsup.ported.config.ts
2026-09-10T18:55:32.8606014Z packages/components-vue build: [34mCLI[39m Building entry: src/index.ts
2026-09-10T18:55:32.8642785Z packages/components-vue build: [34mCLI[39m Using tsconfig: tsconfig.json
2026-09-10T18:55:32.8659658Z packages/components-vue build: [34mCLI[39m tsup v8.5.0
2026-09-10T18:55:32.8679929Z packages/components-vue build: [34mCLI[39m Using tsup config: /home/runner/work/OODS-Forge/OODS-Forge/packages/components-vue/tsup.config.ts
2026-09-10T18:55:32.8703856Z packages/components-vue build: [34mCLI[39m Target: es2022
2026-09-10T18:55:32.8769526Z packages/components-vue build: [34mCLI[39m Cleaning output folder
2026-09-10T18:55:32.8771937Z packages/components-vue build: [34mESM[39m Build start
2026-09-10T18:55:32.8802118Z packages/components-vue build: [34mCJS[39m Build start
2026-09-10T18:55:32.9219662Z packages/components-react build: [34mCLI[39m Building entry: src/index.ts, src/ported.tsx, src/status.ts, src/table.tsx, src/types.ts
2026-09-10T18:55:32.9229502Z packages/components-react build: [34mCLI[39m Using tsconfig: tsconfig.json
2026-09-10T18:55:32.9287362Z packages/components-react build: [34mCLI[39m tsup v8.5.0
2026-09-10T18:55:32.9339611Z packages/components-react build: [34mCLI[39m Using tsup config: /home/runner/work/OODS-Forge/OODS-Forge/packages/components-react/tsup.config.ts
2026-09-10T18:55:32.9436851Z packages/components-react build: [34mCLI[39m Target: es2022
2026-09-10T18:55:32.9522918Z packages/components-react build: [34mCLI[39m Cleaning output folder
2026-09-10T18:55:32.9589462Z packages/components-react build: [34mESM[39m Build start
2026-09-10T18:55:32.9601312Z packages/components-react build: [34mCJS[39m Build start
2026-09-10T18:55:33.6121003Z packages/components-react build: Generated an empty chunk: "types".
2026-09-10T18:55:34.3755616Z packages/components-vue build: [34mDTS[39m Build start
2026-09-10T18:55:34.8161613Z packages/components-react build: [34mDTS[39m Build start
2026-09-10T18:55:34.9970852Z packages/components-react build: Generated an empty chunk: "types".
2026-09-10T18:55:35.1702879Z packages/components-vue build: [32mCJS[39m [1mdist/index.cjs [22m[32m116.53 KB[39m
2026-09-10T18:55:35.1704700Z packages/components-vue build: [32mCJS[39m ⚡️ Build success in 2288ms
2026-09-10T18:55:35.1767342Z packages/components-vue build: [32mESM[39m [1mdist/index.js [22m[32m112.98 KB[39m
2026-09-10T18:55:35.1797486Z packages/components-vue build: [32mESM[39m ⚡️ Build success in 2289ms
2026-09-10T18:55:35.4571101Z packages/components-react build: [32mCJS[39m [1mdist/status.cjs [22m[32m11.08 KB[39m
2026-09-10T18:55:35.4573402Z packages/components-react build: [32mCJS[39m [1mdist/table.cjs  [22m[32m17.07 KB[39m
2026-09-10T18:55:35.4576507Z packages/components-react build: [32mCJS[39m [1mdist/types.cjs  [22m[32m15.00 B[39m
2026-09-10T18:55:35.4578447Z packages/components-react build: [32mCJS[39m [1mdist/ported.cjs [22m[32m52.76 KB[39m
2026-09-10T18:55:35.4580793Z packages/components-react build: [32mCJS[39m [1mdist/index.cjs  [22m[32m135.60 KB[39m
2026-09-10T18:55:35.4584386Z packages/components-react build: [32mCJS[39m ⚡️ Build success in 2503ms
2026-09-10T18:55:35.4697811Z packages/components-react build: [32mESM[39m [1mdist/ported.js         [22m[32m192.00 B[39m
2026-09-10T18:55:35.4701388Z packages/components-react build: [32mESM[39m [1mdist/status.js         [22m[32m171.00 B[39m
2026-09-10T18:55:35.4702842Z packages/components-react build: [32mESM[39m [1mdist/table.js          [22m[32m149.00 B[39m
2026-09-10T18:55:35.4704317Z packages/components-react build: [32mESM[39m [1mdist/chunk-YCI5AEWL.js [22m[32m6.37 KB[39m
2026-09-10T18:55:35.4705820Z packages/components-react build: [32mESM[39m [1mdist/chunk-G74PKSW3.js [22m[32m10.89 KB[39m
2026-09-10T18:55:35.4707514Z packages/components-react build: [32mESM[39m [1mdist/types.js          [22m[32m1.00 B[39m
2026-09-10T18:55:35.4709019Z packages/components-react build: [32mESM[39m [1mdist/chunk-XMIP5ZGO.js [22m[32m40.39 KB[39m
2026-09-10T18:55:35.4710461Z packages/components-react build: [32mESM[39m [1mdist/index.js          [22m[32m71.77 KB[39m
2026-09-10T18:55:35.4711732Z packages/components-react build: [32mESM[39m ⚡️ Build success in 2507ms
2026-09-10T18:55:44.5148057Z packages/components-vue build: [32mDTS[39m ⚡️ Build success in 10698ms
2026-09-10T18:55:44.5149962Z packages/components-vue build: [32mDTS[39m [1mdist/index.d.ts  [22m[32m105.15 KB[39m
2026-09-10T18:55:44.5171513Z packages/components-vue build: [32mDTS[39m [1mdist/index.d.cts [22m[32m105.15 KB[39m
2026-09-10T18:55:45.1504232Z packages/components-react build: [32mDTS[39m ⚡️ Build success in 10606ms
2026-09-10T18:55:45.1512808Z packages/components-react build: [32mDTS[39m [1mdist/index.d.ts   [22m[32m13.05 KB[39m
2026-09-10T18:55:45.1561094Z packages/components-react build: [32mDTS[39m [1mdist/ported.d.ts  [22m[32m7.12 KB[39m
2026-09-10T18:55:45.1577257Z packages/components-react build: [32mDTS[39m [1mdist/status.d.ts  [22m[32m1.39 KB[39m
2026-09-10T18:55:45.1597310Z packages/components-react build: [32mDTS[39m [1mdist/table.d.ts   [22m[32m1.06 KB[39m
2026-09-10T18:55:45.1808451Z packages/components-react build: [32mDTS[39m [1mdist/types.d.ts   [22m[32m23.79 KB[39m
2026-09-10T18:55:45.1827243Z packages/components-react build: [32mDTS[39m [1mdist/index.d.cts  [22m[32m13.05 KB[39m
2026-09-10T18:55:45.1998678Z packages/components-react build: [32mDTS[39m [1mdist/ported.d.cts [22m[32m7.12 KB[39m
2026-09-10T18:55:45.2017488Z packages/components-react build: [32mDTS[39m [1mdist/status.d.cts [22m[32m1.39 KB[39m
2026-09-10T18:55:45.2218362Z packages/components-react build: [32mDTS[39m [1mdist/table.d.cts  [22m[32m1.07 KB[39m
2026-09-10T18:55:45.2412233Z packages/components-react build: [32mDTS[39m [1mdist/types.d.cts  [22m[32m23.79 KB[39m
2026-09-10T18:55:45.2739460Z packages/components-react build: Done
2026-09-10T18:55:45.2875696Z packages/components-vue build: [34mCLI[39m Building entry: src/ported.ts
2026-09-10T18:55:45.2893434Z packages/components-vue build: [34mCLI[39m Using tsconfig: tsconfig.json
2026-09-10T18:55:45.2897137Z packages/components-vue build: [34mCLI[39m tsup v8.5.0
2026-09-10T18:55:45.2898965Z packages/components-vue build: [34mCLI[39m Using tsup config: /home/runner/work/OODS-Forge/OODS-Forge/packages/components-vue/tsup.ported.config.ts
2026-09-10T18:55:45.3008888Z packages/components-vue build: [34mCLI[39m Target: es2022
2026-09-10T18:55:45.3010352Z packages/components-vue build: [34mESM[39m Build start
2026-09-10T18:55:45.3019384Z packages/components-vue build: [34mCJS[39m Build start
2026-09-10T18:55:45.8380393Z packages/components-vue build: [32mCJS[39m [1mdist/ported.cjs [22m[32m46.73 KB[39m
2026-09-10T18:55:45.8388709Z packages/components-vue build: [32mCJS[39m ⚡️ Build success in 540ms
2026-09-10T18:55:45.8390095Z packages/components-vue build: [32mESM[39m [1mdist/ported.js [22m[32m46.06 KB[39m
2026-09-10T18:55:45.8391431Z packages/components-vue build: [32mESM[39m ⚡️ Build success in 541ms
2026-09-10T18:55:45.8798469Z packages/components-vue build: [34mDTS[39m Build start
2026-09-10T18:55:49.7881152Z packages/components-vue build: [32mDTS[39m ⚡️ Build success in 3910ms
2026-09-10T18:55:49.7882915Z packages/components-vue build: [32mDTS[39m [1mdist/ported.d.ts  [22m[32m20.67 KB[39m
2026-09-10T18:55:49.7884584Z packages/components-vue build: [32mDTS[39m [1mdist/ported.d.cts [22m[32m20.67 KB[39m
2026-09-10T18:55:49.8607717Z packages/components-vue build: Done
2026-09-10T18:55:49.8760725Z ##[group]Run pnpm --filter @oods/components-react run test:visual --cells=A-light,A-dark,A-hc,B-light,B-dark,B-hc --output=artifacts/component-proof/react
2026-09-10T18:55:49.8762715Z [36;1mpnpm --filter @oods/components-react run test:visual --cells=A-light,A-dark,A-hc,B-light,B-dark,B-hc --output=artifacts/component-proof/react[0m
2026-09-10T18:55:49.8764539Z [36;1mpnpm --filter @oods/components-vue run test:visual --cells=A-light,A-dark,A-hc,B-light,B-dark,B-hc --output=artifacts/component-proof/vue[0m
2026-09-10T18:55:49.8766355Z [36;1mpnpm --filter @oods/component-styles exec vitest run test/high-contrast.browser.spec.ts[0m
2026-09-10T18:55:49.8831907Z shell: /usr/bin/bash -e {0}
2026-09-10T18:55:49.8832191Z env:
2026-09-10T18:55:49.8832391Z   NODE_VERSION: 24
2026-09-10T18:55:49.8832692Z   PNPM_HOME: /home/runner/setup-pnpm/node_modules/.bin
2026-09-10T18:55:49.8833018Z ##[endgroup]
2026-09-10T18:55:50.3686321Z 
2026-09-10T18:55:50.3687948Z > @oods/components-react@0.1.0 test:visual /home/runner/work/OODS-Forge/OODS-Forge/packages/components-react
2026-09-10T18:55:50.3692985Z > node test/visual-evidence.mjs "--cells=A-light,A-dark,A-hc,B-light,B-dark,B-hc" "--output=artifacts/component-proof/react"
2026-09-10T18:55:50.3694036Z 
2026-09-10T18:55:51.7746709Z 
2026-09-10T18:55:51.7750490Z [1m[33mwarn[39m[22m - The `content` option in your Tailwind CSS configuration is missing or empty.
2026-09-10T18:55:51.7768633Z [1m[33mwarn[39m[22m - Configure your content sources or your generated CSS will be missing styles.
2026-09-10T18:55:51.7787674Z [1m[33mwarn[39m[22m - https://tailwindcss.com/docs/content-configuration
2026-09-10T18:56:00.7071374Z react: 432 root-cells, 0 failures, 0 skipped
2026-09-10T18:56:01.2500198Z 
2026-09-10T18:56:01.2501570Z > @oods/components-vue@0.1.0 test:visual /home/runner/work/OODS-Forge/OODS-Forge/packages/components-vue
2026-09-10T18:56:01.2503708Z > node test/visual-evidence.mjs "--cells=A-light,A-dark,A-hc,B-light,B-dark,B-hc" "--output=artifacts/component-proof/vue"
2026-09-10T18:56:01.2504939Z 
2026-09-10T18:56:02.6786483Z 
2026-09-10T18:56:02.6788399Z [1m[33mwarn[39m[22m - The `content` option in your Tailwind CSS configuration is missing or empty.
2026-09-10T18:56:02.6790291Z [1m[33mwarn[39m[22m - Configure your content sources or your generated CSS will be missing styles.
2026-09-10T18:56:02.6791917Z [1m[33mwarn[39m[22m - https://tailwindcss.com/docs/content-configuration
2026-09-10T18:56:10.8978439Z vue: 432 root-cells, 0 failures, 0 skipped
2026-09-10T18:56:11.7703074Z 
2026-09-10T18:56:11.7728239Z [1m[46m RUN [49m[22m [36mv3.2.4 [39m[90m/home/runner/work/OODS-Forge/OODS-Forge/packages/component-styles[39m
2026-09-10T18:56:11.7746467Z 
2026-09-10T18:56:15.1817202Z  [32m✓[39m test/high-contrast.browser.spec.ts [2m([22m[2m21 tests[22m[2m)[22m[33m 2704[2mms[22m[39m
2026-09-10T18:56:15.2046849Z 
2026-09-10T18:56:15.2057838Z [2m Test Files [22m [1m[32m1 passed[39m[22m[90m (1)[39m
2026-09-10T18:56:15.2071557Z [2m      Tests [22m [1m[32m21 passed[39m[22m[90m (21)[39m
2026-09-10T18:56:15.2072811Z [2m   Start at [22m 18:56:11
2026-09-10T18:56:15.2074429Z [2m   Duration [22m 3.43s[2m (transform 86ms, setup 0ms, collect 335ms, tests 2.70s, environment 0ms, prepare 77ms)[22m
2026-09-10T18:56:15.2096639Z 
2026-09-10T18:56:15.3595639Z Node 20 is being deprecated. This workflow is running with Node 24 by default. If you need to temporarily use Node 20, you can set the ACTIONS_ALLOW_USE_UNSECURE_NODE_VERSION=true environment variable. For more information see: https://github.blog/changelog/2025-09-19-deprecation-of-node-20-on-github-actions-runners/
2026-09-10T18:56:15.3597309Z ##[group]Run actions/upload-artifact@v4
2026-09-10T18:56:15.3597592Z with:
2026-09-10T18:56:15.3597812Z   name: component-theme-34516958558
2026-09-10T18:56:15.3598101Z   path: artifacts/component-proof/
2026-09-10T18:56:15.3598383Z   if-no-files-found: error
2026-09-10T18:56:15.3598631Z   compression-level: 6
2026-09-10T18:56:15.3598854Z   overwrite: false
2026-09-10T18:56:15.3599080Z   include-hidden-files: false
2026-09-10T18:56:15.3599319Z env:
2026-09-10T18:56:15.3599503Z   NODE_VERSION: 24
2026-09-10T18:56:15.3599803Z   PNPM_HOME: /home/runner/setup-pnpm/node_modules/.bin
2026-09-10T18:56:15.3600113Z ##[endgroup]
2026-09-10T18:56:15.5355728Z (node:3351) [DEP0040] DeprecationWarning: The `punycode` module is deprecated. Please use a userland alternative instead.
2026-09-10T18:56:15.5357794Z (Use `node --trace-deprecation ...` to show where the warning was created)
2026-09-10T18:56:15.5586716Z With the provided path, there will be 14 files uploaded
2026-09-10T18:56:15.5606822Z Artifact name is valid!
2026-09-10T18:56:15.5625265Z Root directory input is valid!
2026-09-10T18:56:15.8223443Z Beginning upload of artifact content to blob storage
2026-09-10T18:56:16.1392068Z (node:3351) [DEP0169] DeprecationWarning: `url.parse()` behavior is not standardized and prone to errors that have security implications. Use the WHATWG URL API instead. CVEs are not issued for `url.parse()` vulnerabilities.
2026-09-10T18:56:16.6872106Z Uploaded bytes 6857688
2026-09-10T18:56:16.7305147Z Finished uploading artifact content to blob storage!
2026-09-10T18:56:16.7307269Z SHA256 digest of uploaded artifact zip is 67192b625a5750acfdb3d146d7761a41e1da6db904d0896a6f211686c430283b
2026-09-10T18:56:16.7310465Z Finalizing artifact upload
2026-09-10T18:56:17.0093185Z Artifact component-theme-34516958558.zip successfully finalized. Artifact ID 10168206898
2026-09-10T18:56:17.0100333Z Artifact component-theme-34516958558 has been successfully uploaded! Final size is 6857688 bytes. Artifact ID is 10168206898
2026-09-10T18:56:17.0104216Z Artifact download URL: https://github.com/kneelinghorse/OODS-Forge/actions/runs/34516958558/artifacts/10168206898
2026-09-10T18:56:17.0250290Z ##[group]Run pnpm run verify:brand-cascade
2026-09-10T18:56:17.0250927Z [36;1mpnpm run verify:brand-cascade[0m
2026-09-10T18:56:17.0295946Z shell: /usr/bin/bash -e {0}
2026-09-10T18:56:17.0296625Z env:
2026-09-10T18:56:17.0296981Z   NODE_VERSION: 24
2026-09-10T18:56:17.0297500Z   PNPM_HOME: /home/runner/setup-pnpm/node_modules/.bin
2026-09-10T18:56:17.0298083Z ##[endgroup]
2026-09-10T18:56:17.4572231Z 
2026-09-10T18:56:17.4587231Z > @oods/foundry-mcp@0.1.0 verify:brand-cascade /home/runner/work/OODS-Forge/OODS-Forge
2026-09-10T18:56:17.4589248Z > node scripts/quality/brand-cascade-browser-proof.mjs
2026-09-10T18:56:17.4589988Z 
2026-09-10T18:56:17.7619646Z sheet order: generated @oods/tokens/css → layers.css → motion.css → hc.css → explorer tokens.css
2026-09-10T18:56:18.0528490Z A/base: 41 bridged + 3 focus slots painted, all match
2026-09-10T18:56:18.0535020Z A/dark: 41 bridged + 3 focus slots painted, all match
2026-09-10T18:56:18.0663322Z A/hc: 41 bridged + 3 focus slots painted, all match
2026-09-10T18:56:18.0821616Z B/base: 41 bridged + 3 focus slots painted, all match
2026-09-10T18:56:18.0940035Z B/dark: 41 bridged + 3 focus slots painted, all match
2026-09-10T18:56:18.1031812Z B/hc: 41 bridged + 3 focus slots painted, all match
2026-09-10T18:56:18.1511735Z 
2026-09-10T18:56:18.1513359Z rendered-surface proof: 264 computed-style assertions across 6 cells (246 bridged + 18 focus), plus 9 derived cross-brand identity checks over those same values
2026-09-10T18:56:18.1515193Z focus resolution, measured:
2026-09-10T18:56:18.1516678Z   A/base: ring-outer=oklch(0.495 0.17 45)  ring-inner=oklch(0.967 0.03 86)  text=oklch(0.495 0.17 45)
2026-09-10T18:56:18.1518032Z   A/dark: ring-outer=oklch(0.862 0.106 65)  ring-inner=oklch(0.18 0.05 45)  text=oklch(0.79 0.17 45)
2026-09-10T18:56:18.1519187Z   A/hc: ring-outer=rgba(0, 65, 198, 0.8)  ring-inner=rgb(255, 255, 255)  text=rgb(255, 255, 255)
2026-09-10T18:56:18.1520526Z   B/base: ring-outer=oklch(0.48 0.14 238)  ring-inner=oklch(0.97 0.015 230)  text=oklch(0.48 0.14 238)
2026-09-10T18:56:18.1521864Z   B/dark: ring-outer=oklch(0.868 0.1 238.4)  ring-inner=oklch(0.19 0.032 232)  text=oklch(0.8 0.16 232)
2026-09-10T18:56:18.1523229Z   B/hc: ring-outer=rgba(0, 65, 198, 0.8)  ring-inner=rgb(255, 255, 255)  text=rgb(255, 255, 255)
2026-09-10T18:56:18.1526742Z ✔ every bridged slot resolves in a real browser to the value its token source declares, and every focus slot resolves from the generated bridge (brand-distinct in base and dark, system-keyword-identical in hc)
2026-09-10T18:56:18.1782475Z ##[group]Run pnpm run a11y:diff
2026-09-10T18:56:18.1783033Z [36;1mpnpm run a11y:diff[0m
2026-09-10T18:56:18.1827524Z shell: /usr/bin/bash -e {0}
2026-09-10T18:56:18.1827814Z env:
2026-09-10T18:56:18.1828016Z   NODE_VERSION: 24
2026-09-10T18:56:18.1828315Z   PNPM_HOME: /home/runner/setup-pnpm/node_modules/.bin
2026-09-10T18:56:18.1828645Z ##[endgroup]
2026-09-10T18:56:18.6236107Z 
2026-09-10T18:56:18.6237518Z > @oods/foundry-mcp@0.1.0 prea11y:diff /home/runner/work/OODS-Forge/OODS-Forge
2026-09-10T18:56:18.6238932Z > pnpm --filter @oods/tokens run build
2026-09-10T18:56:18.6239639Z 
2026-09-10T18:56:19.1044006Z 
2026-09-10T18:56:19.1045150Z > @oods/tokens@0.1.0 build /home/runner/work/OODS-Forge/OODS-Forge/packages/tokens
2026-09-10T18:56:19.1046867Z > rimraf dist && node ./scripts/build.mjs && node ./scripts/build-entry.mjs
2026-09-10T18:56:19.1047748Z 
2026-09-10T18:56:19.4961836Z ✔︎ collision guard: no non-exempt collisions across 6 scopes
2026-09-10T18:56:19.4965215Z Building design tokens with Style Dictionary…
2026-09-10T18:56:19.5782847Z 
2026-09-10T18:56:19.5784082Z Token collisions detected (2):
2026-09-10T18:56:19.5785258Z Use log.verbosity "verbose" or use CLI option --verbose for more details.
2026-09-10T18:56:19.5787120Z Refer to: https://styledictionary.com/reference/logging/
2026-09-10T18:56:20.0998291Z 
2026-09-10T18:56:20.1003370Z ios-swift
2026-09-10T18:56:20.1004273Z ! dist/ios-swift/OodsTokens.swift, does not exist
2026-09-10T18:56:20.1014495Z 
2026-09-10T18:56:20.1014915Z compose
2026-09-10T18:56:20.1015803Z ! dist/compose/OodsTokens.kt, does not exist
2026-09-10T18:56:20.2400752Z 
2026-09-10T18:56:20.2401674Z ts
2026-09-10T18:56:20.2402576Z ! dist/ts/tokens.ts, does not exist
2026-09-10T18:56:20.2414220Z 
2026-09-10T18:56:20.2414705Z tailwind
2026-09-10T18:56:20.2415577Z ! dist/tailwind/tokens.json, does not exist
2026-09-10T18:56:21.1311227Z 
2026-09-10T18:56:21.1315076Z ios-swift
2026-09-10T18:56:21.1318224Z ✔︎ dist/ios-swift/OodsTokens.swift
2026-09-10T18:56:21.1318642Z 
2026-09-10T18:56:21.1318820Z compose
2026-09-10T18:56:21.1319369Z ✔︎ dist/compose/OodsTokens.kt
2026-09-10T18:56:21.1941631Z 
2026-09-10T18:56:21.1943098Z ts
2026-09-10T18:56:21.1944590Z ✔︎ dist/ts/tokens.ts
2026-09-10T18:56:21.1945312Z 
2026-09-10T18:56:21.1946430Z tailwind
2026-09-10T18:56:21.1949593Z ✔︎ dist/tailwind/tokens.json
2026-09-10T18:56:21.2777891Z 
2026-09-10T18:56:21.2778931Z Token collisions detected (2):
2026-09-10T18:56:21.2780514Z Use log.verbosity "verbose" or use CLI option --verbose for more details.
2026-09-10T18:56:21.2781850Z Refer to: https://styledictionary.com/reference/logging/
2026-09-10T18:56:21.4906798Z 
2026-09-10T18:56:21.4907841Z css
2026-09-10T18:56:21.4910090Z ✔︎ dist/css/tokens.css
2026-09-10T18:56:21.5344747Z 
2026-09-10T18:56:21.5345660Z Token collisions detected (2):
2026-09-10T18:56:21.5349917Z Use log.verbosity "verbose" or use CLI option --verbose for more details.
2026-09-10T18:56:21.5351286Z Refer to: https://styledictionary.com/reference/logging/
2026-09-10T18:56:21.6962036Z 
2026-09-10T18:56:21.6965807Z css
2026-09-10T18:56:21.6967561Z ✔︎ dist/css/tokens.css
2026-09-10T18:56:21.8646470Z 
2026-09-10T18:56:21.8647550Z Token collisions detected (252):
2026-09-10T18:56:21.8650327Z Use log.verbosity "verbose" or use CLI option --verbose for more details.
2026-09-10T18:56:21.8651308Z Refer to: https://styledictionary.com/reference/logging/
2026-09-10T18:56:22.0075125Z 
2026-09-10T18:56:22.0076276Z css
2026-09-10T18:56:22.0077912Z ✔︎ dist/css/tokens.css
2026-09-10T18:56:22.1466899Z 
2026-09-10T18:56:22.1468003Z Token collisions detected (227):
2026-09-10T18:56:22.1469574Z Use log.verbosity "verbose" or use CLI option --verbose for more details.
2026-09-10T18:56:22.1470905Z Refer to: https://styledictionary.com/reference/logging/
2026-09-10T18:56:22.2965324Z 
2026-09-10T18:56:22.2966320Z css
2026-09-10T18:56:22.2967742Z ✔︎ dist/css/tokens.css
2026-09-10T18:56:22.4467412Z 
2026-09-10T18:56:22.4468313Z Token collisions detected (2):
2026-09-10T18:56:22.4470406Z Use log.verbosity "verbose" or use CLI option --verbose for more details.
2026-09-10T18:56:22.4471795Z Refer to: https://styledictionary.com/reference/logging/
2026-09-10T18:56:22.5942570Z 
2026-09-10T18:56:22.5943458Z css
2026-09-10T18:56:22.5944793Z ✔︎ dist/css/tokens.css
2026-09-10T18:56:22.7242807Z 
2026-09-10T18:56:22.7243688Z Token collisions detected (252):
2026-09-10T18:56:22.7244958Z Use log.verbosity "verbose" or use CLI option --verbose for more details.
2026-09-10T18:56:22.7246359Z Refer to: https://styledictionary.com/reference/logging/
2026-09-10T18:56:22.8694681Z 
2026-09-10T18:56:22.8695377Z css
2026-09-10T18:56:22.8696663Z ✔︎ dist/css/tokens.css
2026-09-10T18:56:23.0007177Z 
2026-09-10T18:56:23.0008113Z Token collisions detected (227):
2026-09-10T18:56:23.0009288Z Use log.verbosity "verbose" or use CLI option --verbose for more details.
2026-09-10T18:56:23.0010462Z Refer to: https://styledictionary.com/reference/logging/
2026-09-10T18:56:23.1509988Z 
2026-09-10T18:56:23.1510680Z css
2026-09-10T18:56:23.1511832Z ✔︎ dist/css/tokens.css
2026-09-10T18:56:23.2843602Z 
2026-09-10T18:56:23.2845382Z Token collisions detected (2):
2026-09-10T18:56:23.2847035Z Use log.verbosity "verbose" or use CLI option --verbose for more details.
2026-09-10T18:56:23.2848252Z Refer to: https://styledictionary.com/reference/logging/
2026-09-10T18:56:23.4353427Z ✔︎ tokens built successfully in 3.94s
2026-09-10T18:56:23.4354551Z    css:      dist/css/tokens.css (6 brand × theme scopes)
2026-09-10T18:56:23.4355418Z    types:    dist/ts/tokens.ts
2026-09-10T18:56:23.4356406Z    tailwind: dist/tailwind/tokens.json
2026-09-10T18:56:23.4357208Z    ios:      dist/ios-swift/OodsTokens.swift
2026-09-10T18:56:23.4357975Z    compose:  dist/compose/OodsTokens.kt
2026-09-10T18:56:23.5471120Z 
2026-09-10T18:56:23.5472413Z > @oods/foundry-mcp@0.1.0 a11y:diff /home/runner/work/OODS-Forge/OODS-Forge
2026-09-10T18:56:23.5473565Z > node tools/a11y/index.mjs diff
2026-09-10T18:56:23.5474059Z 
2026-09-10T18:56:37.6863604Z [a11y] No new accessibility guardrail, contrast, or contract violations detected.
2026-09-10T18:56:37.7154360Z ##[group]Run # python3 + curl rather than `npx http-server`/`npx wait-on`: neither is a
2026-09-10T18:56:37.7155786Z [36;1m# python3 + curl rather than `npx http-server`/`npx wait-on`: neither is a[0m
2026-09-10T18:56:37.7157154Z [36;1m# dependency here, so npx would fetch them from the network on every run. Both of[0m
2026-09-10T18:56:37.7158137Z [36;1m# these ship on the runner. Same mechanism the local run uses.[0m
2026-09-10T18:56:37.7159056Z [36;1mpython3 -m http.server 6006 --bind 127.0.0.1 --directory storybook-static &[0m
2026-09-10T18:56:37.7159814Z [36;1mfor _ in $(seq 1 60); do[0m
2026-09-10T18:56:37.7160505Z [36;1m  curl -sf http://127.0.0.1:6006/index.json > /dev/null && break[0m
2026-09-10T18:56:37.7161177Z [36;1m  sleep 1[0m
2026-09-10T18:56:37.7161552Z [36;1mdone[0m
2026-09-10T18:56:37.7162045Z [36;1mcurl -sf http://127.0.0.1:6006/index.json > /dev/null[0m
2026-09-10T18:56:37.7162962Z [36;1mSTORYBOOK_EXTERNAL=1 STORYBOOK_URL=http://127.0.0.1:6006 pnpm run vrt:mobile[0m
2026-09-10T18:56:37.7163993Z [36;1mSTORYBOOK_EXTERNAL=1 STORYBOOK_URL=http://127.0.0.1:6006 pnpm run vrt:desktop[0m
2026-09-10T18:56:37.7215022Z shell: /usr/bin/bash -e {0}
2026-09-10T18:56:37.7215300Z env:
2026-09-10T18:56:37.7215501Z   NODE_VERSION: 24
2026-09-10T18:56:37.7215796Z   PNPM_HOME: /home/runner/setup-pnpm/node_modules/.bin
2026-09-10T18:56:37.7216454Z ##[endgroup]
2026-09-10T18:56:38.7574026Z 127.0.0.1 - - [10/Sep/2026 18:56:38] "GET /index.json HTTP/1.1" 200 -
2026-09-10T18:56:38.7636296Z 127.0.0.1 - - [10/Sep/2026 18:56:38] "GET /index.json HTTP/1.1" 200 -
2026-09-10T18:56:39.1857903Z 
2026-09-10T18:56:39.1859089Z > @oods/foundry-mcp@0.1.0 vrt:mobile /home/runner/work/OODS-Forge/OODS-Forge
2026-09-10T18:56:39.1860962Z > playwright test --config testkits/vrt/playwright.config.ts --project=mobile-375 --project=tablet-768
2026-09-10T18:56:39.1861983Z 
2026-09-10T18:56:40.3353949Z 
2026-09-10T18:56:40.3354833Z Running 18 tests using 1 worker
2026-09-10T18:56:41.2448358Z 127.0.0.1 - - [10/Sep/2026 18:56:41] "GET /iframe.html?id=contexts-view-collapse--drawer-at-wide-container&viewMode=story HTTP/1.1" 200 -
2026-09-10T18:56:41.2598744Z 127.0.0.1 - - [10/Sep/2026 18:56:41] "GET /vite-inject-mocker-entry.js HTTP/1.1" 200 -
2026-09-10T18:56:41.2675296Z 127.0.0.1 - - [10/Sep/2026 18:56:41] "GET /assets/iframe-DEME8l_W.css HTTP/1.1" 200 -
2026-09-10T18:56:41.2709657Z 127.0.0.1 - - [10/Sep/2026 18:56:41] "GET /assets/iframe-B2U7s5oI.js HTTP/1.1" 200 -
2026-09-10T18:56:41.2773704Z 127.0.0.1 - - [10/Sep/2026 18:56:41] "GET /assets/preload-helper-Dp1pzeXC.js HTTP/1.1" 200 -
2026-09-10T18:56:41.5595649Z 127.0.0.1 - - [10/Sep/2026 18:56:41] "GET /index.json HTTP/1.1" 200 -
2026-09-10T18:56:41.5767713Z 127.0.0.1 - - [10/Sep/2026 18:56:41] "GET /assets/view-collapse.stories-Czh-RD4G.js HTTP/1.1" 200 -
2026-09-10T18:56:41.5830457Z 127.0.0.1 - - [10/Sep/2026 18:56:41] "GET /assets/jsx-runtime-D_zvdyIk.js HTTP/1.1" 200 -
2026-09-10T18:56:41.5864791Z 127.0.0.1 - - [10/Sep/2026 18:56:41] "GET /assets/Sheet-DKj4xTqE.js HTTP/1.1" 200 -
2026-09-10T18:56:41.5893645Z 127.0.0.1 - - [10/Sep/2026 18:56:41] "GET /assets/OverlayRoot-Dui1RRJY.js HTTP/1.1" 200 -
2026-09-10T18:56:41.5895047Z 127.0.0.1 - - [10/Sep/2026 18:56:41] "GET /assets/index-B65wl_ui.js HTTP/1.1" 200 -
2026-09-10T18:56:41.5896700Z 127.0.0.1 - - [10/Sep/2026 18:56:41] "GET /assets/hooks-Cd-kVofq.js HTTP/1.1" 200 -
2026-09-10T18:56:41.6455833Z 127.0.0.1 - - [10/Sep/2026 18:56:41] "GET /assets/react-18-Db5SVzd2.js HTTP/1.1" 200 -
2026-09-10T18:56:41.7891057Z 127.0.0.1 - - [10/Sep/2026 18:56:41] "GET /assets/axe-C45S60kA.js HTTP/1.1" 200 -
2026-09-10T18:56:42.3159057Z 127.0.0.1 - - [10/Sep/2026 18:56:42] "GET /iframe.html?id=contexts-view-collapse--drawer-at-wide-container&viewMode=story HTTP/1.1" 200 -
2026-09-10T18:56:42.3298090Z 127.0.0.1 - - [10/Sep/2026 18:56:42] "GET /vite-inject-mocker-entry.js HTTP/1.1" 200 -
2026-09-10T18:56:42.3321279Z 127.0.0.1 - - [10/Sep/2026 18:56:42] "GET /assets/iframe-DEME8l_W.css HTTP/1.1" 200 -
2026-09-10T18:56:42.3329375Z 127.0.0.1 - - [10/Sep/2026 18:56:42] "GET /assets/iframe-B2U7s5oI.js HTTP/1.1" 200 -
2026-09-10T18:56:42.3331188Z 127.0.0.1 - - [10/Sep/2026 18:56:42] "GET /assets/preload-helper-Dp1pzeXC.js HTTP/1.1" 200 -
2026-09-10T18:56:42.5204116Z 127.0.0.1 - - [10/Sep/2026 18:56:42] "GET /index.json HTTP/1.1" 200 -
2026-09-10T18:56:42.5408495Z 127.0.0.1 - - [10/Sep/2026 18:56:42] "GET /assets/view-collapse.stories-Czh-RD4G.js HTTP/1.1" 200 -
2026-09-10T18:56:42.5413290Z 127.0.0.1 - - [10/Sep/2026 18:56:42] "GET /assets/Sheet-DKj4xTqE.js HTTP/1.1" 200 -
2026-09-10T18:56:42.5472791Z 127.0.0.1 - - [10/Sep/2026 18:56:42] "GET /assets/OverlayRoot-Dui1RRJY.js HTTP/1.1" 200 -
2026-09-10T18:56:42.5538726Z 127.0.0.1 - - [10/Sep/2026 18:56:42] "GET /assets/jsx-runtime-D_zvdyIk.js HTTP/1.1" 200 -
2026-09-10T18:56:42.5539853Z 127.0.0.1 - - [10/Sep/2026 18:56:42] "GET /assets/hooks-Cd-kVofq.js HTTP/1.1" 200 -
2026-09-10T18:56:42.5540906Z 127.0.0.1 - - [10/Sep/2026 18:56:42] "GET /assets/index-B65wl_ui.js HTTP/1.1" 200 -
2026-09-10T18:56:42.5987031Z 127.0.0.1 - - [10/Sep/2026 18:56:42] "GET /assets/react-18-Db5SVzd2.js HTTP/1.1" 200 -
2026-09-10T18:56:42.7371493Z 127.0.0.1 - - [10/Sep/2026 18:56:42] "GET /assets/axe-C45S60kA.js HTTP/1.1" 200 -
2026-09-10T18:56:43.2083364Z 127.0.0.1 - - [10/Sep/2026 18:56:43] "GET /iframe.html?id=contexts-view-collapse--rail-at-wide-container&viewMode=story HTTP/1.1" 200 -
2026-09-10T18:56:43.2213230Z 127.0.0.1 - - [10/Sep/2026 18:56:43] "GET /assets/iframe-DEME8l_W.css HTTP/1.1" 200 -
2026-09-10T18:56:43.2236935Z 127.0.0.1 - - [10/Sep/2026 18:56:43] "GET /vite-inject-mocker-entry.js HTTP/1.1" 200 -
2026-09-10T18:56:43.2277985Z 127.0.0.1 - - [10/Sep/2026 18:56:43] "GET /assets/iframe-B2U7s5oI.js HTTP/1.1" 200 -
2026-09-10T18:56:43.2279365Z 127.0.0.1 - - [10/Sep/2026 18:56:43] "GET /assets/preload-helper-Dp1pzeXC.js HTTP/1.1" 200 -
2026-09-10T18:56:43.4151191Z 127.0.0.1 - - [10/Sep/2026 18:56:43] "GET /index.json HTTP/1.1" 200 -
2026-09-10T18:56:43.4307487Z 127.0.0.1 - - [10/Sep/2026 18:56:43] "GET /assets/view-collapse.stories-Czh-RD4G.js HTTP/1.1" 200 -
2026-09-10T18:56:43.4341995Z 127.0.0.1 - - [10/Sep/2026 18:56:43] "GET /assets/jsx-runtime-D_zvdyIk.js HTTP/1.1" 200 -
2026-09-10T18:56:43.4396524Z 127.0.0.1 - - [10/Sep/2026 18:56:43] "GET /assets/Sheet-DKj4xTqE.js HTTP/1.1" 200 -
2026-09-10T18:56:43.4427885Z 127.0.0.1 - - [10/Sep/2026 18:56:43] "GET /assets/OverlayRoot-Dui1RRJY.js HTTP/1.1" 200 -
2026-09-10T18:56:43.4472799Z 127.0.0.1 - - [10/Sep/2026 18:56:43] "GET /assets/hooks-Cd-kVofq.js HTTP/1.1" 200 -
2026-09-10T18:56:43.4543484Z 127.0.0.1 - - [10/Sep/2026 18:56:43] "GET /assets/index-B65wl_ui.js HTTP/1.1" 200 -
2026-09-10T18:56:43.4952152Z 127.0.0.1 - - [10/Sep/2026 18:56:43] "GET /assets/react-18-Db5SVzd2.js HTTP/1.1" 200 -
2026-09-10T18:56:43.6674427Z 127.0.0.1 - - [10/Sep/2026 18:56:43] "GET /iframe.html?id=contexts-view-collapse--rail-at-wide-container&viewMode=story HTTP/1.1" 200 -
2026-09-10T18:56:43.6883896Z 127.0.0.1 - - [10/Sep/2026 18:56:43] "GET /assets/iframe-DEME8l_W.css HTTP/1.1" 200 -
2026-09-10T18:56:43.6895035Z 127.0.0.1 - - [10/Sep/2026 18:56:43] "GET /assets/iframe-B2U7s5oI.js HTTP/1.1" 200 -
2026-09-10T18:56:43.6896582Z 127.0.0.1 - - [10/Sep/2026 18:56:43] "GET /vite-inject-mocker-entry.js HTTP/1.1" 200 -
2026-09-10T18:56:43.6897990Z 127.0.0.1 - - [10/Sep/2026 18:56:43] "GET /assets/preload-helper-Dp1pzeXC.js HTTP/1.1" 200 -
2026-09-10T18:56:43.8751621Z 127.0.0.1 - - [10/Sep/2026 18:56:43] "GET /index.json HTTP/1.1" 200 -
2026-09-10T18:56:43.8907100Z 127.0.0.1 - - [10/Sep/2026 18:56:43] "GET /assets/view-collapse.stories-Czh-RD4G.js HTTP/1.1" 200 -
2026-09-10T18:56:43.9017580Z 127.0.0.1 - - [10/Sep/2026 18:56:43] "GET /assets/index-B65wl_ui.js HTTP/1.1" 200 -
2026-09-10T18:56:43.9037115Z 127.0.0.1 - - [10/Sep/2026 18:56:43] "GET /assets/jsx-runtime-D_zvdyIk.js HTTP/1.1" 200 -
2026-09-10T18:56:43.9052245Z 127.0.0.1 - - [10/Sep/2026 18:56:43] "GET /assets/Sheet-DKj4xTqE.js HTTP/1.1" 200 -
2026-09-10T18:56:43.9087958Z 127.0.0.1 - - [10/Sep/2026 18:56:43] "GET /assets/OverlayRoot-Dui1RRJY.js HTTP/1.1" 200 -
2026-09-10T18:56:43.9107009Z 127.0.0.1 - - [10/Sep/2026 18:56:43] "GET /assets/hooks-Cd-kVofq.js HTTP/1.1" 200 -
2026-09-10T18:56:43.9612225Z 127.0.0.1 - - [10/Sep/2026 18:56:43] "GET /assets/react-18-Db5SVzd2.js HTTP/1.1" 200 -
2026-09-10T18:56:44.1366554Z 127.0.0.1 - - [10/Sep/2026 18:56:44] "GET /iframe.html?id=contexts-view-collapse--rail-at-wide-container&viewMode=story HTTP/1.1" 200 -
2026-09-10T18:56:44.1557284Z 127.0.0.1 - - [10/Sep/2026 18:56:44] "GET /vite-inject-mocker-entry.js HTTP/1.1" 200 -
2026-09-10T18:56:44.1655581Z 127.0.0.1 - - [10/Sep/2026 18:56:44] "GET /assets/preload-helper-Dp1pzeXC.js HTTP/1.1" 200 -
2026-09-10T18:56:44.1685878Z 127.0.0.1 - - [10/Sep/2026 18:56:44] "GET /assets/iframe-DEME8l_W.css HTTP/1.1" 200 -
2026-09-10T18:56:44.1707777Z 127.0.0.1 - - [10/Sep/2026 18:56:44] "GET /assets/iframe-B2U7s5oI.js HTTP/1.1" 200 -
2026-09-10T18:56:44.3451668Z 127.0.0.1 - - [10/Sep/2026 18:56:44] "GET /index.json HTTP/1.1" 200 -
2026-09-10T18:56:44.3650071Z 127.0.0.1 - - [10/Sep/2026 18:56:44] "GET /assets/view-collapse.stories-Czh-RD4G.js HTTP/1.1" 200 -
2026-09-10T18:56:44.3676403Z 127.0.0.1 - - [10/Sep/2026 18:56:44] "GET /assets/jsx-runtime-D_zvdyIk.js HTTP/1.1" 200 -
2026-09-10T18:56:44.3677878Z 127.0.0.1 - - [10/Sep/2026 18:56:44] "GET /assets/Sheet-DKj4xTqE.js HTTP/1.1" 200 -
2026-09-10T18:56:44.3679453Z 127.0.0.1 - - [10/Sep/2026 18:56:44] "GET /assets/OverlayRoot-Dui1RRJY.js HTTP/1.1" 200 -
2026-09-10T18:56:44.3681077Z 127.0.0.1 - - [10/Sep/2026 18:56:44] "GET /assets/index-B65wl_ui.js HTTP/1.1" 200 -
2026-09-10T18:56:44.3685135Z 127.0.0.1 - - [10/Sep/2026 18:56:44] "GET /assets/hooks-Cd-kVofq.js HTTP/1.1" 200 -
2026-09-10T18:56:44.4186316Z 127.0.0.1 - - [10/Sep/2026 18:56:44] "GET /assets/react-18-Db5SVzd2.js HTTP/1.1" 200 -
2026-09-10T18:56:45.6379332Z 127.0.0.1 - - [10/Sep/2026 18:56:45] "GET /iframe.html?id=contexts-view-collapse--drawer-at-wide-container&viewMode=story HTTP/1.1" 200 -
2026-09-10T18:56:45.6545118Z 127.0.0.1 - - [10/Sep/2026 18:56:45] "GET /vite-inject-mocker-entry.js HTTP/1.1" 200 -
2026-09-10T18:56:45.6575013Z 127.0.0.1 - - [10/Sep/2026 18:56:45] "GET /assets/iframe-B2U7s5oI.js HTTP/1.1" 200 -
2026-09-10T18:56:45.6629655Z 127.0.0.1 - - [10/Sep/2026 18:56:45] "GET /assets/preload-helper-Dp1pzeXC.js HTTP/1.1" 200 -
2026-09-10T18:56:45.6677032Z 127.0.0.1 - - [10/Sep/2026 18:56:45] "GET /assets/iframe-DEME8l_W.css HTTP/1.1" 200 -
2026-09-10T18:56:45.8450921Z 127.0.0.1 - - [10/Sep/2026 18:56:45] "GET /index.json HTTP/1.1" 200 -
2026-09-10T18:56:45.8662065Z 127.0.0.1 - - [10/Sep/2026 18:56:45] "GET /assets/OverlayRoot-Dui1RRJY.js HTTP/1.1" 200 -
2026-09-10T18:56:45.8693295Z 127.0.0.1 - - [10/Sep/2026 18:56:45] "GET /assets/hooks-Cd-kVofq.js HTTP/1.1" 200 -
2026-09-10T18:56:45.8729270Z 127.0.0.1 - - [10/Sep/2026 18:56:45] "GET /assets/jsx-runtime-D_zvdyIk.js HTTP/1.1" 200 -
2026-09-10T18:56:45.8768347Z 127.0.0.1 - - [10/Sep/2026 18:56:45] "GET /assets/Sheet-DKj4xTqE.js HTTP/1.1" 200 -
2026-09-10T18:56:45.8808132Z 127.0.0.1 - - [10/Sep/2026 18:56:45] "GET /assets/index-B65wl_ui.js HTTP/1.1" 200 -
2026-09-10T18:56:45.8837237Z 127.0.0.1 - - [10/Sep/2026 18:56:45] "GET /assets/view-collapse.stories-Czh-RD4G.js HTTP/1.1" 200 -
2026-09-10T18:56:45.9238949Z 127.0.0.1 - - [10/Sep/2026 18:56:45] "GET /assets/react-18-Db5SVzd2.js HTTP/1.1" 200 -
2026-09-10T18:56:46.0639361Z 127.0.0.1 - - [10/Sep/2026 18:56:46] "GET /assets/axe-C45S60kA.js HTTP/1.1" 200 -
2026-09-10T18:56:46.3913834Z 127.0.0.1 - - [10/Sep/2026 18:56:46] "GET /iframe.html?id=contexts-view-collapse--drawer-at-wide-container&viewMode=story HTTP/1.1" 200 -
2026-09-10T18:56:46.4051431Z 127.0.0.1 - - [10/Sep/2026 18:56:46] "GET /vite-inject-mocker-entry.js HTTP/1.1" 200 -
2026-09-10T18:56:46.4073467Z 127.0.0.1 - - [10/Sep/2026 18:56:46] "GET /assets/iframe-DEME8l_W.css HTTP/1.1" 200 -
2026-09-10T18:56:46.4102222Z 127.0.0.1 - - [10/Sep/2026 18:56:46] "GET /assets/iframe-B2U7s5oI.js HTTP/1.1" 200 -
2026-09-10T18:56:46.4119383Z 127.0.0.1 - - [10/Sep/2026 18:56:46] "GET /assets/preload-helper-Dp1pzeXC.js HTTP/1.1" 200 -
2026-09-10T18:56:46.5937171Z 127.0.0.1 - - [10/Sep/2026 18:56:46] "GET /index.json HTTP/1.1" 200 -
2026-09-10T18:56:46.6133772Z 127.0.0.1 - - [10/Sep/2026 18:56:46] "GET /assets/view-collapse.stories-Czh-RD4G.js HTTP/1.1" 200 -
2026-09-10T18:56:46.6209920Z 127.0.0.1 - - [10/Sep/2026 18:56:46] "GET /assets/jsx-runtime-D_zvdyIk.js HTTP/1.1" 200 -
2026-09-10T18:56:46.6214001Z 127.0.0.1 - - [10/Sep/2026 18:56:46] "GET /assets/Sheet-DKj4xTqE.js HTTP/1.1" 200 -
2026-09-10T18:56:46.6215406Z 127.0.0.1 - - [10/Sep/2026 18:56:46] "GET /assets/OverlayRoot-Dui1RRJY.js HTTP/1.1" 200 -
2026-09-10T18:56:46.6217060Z 127.0.0.1 - - [10/Sep/2026 18:56:46] "GET /assets/hooks-Cd-kVofq.js HTTP/1.1" 200 -
2026-09-10T18:56:46.6218326Z 127.0.0.1 - - [10/Sep/2026 18:56:46] "GET /assets/index-B65wl_ui.js HTTP/1.1" 200 -
2026-09-10T18:56:46.6741598Z 127.0.0.1 - - [10/Sep/2026 18:56:46] "GET /assets/react-18-Db5SVzd2.js HTTP/1.1" 200 -
2026-09-10T18:56:46.8127094Z 127.0.0.1 - - [10/Sep/2026 18:56:46] "GET /assets/axe-C45S60kA.js HTTP/1.1" 200 -
2026-09-10T18:56:47.1609782Z 127.0.0.1 - - [10/Sep/2026 18:56:47] "GET /iframe.html?id=contexts-view-collapse--drawer-at-wide-container&viewMode=story HTTP/1.1" 200 -
2026-09-10T18:56:47.1771039Z 127.0.0.1 - - [10/Sep/2026 18:56:47] "GET /vite-inject-mocker-entry.js HTTP/1.1" 200 -
2026-09-10T18:56:47.1805031Z 127.0.0.1 - - [10/Sep/2026 18:56:47] "GET /assets/iframe-DEME8l_W.css HTTP/1.1" 200 -
2026-09-10T18:56:47.1832513Z 127.0.0.1 - - [10/Sep/2026 18:56:47] "GET /assets/iframe-B2U7s5oI.js HTTP/1.1" 200 -
2026-09-10T18:56:47.1874989Z 127.0.0.1 - - [10/Sep/2026 18:56:47] "GET /assets/preload-helper-Dp1pzeXC.js HTTP/1.1" 200 -
2026-09-10T18:56:47.3653780Z 127.0.0.1 - - [10/Sep/2026 18:56:47] "GET /index.json HTTP/1.1" 200 -
2026-09-10T18:56:47.3853626Z 127.0.0.1 - - [10/Sep/2026 18:56:47] "GET /assets/jsx-runtime-D_zvdyIk.js HTTP/1.1" 200 -
2026-09-10T18:56:47.3861757Z 127.0.0.1 - - [10/Sep/2026 18:56:47] "GET /assets/Sheet-DKj4xTqE.js HTTP/1.1" 200 -
2026-09-10T18:56:47.3901644Z 127.0.0.1 - - [10/Sep/2026 18:56:47] "GET /assets/OverlayRoot-Dui1RRJY.js HTTP/1.1" 200 -
2026-09-10T18:56:47.3924937Z 127.0.0.1 - - [10/Sep/2026 18:56:47] "GET /assets/index-B65wl_ui.js HTTP/1.1" 200 -
2026-09-10T18:56:47.3947266Z 127.0.0.1 - - [10/Sep/2026 18:56:47] "GET /assets/view-collapse.stories-Czh-RD4G.js HTTP/1.1" 200 -
2026-09-10T18:56:47.3967122Z 127.0.0.1 - - [10/Sep/2026 18:56:47] "GET /assets/hooks-Cd-kVofq.js HTTP/1.1" 200 -
2026-09-10T18:56:47.4446446Z 127.0.0.1 - - [10/Sep/2026 18:56:47] "GET /assets/react-18-Db5SVzd2.js HTTP/1.1" 200 -
2026-09-10T18:56:47.5955367Z 127.0.0.1 - - [10/Sep/2026 18:56:47] "GET /assets/axe-C45S60kA.js HTTP/1.1" 200 -
2026-09-10T18:56:47.9282054Z 127.0.0.1 - - [10/Sep/2026 18:56:47] "GET /iframe.html?id=contexts-view-collapse--drawer-at-wide-container&viewMode=story HTTP/1.1" 200 -
2026-09-10T18:56:47.9447652Z 127.0.0.1 - - [10/Sep/2026 18:56:47] "GET /vite-inject-mocker-entry.js HTTP/1.1" 200 -
2026-09-10T18:56:47.9500626Z 127.0.0.1 - - [10/Sep/2026 18:56:47] "GET /assets/iframe-B2U7s5oI.js HTTP/1.1" 200 -
2026-09-10T18:56:47.9543776Z 127.0.0.1 - - [10/Sep/2026 18:56:47] "GET /assets/iframe-DEME8l_W.css HTTP/1.1" 200 -
2026-09-10T18:56:47.9553224Z 127.0.0.1 - - [10/Sep/2026 18:56:47] "GET /assets/preload-helper-Dp1pzeXC.js HTTP/1.1" 200 -
2026-09-10T18:56:48.1351021Z 127.0.0.1 - - [10/Sep/2026 18:56:48] "GET /index.json HTTP/1.1" 200 -
2026-09-10T18:56:48.1608112Z 127.0.0.1 - - [10/Sep/2026 18:56:48] "GET /assets/jsx-runtime-D_zvdyIk.js HTTP/1.1" 200 -
2026-09-10T18:56:48.1629099Z 127.0.0.1 - - [10/Sep/2026 18:56:48] "GET /assets/OverlayRoot-Dui1RRJY.js HTTP/1.1" 200 -
2026-09-10T18:56:48.1656807Z 127.0.0.1 - - [10/Sep/2026 18:56:48] "GET /assets/hooks-Cd-kVofq.js HTTP/1.1" 200 -
2026-09-10T18:56:48.1674778Z 127.0.0.1 - - [10/Sep/2026 18:56:48] "GET /assets/Sheet-DKj4xTqE.js HTTP/1.1" 200 -
2026-09-10T18:56:48.1704208Z 127.0.0.1 - - [10/Sep/2026 18:56:48] "GET /assets/view-collapse.stories-Czh-RD4G.js HTTP/1.1" 200 -
2026-09-10T18:56:48.1725315Z 127.0.0.1 - - [10/Sep/2026 18:56:48] "GET /assets/index-B65wl_ui.js HTTP/1.1" 200 -
2026-09-10T18:56:48.2147859Z 127.0.0.1 - - [10/Sep/2026 18:56:48] "GET /assets/react-18-Db5SVzd2.js HTTP/1.1" 200 -
2026-09-10T18:56:49.2592978Z 127.0.0.1 - - [10/Sep/2026 18:56:49] "GET /iframe.html?id=contexts-view-collapse--drawer-at-wide-container&viewMode=story HTTP/1.1" 200 -
2026-09-10T18:56:49.2787725Z 127.0.0.1 - - [10/Sep/2026 18:56:49] "GET /vite-inject-mocker-entry.js HTTP/1.1" 200 -
2026-09-10T18:56:49.2824437Z 127.0.0.1 - - [10/Sep/2026 18:56:49] "GET /assets/iframe-B2U7s5oI.js HTTP/1.1" 200 -
2026-09-10T18:56:49.2825731Z 127.0.0.1 - - [10/Sep/2026 18:56:49] "GET /assets/preload-helper-Dp1pzeXC.js HTTP/1.1" 200 -
2026-09-10T18:56:49.2902124Z 127.0.0.1 - - [10/Sep/2026 18:56:49] "GET /assets/iframe-DEME8l_W.css HTTP/1.1" 200 -
2026-09-10T18:56:49.5555598Z 127.0.0.1 - - [10/Sep/2026 18:56:49] "GET /index.json HTTP/1.1" 200 -
2026-09-10T18:56:49.5925589Z 127.0.0.1 - - [10/Sep/2026 18:56:49] "GET /assets/view-collapse.stories-Czh-RD4G.js HTTP/1.1" 200 -
2026-09-10T18:56:49.6009932Z 127.0.0.1 - - [10/Sep/2026 18:56:49] "GET /assets/jsx-runtime-D_zvdyIk.js HTTP/1.1" 200 -
2026-09-10T18:56:49.6039954Z 127.0.0.1 - - [10/Sep/2026 18:56:49] "GET /assets/Sheet-DKj4xTqE.js HTTP/1.1" 200 -
2026-09-10T18:56:49.6104524Z 127.0.0.1 - - [10/Sep/2026 18:56:49] "GET /assets/OverlayRoot-Dui1RRJY.js HTTP/1.1" 200 -
2026-09-10T18:56:49.6127992Z 127.0.0.1 - - [10/Sep/2026 18:56:49] "GET /assets/hooks-Cd-kVofq.js HTTP/1.1" 200 -
2026-09-10T18:56:49.6187832Z 127.0.0.1 - - [10/Sep/2026 18:56:49] "GET /assets/index-B65wl_ui.js HTTP/1.1" 200 -
2026-09-10T18:56:49.6725890Z 127.0.0.1 - - [10/Sep/2026 18:56:49] "GET /assets/react-18-Db5SVzd2.js HTTP/1.1" 200 -
2026-09-10T18:56:49.8142042Z 127.0.0.1 - - [10/Sep/2026 18:56:49] "GET /assets/axe-C45S60kA.js HTTP/1.1" 200 -
2026-09-10T18:56:50.3340910Z 127.0.0.1 - - [10/Sep/2026 18:56:50] "GET /iframe.html?id=contexts-view-collapse--drawer-at-wide-container&viewMode=story HTTP/1.1" 200 -
2026-09-10T18:56:50.3447248Z 127.0.0.1 - - [10/Sep/2026 18:56:50] "GET /vite-inject-mocker-entry.js HTTP/1.1" 200 -
2026-09-10T18:56:50.3509233Z 127.0.0.1 - - [10/Sep/2026 18:56:50] "GET /assets/iframe-DEME8l_W.css HTTP/1.1" 200 -
2026-09-10T18:56:50.3527636Z 127.0.0.1 - - [10/Sep/2026 18:56:50] "GET /assets/iframe-B2U7s5oI.js HTTP/1.1" 200 -
2026-09-10T18:56:50.3553598Z 127.0.0.1 - - [10/Sep/2026 18:56:50] "GET /assets/preload-helper-Dp1pzeXC.js HTTP/1.1" 200 -
2026-09-10T18:56:50.5361592Z 127.0.0.1 - - [10/Sep/2026 18:56:50] "GET /index.json HTTP/1.1" 200 -
2026-09-10T18:56:50.5570492Z 127.0.0.1 - - [10/Sep/2026 18:56:50] "GET /assets/view-collapse.stories-Czh-RD4G.js HTTP/1.1" 200 -
2026-09-10T18:56:50.5637158Z 127.0.0.1 - - [10/Sep/2026 18:56:50] "GET /assets/jsx-runtime-D_zvdyIk.js HTTP/1.1" 200 -
2026-09-10T18:56:50.5660679Z 127.0.0.1 - - [10/Sep/2026 18:56:50] "GET /assets/Sheet-DKj4xTqE.js HTTP/1.1" 200 -
2026-09-10T18:56:50.5717082Z 127.0.0.1 - - [10/Sep/2026 18:56:50] "GET /assets/OverlayRoot-Dui1RRJY.js HTTP/1.1" 200 -
2026-09-10T18:56:50.5751627Z 127.0.0.1 - - [10/Sep/2026 18:56:50] "GET /assets/hooks-Cd-kVofq.js HTTP/1.1" 200 -
2026-09-10T18:56:50.5781194Z 127.0.0.1 - - [10/Sep/2026 18:56:50] "GET /assets/index-B65wl_ui.js HTTP/1.1" 200 -
2026-09-10T18:56:50.6173303Z 127.0.0.1 - - [10/Sep/2026 18:56:50] "GET /assets/react-18-Db5SVzd2.js HTTP/1.1" 200 -
2026-09-10T18:56:50.7553401Z 127.0.0.1 - - [10/Sep/2026 18:56:50] "GET /assets/axe-C45S60kA.js HTTP/1.1" 200 -
2026-09-10T18:56:51.2314552Z 127.0.0.1 - - [10/Sep/2026 18:56:51] "GET /iframe.html?id=contexts-view-collapse--rail-at-wide-container&viewMode=story HTTP/1.1" 200 -
2026-09-10T18:56:51.2441785Z 127.0.0.1 - - [10/Sep/2026 18:56:51] "GET /vite-inject-mocker-entry.js HTTP/1.1" 200 -
2026-09-10T18:56:51.2459295Z 127.0.0.1 - - [10/Sep/2026 18:56:51] "GET /assets/iframe-B2U7s5oI.js HTTP/1.1" 200 -
2026-09-10T18:56:51.2493942Z 127.0.0.1 - - [10/Sep/2026 18:56:51] "GET /assets/preload-helper-Dp1pzeXC.js HTTP/1.1" 200 -
2026-09-10T18:56:51.2517984Z 127.0.0.1 - - [10/Sep/2026 18:56:51] "GET /assets/iframe-DEME8l_W.css HTTP/1.1" 200 -
2026-09-10T18:56:51.4338730Z 127.0.0.1 - - [10/Sep/2026 18:56:51] "GET /index.json HTTP/1.1" 200 -
2026-09-10T18:56:51.4581413Z 127.0.0.1 - - [10/Sep/2026 18:56:51] "GET /assets/jsx-runtime-D_zvdyIk.js HTTP/1.1" 200 -
2026-09-10T18:56:51.4618109Z 127.0.0.1 - - [10/Sep/2026 18:56:51] "GET /assets/OverlayRoot-Dui1RRJY.js HTTP/1.1" 200 -
2026-09-10T18:56:51.4637969Z 127.0.0.1 - - [10/Sep/2026 18:56:51] "GET /assets/hooks-Cd-kVofq.js HTTP/1.1" 200 -
2026-09-10T18:56:51.4667253Z 127.0.0.1 - - [10/Sep/2026 18:56:51] "GET /assets/Sheet-DKj4xTqE.js HTTP/1.1" 200 -
2026-09-10T18:56:51.4668551Z 127.0.0.1 - - [10/Sep/2026 18:56:51] "GET /assets/index-B65wl_ui.js HTTP/1.1" 200 -
2026-09-10T18:56:51.4687360Z 127.0.0.1 - - [10/Sep/2026 18:56:51] "GET /assets/view-collapse.stories-Czh-RD4G.js HTTP/1.1" 200 -
2026-09-10T18:56:51.5110800Z 127.0.0.1 - - [10/Sep/2026 18:56:51] "GET /assets/react-18-Db5SVzd2.js HTTP/1.1" 200 -
2026-09-10T18:56:51.6858131Z 127.0.0.1 - - [10/Sep/2026 18:56:51] "GET /iframe.html?id=contexts-view-collapse--rail-at-wide-container&viewMode=story HTTP/1.1" 200 -
2026-09-10T18:56:51.7008356Z 127.0.0.1 - - [10/Sep/2026 18:56:51] "GET /vite-inject-mocker-entry.js HTTP/1.1" 200 -
2026-09-10T18:56:51.7032864Z 127.0.0.1 - - [10/Sep/2026 18:56:51] "GET /assets/iframe-DEME8l_W.css HTTP/1.1" 200 -
2026-09-10T18:56:51.7039079Z 127.0.0.1 - - [10/Sep/2026 18:56:51] "GET /assets/iframe-B2U7s5oI.js HTTP/1.1" 200 -
2026-09-10T18:56:51.7041045Z 127.0.0.1 - - [10/Sep/2026 18:56:51] "GET /assets/preload-helper-Dp1pzeXC.js HTTP/1.1" 200 -
2026-09-10T18:56:51.8907050Z 127.0.0.1 - - [10/Sep/2026 18:56:51] "GET /index.json HTTP/1.1" 200 -
2026-09-10T18:56:51.9109106Z 127.0.0.1 - - [10/Sep/2026 18:56:51] "GET /assets/view-collapse.stories-Czh-RD4G.js HTTP/1.1" 200 -
2026-09-10T18:56:51.9147327Z 127.0.0.1 - - [10/Sep/2026 18:56:51] "GET /assets/jsx-runtime-D_zvdyIk.js HTTP/1.1" 200 -
2026-09-10T18:56:51.9174649Z 127.0.0.1 - - [10/Sep/2026 18:56:51] "GET /assets/Sheet-DKj4xTqE.js HTTP/1.1" 200 -
2026-09-10T18:56:51.9208949Z 127.0.0.1 - - [10/Sep/2026 18:56:51] "GET /assets/hooks-Cd-kVofq.js HTTP/1.1" 200 -
2026-09-10T18:56:51.9229032Z 127.0.0.1 - - [10/Sep/2026 18:56:51] "GET /assets/OverlayRoot-Dui1RRJY.js HTTP/1.1" 200 -
2026-09-10T18:56:51.9248431Z 127.0.0.1 - - [10/Sep/2026 18:56:51] "GET /assets/index-B65wl_ui.js HTTP/1.1" 200 -
2026-09-10T18:56:51.9733090Z 127.0.0.1 - - [10/Sep/2026 18:56:51] "GET /assets/react-18-Db5SVzd2.js HTTP/1.1" 200 -
2026-09-10T18:56:52.1375544Z 127.0.0.1 - - [10/Sep/2026 18:56:52] "GET /iframe.html?id=contexts-view-collapse--rail-at-wide-container&viewMode=story HTTP/1.1" 200 -
2026-09-10T18:56:52.1525226Z 127.0.0.1 - - [10/Sep/2026 18:56:52] "GET /vite-inject-mocker-entry.js HTTP/1.1" 200 -
2026-09-10T18:56:52.1593964Z 127.0.0.1 - - [10/Sep/2026 18:56:52] "GET /assets/iframe-B2U7s5oI.js HTTP/1.1" 200 -
2026-09-10T18:56:52.1634244Z 127.0.0.1 - - [10/Sep/2026 18:56:52] "GET /assets/preload-helper-Dp1pzeXC.js HTTP/1.1" 200 -
2026-09-10T18:56:52.1678386Z 127.0.0.1 - - [10/Sep/2026 18:56:52] "GET /assets/iframe-DEME8l_W.css HTTP/1.1" 200 -
2026-09-10T18:56:52.3497460Z 127.0.0.1 - - [10/Sep/2026 18:56:52] "GET /index.json HTTP/1.1" 200 -
2026-09-10T18:56:52.3714431Z 127.0.0.1 - - [10/Sep/2026 18:56:52] "GET /assets/jsx-runtime-D_zvdyIk.js HTTP/1.1" 200 -
2026-09-10T18:56:52.3798037Z 127.0.0.1 - - [10/Sep/2026 18:56:52] "GET /assets/view-collapse.stories-Czh-RD4G.js HTTP/1.1" 200 -
2026-09-10T18:56:52.3842527Z 127.0.0.1 - - [10/Sep/2026 18:56:52] "GET /assets/OverlayRoot-Dui1RRJY.js HTTP/1.1" 200 -
2026-09-10T18:56:52.3895633Z 127.0.0.1 - - [10/Sep/2026 18:56:52] "GET /assets/Sheet-DKj4xTqE.js HTTP/1.1" 200 -
2026-09-10T18:56:52.3977089Z 127.0.0.1 - - [10/Sep/2026 18:56:52] "GET /assets/hooks-Cd-kVofq.js HTTP/1.1" 200 -
2026-09-10T18:56:52.3985450Z 127.0.0.1 - - [10/Sep/2026 18:56:52] "GET /assets/index-B65wl_ui.js HTTP/1.1" 200 -
2026-09-10T18:56:52.4289646Z 127.0.0.1 - - [10/Sep/2026 18:56:52] "GET /assets/react-18-Db5SVzd2.js HTTP/1.1" 200 -
2026-09-10T18:56:53.6933604Z 127.0.0.1 - - [10/Sep/2026 18:56:53] "GET /iframe.html?id=contexts-view-collapse--drawer-at-wide-container&viewMode=story HTTP/1.1" 200 -
2026-09-10T18:56:53.7063384Z 127.0.0.1 - - [10/Sep/2026 18:56:53] "GET /vite-inject-mocker-entry.js HTTP/1.1" 200 -
2026-09-10T18:56:53.7130579Z 127.0.0.1 - - [10/Sep/2026 18:56:53] "GET /assets/iframe-DEME8l_W.css HTTP/1.1" 200 -
2026-09-10T18:56:53.7150206Z 127.0.0.1 - - [10/Sep/2026 18:56:53] "GET /assets/iframe-B2U7s5oI.js HTTP/1.1" 200 -
2026-09-10T18:56:53.7172235Z 127.0.0.1 - - [10/Sep/2026 18:56:53] "GET /assets/preload-helper-Dp1pzeXC.js HTTP/1.1" 200 -
2026-09-10T18:56:53.8998293Z 127.0.0.1 - - [10/Sep/2026 18:56:53] "GET /index.json HTTP/1.1" 200 -
2026-09-10T18:56:53.9183220Z 127.0.0.1 - - [10/Sep/2026 18:56:53] "GET /assets/jsx-runtime-D_zvdyIk.js HTTP/1.1" 200 -
2026-09-10T18:56:53.9197587Z 127.0.0.1 - - [10/Sep/2026 18:56:53] "GET /assets/index-B65wl_ui.js HTTP/1.1" 200 -
2026-09-10T18:56:53.9230565Z 127.0.0.1 - - [10/Sep/2026 18:56:53] "GET /assets/Sheet-DKj4xTqE.js HTTP/1.1" 200 -
2026-09-10T18:56:53.9231977Z 127.0.0.1 - - [10/Sep/2026 18:56:53] "GET /assets/OverlayRoot-Dui1RRJY.js HTTP/1.1" 200 -
2026-09-10T18:56:53.9257556Z 127.0.0.1 - - [10/Sep/2026 18:56:53] "GET /assets/view-collapse.stories-Czh-RD4G.js HTTP/1.1" 200 -
2026-09-10T18:56:53.9283945Z 127.0.0.1 - - [10/Sep/2026 18:56:53] "GET /assets/hooks-Cd-kVofq.js HTTP/1.1" 200 -
2026-09-10T18:56:53.9768955Z 127.0.0.1 - - [10/Sep/2026 18:56:53] "GET /assets/react-18-Db5SVzd2.js HTTP/1.1" 200 -
2026-09-10T18:56:54.1155935Z 127.0.0.1 - - [10/Sep/2026 18:56:54] "GET /assets/axe-C45S60kA.js HTTP/1.1" 200 -
2026-09-10T18:56:54.4444539Z 127.0.0.1 - - [10/Sep/2026 18:56:54] "GET /iframe.html?id=contexts-view-collapse--drawer-at-wide-container&viewMode=story HTTP/1.1" 200 -
2026-09-10T18:56:54.4614886Z 127.0.0.1 - - [10/Sep/2026 18:56:54] "GET /vite-inject-mocker-entry.js HTTP/1.1" 200 -
2026-09-10T18:56:54.4639340Z 127.0.0.1 - - [10/Sep/2026 18:56:54] "GET /assets/iframe-B2U7s5oI.js HTTP/1.1" 200 -
2026-09-10T18:56:54.4654371Z 127.0.0.1 - - [10/Sep/2026 18:56:54] "GET /assets/iframe-DEME8l_W.css HTTP/1.1" 200 -
2026-09-10T18:56:54.4711766Z 127.0.0.1 - - [10/Sep/2026 18:56:54] "GET /assets/preload-helper-Dp1pzeXC.js HTTP/1.1" 200 -
2026-09-10T18:56:54.6533079Z 127.0.0.1 - - [10/Sep/2026 18:56:54] "GET /index.json HTTP/1.1" 200 -
2026-09-10T18:56:54.6817933Z 127.0.0.1 - - [10/Sep/2026 18:56:54] "GET /assets/view-collapse.stories-Czh-RD4G.js HTTP/1.1" 200 -
2026-09-10T18:56:54.6914343Z 127.0.0.1 - - [10/Sep/2026 18:56:54] "GET /assets/jsx-runtime-D_zvdyIk.js HTTP/1.1" 200 -
2026-09-10T18:56:54.6947511Z 127.0.0.1 - - [10/Sep/2026 18:56:54] "GET /assets/Sheet-DKj4xTqE.js HTTP/1.1" 200 -
2026-09-10T18:56:54.6949338Z 127.0.0.1 - - [10/Sep/2026 18:56:54] "GET /assets/OverlayRoot-Dui1RRJY.js HTTP/1.1" 200 -
2026-09-10T18:56:54.6950688Z 127.0.0.1 - - [10/Sep/2026 18:56:54] "GET /assets/hooks-Cd-kVofq.js HTTP/1.1" 200 -
2026-09-10T18:56:54.6951988Z 127.0.0.1 - - [10/Sep/2026 18:56:54] "GET /assets/index-B65wl_ui.js HTTP/1.1" 200 -
2026-09-10T18:56:54.7437494Z 127.0.0.1 - - [10/Sep/2026 18:56:54] "GET /assets/react-18-Db5SVzd2.js HTTP/1.1" 200 -
2026-09-10T18:56:54.8955509Z 127.0.0.1 - - [10/Sep/2026 18:56:54] "GET /assets/axe-C45S60kA.js HTTP/1.1" 200 -
2026-09-10T18:56:55.2394819Z 127.0.0.1 - - [10/Sep/2026 18:56:55] "GET /iframe.html?id=contexts-view-collapse--drawer-at-wide-container&viewMode=story HTTP/1.1" 200 -
2026-09-10T18:56:55.2581857Z 127.0.0.1 - - [10/Sep/2026 18:56:55] "GET /vite-inject-mocker-entry.js HTTP/1.1" 200 -
2026-09-10T18:56:55.2587043Z 127.0.0.1 - - [10/Sep/2026 18:56:55] "GET /assets/preload-helper-Dp1pzeXC.js HTTP/1.1" 200 -
2026-09-10T18:56:55.2588496Z 127.0.0.1 - - [10/Sep/2026 18:56:55] "GET /assets/iframe-DEME8l_W.css HTTP/1.1" 200 -
2026-09-10T18:56:55.2589957Z 127.0.0.1 - - [10/Sep/2026 18:56:55] "GET /assets/iframe-B2U7s5oI.js HTTP/1.1" 200 -
2026-09-10T18:56:55.4460432Z 127.0.0.1 - - [10/Sep/2026 18:56:55] "GET /index.json HTTP/1.1" 200 -
2026-09-10T18:56:55.4709667Z 127.0.0.1 - - [10/Sep/2026 18:56:55] "GET /assets/Sheet-DKj4xTqE.js HTTP/1.1" 200 -
2026-09-10T18:56:55.4719172Z 127.0.0.1 - - [10/Sep/2026 18:56:55] "GET /assets/index-B65wl_ui.js HTTP/1.1" 200 -
2026-09-10T18:56:55.4720838Z 127.0.0.1 - - [10/Sep/2026 18:56:55] "GET /assets/hooks-Cd-kVofq.js HTTP/1.1" 200 -
2026-09-10T18:56:55.4722280Z 127.0.0.1 - - [10/Sep/2026 18:56:55] "GET /assets/view-collapse.stories-Czh-RD4G.js HTTP/1.1" 200 -
2026-09-10T18:56:55.4723751Z 127.0.0.1 - - [10/Sep/2026 18:56:55] "GET /assets/OverlayRoot-Dui1RRJY.js HTTP/1.1" 200 -
2026-09-10T18:56:55.4725109Z 127.0.0.1 - - [10/Sep/2026 18:56:55] "GET /assets/jsx-runtime-D_zvdyIk.js HTTP/1.1" 200 -
2026-09-10T18:56:55.5232998Z 127.0.0.1 - - [10/Sep/2026 18:56:55] "GET /assets/react-18-Db5SVzd2.js HTTP/1.1" 200 -
2026-09-10T18:56:55.6622642Z 127.0.0.1 - - [10/Sep/2026 18:56:55] "GET /assets/axe-C45S60kA.js HTTP/1.1" 200 -
2026-09-10T18:56:55.9950115Z 127.0.0.1 - - [10/Sep/2026 18:56:55] "GET /iframe.html?id=contexts-view-collapse--drawer-at-wide-container&viewMode=story HTTP/1.1" 200 -
2026-09-10T18:56:56.0120039Z 127.0.0.1 - - [10/Sep/2026 18:56:56] "GET /vite-inject-mocker-entry.js HTTP/1.1" 200 -
2026-09-10T18:56:56.0142501Z 127.0.0.1 - - [10/Sep/2026 18:56:56] "GET /assets/iframe-DEME8l_W.css HTTP/1.1" 200 -
2026-09-10T18:56:56.0152442Z 127.0.0.1 - - [10/Sep/2026 18:56:56] "GET /assets/iframe-B2U7s5oI.js HTTP/1.1" 200 -
2026-09-10T18:56:56.0153858Z 127.0.0.1 - - [10/Sep/2026 18:56:56] "GET /assets/preload-helper-Dp1pzeXC.js HTTP/1.1" 200 -
2026-09-10T18:56:56.2017716Z 127.0.0.1 - - [10/Sep/2026 18:56:56] "GET /index.json HTTP/1.1" 200 -
2026-09-10T18:56:56.2200290Z 127.0.0.1 - - [10/Sep/2026 18:56:56] "GET /assets/view-collapse.stories-Czh-RD4G.js HTTP/1.1" 200 -
2026-09-10T18:56:56.2262285Z 127.0.0.1 - - [10/Sep/2026 18:56:56] "GET /assets/jsx-runtime-D_zvdyIk.js HTTP/1.1" 200 -
2026-09-10T18:56:56.2298995Z 127.0.0.1 - - [10/Sep/2026 18:56:56] "GET /assets/OverlayRoot-Dui1RRJY.js HTTP/1.1" 200 -
2026-09-10T18:56:56.2340168Z 127.0.0.1 - - [10/Sep/2026 18:56:56] "GET /assets/Sheet-DKj4xTqE.js HTTP/1.1" 200 -
2026-09-10T18:56:56.2393603Z 127.0.0.1 - - [10/Sep/2026 18:56:56] "GET /assets/index-B65wl_ui.js HTTP/1.1" 200 -
2026-09-10T18:56:56.2457221Z 127.0.0.1 - - [10/Sep/2026 18:56:56] "GET /assets/hooks-Cd-kVofq.js HTTP/1.1" 200 -
2026-09-10T18:56:56.2813313Z 127.0.0.1 - - [10/Sep/2026 18:56:56] "GET /assets/react-18-Db5SVzd2.js HTTP/1.1" 200 -
2026-09-10T18:56:56.4325811Z ··················
2026-09-10T18:56:56.4329720Z   18 passed (16.2s)
2026-09-10T18:56:56.9146679Z 
2026-09-10T18:56:56.9147909Z > @oods/foundry-mcp@0.1.0 vrt:desktop /home/runner/work/OODS-Forge/OODS-Forge
2026-09-10T18:56:56.9149605Z > playwright test --config testkits/vrt/playwright.config.ts --project=chromium
2026-09-10T18:56:56.9150439Z 
2026-09-10T18:56:58.0321582Z 
2026-09-10T18:56:58.0322107Z Running 2 tests using 1 worker
2026-09-10T18:56:58.7307669Z 127.0.0.1 - - [10/Sep/2026 18:56:58] "GET /index.json HTTP/1.1" 200 -
2026-09-10T18:56:59.0070686Z 127.0.0.1 - - [10/Sep/2026 18:56:59] "GET /iframe.html?id=components-primitives-text-field--form-example&viewMode=story HTTP/1.1" 200 -
2026-09-10T18:56:59.0239091Z 127.0.0.1 - - [10/Sep/2026 18:56:59] "GET /assets/preload-helper-Dp1pzeXC.js HTTP/1.1" 200 -
2026-09-10T18:56:59.0322363Z 127.0.0.1 - - [10/Sep/2026 18:56:59] "GET /vite-inject-mocker-entry.js HTTP/1.1" 200 -
2026-09-10T18:56:59.0334829Z 127.0.0.1 - - [10/Sep/2026 18:56:59] "GET /assets/iframe-B2U7s5oI.js HTTP/1.1" 200 -
2026-09-10T18:56:59.0397953Z 127.0.0.1 - - [10/Sep/2026 18:56:59] "GET /assets/iframe-DEME8l_W.css HTTP/1.1" 200 -
2026-09-10T18:56:59.3217508Z 127.0.0.1 - - [10/Sep/2026 18:56:59] "GET /index.json HTTP/1.1" 200 -
2026-09-10T18:56:59.3600310Z 127.0.0.1 - - [10/Sep/2026 18:56:59] "GET /assets/TextField.stories-DUNYIm9h.js HTTP/1.1" 200 -
2026-09-10T18:56:59.3690671Z 127.0.0.1 - - [10/Sep/2026 18:56:59] "GET /assets/fields-5s2guRpL.js HTTP/1.1" 200 -
2026-09-10T18:56:59.3737128Z 127.0.0.1 - - [10/Sep/2026 18:56:59] "GET /assets/jsx-runtime-D_zvdyIk.js HTTP/1.1" 200 -
2026-09-10T18:56:59.3847988Z 127.0.0.1 - - [10/Sep/2026 18:56:59] "GET /assets/presentational-Dv5jp75C.js HTTP/1.1" 200 -
2026-09-10T18:56:59.3898308Z 127.0.0.1 - - [10/Sep/2026 18:56:59] "GET /assets/status-JQOYCq9x.js HTTP/1.1" 200 -
2026-09-10T18:56:59.4177585Z 127.0.0.1 - - [10/Sep/2026 18:56:59] "GET /assets/react-18-Db5SVzd2.js HTTP/1.1" 200 -
2026-09-10T18:56:59.6869613Z 127.0.0.1 - - [10/Sep/2026 18:56:59] "GET /index.json HTTP/1.1" 200 -
2026-09-10T18:56:59.7559741Z 127.0.0.1 - - [10/Sep/2026 18:56:59] "GET /iframe.html?id=components-statusables-toast--default&viewMode=story HTTP/1.1" 200 -
2026-09-10T18:56:59.7735080Z 127.0.0.1 - - [10/Sep/2026 18:56:59] "GET /assets/iframe-DEME8l_W.css HTTP/1.1" 200 -
2026-09-10T18:56:59.7780189Z 127.0.0.1 - - [10/Sep/2026 18:56:59] "GET /vite-inject-mocker-entry.js HTTP/1.1" 200 -
2026-09-10T18:56:59.7808012Z 127.0.0.1 - - [10/Sep/2026 18:56:59] "GET /assets/preload-helper-Dp1pzeXC.js HTTP/1.1" 200 -
2026-09-10T18:56:59.7820476Z 127.0.0.1 - - [10/Sep/2026 18:56:59] "GET /assets/iframe-B2U7s5oI.js HTTP/1.1" 200 -
2026-09-10T18:56:59.9690746Z 127.0.0.1 - - [10/Sep/2026 18:56:59] "GET /index.json HTTP/1.1" 200 -
2026-09-10T18:56:59.9859611Z 127.0.0.1 - - [10/Sep/2026 18:56:59] "GET /assets/jsx-runtime-D_zvdyIk.js HTTP/1.1" 200 -
2026-09-10T18:56:59.9870019Z 127.0.0.1 - - [10/Sep/2026 18:56:59] "GET /assets/Toast.stories-CJYefITB.js HTTP/1.1" 200 -
2026-09-10T18:56:59.9915735Z 127.0.0.1 - - [10/Sep/2026 18:56:59] "GET /assets/withPage-DAPUertW.js HTTP/1.1" 200 -
2026-09-10T18:56:59.9950626Z 127.0.0.1 - - [10/Sep/2026 18:56:59] "GET /assets/Toast-xqDixdnT.js HTTP/1.1" 200 -
2026-09-10T18:56:59.9951990Z 127.0.0.1 - - [10/Sep/2026 18:56:59] "GET /assets/status-JQOYCq9x.js HTTP/1.1" 200 -
2026-09-10T18:57:00.0306957Z 127.0.0.1 - - [10/Sep/2026 18:57:00] "GET /assets/react-18-Db5SVzd2.js HTTP/1.1" 200 -
2026-09-10T18:57:00.2488189Z ··
2026-09-10T18:57:00.2492264Z   2 passed (2.5s)
2026-09-10T18:57:05.3097921Z Node 20 is being deprecated. This workflow is running with Node 24 by default. If you need to temporarily use Node 20, you can set the ACTIONS_ALLOW_USE_UNSECURE_NODE_VERSION=true environment variable. For more information see: https://github.blog/changelog/2025-09-19-deprecation-of-node-20-on-github-actions-runners/
2026-09-10T18:57:05.3100322Z ##[group]Run actions/upload-artifact@v4
2026-09-10T18:57:05.3100847Z with:
2026-09-10T18:57:05.3101220Z   name: a11y-guardrail-34516958558
2026-09-10T18:57:05.3101727Z   path: tools/a11y/reports/
2026-09-10T18:57:05.3102196Z   if-no-files-found: warn
2026-09-10T18:57:05.3102653Z   compression-level: 6
2026-09-10T18:57:05.3103078Z   overwrite: false
2026-09-10T18:57:05.3103492Z   include-hidden-files: false
2026-09-10T18:57:05.3103921Z env:
2026-09-10T18:57:05.3104268Z   NODE_VERSION: 24
2026-09-10T18:57:05.3104746Z   PNPM_HOME: /home/runner/setup-pnpm/node_modules/.bin
2026-09-10T18:57:05.3105336Z ##[endgroup]
2026-09-10T18:57:07.2496651Z (node:4386) [DEP0040] DeprecationWarning: The `punycode` module is deprecated. Please use a userland alternative instead.
2026-09-10T18:57:07.2498342Z (Use `node --trace-deprecation ...` to show where the warning was created)
2026-09-10T18:57:07.2500407Z (node:4386) [DEP0169] DeprecationWarning: `url.parse()` behavior is not standardized and prone to errors that have security implications. Use the WHATWG URL API instead. CVEs are not issued for `url.parse()` vulnerabilities.
2026-09-10T18:57:07.2505060Z With the provided path, there will be 1 file uploaded
2026-09-10T18:57:07.2506331Z Artifact name is valid!
2026-09-10T18:57:07.2506951Z Root directory input is valid!
2026-09-10T18:57:07.2512064Z Beginning upload of artifact content to blob storage
2026-09-10T18:57:07.2513199Z Uploaded bytes 6237
2026-09-10T18:57:07.2513794Z Finished uploading artifact content to blob storage!
2026-09-10T18:57:07.2515021Z SHA256 digest of uploaded artifact zip is 004728eb8d7c0d62d5d505ea08596204cddf5274a90bee7475bd0f04a95d9099
2026-09-10T18:57:07.2518261Z Finalizing artifact upload
2026-09-10T18:57:07.2519627Z Artifact a11y-guardrail-34516958558.zip successfully finalized. Artifact ID 10168238404
2026-09-10T18:57:07.2520706Z Artifact a11y-guardrail-34516958558 has been successfully uploaded! Final size is 6237 bytes. Artifact ID is 10168238404
2026-09-10T18:57:07.2521657Z Artifact download URL: https://github.com/kneelinghorse/OODS-Forge/actions/runs/34516958558/artifacts/10168238404
2026-09-10T18:57:08.2524267Z Node 20 is being deprecated. This workflow is running with Node 24 by default. If you need to temporarily use Node 20, you can set the ACTIONS_ALLOW_USE_UNSECURE_NODE_VERSION=true environment variable. For more information see: https://github.blog/changelog/2025-09-19-deprecation-of-node-20-on-github-actions-runners/
2026-09-10T18:57:08.2525564Z Post job cleanup.
2026-09-10T18:57:08.3696289Z Cache hit occurred on the primary key Linux-playwright-b67c91f667c5bcffea4719eaa9342dcc5979d32e2fe7ae9409ce9caae98e184d, not saving cache.
2026-09-10T18:57:08.3698466Z (node:4412) [DEP0040] DeprecationWarning: The `punycode` module is deprecated. Please use a userland alternative instead.
2026-09-10T18:57:08.3700081Z (Use `node --trace-deprecation ...` to show where the warning was created)
2026-09-10T18:57:08.3817551Z Node 20 is being deprecated. This workflow is running with Node 24 by default. If you need to temporarily use Node 20, you can set the ACTIONS_ALLOW_USE_UNSECURE_NODE_VERSION=true environment variable. For more information see: https://github.blog/changelog/2025-09-19-deprecation-of-node-20-on-github-actions-runners/
2026-09-10T18:57:08.3818815Z Post job cleanup.
2026-09-10T18:57:08.5229380Z (node:4420) [DEP0040] DeprecationWarning: The `punycode` module is deprecated. Please use a userland alternative instead.
2026-09-10T18:57:08.5231356Z (Use `node --trace-deprecation ...` to show where the warning was created)
2026-09-10T18:57:08.5234857Z Cache hit occurred on the primary key node-cache-Linux-x64-pnpm-b67c91f667c5bcffea4719eaa9342dcc5979d32e2fe7ae9409ce9caae98e184d, not saving cache.
2026-09-10T18:57:08.5368285Z Node 20 is being deprecated. This workflow is running with Node 24 by default. If you need to temporarily use Node 20, you can set the ACTIONS_ALLOW_USE_UNSECURE_NODE_VERSION=true environment variable. For more information see: https://github.blog/changelog/2025-09-19-deprecation-of-node-20-on-github-actions-runners/
2026-09-10T18:57:08.5369571Z Post job cleanup.
2026-09-10T18:57:08.6953250Z Pruning is unnecessary.
2026-09-10T18:57:08.7259723Z Node 20 is being deprecated. This workflow is running with Node 24 by default. If you need to temporarily use Node 20, you can set the ACTIONS_ALLOW_USE_UNSECURE_NODE_VERSION=true environment variable. For more information see: https://github.blog/changelog/2025-09-19-deprecation-of-node-20-on-github-actions-runners/
2026-09-10T18:57:08.7262017Z Post job cleanup.
2026-09-10T18:57:08.8467970Z [command]/usr/bin/git version
2026-09-10T18:57:08.8563214Z git version 2.55.0
2026-09-10T18:57:08.8640457Z Temporarily overriding HOME='/home/runner/work/_temp/497d2299-60a2-4a7f-a186-3133186471fe' before making global git config changes
2026-09-10T18:57:08.8666955Z Adding repository directory to the temporary git global config as a safe directory
2026-09-10T18:57:08.8686530Z [command]/usr/bin/git config --global --add safe.directory /home/runner/work/OODS-Forge/OODS-Forge
2026-09-10T18:57:08.8770249Z [command]/usr/bin/git config --local --name-only --get-regexp core\.sshCommand
2026-09-10T18:57:08.8827397Z [command]/usr/bin/git submodule foreach --recursive sh -c "git config --local --name-only --get-regexp 'core\.sshCommand' && git config --local --unset-all 'core.sshCommand' || :"
2026-09-10T18:57:08.9179647Z [command]/usr/bin/git config --local --name-only --get-regexp http\.https\:\/\/github\.com\/\.extraheader
2026-09-10T18:57:08.9216981Z http.https://github.com/.extraheader
2026-09-10T18:57:08.9257350Z [command]/usr/bin/git config --local --unset-all http.https://github.com/.extraheader
2026-09-10T18:57:08.9331005Z [command]/usr/bin/git submodule foreach --recursive sh -c "git config --local --name-only --get-regexp 'http\.https\:\/\/github\.com\/\.extraheader' && git config --local --unset-all 'http.https://github.com/.extraheader' || :"
2026-09-10T18:57:08.9717933Z [command]/usr/bin/git config --local --name-only --get-regexp ^includeIf\.gitdir:
2026-09-10T18:57:08.9759665Z [command]/usr/bin/git submodule foreach --recursive git config --local --show-origin --name-only --get-regexp remote.origin.url
2026-09-10T18:57:09.0320285Z Cleaning up orphan processes
2026-09-10T18:57:09.0705959Z Terminate orphan process: pid (3603) (python3)
2026-09-10T18:57:09.0724819Z ##[warning]Node.js 20 is deprecated. The following actions target Node.js 20 but are being forced to run on Node.js 24: actions/cache@v4, actions/checkout@v4, actions/setup-node@v4, actions/upload-artifact@v4, pnpm/action-setup@v4. For more information see: https://github.blog/changelog/2025-09-19-deprecation-of-node-20-on-github-actions-runners/
