2026-09-13T15:39:25.4167855Z Current runner version: '2.337.0'
2026-09-13T15:39:25.4188430Z ##[group]Runner Image Provisioner
2026-09-13T15:39:25.4189186Z Hosted Compute Agent
2026-09-13T15:39:25.4189707Z Version: 20260828.587
2026-09-13T15:39:25.4190213Z Commit: abac92662cab4cc7352de4f9f9d2e2419aad9c29
2026-09-13T15:39:25.4190735Z Build Date: 2026-08-28T16:44:25Z
2026-09-13T15:39:25.4191299Z Worker ID: {9fdf4eb3-04b4-49f5-a018-e9553586ae12}
2026-09-13T15:39:25.4191808Z Azure Region: centralus
2026-09-13T15:39:25.4192312Z ##[endgroup]
2026-09-13T15:39:25.4193156Z ##[group]Operating System
2026-09-13T15:39:25.4193569Z Ubuntu
2026-09-13T15:39:25.4193986Z 24.04.5
2026-09-13T15:39:25.4194356Z LTS
2026-09-13T15:39:25.4194739Z ##[endgroup]
2026-09-13T15:39:25.4195139Z ##[group]Runner Image
2026-09-13T15:39:25.4195765Z Image: ubuntu-24.04
2026-09-13T15:39:25.4196221Z Version: 20260907.300.1
2026-09-13T15:39:25.4197141Z Included Software: https://github.com/actions/runner-images/blob/ubuntu24/20260907.300/images/ubuntu/Ubuntu2404-Readme.md
2026-09-13T15:39:25.4198239Z Image Release: https://github.com/actions/runner-images/releases/tag/ubuntu24%2F20260907.300
2026-09-13T15:39:25.4198903Z ##[endgroup]
2026-09-13T15:39:25.4199815Z ##[group]GITHUB_TOKEN Permissions
2026-09-13T15:39:25.4201556Z Contents: read
2026-09-13T15:39:25.4202028Z Metadata: read
2026-09-13T15:39:25.4202429Z PullRequests: write
2026-09-13T15:39:25.4202861Z ##[endgroup]
2026-09-13T15:39:25.4204324Z Secret source: Actions
2026-09-13T15:39:25.4205021Z Cache mode: write
2026-09-13T15:39:25.4205754Z Prepare workflow directory
2026-09-13T15:39:25.4499869Z Prepare all required actions
2026-09-13T15:39:25.4539141Z Getting action download info
2026-09-13T15:39:25.6922770Z Download action repository 'actions/checkout@v4' (SHA:11d5960a326750d5838078e36cf38b85af677262)
2026-09-13T15:39:26.0537090Z Download action repository 'pnpm/action-setup@v4' (SHA:b906affcce14559ad1aafd4ab0e942779e9f58b1)
2026-09-13T15:39:26.6081370Z Download action repository 'actions/setup-node@v4' (SHA:49933ea5288caeca8642d1e84afbd3f7d6820020)
2026-09-13T15:39:26.9520228Z Download action repository 'actions/cache@v4' (SHA:0057852bfaa89a56745cba8c7296529d2fc39830)
2026-09-13T15:39:27.1684069Z Download action repository 'actions/upload-artifact@v4' (SHA:ea165f8d65b6e75b540449e92b4886f43607fa02)
2026-09-13T15:39:27.4980132Z Complete job name: a11y-contract
2026-09-13T15:39:27.5640192Z Node 20 is being deprecated. This workflow is running with Node 24 by default. If you need to temporarily use Node 20, you can set the ACTIONS_ALLOW_USE_UNSECURE_NODE_VERSION=true environment variable. For more information see: https://github.blog/changelog/2025-09-19-deprecation-of-node-20-on-github-actions-runners/
2026-09-13T15:39:27.5647480Z ##[group]Run actions/checkout@v4
2026-09-13T15:39:27.5648299Z with:
2026-09-13T15:39:27.5649010Z   repository: kneelinghorse/OODS-Forge
2026-09-13T15:39:27.5652359Z   token: ***
2026-09-13T15:39:27.5652989Z   ssh-strict: true
2026-09-13T15:39:27.5653628Z   ssh-user: git
2026-09-13T15:39:27.5654252Z   persist-credentials: true
2026-09-13T15:39:27.5654985Z   clean: true
2026-09-13T15:39:27.5655759Z   sparse-checkout-cone-mode: true
2026-09-13T15:39:27.5656483Z   fetch-depth: 1
2026-09-13T15:39:27.5657124Z   fetch-tags: false
2026-09-13T15:39:27.5657743Z   show-progress: true
2026-09-13T15:39:27.5658396Z   lfs: false
2026-09-13T15:39:27.5659059Z   submodules: false
2026-09-13T15:39:27.5659733Z   set-safe-directory: true
2026-09-13T15:39:27.5660427Z   allow-unsafe-pr-checkout: false
2026-09-13T15:39:27.5661241Z env:
2026-09-13T15:39:27.5661827Z   NODE_VERSION: 24
2026-09-13T15:39:27.5662424Z ##[endgroup]
2026-09-13T15:39:27.6581419Z Syncing repository: kneelinghorse/OODS-Forge
2026-09-13T15:39:27.6583877Z ##[group]Getting Git version info
2026-09-13T15:39:27.6585023Z Working directory is '/home/runner/work/OODS-Forge/OODS-Forge'
2026-09-13T15:39:27.6586896Z [command]/usr/bin/git version
2026-09-13T15:39:27.6879509Z git version 2.55.0
2026-09-13T15:39:27.6962643Z ##[endgroup]
2026-09-13T15:39:27.6973060Z Temporarily overriding HOME='/home/runner/work/_temp/1824497d-962d-4d87-9e38-2114bffee56e' before making global git config changes
2026-09-13T15:39:27.6975447Z Adding repository directory to the temporary git global config as a safe directory
2026-09-13T15:39:27.6977301Z [command]/usr/bin/git config --global --add safe.directory /home/runner/work/OODS-Forge/OODS-Forge
2026-09-13T15:39:27.6991972Z Deleting the contents of '/home/runner/work/OODS-Forge/OODS-Forge'
2026-09-13T15:39:27.7021601Z ##[group]Initializing the repository
2026-09-13T15:39:27.7046863Z [command]/usr/bin/git init /home/runner/work/OODS-Forge/OODS-Forge
2026-09-13T15:39:27.7124677Z hint: Using 'master' as the name for the initial branch. This default branch name
2026-09-13T15:39:27.7146816Z hint: will change to "main" in Git 3.0. To configure the initial branch name
2026-09-13T15:39:27.7155198Z hint: to use in all of your new repositories, which will suppress this warning,
2026-09-13T15:39:27.7156906Z hint: call:
2026-09-13T15:39:27.7157763Z hint:
2026-09-13T15:39:27.7158834Z hint: 	git config --global init.defaultBranch <name>
2026-09-13T15:39:27.7159900Z hint:
2026-09-13T15:39:27.7160975Z hint: Names commonly chosen instead of 'master' are 'main', 'trunk' and
2026-09-13T15:39:27.7162411Z hint: 'development'. The just-created branch can be renamed via this command:
2026-09-13T15:39:27.7163605Z hint:
2026-09-13T15:39:27.7164460Z hint: 	git branch -m <name>
2026-09-13T15:39:27.7165385Z hint:
2026-09-13T15:39:27.7166705Z hint: Disable this message with "git config set advice.defaultBranchName false"
2026-09-13T15:39:27.7168109Z Initialized empty Git repository in /home/runner/work/OODS-Forge/OODS-Forge/.git/
2026-09-13T15:39:27.7171140Z [command]/usr/bin/git remote add origin https://github.com/kneelinghorse/OODS-Forge
2026-09-13T15:39:27.7212075Z ##[endgroup]
2026-09-13T15:39:27.7233037Z ##[group]Disabling automatic garbage collection
2026-09-13T15:39:27.7257896Z [command]/usr/bin/git config --local gc.auto 0
2026-09-13T15:39:27.7264227Z ##[endgroup]
2026-09-13T15:39:27.7266106Z ##[group]Setting up auth
2026-09-13T15:39:27.7267576Z [command]/usr/bin/git config --local --name-only --get-regexp core\.sshCommand
2026-09-13T15:39:27.7273778Z [command]/usr/bin/git submodule foreach --recursive sh -c "git config --local --name-only --get-regexp 'core\.sshCommand' && git config --local --unset-all 'core.sshCommand' || :"
2026-09-13T15:39:27.7532241Z [command]/usr/bin/git config --local --name-only --get-regexp http\.https\:\/\/github\.com\/\.extraheader
2026-09-13T15:39:27.7558460Z [command]/usr/bin/git submodule foreach --recursive sh -c "git config --local --name-only --get-regexp 'http\.https\:\/\/github\.com\/\.extraheader' && git config --local --unset-all 'http.https://github.com/.extraheader' || :"
2026-09-13T15:39:27.7700257Z [command]/usr/bin/git config --local --name-only --get-regexp ^includeIf\.gitdir:
2026-09-13T15:39:27.7727040Z [command]/usr/bin/git submodule foreach --recursive git config --local --show-origin --name-only --get-regexp remote.origin.url
2026-09-13T15:39:27.7863182Z [command]/usr/bin/git config --local http.https://github.com/.extraheader AUTHORIZATION: basic ***
2026-09-13T15:39:27.7887810Z ##[endgroup]
2026-09-13T15:39:27.7889701Z ##[group]Fetching the repository
2026-09-13T15:39:27.7896301Z [command]/usr/bin/git -c protocol.version=2 fetch --no-tags --prune --no-recurse-submodules --depth=1 origin +a998b94b2ddfc5a9562044a5253dddff232825e2:refs/remotes/pull/107/merge
2026-09-13T15:39:43.6719214Z From https://github.com/kneelinghorse/OODS-Forge
2026-09-13T15:39:43.6722190Z  * [new ref]           a998b94b2ddfc5a9562044a5253dddff232825e2 -> pull/107/merge
2026-09-13T15:39:43.6727779Z ##[endgroup]
2026-09-13T15:39:43.6728377Z ##[group]Determining the checkout info
2026-09-13T15:39:43.6728909Z ##[endgroup]
2026-09-13T15:39:43.6729271Z [command]/usr/bin/git sparse-checkout disable
2026-09-13T15:39:43.6776436Z [command]/usr/bin/git config --local --unset-all extensions.worktreeConfig
2026-09-13T15:39:43.6808343Z ##[group]Checking out the ref
2026-09-13T15:39:43.6809247Z [command]/usr/bin/git checkout --progress --force refs/remotes/pull/107/merge
2026-09-13T15:39:44.7722374Z Updating files:  15% (13441/84085)
2026-09-13T15:39:44.8498181Z Updating files:  16% (13454/84085)
2026-09-13T15:39:44.9350666Z Updating files:  17% (14295/84085)
2026-09-13T15:39:45.0258195Z Updating files:  18% (15136/84085)
2026-09-13T15:39:45.0944088Z Updating files:  19% (15977/84085)
2026-09-13T15:39:45.1555007Z Updating files:  20% (16817/84085)
2026-09-13T15:39:45.3970306Z Updating files:  21% (17658/84085)
2026-09-13T15:39:45.4943461Z Updating files:  22% (18499/84085)
2026-09-13T15:39:45.5802569Z Updating files:  23% (19340/84085)
2026-09-13T15:39:45.6791203Z Updating files:  24% (20181/84085)
2026-09-13T15:39:45.7681277Z Updating files:  25% (21022/84085)
2026-09-13T15:39:45.7718931Z Updating files:  26% (21863/84085)
2026-09-13T15:39:46.0463120Z Updating files:  26% (21927/84085)
2026-09-13T15:39:46.0794288Z Updating files:  27% (22703/84085)
2026-09-13T15:39:46.1623082Z Updating files:  28% (23544/84085)
2026-09-13T15:39:46.2917221Z Updating files:  29% (24385/84085)
2026-09-13T15:39:46.4027706Z Updating files:  30% (25226/84085)
2026-09-13T15:39:46.4557575Z Updating files:  31% (26067/84085)
2026-09-13T15:39:46.4983231Z Updating files:  32% (26908/84085)
2026-09-13T15:39:46.5586649Z Updating files:  33% (27749/84085)
2026-09-13T15:39:46.6291313Z Updating files:  34% (28589/84085)
2026-09-13T15:39:46.8433136Z Updating files:  35% (29430/84085)
2026-09-13T15:39:46.8759705Z Updating files:  35% (29681/84085)
2026-09-13T15:39:46.9194094Z Updating files:  36% (30271/84085)
2026-09-13T15:39:47.0124266Z Updating files:  37% (31112/84085)
2026-09-13T15:39:47.0733453Z Updating files:  38% (31953/84085)
2026-09-13T15:39:47.2636043Z Updating files:  39% (32794/84085)
2026-09-13T15:39:47.4867523Z Updating files:  40% (33634/84085)
2026-09-13T15:39:47.7443604Z Updating files:  41% (34475/84085)
2026-09-13T15:39:47.7716752Z Updating files:  42% (35316/84085)
2026-09-13T15:39:47.9271767Z Updating files:  42% (35445/84085)
2026-09-13T15:39:48.2970937Z Updating files:  43% (36157/84085)
2026-09-13T15:39:48.4952742Z Updating files:  44% (36998/84085)
2026-09-13T15:39:48.7726758Z Updating files:  45% (37839/84085)
2026-09-13T15:39:48.9500788Z Updating files:  45% (38479/84085)
2026-09-13T15:39:49.1396581Z Updating files:  46% (38680/84085)
2026-09-13T15:39:49.3147819Z Updating files:  47% (39520/84085)
2026-09-13T15:39:49.5839612Z Updating files:  48% (40361/84085)
2026-09-13T15:39:49.7813138Z Updating files:  49% (41202/84085)
2026-09-13T15:39:49.8928108Z Updating files:  49% (41611/84085)
2026-09-13T15:39:50.0412945Z Updating files:  50% (42043/84085)
2026-09-13T15:39:50.3327936Z Updating files:  51% (42884/84085)
2026-09-13T15:39:50.7231300Z Updating files:  52% (43725/84085)
2026-09-13T15:39:50.7736704Z Updating files:  53% (44566/84085)
2026-09-13T15:39:50.8653018Z Updating files:  53% (44857/84085)
2026-09-13T15:39:51.1635937Z Updating files:  54% (45406/84085)
2026-09-13T15:39:51.6123363Z Updating files:  55% (46247/84085)
2026-09-13T15:39:51.7782586Z Updating files:  56% (47088/84085)
2026-09-13T15:39:51.9830140Z Updating files:  56% (47288/84085)
2026-09-13T15:39:52.4242050Z Updating files:  57% (47929/84085)
2026-09-13T15:39:52.5223838Z Updating files:  58% (48770/84085)
2026-09-13T15:39:52.7815934Z Updating files:  59% (49611/84085)
2026-09-13T15:39:52.8052676Z Updating files:  59% (50424/84085)
2026-09-13T15:39:53.2315120Z Updating files:  60% (50451/84085)
2026-09-13T15:39:53.4225829Z Updating files:  61% (51292/84085)
2026-09-13T15:39:53.6039849Z Updating files:  62% (52133/84085)
2026-09-13T15:39:53.7777247Z Updating files:  63% (52974/84085)
2026-09-13T15:39:53.9321090Z Updating files:  63% (53398/84085)
2026-09-13T15:39:54.3096818Z Updating files:  64% (53815/84085)
2026-09-13T15:39:54.6860847Z Updating files:  65% (54656/84085)
2026-09-13T15:39:54.7903613Z Updating files:  66% (55497/84085)
2026-09-13T15:39:55.7939039Z Updating files:  66% (55576/84085)
2026-09-13T15:39:55.8713990Z Updating files:  66% (56143/84085)
2026-09-13T15:39:56.1813587Z Updating files:  67% (56337/84085)
2026-09-13T15:39:56.5896760Z Updating files:  68% (57178/84085)
2026-09-13T15:39:56.7110305Z Updating files:  69% (58019/84085)
2026-09-13T15:39:56.7716823Z Updating files:  70% (58860/84085)
2026-09-13T15:39:57.1772646Z Updating files:  70% (58956/84085)
2026-09-13T15:39:57.5250195Z Updating files:  71% (59701/84085)
2026-09-13T15:39:57.7771574Z Updating files:  72% (60542/84085)
2026-09-13T15:39:57.7892195Z Updating files:  72% (61373/84085)
2026-09-13T15:39:58.1552321Z Updating files:  73% (61383/84085)
2026-09-13T15:39:58.2566467Z Updating files:  74% (62223/84085)
2026-09-13T15:39:59.6320116Z Updating files:  75% (63064/84085)
2026-09-13T15:39:59.7729748Z Updating files:  75% (63547/84085)
2026-09-13T15:39:59.8401859Z Updating files:  75% (63789/84085)
2026-09-13T15:40:00.0919038Z Updating files:  76% (63905/84085)
2026-09-13T15:40:00.3545238Z Updating files:  77% (64746/84085)
2026-09-13T15:40:00.5018039Z Updating files:  78% (65587/84085)
2026-09-13T15:40:00.7739872Z Updating files:  79% (66428/84085)
2026-09-13T15:40:00.7869767Z Updating files:  79% (67210/84085)
2026-09-13T15:40:01.2921519Z Updating files:  80% (67268/84085)
2026-09-13T15:40:01.7790322Z Updating files:  81% (68109/84085)
2026-09-13T15:40:01.9783475Z Updating files:  81% (68751/84085)
2026-09-13T15:40:02.4006795Z Updating files:  82% (68950/84085)
2026-09-13T15:40:02.5792812Z Updating files:  83% (69791/84085)
2026-09-13T15:40:02.7716833Z Updating files:  84% (70632/84085)
2026-09-13T15:40:02.7717693Z Updating files:  85% (71473/84085)
2026-09-13T15:40:03.1553208Z Updating files:  85% (71489/84085)
2026-09-13T15:40:03.5142997Z Updating files:  86% (72314/84085)
2026-09-13T15:40:03.7779044Z Updating files:  87% (73154/84085)
2026-09-13T15:40:03.8486823Z Updating files:  87% (73656/84085)
2026-09-13T15:40:04.1746832Z Updating files:  88% (73995/84085)
2026-09-13T15:40:04.5162441Z Updating files:  89% (74836/84085)
2026-09-13T15:40:04.6914937Z Updating files:  90% (75677/84085)
2026-09-13T15:40:04.7788347Z Updating files:  91% (76518/84085)
2026-09-13T15:40:04.8460054Z Updating files:  91% (77001/84085)
2026-09-13T15:40:05.1151038Z Updating files:  92% (77359/84085)
2026-09-13T15:40:05.4363475Z Updating files:  93% (78200/84085)
2026-09-13T15:40:05.7751325Z Updating files:  94% (79040/84085)
2026-09-13T15:40:06.4842234Z Updating files:  94% (79674/84085)
2026-09-13T15:40:06.6482167Z Updating files:  95% (79881/84085)
2026-09-13T15:40:06.7776343Z Updating files:  96% (80722/84085)
2026-09-13T15:40:06.7996271Z Updating files:  96% (81474/84085)
2026-09-13T15:40:06.9017774Z Updating files:  97% (81563/84085)
2026-09-13T15:40:07.0428307Z Updating files:  98% (82404/84085)
2026-09-13T15:40:07.2039904Z Updating files:  99% (83245/84085)
2026-09-13T15:40:07.2042090Z Updating files: 100% (84085/84085)
2026-09-13T15:40:07.2042717Z Updating files: 100% (84085/84085), done.
2026-09-13T15:40:07.3645904Z Note: switching to 'refs/remotes/pull/107/merge'.
2026-09-13T15:40:07.3656029Z 
2026-09-13T15:40:07.3656696Z You are in 'detached HEAD' state. You can look around, make experimental
2026-09-13T15:40:07.3660436Z changes and commit them, and you can discard any commits you make in this
2026-09-13T15:40:07.3661630Z state without impacting any branches by switching back to a branch.
2026-09-13T15:40:07.3662044Z 
2026-09-13T15:40:07.3662341Z If you want to create a new branch to retain commits you create, you may
2026-09-13T15:40:07.3662907Z do so (now or later) by using -c with the switch command. Example:
2026-09-13T15:40:07.3663264Z 
2026-09-13T15:40:07.3663463Z   git switch -c <new-branch-name>
2026-09-13T15:40:07.3663736Z 
2026-09-13T15:40:07.3663927Z Or undo this operation with:
2026-09-13T15:40:07.3664194Z 
2026-09-13T15:40:07.3664383Z   git switch -
2026-09-13T15:40:07.3664597Z 
2026-09-13T15:40:07.3664951Z Turn off this advice by setting config variable advice.detachedHead to false
2026-09-13T15:40:07.3665390Z 
2026-09-13T15:40:07.3666022Z HEAD is now at a998b94b Merge 542f9ee6bfceb96e61c5b2b44c241c9375a8596f into bc12723e9b7a42a4790a98f5d2a0dc4a1f970b99
2026-09-13T15:40:07.3734733Z ##[endgroup]
2026-09-13T15:40:07.3759262Z [command]/usr/bin/git log -1 --format=%H
2026-09-13T15:40:07.3788482Z a998b94b2ddfc5a9562044a5253dddff232825e2
2026-09-13T15:40:07.3956469Z Node 20 is being deprecated. This workflow is running with Node 24 by default. If you need to temporarily use Node 20, you can set the ACTIONS_ALLOW_USE_UNSECURE_NODE_VERSION=true environment variable. For more information see: https://github.blog/changelog/2025-09-19-deprecation-of-node-20-on-github-actions-runners/
2026-09-13T15:40:07.3957832Z ##[group]Run pnpm/action-setup@v4
2026-09-13T15:40:07.3958040Z with:
2026-09-13T15:40:07.3958201Z   run_install: false
2026-09-13T15:40:07.3958375Z   dest: ~/setup-pnpm
2026-09-13T15:40:07.3958542Z   cache: false
2026-09-13T15:40:07.3958727Z   cache_dependency_path: pnpm-lock.yaml
2026-09-13T15:40:07.3958952Z   package_json_file: package.json
2026-09-13T15:40:07.3959160Z   standalone: false
2026-09-13T15:40:07.3959321Z env:
2026-09-13T15:40:07.3959467Z   NODE_VERSION: 24
2026-09-13T15:40:07.3959622Z ##[endgroup]
2026-09-13T15:40:07.4977430Z ##[group]Running self-installer...
2026-09-13T15:40:07.9352324Z (node:2004) [DEP0169] DeprecationWarning: `url.parse()` behavior is not standardized and prone to errors that have security implications. Use the WHATWG URL API instead. CVEs are not issued for `url.parse()` vulnerabilities.
2026-09-13T15:40:07.9354610Z (Use `node --trace-deprecation ...` to show where the warning was created)
2026-09-13T15:40:08.1514805Z Progress: resolved 1, reused 0, downloaded 0, added 0
2026-09-13T15:40:08.1611772Z Packages: +1
2026-09-13T15:40:08.1612632Z +
2026-09-13T15:40:08.6243942Z Progress: resolved 1, reused 0, downloaded 1, added 1, done
2026-09-13T15:40:08.8381016Z 
2026-09-13T15:40:08.8388228Z dependencies:
2026-09-13T15:40:08.8389748Z + pnpm 9.12.2 (12.4.1 is available)
2026-09-13T15:40:08.8389980Z 
2026-09-13T15:40:08.9063927Z Done in 1.1s
2026-09-13T15:40:08.9157898Z ##[endgroup]
2026-09-13T15:40:08.9158411Z Installation Completed!
2026-09-13T15:40:08.9288656Z Node 20 is being deprecated. This workflow is running with Node 24 by default. If you need to temporarily use Node 20, you can set the ACTIONS_ALLOW_USE_UNSECURE_NODE_VERSION=true environment variable. For more information see: https://github.blog/changelog/2025-09-19-deprecation-of-node-20-on-github-actions-runners/
2026-09-13T15:40:08.9289534Z ##[group]Run actions/setup-node@v4
2026-09-13T15:40:08.9289725Z with:
2026-09-13T15:40:08.9289881Z   node-version: 24
2026-09-13T15:40:08.9290030Z   cache: pnpm
2026-09-13T15:40:08.9290179Z   always-auth: false
2026-09-13T15:40:08.9290337Z   check-latest: false
2026-09-13T15:40:08.9291877Z   token: ***
2026-09-13T15:40:08.9292019Z env:
2026-09-13T15:40:08.9292157Z   NODE_VERSION: 24
2026-09-13T15:40:08.9292356Z   PNPM_HOME: /home/runner/setup-pnpm/node_modules/.bin
2026-09-13T15:40:08.9292575Z ##[endgroup]
2026-09-13T15:40:09.0463651Z Found in cache @ /opt/hostedtoolcache/node/24.20.0/x64
2026-09-13T15:40:09.0467834Z (node:2019) [DEP0040] DeprecationWarning: The `punycode` module is deprecated. Please use a userland alternative instead.
2026-09-13T15:40:09.0469688Z ##[group]Environment details
2026-09-13T15:40:09.0474811Z (Use `node --trace-deprecation ...` to show where the warning was created)
2026-09-13T15:40:10.5681915Z node: v24.20.0
2026-09-13T15:40:10.5682482Z npm: 11.19.0
2026-09-13T15:40:10.5682998Z yarn: 1.22.22
2026-09-13T15:40:10.5684484Z ##[endgroup]
2026-09-13T15:40:10.5700981Z [command]/home/runner/setup-pnpm/node_modules/.bin/pnpm store path --silent
2026-09-13T15:40:11.3087053Z /home/runner/setup-pnpm/node_modules/.bin/store/v3
2026-09-13T15:40:11.5904818Z pnpm cache is not found
2026-09-13T15:40:11.6005086Z ##[group]Run pnpm install --frozen-lockfile
2026-09-13T15:40:11.6005413Z [36;1mpnpm install --frozen-lockfile[0m
2026-09-13T15:40:11.6035270Z shell: /usr/bin/bash -e {0}
2026-09-13T15:40:11.6035666Z env:
2026-09-13T15:40:11.6036043Z   NODE_VERSION: 24
2026-09-13T15:40:11.6036253Z   PNPM_HOME: /home/runner/setup-pnpm/node_modules/.bin
2026-09-13T15:40:11.6036486Z ##[endgroup]
2026-09-13T15:40:11.9548148Z Scope: all 22 workspace projects
2026-09-13T15:40:12.0817779Z Lockfile is up to date, resolution step is skipped
2026-09-13T15:40:12.2596368Z Progress: resolved 1, reused 0, downloaded 0, added 0
2026-09-13T15:40:12.3410269Z Packages: +946
2026-09-13T15:40:12.3427330Z ++++++++++++++++++++++++++++++++++++++++++++++++++++++++++++++++++++++++++++++++
2026-09-13T15:40:13.2607243Z Progress: resolved 946, reused 0, downloaded 67, added 54
2026-09-13T15:40:14.2610776Z Progress: resolved 946, reused 0, downloaded 159, added 157
2026-09-13T15:40:15.2615726Z Progress: resolved 946, reused 0, downloaded 238, added 222
2026-09-13T15:40:16.2618358Z Progress: resolved 946, reused 0, downloaded 319, added 310
2026-09-13T15:40:17.2629758Z Progress: resolved 946, reused 0, downloaded 349, added 343
2026-09-13T15:40:18.2639441Z Progress: resolved 946, reused 0, downloaded 452, added 450
2026-09-13T15:40:19.2644404Z Progress: resolved 946, reused 0, downloaded 468, added 454
2026-09-13T15:40:20.2651596Z Progress: resolved 946, reused 0, downloaded 502, added 492
2026-09-13T15:40:21.2658939Z Progress: resolved 946, reused 0, downloaded 528, added 513
2026-09-13T15:40:22.2649928Z Progress: resolved 946, reused 0, downloaded 625, added 616
2026-09-13T15:40:23.2659059Z Progress: resolved 946, reused 0, downloaded 711, added 695
2026-09-13T15:40:24.7566766Z Progress: resolved 946, reused 0, downloaded 711, added 696
2026-09-13T15:40:25.7553474Z Progress: resolved 946, reused 0, downloaded 853, added 844
2026-09-13T15:40:26.4105631Z Progress: resolved 946, reused 0, downloaded 945, added 946, done
2026-09-13T15:40:26.7476491Z .../es5-ext@0.10.64/node_modules/es5-ext postinstall$  node -e "try{require('./_postinstall')}catch(e){}" || exit 0
2026-09-13T15:40:26.7496656Z .../node_modules/protobufjs postinstall$ node scripts/postinstall
2026-09-13T15:40:26.7686802Z .../@bundled-es-modules/glob postinstall$ patch-package
2026-09-13T15:40:26.7706594Z .../esbuild@0.25.10/node_modules/esbuild postinstall$ node install.js
2026-09-13T15:40:26.8363440Z .../node_modules/protobufjs postinstall: Done
2026-09-13T15:40:26.8526519Z .../es5-ext@0.10.64/node_modules/es5-ext postinstall: Done
2026-09-13T15:40:26.9046428Z .../esbuild@0.25.10/node_modules/esbuild postinstall: Done
2026-09-13T15:40:26.9774176Z .../@bundled-es-modules/glob postinstall: patch-package 8.0.1
2026-09-13T15:40:26.9775182Z .../@bundled-es-modules/glob postinstall: Applying patches...
2026-09-13T15:40:26.9786609Z .../@bundled-es-modules/glob postinstall: No patch files found
2026-09-13T15:40:26.9812561Z .../@bundled-es-modules/glob postinstall: Done
2026-09-13T15:40:26.9869749Z .../node_modules/style-dictionary postinstall$ patch-package
2026-09-13T15:40:27.0884927Z .../node_modules/style-dictionary postinstall: patch-package 8.0.1
2026-09-13T15:40:27.0886193Z .../node_modules/style-dictionary postinstall: Applying patches...
2026-09-13T15:40:27.0896628Z .../node_modules/style-dictionary postinstall: No patch files found
2026-09-13T15:40:27.0910558Z .../node_modules/style-dictionary postinstall: Done
2026-09-13T15:40:27.5484982Z 
2026-09-13T15:40:27.5485420Z dependencies:
2026-09-13T15:40:27.5488326Z + @radix-ui/react-slot 1.2.3
2026-09-13T15:40:27.5496162Z + @rjsf/core 5.24.13
2026-09-13T15:40:27.5497520Z + @rjsf/utils 5.24.13
2026-09-13T15:40:27.5508183Z + @rjsf/validator-ajv8 5.24.13
2026-09-13T15:40:27.5508874Z + @types/geojson 7946.0.16
2026-09-13T15:40:27.5509297Z + @types/topojson-client 3.1.5
2026-09-13T15:40:27.5509759Z + @types/topojson-specification 1.0.5
2026-09-13T15:40:27.5510139Z + ajv 8.17.1
2026-09-13T15:40:27.5510451Z + ajv-formats 3.0.1
2026-09-13T15:40:27.5517568Z + d3-geo 3.1.1
2026-09-13T15:40:27.5518074Z + d3-scale 4.0.2
2026-09-13T15:40:27.5518387Z + echarts 6.0.0
2026-09-13T15:40:27.5518682Z + js-yaml 4.1.0
2026-09-13T15:40:27.5518961Z + luxon 3.7.2
2026-09-13T15:40:27.5519273Z + pg 8.16.3
2026-09-13T15:40:27.5519738Z + react 19.2.0
2026-09-13T15:40:27.5520056Z + react-dom 19.2.0
2026-09-13T15:40:27.5520401Z + react-window 1.8.11
2026-09-13T15:40:27.5520731Z + topojson-client 3.1.0
2026-09-13T15:40:27.5521045Z + vega 6.2.0
2026-09-13T15:40:27.5521358Z + vega-embed 7.1.0
2026-09-13T15:40:27.5521778Z + zod 4.1.12
2026-09-13T15:40:27.5522058Z 
2026-09-13T15:40:27.5526309Z devDependencies:
2026-09-13T15:40:27.5526729Z + @chromatic-com/storybook 4.1.1
2026-09-13T15:40:27.5527198Z + @oods/a11y-tools 0.1.0 <- packages/a11y-tools
2026-09-13T15:40:27.5527712Z + @oods/component-contracts 0.1.0 <- packages/component-contracts
2026-09-13T15:40:27.5528285Z + @oods/tokens 0.1.0 <- packages/tokens
2026-09-13T15:40:27.5528712Z + @oods/viz-core 0.1.0 <- packages/viz-core
2026-09-13T15:40:27.5529103Z + @playwright/test 1.56.1
2026-09-13T15:40:27.5529473Z + @storybook/addon-a11y 9.1.10
2026-09-13T15:40:27.5529834Z + @storybook/addon-docs 9.1.10
2026-09-13T15:40:27.5530224Z + @storybook/addon-onboarding 9.1.10
2026-09-13T15:40:27.5530619Z + @storybook/mdx2-csf 1.1.0
2026-09-13T15:40:27.5530975Z + @storybook/react 9.1.10
2026-09-13T15:40:27.5531338Z + @storybook/react-vite 9.1.10
2026-09-13T15:40:27.5531695Z + @testing-library/dom 10.4.1
2026-09-13T15:40:27.5532096Z + @testing-library/jest-dom 6.9.1
2026-09-13T15:40:27.5532507Z + @testing-library/react 16.3.0
2026-09-13T15:40:27.5532908Z + @testing-library/user-event 14.6.1
2026-09-13T15:40:27.5533336Z + @tokens-studio/sd-transforms 1.3.0
2026-09-13T15:40:27.5533710Z + @types/d3-geo 3.1.0
2026-09-13T15:40:27.5534039Z + @types/d3-scale 4.0.9
2026-09-13T15:40:27.5534384Z + @types/js-yaml 4.0.9
2026-09-13T15:40:27.5534713Z + @types/luxon 3.7.1
2026-09-13T15:40:27.5535038Z + @types/node 20.19.21
2026-09-13T15:40:27.5535380Z + @types/pg 8.15.6
2026-09-13T15:40:27.5535890Z + @types/react 19.2.2
2026-09-13T15:40:27.5536243Z + @types/react-dom 19.2.2
2026-09-13T15:40:27.5536569Z + @types/react-window 1.8.8
2026-09-13T15:40:27.5536904Z + @types/semver 7.7.1
2026-09-13T15:40:27.5537224Z + @types/sql.js 1.4.9
2026-09-13T15:40:27.5537624Z + @typescript-eslint/eslint-plugin 6.21.0
2026-09-13T15:40:27.5538082Z + @typescript-eslint/parser 6.21.0
2026-09-13T15:40:27.5538443Z + @vitejs/plugin-react 5.0.4
2026-09-13T15:40:27.5538775Z + @vitest/browser 3.2.4
2026-09-13T15:40:27.5539098Z + @vitest/coverage-v8 3.2.4
2026-09-13T15:40:27.5539425Z + axe-core 4.11.0
2026-09-13T15:40:27.5539740Z + colorjs.io 0.5.2
2026-09-13T15:40:27.5540026Z + dotenv 17.4.2
2026-09-13T15:40:27.5540325Z + esbuild 0.25.10
2026-09-13T15:40:27.5540616Z + eslint 8.57.1
2026-09-13T15:40:27.5540960Z + eslint-plugin-storybook 9.1.10
2026-09-13T15:40:27.5541276Z + globals 17.6.0
2026-09-13T15:40:27.5541570Z + jsdom 24.1.3
2026-09-13T15:40:27.5542083Z + json-schema-to-typescript 13.1.2
2026-09-13T15:40:27.5542489Z + markdown-to-jsx 7.7.15
2026-09-13T15:40:27.5542809Z + pg-mem 3.0.5
2026-09-13T15:40:27.5543122Z + playwright 1.56.1
2026-09-13T15:40:27.5543432Z + postcss 8.5.28
2026-09-13T15:40:27.5543742Z + prettier 3.6.2
2026-09-13T15:40:27.5544061Z + rimraf 5.0.10
2026-09-13T15:40:27.5544370Z + semver 7.7.3
2026-09-13T15:40:27.5544673Z + sql.js 1.13.0
2026-09-13T15:40:27.5544996Z + storybook 9.1.10
2026-09-13T15:40:27.5545332Z + style-dictionary 4.4.0
2026-09-13T15:40:27.5546034Z + tailwindcss 3.4.18
2026-09-13T15:40:27.5561308Z + tsup 8.5.0
2026-09-13T15:40:27.5561556Z + tsx 4.20.6
2026-09-13T15:40:27.5561780Z + typescript 5.3.3
2026-09-13T15:40:27.5562106Z + vega-lite 6.4.1
2026-09-13T15:40:27.5562334Z + vite-tsconfig-paths 5.1.4
2026-09-13T15:40:27.5562525Z + vitest 3.2.4
2026-09-13T15:40:27.5562686Z + vitest-axe 0.1.0
2026-09-13T15:40:27.5562787Z 
2026-09-13T15:40:27.6726650Z . prepare$ node tools/token-lint/setup-precommit.mjs
2026-09-13T15:40:27.7040176Z . prepare: No .git directory detected; skipping pre-commit hook installation.
2026-09-13T15:40:27.7064692Z . prepare: Done
2026-09-13T15:40:27.7156743Z Done in 16s
2026-09-13T15:40:27.7528857Z ##[group]Run pnpm run build:tokens
2026-09-13T15:40:27.7529111Z [36;1mpnpm run build:tokens[0m
2026-09-13T15:40:27.7584650Z shell: /usr/bin/bash -e {0}
2026-09-13T15:40:27.7584861Z env:
2026-09-13T15:40:27.7585017Z   NODE_VERSION: 24
2026-09-13T15:40:27.7585221Z   PNPM_HOME: /home/runner/setup-pnpm/node_modules/.bin
2026-09-13T15:40:27.7585460Z ##[endgroup]
2026-09-13T15:40:28.0566093Z 
2026-09-13T15:40:28.0566728Z > @oods/foundry-mcp@0.1.0 build:tokens /home/runner/work/OODS-Forge/OODS-Forge
2026-09-13T15:40:28.0567162Z > node packages/tokens/scripts/build.mjs
2026-09-13T15:40:28.0567301Z 
2026-09-13T15:40:28.2621565Z ✔︎ collision guard: no non-exempt collisions across 6 scopes
2026-09-13T15:40:28.2627292Z Building design tokens with Style Dictionary…
2026-09-13T15:40:28.3126728Z 
2026-09-13T15:40:28.3136527Z Token collisions detected (9):
2026-09-13T15:40:28.3137115Z Use log.verbosity "verbose" or use CLI option --verbose for more details.
2026-09-13T15:40:28.3137765Z Refer to: https://styledictionary.com/reference/logging/
2026-09-13T15:40:28.6676171Z 
2026-09-13T15:40:28.6676990Z ios-swift
2026-09-13T15:40:28.6677519Z ! dist/ios-swift/OodsTokens.swift, does not exist
2026-09-13T15:40:28.6696587Z 
2026-09-13T15:40:28.6697255Z compose
2026-09-13T15:40:28.6697727Z ! dist/compose/OodsTokens.kt, does not exist
2026-09-13T15:40:28.7482094Z 
2026-09-13T15:40:28.7482795Z ts
2026-09-13T15:40:28.7483263Z ! dist/ts/tokens.ts, does not exist
2026-09-13T15:40:28.7487502Z 
2026-09-13T15:40:28.7487735Z tailwind
2026-09-13T15:40:28.7488158Z ! dist/tailwind/tokens.json, does not exist
2026-09-13T15:40:29.3054491Z 
2026-09-13T15:40:29.3055400Z ios-swift
2026-09-13T15:40:29.3056510Z ✔︎ dist/ios-swift/OodsTokens.swift
2026-09-13T15:40:29.3056805Z 
2026-09-13T15:40:29.3057206Z compose
2026-09-13T15:40:29.3057668Z ✔︎ dist/compose/OodsTokens.kt
2026-09-13T15:40:29.3519384Z 
2026-09-13T15:40:29.3520057Z ts
2026-09-13T15:40:29.3521384Z ✔︎ dist/ts/tokens.ts
2026-09-13T15:40:29.3521766Z 
2026-09-13T15:40:29.3521996Z tailwind
2026-09-13T15:40:29.3522374Z ✔︎ dist/tailwind/tokens.json
2026-09-13T15:40:29.4123377Z 
2026-09-13T15:40:29.4124480Z Token collisions detected (9):
2026-09-13T15:40:29.4125651Z Use log.verbosity "verbose" or use CLI option --verbose for more details.
2026-09-13T15:40:29.4126380Z Refer to: https://styledictionary.com/reference/logging/
2026-09-13T15:40:29.5537679Z 
2026-09-13T15:40:29.5538659Z css
2026-09-13T15:40:29.5539526Z ✔︎ dist/css/tokens.css
2026-09-13T15:40:29.5831250Z 
2026-09-13T15:40:29.5834625Z Token collisions detected (9):
2026-09-13T15:40:29.5835343Z Use log.verbosity "verbose" or use CLI option --verbose for more details.
2026-09-13T15:40:29.5836171Z Refer to: https://styledictionary.com/reference/logging/
2026-09-13T15:40:29.6718781Z 
2026-09-13T15:40:29.6719554Z css
2026-09-13T15:40:29.6720361Z ✔︎ dist/css/tokens.css
2026-09-13T15:40:29.7666534Z 
2026-09-13T15:40:29.7667285Z Token collisions detected (426):
2026-09-13T15:40:29.7668065Z Use log.verbosity "verbose" or use CLI option --verbose for more details.
2026-09-13T15:40:29.7668791Z Refer to: https://styledictionary.com/reference/logging/
2026-09-13T15:40:29.8521328Z 
2026-09-13T15:40:29.8521999Z css
2026-09-13T15:40:29.8522768Z ✔︎ dist/css/tokens.css
2026-09-13T15:40:29.9331810Z 
2026-09-13T15:40:29.9332701Z Token collisions detected (376):
2026-09-13T15:40:29.9333430Z Use log.verbosity "verbose" or use CLI option --verbose for more details.
2026-09-13T15:40:29.9334157Z Refer to: https://styledictionary.com/reference/logging/
2026-09-13T15:40:30.0307902Z 
2026-09-13T15:40:30.0308730Z css
2026-09-13T15:40:30.0309687Z ✔︎ dist/css/tokens.css
2026-09-13T15:40:30.1181452Z 
2026-09-13T15:40:30.1182443Z Token collisions detected (9):
2026-09-13T15:40:30.1183188Z Use log.verbosity "verbose" or use CLI option --verbose for more details.
2026-09-13T15:40:30.1183861Z Refer to: https://styledictionary.com/reference/logging/
2026-09-13T15:40:30.2023951Z 
2026-09-13T15:40:30.2025404Z css
2026-09-13T15:40:30.2027055Z ✔︎ dist/css/tokens.css
2026-09-13T15:40:30.2834088Z 
2026-09-13T15:40:30.2834886Z Token collisions detected (426):
2026-09-13T15:40:30.2836207Z Use log.verbosity "verbose" or use CLI option --verbose for more details.
2026-09-13T15:40:30.2836915Z Refer to: https://styledictionary.com/reference/logging/
2026-09-13T15:40:30.3676112Z 
2026-09-13T15:40:30.3676794Z css
2026-09-13T15:40:30.3677455Z ✔︎ dist/css/tokens.css
2026-09-13T15:40:30.4557563Z 
2026-09-13T15:40:30.4558196Z Token collisions detected (376):
2026-09-13T15:40:30.4558881Z Use log.verbosity "verbose" or use CLI option --verbose for more details.
2026-09-13T15:40:30.4559590Z Refer to: https://styledictionary.com/reference/logging/
2026-09-13T15:40:30.5394432Z 
2026-09-13T15:40:30.5395025Z css
2026-09-13T15:40:30.5395984Z ✔︎ dist/css/tokens.css
2026-09-13T15:40:30.6213300Z 
2026-09-13T15:40:30.6214423Z Token collisions detected (9):
2026-09-13T15:40:30.6215226Z Use log.verbosity "verbose" or use CLI option --verbose for more details.
2026-09-13T15:40:30.6216234Z Refer to: https://styledictionary.com/reference/logging/
2026-09-13T15:40:30.7231580Z ✔︎ tokens built successfully in 2.46s
2026-09-13T15:40:30.7232421Z    css:      dist/css/tokens.css (6 brand × theme scopes)
2026-09-13T15:40:30.7233099Z    types:    dist/ts/tokens.ts
2026-09-13T15:40:30.7233562Z    tailwind: dist/tailwind/tokens.json
2026-09-13T15:40:30.7234007Z    ios:      dist/ios-swift/OodsTokens.swift
2026-09-13T15:40:30.7234440Z    compose:  dist/compose/OodsTokens.kt
2026-09-13T15:40:30.7513994Z ##[group]Run pnpm --filter @oods/tw-variants run build
2026-09-13T15:40:30.7514515Z [36;1mpnpm --filter @oods/tw-variants run build[0m
2026-09-13T15:40:30.7546105Z shell: /usr/bin/bash -e {0}
2026-09-13T15:40:30.7546437Z env:
2026-09-13T15:40:30.7546673Z   NODE_VERSION: 24
2026-09-13T15:40:30.7546982Z   PNPM_HOME: /home/runner/setup-pnpm/node_modules/.bin
2026-09-13T15:40:30.7547334Z ##[endgroup]
2026-09-13T15:40:31.0786960Z 
2026-09-13T15:40:31.0787816Z > @oods/tw-variants@0.1.0 build /home/runner/work/OODS-Forge/OODS-Forge/packages/tw-variants
2026-09-13T15:40:31.0788535Z > rimraf dist && tsup --config tsup.config.ts
2026-09-13T15:40:31.0788864Z 
2026-09-13T15:40:31.4237026Z [34mCLI[39m Building entry: src/context-matrix.ts, src/index.ts
2026-09-13T15:40:31.4237675Z [34mCLI[39m Using tsconfig: ../../tsconfig.json
2026-09-13T15:40:31.4238070Z [34mCLI[39m tsup v8.5.0
2026-09-13T15:40:31.4238867Z [34mCLI[39m Using tsup config: /home/runner/work/OODS-Forge/OODS-Forge/packages/tw-variants/tsup.config.ts
2026-09-13T15:40:31.4276832Z [34mCLI[39m Target: node20
2026-09-13T15:40:31.4316674Z [34mCLI[39m Cleaning output folder
2026-09-13T15:40:31.4336348Z [34mESM[39m Build start
2026-09-13T15:40:31.4354625Z [34mCJS[39m Build start
2026-09-13T15:40:31.7621777Z [32mESM[39m [1mdist/context-matrix.js     [22m[32m139.00 B[39m
2026-09-13T15:40:31.7629712Z [32mESM[39m [1mdist/index.js              [22m[32m8.03 KB[39m
2026-09-13T15:40:31.7630603Z [32mESM[39m [1mdist/chunk-IHQKAR2X.js     [22m[32m6.39 KB[39m
2026-09-13T15:40:31.7631319Z [32mESM[39m [1mdist/context-matrix.js.map [22m[32m78.00 B[39m
2026-09-13T15:40:31.7632016Z [32mESM[39m [1mdist/index.js.map          [22m[32m19.16 KB[39m
2026-09-13T15:40:31.7632701Z [32mESM[39m [1mdist/chunk-IHQKAR2X.js.map [22m[32m13.51 KB[39m
2026-09-13T15:40:31.7633288Z [32mESM[39m ⚡️ Build success in 334ms
2026-09-13T15:40:31.7633867Z [32mCJS[39m [1mdist/context-matrix.cjs     [22m[32m6.42 KB[39m
2026-09-13T15:40:31.7634516Z [32mCJS[39m [1mdist/index.cjs              [22m[32m14.54 KB[39m
2026-09-13T15:40:31.7635130Z [32mCJS[39m [1mdist/context-matrix.cjs.map [22m[32m13.51 KB[39m
2026-09-13T15:40:31.7636022Z [32mCJS[39m [1mdist/index.cjs.map          [22m[32m32.63 KB[39m
2026-09-13T15:40:31.7636583Z [32mCJS[39m ⚡️ Build success in 334ms
2026-09-13T15:40:31.8496927Z [34mDTS[39m Build start
2026-09-13T15:40:33.7438628Z [32mDTS[39m ⚡️ Build success in 1895ms
2026-09-13T15:40:33.7439769Z [32mDTS[39m [1mdist/index.d.ts           [22m[32m685.00 B[39m
2026-09-13T15:40:33.7441748Z [32mDTS[39m [1mdist/context-matrix.d.ts  [22m[32m573.00 B[39m
2026-09-13T15:40:33.7442867Z [32mDTS[39m [1mdist/index.d.cts          [22m[32m685.00 B[39m
2026-09-13T15:40:33.7443632Z [32mDTS[39m [1mdist/context-matrix.d.cts [22m[32m573.00 B[39m
2026-09-13T15:40:33.7889080Z ##[group]Run pnpm --filter @oods/component-contracts run build
2026-09-13T15:40:33.7889549Z [36;1mpnpm --filter @oods/component-contracts run build[0m
2026-09-13T15:40:33.7917700Z shell: /usr/bin/bash -e {0}
2026-09-13T15:40:33.7918002Z env:
2026-09-13T15:40:33.7918213Z   NODE_VERSION: 24
2026-09-13T15:40:33.7918503Z   PNPM_HOME: /home/runner/setup-pnpm/node_modules/.bin
2026-09-13T15:40:33.7918843Z ##[endgroup]
2026-09-13T15:40:34.1041584Z 
2026-09-13T15:40:34.1043301Z > @oods/component-contracts@0.1.0 build /home/runner/work/OODS-Forge/OODS-Forge/packages/component-contracts
2026-09-13T15:40:34.1047625Z > rimraf dist && tsup --config tsup.config.ts
2026-09-13T15:40:34.1048074Z 
2026-09-13T15:40:34.3827008Z [34mCLI[39m Building entry: src/index.ts
2026-09-13T15:40:34.3835647Z [34mCLI[39m Using tsconfig: tsconfig.json
2026-09-13T15:40:34.3836431Z [34mCLI[39m tsup v8.5.0
2026-09-13T15:40:34.3837382Z [34mCLI[39m Using tsup config: /home/runner/work/OODS-Forge/OODS-Forge/packages/component-contracts/tsup.config.ts
2026-09-13T15:40:34.3884814Z [34mCLI[39m Target: es2022
2026-09-13T15:40:34.3946480Z [34mCLI[39m Cleaning output folder
2026-09-13T15:40:34.3958135Z [34mESM[39m Build start
2026-09-13T15:40:34.4006186Z [34mCJS[39m Build start
2026-09-13T15:40:35.0402156Z [34mDTS[39m Build start
2026-09-13T15:40:35.4519323Z [32mCJS[39m [1mdist/index.cjs [22m[32m896.25 KB[39m
2026-09-13T15:40:35.4576830Z [32mCJS[39m ⚡️ Build success in 1055ms
2026-09-13T15:40:35.4636565Z [32mESM[39m [1mdist/index.js [22m[32m894.48 KB[39m
2026-09-13T15:40:35.4696143Z [32mESM[39m ⚡️ Build success in 1064ms
2026-09-13T15:40:37.0928976Z [32mDTS[39m ⚡️ Build success in 2276ms
2026-09-13T15:40:37.0934406Z [32mDTS[39m [1mdist/index.d.ts  [22m[32m107.62 KB[39m
2026-09-13T15:40:37.0935091Z [32mDTS[39m [1mdist/index.d.cts [22m[32m107.62 KB[39m
2026-09-13T15:40:37.1397938Z ##[group]Run pnpm run build-storybook
2026-09-13T15:40:37.1398334Z [36;1mpnpm run build-storybook[0m
2026-09-13T15:40:37.1426752Z shell: /usr/bin/bash -e {0}
2026-09-13T15:40:37.1427047Z env:
2026-09-13T15:40:37.1427248Z   NODE_VERSION: 24
2026-09-13T15:40:37.1427529Z   PNPM_HOME: /home/runner/setup-pnpm/node_modules/.bin
2026-09-13T15:40:37.1427867Z ##[endgroup]
2026-09-13T15:40:37.4261907Z 
2026-09-13T15:40:37.4262903Z > @oods/foundry-mcp@0.1.0 build-storybook /home/runner/work/OODS-Forge/OODS-Forge
2026-09-13T15:40:37.4263609Z > storybook build
2026-09-13T15:40:37.4263859Z 
2026-09-13T15:40:37.8337716Z [1mstorybook v9.1.10
2026-09-13T15:40:37.8338386Z [22m
2026-09-13T15:40:37.8353128Z info => Cleaning outputDir: [36mstorybook-static[39m
2026-09-13T15:40:37.9675998Z info => Loading presets
2026-09-13T15:40:38.6088254Z info => Building manager..
2026-09-13T15:40:38.9371502Z info => Building preview..
2026-09-13T15:40:39.1016939Z info Using tsconfig paths for react-docgen
2026-09-13T15:40:39.1130718Z No story files found for the specified pattern: [34msrc/stories/**/*.mdx[39m
2026-09-13T15:40:39.4586806Z 
2026-09-13T15:40:39.4588001Z > @oods/tokens@0.1.0 build /home/runner/work/OODS-Forge/OODS-Forge/packages/tokens
2026-09-13T15:40:39.4588925Z > rimraf dist && node ./scripts/build.mjs && node ./scripts/build-entry.mjs
2026-09-13T15:40:39.4589342Z 
2026-09-13T15:40:39.6957446Z ✔︎ collision guard: no non-exempt collisions across 6 scopes
2026-09-13T15:40:39.6958505Z Building design tokens with Style Dictionary…
2026-09-13T15:40:39.7536126Z 
2026-09-13T15:40:39.7537104Z Token collisions detected (9):
2026-09-13T15:40:39.7539742Z Use log.verbosity "verbose" or use CLI option --verbose for more details.
2026-09-13T15:40:39.7540549Z Refer to: https://styledictionary.com/reference/logging/
2026-09-13T15:40:40.1005721Z 
2026-09-13T15:40:40.1006676Z ios-swift
2026-09-13T15:40:40.1007383Z ! dist/ios-swift/OodsTokens.swift, does not exist
2026-09-13T15:40:40.1012324Z 
2026-09-13T15:40:40.1012675Z compose
2026-09-13T15:40:40.1013133Z ! dist/compose/OodsTokens.kt, does not exist
2026-09-13T15:40:40.1776713Z 
2026-09-13T15:40:40.1777555Z ts
2026-09-13T15:40:40.1778055Z ! dist/ts/tokens.ts, does not exist
2026-09-13T15:40:40.1778407Z 
2026-09-13T15:40:40.1778614Z tailwind
2026-09-13T15:40:40.1779012Z ! dist/tailwind/tokens.json, does not exist
2026-09-13T15:40:40.7292303Z 
2026-09-13T15:40:40.7293178Z ios-swift
2026-09-13T15:40:40.7294118Z ✔︎ dist/ios-swift/OodsTokens.swift
2026-09-13T15:40:40.7294751Z 
2026-09-13T15:40:40.7294962Z compose
2026-09-13T15:40:40.7295876Z ✔︎ dist/compose/OodsTokens.kt
2026-09-13T15:40:40.7756484Z 
2026-09-13T15:40:40.7757470Z ts
2026-09-13T15:40:40.7758310Z ✔︎ dist/ts/tokens.ts
2026-09-13T15:40:40.7759036Z 
2026-09-13T15:40:40.7759243Z tailwind
2026-09-13T15:40:40.7759662Z ✔︎ dist/tailwind/tokens.json
2026-09-13T15:40:40.8361920Z 
2026-09-13T15:40:40.8362940Z Token collisions detected (9):
2026-09-13T15:40:40.8369155Z Use log.verbosity "verbose" or use CLI option --verbose for more details.
2026-09-13T15:40:40.8369869Z Refer to: https://styledictionary.com/reference/logging/
2026-09-13T15:40:40.9648124Z 
2026-09-13T15:40:40.9648824Z css
2026-09-13T15:40:40.9649635Z ✔︎ dist/css/tokens.css
2026-09-13T15:40:40.9943569Z 
2026-09-13T15:40:40.9944248Z Token collisions detected (9):
2026-09-13T15:40:40.9944964Z Use log.verbosity "verbose" or use CLI option --verbose for more details.
2026-09-13T15:40:40.9945809Z Refer to: https://styledictionary.com/reference/logging/
2026-09-13T15:40:41.0861401Z 
2026-09-13T15:40:41.0862079Z css
2026-09-13T15:40:41.0862918Z ✔︎ dist/css/tokens.css
2026-09-13T15:40:41.1807220Z 
2026-09-13T15:40:41.1807826Z Token collisions detected (426):
2026-09-13T15:40:41.1808496Z Use log.verbosity "verbose" or use CLI option --verbose for more details.
2026-09-13T15:40:41.1809199Z Refer to: https://styledictionary.com/reference/logging/
2026-09-13T15:40:41.2661426Z 
2026-09-13T15:40:41.2662235Z css
2026-09-13T15:40:41.2663038Z ✔︎ dist/css/tokens.css
2026-09-13T15:40:41.3461172Z 
2026-09-13T15:40:41.3466340Z Token collisions detected (376):
2026-09-13T15:40:41.3467126Z Use log.verbosity "verbose" or use CLI option --verbose for more details.
2026-09-13T15:40:41.3467773Z Refer to: https://styledictionary.com/reference/logging/
2026-09-13T15:40:41.4381558Z 
2026-09-13T15:40:41.4388816Z css
2026-09-13T15:40:41.4389757Z ✔︎ dist/css/tokens.css
2026-09-13T15:40:41.5196125Z 
2026-09-13T15:40:41.5197255Z Token collisions detected (9):
2026-09-13T15:40:41.5197969Z Use log.verbosity "verbose" or use CLI option --verbose for more details.
2026-09-13T15:40:41.5198651Z Refer to: https://styledictionary.com/reference/logging/
2026-09-13T15:40:41.6041072Z 
2026-09-13T15:40:41.6042562Z css
2026-09-13T15:40:41.6043375Z ✔︎ dist/css/tokens.css
2026-09-13T15:40:41.6826900Z 
2026-09-13T15:40:41.6827619Z Token collisions detected (426):
2026-09-13T15:40:41.6828323Z Use log.verbosity "verbose" or use CLI option --verbose for more details.
2026-09-13T15:40:41.6829071Z Refer to: https://styledictionary.com/reference/logging/
2026-09-13T15:40:41.7689187Z 
2026-09-13T15:40:41.7690263Z css
2026-09-13T15:40:41.7691352Z ✔︎ dist/css/tokens.css
2026-09-13T15:40:41.8512703Z 
2026-09-13T15:40:41.8513542Z Token collisions detected (376):
2026-09-13T15:40:41.8514266Z Use log.verbosity "verbose" or use CLI option --verbose for more details.
2026-09-13T15:40:41.8515009Z Refer to: https://styledictionary.com/reference/logging/
2026-09-13T15:40:41.9364279Z 
2026-09-13T15:40:41.9365098Z css
2026-09-13T15:40:41.9366130Z ✔︎ dist/css/tokens.css
2026-09-13T15:40:42.0147113Z 
2026-09-13T15:40:42.0148415Z Token collisions detected (9):
2026-09-13T15:40:42.0149125Z Use log.verbosity "verbose" or use CLI option --verbose for more details.
2026-09-13T15:40:42.0149796Z Refer to: https://styledictionary.com/reference/logging/
2026-09-13T15:40:42.1008735Z ✔︎ tokens built successfully in 2.41s
2026-09-13T15:40:42.1009416Z    css:      dist/css/tokens.css (6 brand × theme scopes)
2026-09-13T15:40:42.1010818Z    types:    dist/ts/tokens.ts
2026-09-13T15:40:42.1011238Z    tailwind: dist/tailwind/tokens.json
2026-09-13T15:40:42.1011620Z    ios:      dist/ios-swift/OodsTokens.swift
2026-09-13T15:40:42.1012145Z    compose:  dist/compose/OodsTokens.kt
2026-09-13T15:40:43.6057737Z [36mvite v6.4.1 [32mbuilding for production...[36m[39m
2026-09-13T15:40:43.7246055Z [34mAttention:[39m Storybook now collects completely anonymous telemetry regarding usage. This information is used to shape Storybook's roadmap and prioritize features.
2026-09-13T15:40:43.7247528Z You can learn more, including how to opt-out if you'd not like to participate in this anonymous program, by visiting the following URL:
2026-09-13T15:40:43.7248773Z [36mhttps://storybook.js.org/telemetry[39m
2026-09-13T15:40:43.7249413Z 
2026-09-13T15:40:43.7316171Z transforming...
2026-09-13T15:40:44.4051775Z [baseline-browser-mapping] The data in this module is over two months old.  To ensure accurate Baseline data, please update: `npm i baseline-browser-mapping@latest -D`
2026-09-13T15:40:52.5947361Z (node:2323) [DEP0190] DeprecationWarning: Passing args to a child process with shell option true can lead to security vulnerabilities, as the arguments are not escaped, only concatenated.
2026-09-13T15:40:52.5949347Z (Use `node --trace-deprecation ...` to show where the warning was created)
2026-09-13T15:41:01.6071214Z [33m[plugin vite:resolve] Module "node:crypto" has been externalized for browser compatibility, imported by "/home/runner/work/OODS-Forge/OODS-Forge/src/utils/hash/sha256.ts". See https://vite.dev/guide/troubleshooting.html#module-externalized-for-browser-compatibility for more details.[39m
2026-09-13T15:41:13.5983206Z [32m✓[39m 2659 modules transformed.
2026-09-13T15:41:14.6967363Z rendering chunks...
2026-09-13T15:41:18.0887249Z computing gzip size...
2026-09-13T15:41:19.1228011Z [2mstorybook-static/[22m[32miframe.html                                                    [39m[1m[2m   19.58 kB[22m[1m[22m[2m │ gzip:   5.29 kB[22m
2026-09-13T15:41:19.1248515Z [2mstorybook-static/[22m[2massets/[22m[35mProgress-BmiqskSx.css                                   [39m[1m[2m    1.66 kB[22m[1m[22m[2m │ gzip:   0.52 kB[22m
2026-09-13T15:41:19.1249980Z [2mstorybook-static/[22m[2massets/[22m[35mStepper-BH9kROQA.css                                    [39m[1m[2m    3.17 kB[22m[1m[22m[2m │ gzip:   0.85 kB[22m
2026-09-13T15:41:19.1297875Z [2mstorybook-static/[22m[2massets/[22m[35mPagination-Ds7DCwF1.css                                 [39m[1m[2m    3.41 kB[22m[1m[22m[2m │ gzip:   0.87 kB[22m
2026-09-13T15:41:19.1327795Z [2mstorybook-static/[22m[2massets/[22m[35mBreadcrumbs-CRpeVKzG.css                                [39m[1m[2m    3.46 kB[22m[1m[22m[2m │ gzip:   0.85 kB[22m
2026-09-13T15:41:19.1343501Z [2mstorybook-static/[22m[2massets/[22m[35mTagPill-BkAHZaKK.css                                    [39m[1m[2m    4.12 kB[22m[1m[22m[2m │ gzip:   1.13 kB[22m
2026-09-13T15:41:19.1377475Z [2mstorybook-static/[22m[2massets/[22m[35mTabs-M6rjellP.css                                       [39m[1m[2m    4.38 kB[22m[1m[22m[2m │ gzip:   1.12 kB[22m
2026-09-13T15:41:19.1417345Z [2mstorybook-static/[22m[2massets/[22m[35maddress-types-DXNV0PwR.css                              [39m[1m[2m    6.12 kB[22m[1m[22m[2m │ gzip:   1.37 kB[22m
2026-09-13T15:41:19.1457403Z [2mstorybook-static/[22m[2massets/[22m[35mCategoryTree-BLEO57eG.css                               [39m[1m[2m    7.04 kB[22m[1m[22m[2m │ gzip:   1.45 kB[22m
2026-09-13T15:41:19.1477313Z [2mstorybook-static/[22m[2massets/[22m[35mforms-DhyefL6t.css                                      [39m[1m[2m    8.66 kB[22m[1m[22m[2m │ gzip:   1.55 kB[22m
2026-09-13T15:41:19.1517143Z [2mstorybook-static/[22m[2massets/[22m[35miframe-CBSGbtLN.css                                     [39m[1m[2m  293.32 kB[22m[1m[22m[2m │ gzip:  37.51 kB[22m
2026-09-13T15:41:19.1519490Z [2mstorybook-static/[22m[2massets/[22m[36m__vite-browser-external-BIHI7g3E.js                     [39m[1m[2m    0.03 kB[22m[1m[22m[2m │ gzip:   0.05 kB[22m
2026-09-13T15:41:19.1557194Z [2mstorybook-static/[22m[2massets/[22m[36mdesign-tokens-B8gMOGdo.js                               [39m[1m[2m    0.11 kB[22m[1m[22m[2m │ gzip:   0.12 kB[22m
2026-09-13T15:41:19.1587333Z [2mstorybook-static/[22m[2massets/[22m[36mformat-compact-Cjy90nd7.js                              [39m[1m[2m    0.12 kB[22m[1m[22m[2m │ gzip:   0.12 kB[22m
2026-09-13T15:41:19.1622594Z [2mstorybook-static/[22m[2massets/[22m[36mTable-DKQ4Jrbd.js                                       [39m[1m[2m    0.17 kB[22m[1m[22m[2m │ gzip:   0.15 kB[22m
2026-09-13T15:41:19.1657399Z [2mstorybook-static/[22m[2massets/[22m[36mOverlayRoot-BRIqKid9.js                                 [39m[1m[2m    0.17 kB[22m[1m[22m[2m │ gzip:   0.16 kB[22m
2026-09-13T15:41:19.1677279Z [2mstorybook-static/[22m[2massets/[22m[36mBubbleChart-FDI9HHSH.js                                 [39m[1m[2m    0.23 kB[22m[1m[22m[2m │ gzip:   0.21 kB[22m
2026-09-13T15:41:19.1707199Z [2mstorybook-static/[22m[2massets/[22m[36mobject-Nsmfrsl4.js                                      [39m[1m[2m    0.35 kB[22m[1m[22m[2m │ gzip:   0.27 kB[22m
2026-09-13T15:41:19.1747187Z [2mstorybook-static/[22m[2massets/[22m[36mshared-Bu6Dt-RN.js                                      [39m[1m[2m    0.38 kB[22m[1m[22m[2m │ gzip:   0.28 kB[22m
2026-09-13T15:41:19.1767034Z [2mstorybook-static/[22m[2massets/[22m[36mindex-Di8CFWgv.js                                       [39m[1m[2m    0.46 kB[22m[1m[22m[2m │ gzip:   0.29 kB[22m
2026-09-13T15:41:19.1787018Z [2mstorybook-static/[22m[2massets/[22m[36mobject-W1ONur4D.js                                      [39m[1m[2m    0.51 kB[22m[1m[22m[2m │ gzip:   0.32 kB[22m
2026-09-13T15:41:19.1827396Z [2mstorybook-static/[22m[2massets/[22m[36mBadge.stories-D1oWxmJo.js                               [39m[1m[2m    0.61 kB[22m[1m[22m[2m │ gzip:   0.39 kB[22m
2026-09-13T15:41:19.1857299Z [2mstorybook-static/[22m[2massets/[22m[36mButton.stories-mEgE2_Co.js                              [39m[1m[2m    0.61 kB[22m[1m[22m[2m │ gzip:   0.40 kB[22m
2026-09-13T15:41:19.1887156Z [2mstorybook-static/[22m[2massets/[22m[36mInput.stories-DZ0PybMK.js                               [39m[1m[2m    0.65 kB[22m[1m[22m[2m │ gzip:   0.41 kB[22m
2026-09-13T15:41:19.1917155Z [2mstorybook-static/[22m[2massets/[22m[36mBanner.stories-BYyzAatY.js                              [39m[1m[2m    0.65 kB[22m[1m[22m[2m │ gzip:   0.41 kB[22m
2026-09-13T15:41:19.1927158Z [2mstorybook-static/[22m[2massets/[22m[36mToggle.stories-DU9vqIpn.js                              [39m[1m[2m    0.69 kB[22m[1m[22m[2m │ gzip:   0.43 kB[22m
2026-09-13T15:41:19.1976860Z [2mstorybook-static/[22m[2massets/[22m[36mCheckbox.stories-i9mbuKFi.js                            [39m[1m[2m    0.70 kB[22m[1m[22m[2m │ gzip:   0.43 kB[22m
2026-09-13T15:41:19.1997383Z [2mstorybook-static/[22m[2massets/[22m[36mTextArea.stories-CoR34LGY.js                            [39m[1m[2m    0.71 kB[22m[1m[22m[2m │ gzip:   0.44 kB[22m
2026-09-13T15:41:19.2026940Z [2mstorybook-static/[22m[2massets/[22m[36mjsx-runtime-D_zvdyIk.js                                 [39m[1m[2m    0.73 kB[22m[1m[22m[2m │ gzip:   0.46 kB[22m
2026-09-13T15:41:19.2067381Z [2mstorybook-static/[22m[2massets/[22m[36mwithPage-DAPUertW.js                                    [39m[1m[2m    0.79 kB[22m[1m[22m[2m │ gzip:   0.50 kB[22m
2026-09-13T15:41:19.2094278Z [2mstorybook-static/[22m[2massets/[22m[36mTooltip.stories-BpZz-ySo.js                             [39m[1m[2m    0.84 kB[22m[1m[22m[2m │ gzip:   0.49 kB[22m
2026-09-13T15:41:19.2117247Z [2mstorybook-static/[22m[2massets/[22m[36mfieldUtils-D3i5JNgY.js                                  [39m[1m[2m    0.87 kB[22m[1m[22m[2m │ gzip:   0.44 kB[22m
2026-09-13T15:41:19.2147168Z [2mstorybook-static/[22m[2massets/[22m[36museTooltip-Cbm5SROa.js                                  [39m[1m[2m    0.88 kB[22m[1m[22m[2m │ gzip:   0.41 kB[22m
2026-09-13T15:41:19.2177062Z [2mstorybook-static/[22m[2massets/[22m[36mprofiler-DAvCPf2R.js                                    [39m[1m[2m    0.90 kB[22m[1m[22m[2m │ gzip:   0.47 kB[22m
2026-09-13T15:41:19.2217138Z [2mstorybook-static/[22m[2massets/[22m[36mtoken-values-Cq1aG5r8.js                                [39m[1m[2m    0.94 kB[22m[1m[22m[2m │ gzip:   0.45 kB[22m
2026-09-13T15:41:19.2236971Z [2mstorybook-static/[22m[2massets/[22m[36muserTiming-Di4SONa0.js                                  [39m[1m[2m    1.00 kB[22m[1m[22m[2m │ gzip:   0.39 kB[22m
2026-09-13T15:41:19.2277206Z [2mstorybook-static/[22m[2massets/[22m[36mPopover.stories-71ZDZinG.js                             [39m[1m[2m    1.02 kB[22m[1m[22m[2m │ gzip:   0.58 kB[22m
2026-09-13T15:41:19.2278995Z [2mstorybook-static/[22m[2massets/[22m[36mCard.stories-X2MkAXFO.js                                [39m[1m[2m    1.03 kB[22m[1m[22m[2m │ gzip:   0.60 kB[22m
2026-09-13T15:41:19.2336398Z [2mstorybook-static/[22m[2massets/[22m[36mDetail.stories-Dlb8fsXn.js                              [39m[1m[2m    1.03 kB[22m[1m[22m[2m │ gzip:   0.59 kB[22m
2026-09-13T15:41:19.2338397Z [2mstorybook-static/[22m[2massets/[22m[36mList.stories-obArixeG.js                                [39m[1m[2m    1.04 kB[22m[1m[22m[2m │ gzip:   0.61 kB[22m
2026-09-13T15:41:19.2377070Z [2mstorybook-static/[22m[2massets/[22m[36mInline.stories-BkeObrVW.js                              [39m[1m[2m    1.04 kB[22m[1m[22m[2m │ gzip:   0.60 kB[22m
2026-09-13T15:41:19.2378470Z [2mstorybook-static/[22m[2massets/[22m[36mForm.stories-ZZdhW-hS.js                                [39m[1m[2m    1.06 kB[22m[1m[22m[2m │ gzip:   0.62 kB[22m
2026-09-13T15:41:19.2386080Z [2mstorybook-static/[22m[2massets/[22m[36mTimeline.stories-D6Mfid_c.js                            [39m[1m[2m    1.08 kB[22m[1m[22m[2m │ gzip:   0.60 kB[22m
2026-09-13T15:41:19.2387679Z [2mstorybook-static/[22m[2massets/[22m[36mForcedColors.stories-DzygjhmH.js                        [39m[1m[2m    1.13 kB[22m[1m[22m[2m │ gzip:   0.63 kB[22m
2026-09-13T15:41:19.2389306Z [2mstorybook-static/[22m[2massets/[22m[36mactive-WriDRwKw.js                                      [39m[1m[2m    1.20 kB[22m[1m[22m[2m │ gzip:   0.59 kB[22m
2026-09-13T15:41:19.2390696Z [2mstorybook-static/[22m[2massets/[22m[36mpreload-helper-Dp1pzeXC.js                              [39m[1m[2m    1.27 kB[22m[1m[22m[2m │ gzip:   0.73 kB[22m
2026-09-13T15:41:19.2398469Z [2mstorybook-static/[22m[2massets/[22m[36mDocsRenderer-PQXLIZUC-DksOMfql.js                       [39m[1m[2m    1.30 kB[22m[1m[22m[2m │ gzip:   0.71 kB[22m
2026-09-13T15:41:19.2400152Z [2mstorybook-static/[22m[2massets/[22m[36mhierarchy-utils-BsVLmEIJ.js                             [39m[1m[2m    1.40 kB[22m[1m[22m[2m │ gzip:   0.70 kB[22m
2026-09-13T15:41:19.2401442Z [2mstorybook-static/[22m[2massets/[22m[36mPatterns.Form-BlskNtIf.js                               [39m[1m[2m    1.46 kB[22m[1m[22m[2m │ gzip:   0.71 kB[22m
2026-09-13T15:41:19.2402647Z [2mstorybook-static/[22m[2massets/[22m[36mBadge-Qfpb1TWn.js                                       [39m[1m[2m    1.47 kB[22m[1m[22m[2m │ gzip:   0.62 kB[22m
2026-09-13T15:41:19.2403998Z [2mstorybook-static/[22m[2massets/[22m[36mSheet-BOuZuaTh.js                                       [39m[1m[2m    1.47 kB[22m[1m[22m[2m │ gzip:   0.76 kB[22m
2026-09-13T15:41:19.2405183Z [2mstorybook-static/[22m[2massets/[22m[36mToggle-Bvt_jewq.js                                      [39m[1m[2m    1.47 kB[22m[1m[22m[2m │ gzip:   0.68 kB[22m
2026-09-13T15:41:19.2406911Z [2mstorybook-static/[22m[2massets/[22m[36mCheckbox-BGmetPA3.js                                    [39m[1m[2m    1.51 kB[22m[1m[22m[2m │ gzip:   0.67 kB[22m
2026-09-13T15:41:19.2408444Z [2mstorybook-static/[22m[2massets/[22m[36mCategoryBreadcrumb-C9XtHKXv.js                          [39m[1m[2m    1.60 kB[22m[1m[22m[2m │ gzip:   0.70 kB[22m
2026-09-13T15:41:19.2409786Z [2mstorybook-static/[22m[2massets/[22m[36msubscription-C1kagOOH.js                                [39m[1m[2m    1.61 kB[22m[1m[22m[2m │ gzip:   0.77 kB[22m
2026-09-13T15:41:19.2411019Z [2mstorybook-static/[22m[2massets/[22m[36mactive-Ezbq0kJo.js                                      [39m[1m[2m    1.66 kB[22m[1m[22m[2m │ gzip:   0.79 kB[22m
2026-09-13T15:41:19.2412221Z [2mstorybook-static/[22m[2massets/[22m[36mstatusMap-vNRpwO6a.js                                   [39m[1m[2m    1.76 kB[22m[1m[22m[2m │ gzip:   0.75 kB[22m
2026-09-13T15:41:19.2413664Z [2mstorybook-static/[22m[2massets/[22m[36mComponents.Toggle-Dp0w0HGz.js                           [39m[1m[2m    1.83 kB[22m[1m[22m[2m │ gzip:   0.90 kB[22m
2026-09-13T15:41:19.2414859Z [2mstorybook-static/[22m[2massets/[22m[36mComponents.Radio-Ch9Co6Gm.js                            [39m[1m[2m    1.84 kB[22m[1m[22m[2m │ gzip:   0.92 kB[22m
2026-09-13T15:41:19.2416910Z [2mstorybook-static/[22m[2massets/[22m[36mComponents.Checkbox-CZ2ZsXuE.js                         [39m[1m[2m    1.86 kB[22m[1m[22m[2m │ gzip:   0.92 kB[22m
2026-09-13T15:41:19.2418035Z [2mstorybook-static/[22m[2massets/[22m[36mTextArea-4DuLXLdX.js                                    [39m[1m[2m    1.91 kB[22m[1m[22m[2m │ gzip:   0.80 kB[22m
2026-09-13T15:41:19.2419222Z [2mstorybook-static/[22m[2massets/[22m[36mPopover-CRrBGW-7.js                                     [39m[1m[2m    1.99 kB[22m[1m[22m[2m │ gzip:   1.00 kB[22m
2026-09-13T15:41:19.2420617Z [2mstorybook-static/[22m[2massets/[22m[36mscale-token-mapper-O3Lj-JOz.js                          [39m[1m[2m    2.01 kB[22m[1m[22m[2m │ gzip:   0.65 kB[22m
2026-09-13T15:41:19.2422140Z [2mstorybook-static/[22m[2massets/[22m[36mButton-B4wWG4qC.js                                      [39m[1m[2m    2.02 kB[22m[1m[22m[2m │ gzip:   0.71 kB[22m
2026-09-13T15:41:19.2423492Z [2mstorybook-static/[22m[2massets/[22m[36mComponents.Tooltip-BtFfL2hd.js                          [39m[1m[2m    2.11 kB[22m[1m[22m[2m │ gzip:   0.91 kB[22m
2026-09-13T15:41:19.2424819Z [2mstorybook-static/[22m[2massets/[22m[36maddress-formatter-jjX4-Rcg.js                           [39m[1m[2m    2.12 kB[22m[1m[22m[2m │ gzip:   0.99 kB[22m
2026-09-13T15:41:19.2426049Z [2mstorybook-static/[22m[2massets/[22m[36mview-ltdmgXLy.js                                        [39m[1m[2m    2.14 kB[22m[1m[22m[2m │ gzip:   0.92 kB[22m
2026-09-13T15:41:19.2428584Z [2mstorybook-static/[22m[2massets/[22m[36mBrandA-DmKKGyUG.js                                      [39m[1m[2m    2.17 kB[22m[1m[22m[2m │ gzip:   1.02 kB[22m
2026-09-13T15:41:19.2429855Z [2mstorybook-static/[22m[2massets/[22m[36mPageHeader-D5NI-Te_.js                                  [39m[1m[2m    2.17 kB[22m[1m[22m[2m │ gzip:   0.91 kB[22m
2026-09-13T15:41:19.2430937Z [2mstorybook-static/[22m[2massets/[22m[36mBarChart-H3MEzqI2.js                                    [39m[1m[2m    2.20 kB[22m[1m[22m[2m │ gzip:   1.06 kB[22m
2026-09-13T15:41:19.2431774Z [2mstorybook-static/[22m[2massets/[22m[36mComponents.Toast-OB5_VB5m.js                            [39m[1m[2m    2.20 kB[22m[1m[22m[2m │ gzip:   1.03 kB[22m
2026-09-13T15:41:19.2432679Z [2mstorybook-static/[22m[2massets/[22m[36mAccessibleTable-D4qUvnbl.js                             [39m[1m[2m    2.24 kB[22m[1m[22m[2m │ gzip:   1.03 kB[22m
2026-09-13T15:41:19.2433563Z [2mstorybook-static/[22m[2massets/[22m[36mPageHeader.stories-DsLl79Ap.js                          [39m[1m[2m    2.31 kB[22m[1m[22m[2m │ gzip:   0.96 kB[22m
2026-09-13T15:41:19.2434625Z [2mstorybook-static/[22m[2massets/[22m[36mindex-BoRlhAYW.js                                       [39m[1m[2m    2.35 kB[22m[1m[22m[2m │ gzip:   0.96 kB[22m
2026-09-13T15:41:19.2436063Z [2mstorybook-static/[22m[2massets/[22m[36moverlay-manager.stories-zgIcsNmK.js                     [39m[1m[2m    2.37 kB[22m[1m[22m[2m │ gzip:   1.14 kB[22m
2026-09-13T15:41:19.2437328Z [2mstorybook-static/[22m[2massets/[22m[36mComponents.TextArea-BCWrbSCj.js                         [39m[1m[2m    2.45 kB[22m[1m[22m[2m │ gzip:   1.14 kB[22m
2026-09-13T15:41:19.2438241Z [2mstorybook-static/[22m[2massets/[22m[36mComponents.Badge-DRKtZmf2.js                            [39m[1m[2m    2.46 kB[22m[1m[22m[2m │ gzip:   1.07 kB[22m
2026-09-13T15:41:19.2439058Z [2mstorybook-static/[22m[2massets/[22m[36mhooks-Ckc6h10n.js                                       [39m[1m[2m    2.49 kB[22m[1m[22m[2m │ gzip:   1.08 kB[22m
2026-09-13T15:41:19.2439900Z [2mstorybook-static/[22m[2massets/[22m[36mInput-aQHiKnoG.js                                       [39m[1m[2m    2.50 kB[22m[1m[22m[2m │ gzip:   0.97 kB[22m
2026-09-13T15:41:19.2440784Z [2mstorybook-static/[22m[2massets/[22m[36mLayeredCharts.stories-CGm-Xy2Z.js                       [39m[1m[2m    2.50 kB[22m[1m[22m[2m │ gzip:   1.04 kB[22m
2026-09-13T15:41:19.2441656Z [2mstorybook-static/[22m[2massets/[22m[36mToast.stories-OhKdSkFl.js                               [39m[1m[2m    2.50 kB[22m[1m[22m[2m │ gzip:   1.16 kB[22m
2026-09-13T15:41:19.2442597Z [2mstorybook-static/[22m[2massets/[22m[36mSheet.stories-BL4Pj82Z.js                               [39m[1m[2m    2.54 kB[22m[1m[22m[2m │ gzip:   0.82 kB[22m
2026-09-13T15:41:19.2443454Z [2mstorybook-static/[22m[2massets/[22m[36mComponents.StatusShowcase-bjdhJO9M.js                   [39m[1m[2m    2.55 kB[22m[1m[22m[2m │ gzip:   1.10 kB[22m
2026-09-13T15:41:19.2444499Z [2mstorybook-static/[22m[2massets/[22m[36mComponents.Select-BJYQXPbZ.js                           [39m[1m[2m    2.58 kB[22m[1m[22m[2m │ gzip:   1.14 kB[22m
2026-09-13T15:41:19.2445350Z [2mstorybook-static/[22m[2massets/[22m[36mTooltip-DSz8_Tq6.js                                     [39m[1m[2m    2.62 kB[22m[1m[22m[2m │ gzip:   1.08 kB[22m
2026-09-13T15:41:19.2446493Z [2mstorybook-static/[22m[2massets/[22m[36mComponents.Tabs-bbE9Wba8.js                             [39m[1m[2m    2.65 kB[22m[1m[22m[2m │ gzip:   1.11 kB[22m
2026-09-13T15:41:19.2447337Z [2mstorybook-static/[22m[2massets/[22m[36mBadge.stories-CxO6w_cV.js                               [39m[1m[2m    2.67 kB[22m[1m[22m[2m │ gzip:   1.10 kB[22m
2026-09-13T15:41:19.2448234Z [2mstorybook-static/[22m[2massets/[22m[36mTagList-bMgcyB9U.js                                     [39m[1m[2m    2.68 kB[22m[1m[22m[2m │ gzip:   1.00 kB[22m
2026-09-13T15:41:19.2449096Z [2mstorybook-static/[22m[2massets/[22m[36mkeyboard-nav-CqesSlre.js                                [39m[1m[2m    2.69 kB[22m[1m[22m[2m │ gzip:   1.36 kB[22m
2026-09-13T15:41:19.2449946Z [2mstorybook-static/[22m[2massets/[22m[36mTagList.stories-Ch4rp24F.js                             [39m[1m[2m    2.75 kB[22m[1m[22m[2m │ gzip:   1.06 kB[22m
2026-09-13T15:41:19.2450844Z [2mstorybook-static/[22m[2massets/[22m[36mInvoice.stories-D7JkMzkh.js                             [39m[1m[2m    2.78 kB[22m[1m[22m[2m │ gzip:   0.91 kB[22m
2026-09-13T15:41:19.2451683Z [2mstorybook-static/[22m[2massets/[22m[36mBanner.stories-s4ki9Y19.js                              [39m[1m[2m    2.78 kB[22m[1m[22m[2m │ gzip:   1.15 kB[22m
2026-09-13T15:41:19.2452525Z [2mstorybook-static/[22m[2massets/[22m[36mComponents.Button-Duv5zn2m.js                           [39m[1m[2m    2.81 kB[22m[1m[22m[2m │ gzip:   1.16 kB[22m
2026-09-13T15:41:19.2453386Z [2mstorybook-static/[22m[2massets/[22m[36mComponents.Input-xFWjMs7T.js                            [39m[1m[2m    2.84 kB[22m[1m[22m[2m │ gzip:   1.33 kB[22m
2026-09-13T15:41:19.2454340Z [2mstorybook-static/[22m[2massets/[22m[36mSubscription.stories-Bu-43Xqk.js                        [39m[1m[2m    2.84 kB[22m[1m[22m[2m │ gzip:   0.92 kB[22m
2026-09-13T15:41:19.2455201Z [2mstorybook-static/[22m[2massets/[22m[36mtag-CiDFr6a8.js                                         [39m[1m[2m    2.86 kB[22m[1m[22m[2m │ gzip:   1.31 kB[22m
2026-09-13T15:41:19.2456539Z [2mstorybook-static/[22m[2massets/[22m[36mview-C1abIPqS.js                                        [39m[1m[2m    2.87 kB[22m[1m[22m[2m │ gzip:   1.09 kB[22m
2026-09-13T15:41:19.2457376Z [2mstorybook-static/[22m[2massets/[22m[36mComponents.Banner-BKyV7VNw.js                           [39m[1m[2m    2.87 kB[22m[1m[22m[2m │ gzip:   1.32 kB[22m
2026-09-13T15:41:19.2458299Z [2mstorybook-static/[22m[2massets/[22m[36mFacetedCharts.stories-DpvHmYU_.js                       [39m[1m[2m    2.93 kB[22m[1m[22m[2m │ gzip:   1.09 kB[22m
2026-09-13T15:41:19.2459165Z [2mstorybook-static/[22m[2massets/[22m[36mCompositorHarness.stories-BRpwdz3o.js                   [39m[1m[2m    2.95 kB[22m[1m[22m[2m │ gzip:   1.36 kB[22m
2026-09-13T15:41:19.2460072Z [2mstorybook-static/[22m[2massets/[22m[36mAddressDisplay.stories-KOJ1hAez.js                      [39m[1m[2m    2.98 kB[22m[1m[22m[2m │ gzip:   1.27 kB[22m
2026-09-13T15:41:19.2460966Z [2mstorybook-static/[22m[2massets/[22m[36moverlay-contract.stories-CIy5m3sZ.js                    [39m[1m[2m    3.03 kB[22m[1m[22m[2m │ gzip:   1.35 kB[22m
2026-09-13T15:41:19.2461859Z [2mstorybook-static/[22m[2massets/[22m[36mPatterns.stories-6dK93CmA.js                            [39m[1m[2m    3.07 kB[22m[1m[22m[2m │ gzip:   1.45 kB[22m
2026-09-13T15:41:19.2462728Z [2mstorybook-static/[22m[2massets/[22m[36mButton.stories-H32yp2Go.js                              [39m[1m[2m    3.25 kB[22m[1m[22m[2m │ gzip:   1.01 kB[22m
2026-09-13T15:41:19.2463636Z [2mstorybook-static/[22m[2massets/[22m[36mDialog.stories-DqCzG4cI.js                              [39m[1m[2m    3.29 kB[22m[1m[22m[2m │ gzip:   1.39 kB[22m
2026-09-13T15:41:19.2464545Z [2mstorybook-static/[22m[2massets/[22m[36mcontext-gallery.stories-fs_y0Z1a.js                     [39m[1m[2m    3.48 kB[22m[1m[22m[2m │ gzip:   1.53 kB[22m
2026-09-13T15:41:19.2465439Z [2mstorybook-static/[22m[2massets/[22m[36mUserWithAddresses.stories-DjHpOM0u.js                   [39m[1m[2m    3.50 kB[22m[1m[22m[2m │ gzip:   1.47 kB[22m
2026-09-13T15:41:19.2466588Z [2mstorybook-static/[22m[2massets/[22m[36maddress-types-DDZZ_LMH.js                               [39m[1m[2m    3.51 kB[22m[1m[22m[2m │ gzip:   1.33 kB[22m
2026-09-13T15:41:19.2467408Z [2mstorybook-static/[22m[2massets/[22m[36mBanner-Dsvl_Xv0.js                                      [39m[1m[2m    3.58 kB[22m[1m[22m[2m │ gzip:   1.24 kB[22m
2026-09-13T15:41:19.2468283Z [2mstorybook-static/[22m[2massets/[22m[36mComponentSetIV-DZRZiPnW.js                              [39m[1m[2m    3.80 kB[22m[1m[22m[2m │ gzip:   1.29 kB[22m
2026-09-13T15:41:19.2469215Z [2mstorybook-static/[22m[2massets/[22m[36mCheckbox.stories-B4eQTutx.js                            [39m[1m[2m    3.85 kB[22m[1m[22m[2m │ gzip:   1.23 kB[22m
2026-09-13T15:41:19.2470126Z [2mstorybook-static/[22m[2massets/[22m[36mOrganizationLocations.stories-QAWN5jVx.js               [39m[1m[2m    3.91 kB[22m[1m[22m[2m │ gzip:   1.63 kB[22m
2026-09-13T15:41:19.2471034Z [2mstorybook-static/[22m[2massets/[22m[36mToast-CX1XteE3.js                                       [39m[1m[2m    3.92 kB[22m[1m[22m[2m │ gzip:   1.53 kB[22m
2026-09-13T15:41:19.2471864Z [2mstorybook-static/[22m[2massets/[22m[36mLineChart-Tvf35Ctl.js                                   [39m[1m[2m    3.97 kB[22m[1m[22m[2m │ gzip:   1.77 kB[22m
2026-09-13T15:41:19.2472711Z [2mstorybook-static/[22m[2massets/[22m[36mToast.stories-CXZ24wfm.js                               [39m[1m[2m    3.98 kB[22m[1m[22m[2m │ gzip:   1.53 kB[22m
2026-09-13T15:41:19.2473650Z [2mstorybook-static/[22m[2massets/[22m[36maddress-display-ChzsyAh3.js                             [39m[1m[2m    4.20 kB[22m[1m[22m[2m │ gzip:   1.43 kB[22m
2026-09-13T15:41:19.2474594Z [2mstorybook-static/[22m[2massets/[22m[36mUsageAggregationHarness.stories-8Fjbm70z.js             [39m[1m[2m    4.24 kB[22m[1m[22m[2m │ gzip:   1.57 kB[22m
2026-09-13T15:41:19.2475729Z [2mstorybook-static/[22m[2massets/[22m[36mContexts.List-BOQXxBei.js                               [39m[1m[2m    4.27 kB[22m[1m[22m[2m │ gzip:   1.65 kB[22m
2026-09-13T15:41:19.2476588Z [2mstorybook-static/[22m[2massets/[22m[36mTagPill-Co1c2sv1.js                                     [39m[1m[2m    4.41 kB[22m[1m[22m[2m │ gzip:   1.04 kB[22m
2026-09-13T15:41:19.2477524Z [2mstorybook-static/[22m[2massets/[22m[36mCommunication.DeliveryHealthWidget.stories-DjA2WxoC.js  [39m[1m[2m    4.42 kB[22m[1m[22m[2m │ gzip:   1.67 kB[22m
2026-09-13T15:41:19.2478528Z [2mstorybook-static/[22m[2massets/[22m[36mAddressFormatting.stories-BMGAfYeE.js                   [39m[1m[2m    4.42 kB[22m[1m[22m[2m │ gzip:   1.65 kB[22m
2026-09-13T15:41:19.2479433Z [2mstorybook-static/[22m[2massets/[22m[36mToastPortal-CWkE3zmj.js                                 [39m[1m[2m    4.47 kB[22m[1m[22m[2m │ gzip:   1.99 kB[22m
2026-09-13T15:41:19.2480307Z [2mstorybook-static/[22m[2massets/[22m[36mOrganizationMembers.stories-DLe_XS2h.js                 [39m[1m[2m    4.48 kB[22m[1m[22m[2m │ gzip:   1.80 kB[22m
2026-09-13T15:41:19.2481165Z [2mstorybook-static/[22m[2massets/[22m[36mTabs.stories-DNRkLVCQ.js                                [39m[1m[2m    4.52 kB[22m[1m[22m[2m │ gzip:   1.90 kB[22m
2026-09-13T15:41:19.2482031Z [2mstorybook-static/[22m[2massets/[22m[36mcontext-matrix-DnLCejKW.js                              [39m[1m[2m    4.59 kB[22m[1m[22m[2m │ gzip:   0.50 kB[22m
2026-09-13T15:41:19.2482993Z [2mstorybook-static/[22m[2massets/[22m[36mTokenTransformHarness.stories-Dp4jaFXx.js               [39m[1m[2m    4.63 kB[22m[1m[22m[2m │ gzip:   1.65 kB[22m
2026-09-13T15:41:19.2483864Z [2mstorybook-static/[22m[2massets/[22m[36mContexts.Timeline-Cq3mLQBS.js                           [39m[1m[2m    4.74 kB[22m[1m[22m[2m │ gzip:   1.78 kB[22m
2026-09-13T15:41:19.2484758Z [2mstorybook-static/[22m[2massets/[22m[36mRadio.stories-bIRp4BxE.js                               [39m[1m[2m    4.75 kB[22m[1m[22m[2m │ gzip:   1.75 kB[22m
2026-09-13T15:41:19.2485747Z [2mstorybook-static/[22m[2massets/[22m[36mFoundations.Shadows-CjDERct0.js                         [39m[1m[2m    4.91 kB[22m[1m[22m[2m │ gzip:   1.83 kB[22m
2026-09-13T15:41:19.2486799Z [2mstorybook-static/[22m[2massets/[22m[36mContexts.Form-x8l36qB_.js                               [39m[1m[2m    4.92 kB[22m[1m[22m[2m │ gzip:   1.83 kB[22m
2026-09-13T15:41:19.2487683Z [2mstorybook-static/[22m[2massets/[22m[36mpreview-wiring-sanity.stories-BS2tSTnO.js               [39m[1m[2m    4.97 kB[22m[1m[22m[2m │ gzip:   1.87 kB[22m
2026-09-13T15:41:19.2488533Z [2mstorybook-static/[22m[2massets/[22m[36mtabs-B8zZvvaT.js                                        [39m[1m[2m    4.97 kB[22m[1m[22m[2m │ gzip:   2.03 kB[22m
2026-09-13T15:41:19.2489408Z [2mstorybook-static/[22m[2massets/[22m[36mContexts.Detail-B3__1ooj.js                             [39m[1m[2m    5.05 kB[22m[1m[22m[2m │ gzip:   1.95 kB[22m
2026-09-13T15:41:19.2490283Z [2mstorybook-static/[22m[2massets/[22m[36mBreadcrumbs.docs-Wjxz-7pW.js                            [39m[1m[2m    5.15 kB[22m[1m[22m[2m │ gzip:   1.92 kB[22m
2026-09-13T15:41:19.2491213Z [2mstorybook-static/[22m[2massets/[22m[36mListHarness.stories-BTevde6B.js                         [39m[1m[2m    5.15 kB[22m[1m[22m[2m │ gzip:   2.06 kB[22m
2026-09-13T15:41:19.2492181Z [2mstorybook-static/[22m[2massets/[22m[36mVizTokens.stories-BONXfGHX.js                           [39m[1m[2m    5.16 kB[22m[1m[22m[2m │ gzip:   1.96 kB[22m
2026-09-13T15:41:19.2493106Z [2mstorybook-static/[22m[2massets/[22m[36mFoundations.Borders-Du0ouezO.js                         [39m[1m[2m    5.18 kB[22m[1m[22m[2m │ gzip:   1.93 kB[22m
2026-09-13T15:41:19.2493972Z [2mstorybook-static/[22m[2massets/[22m[36mSelect.stories-D4GGHo80.js                              [39m[1m[2m    5.26 kB[22m[1m[22m[2m │ gzip:   1.37 kB[22m
2026-09-13T15:41:19.2494813Z [2mstorybook-static/[22m[2massets/[22m[36mPagination.docs-sK438-QA.js                             [39m[1m[2m    5.35 kB[22m[1m[22m[2m │ gzip:   1.97 kB[22m
2026-09-13T15:41:19.2495808Z [2mstorybook-static/[22m[2massets/[22m[36mTooltip.stories-Bs1yySa5.js                             [39m[1m[2m    5.38 kB[22m[1m[22m[2m │ gzip:   1.56 kB[22m
2026-09-13T15:41:19.2496715Z [2mstorybook-static/[22m[2massets/[22m[36mVizLayeredView-C4m7TTH4.js                              [39m[1m[2m    5.44 kB[22m[1m[22m[2m │ gzip:   2.21 kB[22m
2026-09-13T15:41:19.2497576Z [2mstorybook-static/[22m[2massets/[22m[36mTabs.docs-B3eWlbXp.js                                   [39m[1m[2m    5.53 kB[22m[1m[22m[2m │ gzip:   2.01 kB[22m
2026-09-13T15:41:19.2498421Z [2mstorybook-static/[22m[2massets/[22m[36mStepper.docs-CNBoKaqF.js                                [39m[1m[2m    5.53 kB[22m[1m[22m[2m │ gzip:   1.96 kB[22m
2026-09-13T15:41:19.2499272Z [2mstorybook-static/[22m[2massets/[22m[36mObjectMatrix.stories-BSibYmrs.js                        [39m[1m[2m    5.57 kB[22m[1m[22m[2m │ gzip:   2.24 kB[22m
2026-09-13T15:41:19.2500221Z [2mstorybook-static/[22m[2massets/[22m[36mstate-guards-BumdKES3.js                                [39m[1m[2m    5.57 kB[22m[1m[22m[2m │ gzip:   1.52 kB[22m
2026-09-13T15:41:19.2501135Z [2mstorybook-static/[22m[2massets/[22m[36mProgress.docs-D6FhxPqz.js                               [39m[1m[2m    5.61 kB[22m[1m[22m[2m │ gzip:   2.02 kB[22m
2026-09-13T15:41:19.2502033Z [2mstorybook-static/[22m[2massets/[22m[36mMembershipManager.stories-Dg5xsMmL.js                   [39m[1m[2m    5.69 kB[22m[1m[22m[2m │ gzip:   2.34 kB[22m
2026-09-13T15:41:19.2503011Z [2mstorybook-static/[22m[2massets/[22m[36mCommunication.ConversationThread.stories-ChV00jsF.js    [39m[1m[2m    5.72 kB[22m[1m[22m[2m │ gzip:   2.06 kB[22m
2026-09-13T15:41:19.2503960Z [2mstorybook-static/[22m[2massets/[22m[36mpreference-store-H5oHjFZW.js                            [39m[1m[2m    5.88 kB[22m[1m[22m[2m │ gzip:   2.09 kB[22m
2026-09-13T15:41:19.2504854Z [2mstorybook-static/[22m[2massets/[22m[36mview-collapse.stories-CF4-s_JP.js                       [39m[1m[2m    5.90 kB[22m[1m[22m[2m │ gzip:   2.31 kB[22m
2026-09-13T15:41:19.2505905Z [2mstorybook-static/[22m[2massets/[22m[36mToast.stories-C1-ATeYE.js                               [39m[1m[2m    5.91 kB[22m[1m[22m[2m │ gzip:   2.21 kB[22m
2026-09-13T15:41:19.2506832Z [2mstorybook-static/[22m[2massets/[22m[36mToast.docs-B5wdYUAD.js                                  [39m[1m[2m    6.03 kB[22m[1m[22m[2m │ gzip:   2.21 kB[22m
2026-09-13T15:41:19.2507717Z [2mstorybook-static/[22m[2massets/[22m[36mCategoryTree.stories-DcDcPMzk.js                        [39m[1m[2m    6.06 kB[22m[1m[22m[2m │ gzip:   1.87 kB[22m
2026-09-13T15:41:19.2508629Z [2mstorybook-static/[22m[2massets/[22m[36mBrandA.stories-6D3Fza54.js                              [39m[1m[2m    6.12 kB[22m[1m[22m[2m │ gzip:   2.48 kB[22m
2026-09-13T15:41:19.2509501Z [2mstorybook-static/[22m[2massets/[22m[36mLifecycle.docs-lnnpIuEp.js                              [39m[1m[2m    6.17 kB[22m[1m[22m[2m │ gzip:   1.92 kB[22m
2026-09-13T15:41:19.2510369Z [2mstorybook-static/[22m[2massets/[22m[36mIntro-D9lTe7Tb.js                                       [39m[1m[2m    6.29 kB[22m[1m[22m[2m │ gzip:   2.37 kB[22m
2026-09-13T15:41:19.2511313Z [2mstorybook-static/[22m[2massets/[22m[36mSelect.stories-C8fDcbSV.js                              [39m[1m[2m    6.36 kB[22m[1m[22m[2m │ gzip:   2.54 kB[22m
2026-09-13T15:41:19.2512188Z [2mstorybook-static/[22m[2massets/[22m[36mStatusChip.stories-D7_Rs8iN.js                          [39m[1m[2m    6.40 kB[22m[1m[22m[2m │ gzip:   1.26 kB[22m
2026-09-13T15:41:19.2513100Z [2mstorybook-static/[22m[2massets/[22m[36mUserDetail.stories-F2TKowd8.js                          [39m[1m[2m    6.42 kB[22m[1m[22m[2m │ gzip:   2.04 kB[22m
2026-09-13T15:41:19.2513979Z [2mstorybook-static/[22m[2massets/[22m[36mScatterChart.stories-CWnrtIQa.js                        [39m[1m[2m    6.48 kB[22m[1m[22m[2m │ gzip:   1.95 kB[22m
2026-09-13T15:41:19.2514842Z [2mstorybook-static/[22m[2massets/[22m[36mEmptyState.docs-JILnLR4Y.js                             [39m[1m[2m    6.56 kB[22m[1m[22m[2m │ gzip:   2.34 kB[22m
2026-09-13T15:41:19.2515821Z [2mstorybook-static/[22m[2massets/[22m[36mTextField.stories-BeJPVa9s.js                           [39m[1m[2m    6.60 kB[22m[1m[22m[2m │ gzip:   1.89 kB[22m
2026-09-13T15:41:19.2516735Z [2mstorybook-static/[22m[2massets/[22m[36maddress-IO7OCl_P.js                                     [39m[1m[2m    6.85 kB[22m[1m[22m[2m │ gzip:   2.23 kB[22m
2026-09-13T15:41:19.2517584Z [2mstorybook-static/[22m[2massets/[22m[36mScatterChart-BFqWaT84.js                                [39m[1m[2m    6.85 kB[22m[1m[22m[2m │ gzip:   2.22 kB[22m
2026-09-13T15:41:19.2518418Z [2mstorybook-static/[22m[2massets/[22m[36mstatus-JQOYCq9x.js                                      [39m[1m[2m    7.10 kB[22m[1m[22m[2m │ gzip:   1.85 kB[22m
2026-09-13T15:41:19.2519240Z [2mstorybook-static/[22m[2massets/[22m[36mTable.stories-B8ActJwf.js                               [39m[1m[2m    7.24 kB[22m[1m[22m[2m │ gzip:   1.80 kB[22m
2026-09-13T15:41:19.2520327Z [2mstorybook-static/[22m[2massets/[22m[36mHighContrast.Guardrails-hc.stories-CQvb8M5U.js          [39m[1m[2m    7.36 kB[22m[1m[22m[2m │ gzip:   2.31 kB[22m
2026-09-13T15:41:19.2521217Z [2mstorybook-static/[22m[2massets/[22m[36mtable-D9nef5LO.js                                       [39m[1m[2m    7.39 kB[22m[1m[22m[2m │ gzip:   1.99 kB[22m
2026-09-13T15:41:19.2522095Z [2mstorybook-static/[22m[2massets/[22m[36mUserPreferences.stories-CRbAyi3P.js                     [39m[1m[2m    7.90 kB[22m[1m[22m[2m │ gzip:   2.78 kB[22m
2026-09-13T15:41:19.2523027Z [2mstorybook-static/[22m[2massets/[22m[36mFoundations.Typography-ZImDyETS.js                      [39m[1m[2m    8.61 kB[22m[1m[22m[2m │ gzip:   2.66 kB[22m
2026-09-13T15:41:19.2523922Z [2mstorybook-static/[22m[2massets/[22m[36mAreaChart.stories-qTQb3fcC.js                           [39m[1m[2m    8.62 kB[22m[1m[22m[2m │ gzip:   2.30 kB[22m
2026-09-13T15:41:19.2524830Z [2mstorybook-static/[22m[2massets/[22m[36mContexts.Dark-YGiCUqMI.js                               [39m[1m[2m    8.69 kB[22m[1m[22m[2m │ gzip:   3.22 kB[22m
2026-09-13T15:41:19.2525768Z [2mstorybook-static/[22m[2massets/[22m[36mHeatmap.stories-Bc3Qr5Zp.js                             [39m[1m[2m    8.92 kB[22m[1m[22m[2m │ gzip:   2.50 kB[22m
2026-09-13T15:41:19.2526684Z [2mstorybook-static/[22m[2massets/[22m[36mVizFacetGrid-5zccR_gh.js                                [39m[1m[2m    9.03 kB[22m[1m[22m[2m │ gzip:   3.42 kB[22m
2026-09-13T15:41:19.2527538Z [2mstorybook-static/[22m[2massets/[22m[36mMembershipManager-De6nq1E9.js                           [39m[1m[2m    9.34 kB[22m[1m[22m[2m │ gzip:   2.70 kB[22m
2026-09-13T15:41:19.2528420Z [2mstorybook-static/[22m[2massets/[22m[36mPreferenceForm.stories-DLhDVS7A.js                      [39m[1m[2m    9.41 kB[22m[1m[22m[2m │ gzip:   3.14 kB[22m
2026-09-13T15:41:19.2529349Z [2mstorybook-static/[22m[2massets/[22m[36mUserWithAuthable.stories-CmHxDYym.js                    [39m[1m[2m    9.51 kB[22m[1m[22m[2m │ gzip:   3.23 kB[22m
2026-09-13T15:41:19.2530312Z [2mstorybook-static/[22m[2massets/[22m[36mLineChart.stories-CLrgjptI.js                           [39m[1m[2m    9.62 kB[22m[1m[22m[2m │ gzip:   2.66 kB[22m
2026-09-13T15:41:19.2531262Z [2mstorybook-static/[22m[2massets/[22m[36mCommunication.ChannelPlanEditor.stories-Kf8HQeZs.js     [39m[1m[2m    9.66 kB[22m[1m[22m[2m │ gzip:   3.02 kB[22m
2026-09-13T15:41:19.2532198Z [2mstorybook-static/[22m[2massets/[22m[36mCategoryPicker.stories-DapCjgpx.js                      [39m[1m[2m    9.96 kB[22m[1m[22m[2m │ gzip:   2.99 kB[22m
2026-09-13T15:41:19.2533148Z [2mstorybook-static/[22m[2massets/[22m[36m1-philosophy-DSopWzua.js                                [39m[1m[2m   10.05 kB[22m[1m[22m[2m │ gzip:   3.16 kB[22m
2026-09-13T15:41:19.2534015Z [2mstorybook-static/[22m[2massets/[22m[36mFoundations.Motion-2-Pgw-NO.js                          [39m[1m[2m   10.09 kB[22m[1m[22m[2m │ gzip:   3.32 kB[22m
2026-09-13T15:41:19.2534893Z [2mstorybook-static/[22m[2massets/[22m[36msample-entitlements-BdR_uNzy.js                         [39m[1m[2m   10.11 kB[22m[1m[22m[2m │ gzip:   3.53 kB[22m
2026-09-13T15:41:19.2535874Z [2mstorybook-static/[22m[2massets/[22m[36mBarChart.stories-DnAaKJD7.js                            [39m[1m[2m   10.52 kB[22m[1m[22m[2m │ gzip:   2.74 kB[22m
2026-09-13T15:41:19.2536790Z [2mstorybook-static/[22m[2massets/[22m[36m4-getting-started-BuFcSSUm.js                           [39m[1m[2m   10.71 kB[22m[1m[22m[2m │ gzip:   3.08 kB[22m
2026-09-13T15:41:19.2537731Z [2mstorybook-static/[22m[2massets/[22m[36mSubscriptionContexts.stories-DR6J2Ltl.js                [39m[1m[2m   10.92 kB[22m[1m[22m[2m │ gzip:   2.67 kB[22m
2026-09-13T15:41:19.2538633Z [2mstorybook-static/[22m[2massets/[22m[36m7-token-architecture-B8LEO2SG.js                        [39m[1m[2m   10.96 kB[22m[1m[22m[2m │ gzip:   2.92 kB[22m
2026-09-13T15:41:19.2539570Z [2mstorybook-static/[22m[2massets/[22m[36mInvoice.lifecycle.stories-BgoiAAWh.js                   [39m[1m[2m   11.05 kB[22m[1m[22m[2m │ gzip:   3.05 kB[22m
2026-09-13T15:41:19.2540527Z [2mstorybook-static/[22m[2massets/[22m[36m5-visualization-system-mEFwSFaP.js                      [39m[1m[2m   11.24 kB[22m[1m[22m[2m │ gzip:   3.02 kB[22m
2026-09-13T15:41:19.2541445Z [2mstorybook-static/[22m[2massets/[22m[36m6-accessibility-approach-DJVy6XtN.js                    [39m[1m[2m   11.34 kB[22m[1m[22m[2m │ gzip:   3.19 kB[22m
2026-09-13T15:41:19.2542331Z [2mstorybook-static/[22m[2massets/[22m[36mAreaChart-ykjM9bvk.js                                   [39m[1m[2m   11.49 kB[22m[1m[22m[2m │ gzip:   4.28 kB[22m
2026-09-13T15:41:19.2543183Z [2mstorybook-static/[22m[2massets/[22m[36mReactNucleus.stories-DcV8XLuT.js                        [39m[1m[2m   11.63 kB[22m[1m[22m[2m │ gzip:   3.16 kB[22m
2026-09-13T15:41:19.2544133Z [2mstorybook-static/[22m[2massets/[22m[36mSubscription.lifecycle.stories-BIUU43SJ.js              [39m[1m[2m   12.25 kB[22m[1m[22m[2m │ gzip:   3.44 kB[22m
2026-09-13T15:41:19.2545075Z [2mstorybook-static/[22m[2massets/[22m[36mRolePermissionMatrix.stories-DDLH-wYv.js                [39m[1m[2m   12.50 kB[22m[1m[22m[2m │ gzip:   4.48 kB[22m
2026-09-13T15:41:19.2546182Z [2mstorybook-static/[22m[2massets/[22m[36mTabs.stories-DYLP4Jvk.js                                [39m[1m[2m   12.75 kB[22m[1m[22m[2m │ gzip:   3.64 kB[22m
2026-09-13T15:41:19.2547087Z [2mstorybook-static/[22m[2massets/[22m[36mStatusChip-Be6ZEBII.js                                  [39m[1m[2m   13.08 kB[22m[1m[22m[2m │ gzip:   2.94 kB[22m
2026-09-13T15:41:19.2547948Z [2mstorybook-static/[22m[2massets/[22m[36mFoundations.Colors-CgHPa4O3.js                          [39m[1m[2m   13.39 kB[22m[1m[22m[2m │ gzip:   3.50 kB[22m
2026-09-13T15:41:19.2548917Z [2mstorybook-static/[22m[2massets/[22m[36mPatterns.Form.stories-CWd5Ti6v.js                       [39m[1m[2m   13.48 kB[22m[1m[22m[2m │ gzip:   3.75 kB[22m
2026-09-13T15:41:19.2549809Z [2mstorybook-static/[22m[2massets/[22m[36mHeatmap-DZL0qD1J.js                                     [39m[1m[2m   14.00 kB[22m[1m[22m[2m │ gzip:   5.27 kB[22m
2026-09-13T15:41:19.2550677Z [2mstorybook-static/[22m[2massets/[22m[36mpresentational-jzpaRpOo.js                              [39m[1m[2m   14.10 kB[22m[1m[22m[2m │ gzip:   3.60 kB[22m
2026-09-13T15:41:19.2551579Z [2mstorybook-static/[22m[2massets/[22m[36mStatusable.stories-m_95J4q9.js                          [39m[1m[2m   14.27 kB[22m[1m[22m[2m │ gzip:   3.72 kB[22m
2026-09-13T15:41:19.2552450Z [2mstorybook-static/[22m[2massets/[22m[36mEmptyState.stories-CHhkVCiC.js                          [39m[1m[2m   14.56 kB[22m[1m[22m[2m │ gzip:   4.32 kB[22m
2026-09-13T15:41:19.2553341Z [2mstorybook-static/[22m[2massets/[22m[36mBrownfield.adoption-DdjrJ1pi.js                         [39m[1m[2m   15.29 kB[22m[1m[22m[2m │ gzip:   3.89 kB[22m
2026-09-13T15:41:19.2554279Z [2mstorybook-static/[22m[2massets/[22m[36mSunburst.stories-CyFe35P0.js                            [39m[1m[2m   15.42 kB[22m[1m[22m[2m │ gzip:   5.71 kB[22m
2026-09-13T15:41:19.2555146Z [2mstorybook-static/[22m[2massets/[22m[36mPatternGalleryV2.stories-ClqXr1yD.js                    [39m[1m[2m   15.50 kB[22m[1m[22m[2m │ gzip:   5.57 kB[22m
2026-09-13T15:41:19.2556198Z [2mstorybook-static/[22m[2massets/[22m[36mTreemap.stories-Cn7lC-Zj.js                             [39m[1m[2m   15.94 kB[22m[1m[22m[2m │ gzip:   5.79 kB[22m
2026-09-13T15:41:19.2557087Z [2mstorybook-static/[22m[2massets/[22m[36minvoice-BqV53KwP.js                                     [39m[1m[2m   16.60 kB[22m[1m[22m[2m │ gzip:   4.71 kB[22m
2026-09-13T15:41:19.2558069Z [2mstorybook-static/[22m[2massets/[22m[36mCommunication.MessageTimeline.stories-D2iU1TX7.js       [39m[1m[2m   17.00 kB[22m[1m[22m[2m │ gzip:   6.28 kB[22m
2026-09-13T15:41:19.2559013Z [2mstorybook-static/[22m[2massets/[22m[36mProductCategoryBrowser.stories-Dj4T9eTM.js              [39m[1m[2m   17.20 kB[22m[1m[22m[2m │ gzip:   5.84 kB[22m
2026-09-13T15:41:19.2559879Z [2mstorybook-static/[22m[2massets/[22m[36mPlan.stories-CgL6m9sd.js                                [39m[1m[2m   18.79 kB[22m[1m[22m[2m │ gzip:   4.64 kB[22m
2026-09-13T15:41:19.2560804Z [2mstorybook-static/[22m[2massets/[22m[36mPagination.stories-Bj4qKot4.js                          [39m[1m[2m   18.99 kB[22m[1m[22m[2m │ gzip:   5.18 kB[22m
2026-09-13T15:41:19.2561684Z [2mstorybook-static/[22m[2massets/[22m[36mProgress.stories-4FpyVQ9I.js                            [39m[1m[2m   19.11 kB[22m[1m[22m[2m │ gzip:   3.90 kB[22m
2026-09-13T15:41:19.2562584Z [2mstorybook-static/[22m[2massets/[22m[36mrenderer-selector-DUGgAOTT.js                           [39m[1m[2m   19.12 kB[22m[1m[22m[2m │ gzip:   6.70 kB[22m
2026-09-13T15:41:19.2563493Z [2mstorybook-static/[22m[2massets/[22m[36mCategoryTree-Dgn23-MC.js                                [39m[1m[2m   19.25 kB[22m[1m[22m[2m │ gzip:   5.31 kB[22m
2026-09-13T15:41:19.2564381Z [2mstorybook-static/[22m[2massets/[22m[36mStepper.stories-Cwzy3SPy.js                             [39m[1m[2m   19.63 kB[22m[1m[22m[2m │ gzip:   5.13 kB[22m
2026-09-13T15:41:19.2565277Z [2mstorybook-static/[22m[2massets/[22m[36mTemporalHygiene.stories-sO131r_q.js                     [39m[1m[2m   19.83 kB[22m[1m[22m[2m │ gzip:   4.15 kB[22m
2026-09-13T15:41:19.2566233Z [2mstorybook-static/[22m[2massets/[22m[36mAuthable.stories-C6jGfUSD.js                            [39m[1m[2m   19.93 kB[22m[1m[22m[2m │ gzip:   4.42 kB[22m
2026-09-13T15:41:19.2567186Z [2mstorybook-static/[22m[2massets/[22m[36mTimestampable.stories-Dbmb6lsA.js                       [39m[1m[2m   20.41 kB[22m[1m[22m[2m │ gzip:   4.35 kB[22m
2026-09-13T15:41:19.2568131Z [2mstorybook-static/[22m[2massets/[22m[36mTagInput.stories-BOzcd4-s.js                            [39m[1m[2m   20.49 kB[22m[1m[22m[2m │ gzip:   6.98 kB[22m
2026-09-13T15:41:19.2569001Z [2mstorybook-static/[22m[2massets/[22m[36mArticle.stories-BHW5Y6Gn.js                             [39m[1m[2m   20.89 kB[22m[1m[22m[2m │ gzip:   5.02 kB[22m
2026-09-13T15:41:19.2569879Z [2mstorybook-static/[22m[2massets/[22m[36m3-trait-engine-DHfQayKU.js                              [39m[1m[2m   20.89 kB[22m[1m[22m[2m │ gzip:   4.76 kB[22m
2026-09-13T15:41:19.2570771Z [2mstorybook-static/[22m[2massets/[22m[36m2-core-concepts-CWW3MV44.js                             [39m[1m[2m   20.93 kB[22m[1m[22m[2m │ gzip:   5.03 kB[22m
2026-09-13T15:41:19.2571680Z [2mstorybook-static/[22m[2massets/[22m[36mTransaction.stories-BjZO476w.js                         [39m[1m[2m   20.97 kB[22m[1m[22m[2m │ gzip:   5.04 kB[22m
2026-09-13T15:41:19.2572565Z [2mstorybook-static/[22m[2massets/[22m[36mAddressForm.stories-kaklhl9_.js                         [39m[1m[2m   21.36 kB[22m[1m[22m[2m │ gzip:   6.14 kB[22m
2026-09-13T15:41:19.2573427Z [2mstorybook-static/[22m[2massets/[22m[36mMedia.stories-BE0ATYEL.js                               [39m[1m[2m   21.76 kB[22m[1m[22m[2m │ gzip:   5.44 kB[22m
2026-09-13T15:41:19.2574342Z [2mstorybook-static/[22m[2massets/[22m[36mCancellable.stories-DEHzDT4M.js                         [39m[1m[2m   21.76 kB[22m[1m[22m[2m │ gzip:   4.96 kB[22m
2026-09-13T15:41:19.2575235Z [2mstorybook-static/[22m[2massets/[22m[36mTokensRoundtrip.stories-CcgMErVI.js                     [39m[1m[2m   21.85 kB[22m[1m[22m[2m │ gzip:   6.21 kB[22m
2026-09-13T15:41:19.2576264Z [2mstorybook-static/[22m[2massets/[22m[36mBillable.stories-mYZqhoN4.js                            [39m[1m[2m   22.01 kB[22m[1m[22m[2m │ gzip:   4.76 kB[22m
2026-09-13T15:41:19.2577221Z [2mstorybook-static/[22m[2massets/[22m[36mArchivable.stories-DFBBiY6x.js                          [39m[1m[2m   22.26 kB[22m[1m[22m[2m │ gzip:   4.46 kB[22m
2026-09-13T15:41:19.2578110Z [2mstorybook-static/[22m[2massets/[22m[36mStateful.stories-DqLoWtsI.js                            [39m[1m[2m   22.51 kB[22m[1m[22m[2m │ gzip:   5.28 kB[22m
2026-09-13T15:41:19.2579009Z [2mstorybook-static/[22m[2massets/[22m[36mAccountArchetypes.stories-BP7-uftx.js                   [39m[1m[2m   22.92 kB[22m[1m[22m[2m │ gzip:   5.78 kB[22m
2026-09-13T15:41:19.2579965Z [2mstorybook-static/[22m[2massets/[22m[36mBreadcrumbs.stories-Ct6-5EXM.js                         [39m[1m[2m   23.34 kB[22m[1m[22m[2m │ gzip:   5.63 kB[22m
2026-09-13T15:41:19.2580923Z [2mstorybook-static/[22m[2massets/[22m[36mForceGraph.stories-kKnbW-Nz.js                          [39m[1m[2m   23.61 kB[22m[1m[22m[2m │ gzip:   7.49 kB[22m
2026-09-13T15:41:19.2581826Z [2mstorybook-static/[22m[2massets/[22m[36mUsage.metered.stories-4RgSgAzb.js                       [39m[1m[2m   23.94 kB[22m[1m[22m[2m │ gzip:   4.64 kB[22m
2026-09-13T15:41:19.2582719Z [2mstorybook-static/[22m[2massets/[22m[36mSankey.stories-COzZgXPL.js                              [39m[1m[2m   24.12 kB[22m[1m[22m[2m │ gzip:   7.48 kB[22m
2026-09-13T15:41:19.2583612Z [2mstorybook-static/[22m[2massets/[22m[36mSaaSBillingFlow.stories-BTm2tkDF.js                     [39m[1m[2m   25.24 kB[22m[1m[22m[2m │ gzip:   4.08 kB[22m
2026-09-13T15:41:19.2584546Z [2mstorybook-static/[22m[2massets/[22m[36mcompliance.stories-CgkZ4S2f.js                          [39m[1m[2m   25.43 kB[22m[1m[22m[2m │ gzip:   7.92 kB[22m
2026-09-13T15:41:19.2585434Z [2mstorybook-static/[22m[2massets/[22m[36mPayable.stories-BYHfJ0w0.js                             [39m[1m[2m   25.65 kB[22m[1m[22m[2m │ gzip:   6.03 kB[22m
2026-09-13T15:41:19.2586499Z [2mstorybook-static/[22m[2massets/[22m[36mTaggable.stories-DcDGt_H3.js                            [39m[1m[2m   26.37 kB[22m[1m[22m[2m │ gzip:   6.19 kB[22m
2026-09-13T15:41:19.2587514Z [2mstorybook-static/[22m[2massets/[22m[36mDashboardContexts.stories-Chu5bpSh.js                   [39m[1m[2m   27.39 kB[22m[1m[22m[2m │ gzip:   6.70 kB[22m
2026-09-13T15:41:19.2588420Z [2mstorybook-static/[22m[2massets/[22m[36mMetered.stories-S6XwtQbK.js                             [39m[1m[2m   28.62 kB[22m[1m[22m[2m │ gzip:   6.41 kB[22m
2026-09-13T15:41:19.2589267Z [2mstorybook-static/[22m[36mvite-inject-mocker-entry.js                                    [39m[1m[2m   29.18 kB[22m[1m[22m[2m │ gzip:  10.13 kB[22m
2026-09-13T15:41:19.2590147Z [2mstorybook-static/[22m[2massets/[22m[36mColor-AVL7NMMY-D7Tyxu5w.js                              [39m[1m[2m   29.38 kB[22m[1m[22m[2m │ gzip:  11.05 kB[22m
2026-09-13T15:41:19.2591036Z [2mstorybook-static/[22m[2massets/[22m[36mmatchers-7Z3WT2CE-T3xScrR7.js                           [39m[1m[2m   29.81 kB[22m[1m[22m[2m │ gzip:  10.30 kB[22m
2026-09-13T15:41:19.2591977Z [2mstorybook-static/[22m[2massets/[22m[36mClassifiable.stories-BAxTC1KY.js                        [39m[1m[2m   30.37 kB[22m[1m[22m[2m │ gzip:   6.95 kB[22m
2026-09-13T15:41:19.2592855Z [2mstorybook-static/[22m[2massets/[22m[36mbilling-acl.stories-B66LUQBK.js                         [39m[1m[2m   31.17 kB[22m[1m[22m[2m │ gzip:   7.15 kB[22m
2026-09-13T15:41:19.2593757Z [2mstorybook-static/[22m[2massets/[22m[36mPreferenceable.stories-CP-1kVeN.js                      [39m[1m[2m   32.91 kB[22m[1m[22m[2m │ gzip:   7.60 kB[22m
2026-09-13T15:41:19.2594658Z [2mstorybook-static/[22m[2massets/[22m[36mview-DLf1Clyz.js                                        [39m[1m[2m   33.47 kB[22m[1m[22m[2m │ gzip:   8.29 kB[22m
2026-09-13T15:41:19.2595563Z [2mstorybook-static/[22m[2massets/[22m[36mCommunicable.stories-BYfSnBAa.js                        [39m[1m[2m   34.19 kB[22m[1m[22m[2m │ gzip:   7.63 kB[22m
2026-09-13T15:41:19.2596572Z [2mstorybook-static/[22m[2massets/[22m[36mChartDescription-CeHCrvDd.js                            [39m[1m[2m   42.47 kB[22m[1m[22m[2m │ gzip:  14.60 kB[22m
2026-09-13T15:41:19.2597432Z [2mstorybook-static/[22m[2massets/[22m[36mschemas-6mf_OlwC.js                                     [39m[1m[2m   54.25 kB[22m[1m[22m[2m │ gzip:  14.44 kB[22m
2026-09-13T15:41:19.2598353Z [2mstorybook-static/[22m[2massets/[22m[36mAccessibility.ContractA11y-BRsupOTR.js                  [39m[1m[2m   61.44 kB[22m[1m[22m[2m │ gzip:   5.74 kB[22m
2026-09-13T15:41:19.2599215Z [2mstorybook-static/[22m[2massets/[22m[36mluxon-CMtWQ10C.js                                       [39m[1m[2m   71.39 kB[22m[1m[22m[2m │ gzip:  22.22 kB[22m
2026-09-13T15:41:19.2600061Z [2mstorybook-static/[22m[2massets/[22m[36mtime-grid-heatmap.spec-CbiybTcR.js                      [39m[1m[2m  144.53 kB[22m[1m[22m[2m │ gzip:  27.15 kB[22m
2026-09-13T15:41:19.2601017Z [2mstorybook-static/[22m[2massets/[22m[36mreact-18-D62vZACF.js                                    [39m[1m[2m  181.72 kB[22m[1m[22m[2m │ gzip:  57.19 kB[22m
2026-09-13T15:41:19.2601846Z [2mstorybook-static/[22m[2massets/[22m[36mfields-ytt_EIqD.js                                      [39m[1m[2m  224.21 kB[22m[1m[22m[2m │ gzip:  33.42 kB[22m
2026-09-13T15:41:19.2602721Z [2mstorybook-static/[22m[2massets/[22m[36mPreferencePreview-D8dktcfY.js                           [39m[1m[2m  374.26 kB[22m[1m[22m[2m │ gzip: 120.83 kB[22m
2026-09-13T15:41:19.2603568Z [2mstorybook-static/[22m[2massets/[22m[36maxe-C0gt13sn.js                                         [39m[1m[2m  579.04 kB[22m[1m[22m[2m │ gzip: 159.54 kB[22m
2026-09-13T15:41:19.2604445Z [2mstorybook-static/[22m[2massets/[22m[36mblocks-BcBsNmOQ.js                                      [39m[1m[2m  664.17 kB[22m[1m[22m[2m │ gzip: 218.35 kB[22m
2026-09-13T15:41:19.2605294Z [2mstorybook-static/[22m[2massets/[22m[36membed-Dp7LL1iq.js                                       [39m[1m[2m  831.21 kB[22m[1m[22m[2m │ gzip: 287.58 kB[22m
2026-09-13T15:41:19.2606255Z [2mstorybook-static/[22m[2massets/[22m[36mindex-DXW7qb_O.js                                       [39m[1m[2m1,128.32 kB[22m[1m[22m[2m │ gzip: 375.18 kB[22m
2026-09-13T15:41:19.2607104Z [2mstorybook-static/[22m[2massets/[22m[36mindex-BaJG5uai.js                                       [39m[1m[2m1,133.93 kB[22m[1m[22m[2m │ gzip: 102.61 kB[22m
2026-09-13T15:41:19.2607975Z [2mstorybook-static/[22m[2massets/[22m[36miframe-Bgl2ol2m.js                                      [39m[1m[2m1,284.22 kB[22m[1m[22m[2m │ gzip: 356.07 kB[22m
2026-09-13T15:41:19.2608542Z [32m✓ built in 35.50s[39m
2026-09-13T15:41:19.2608984Z info => Output directory: /home/runner/work/OODS-Forge/OODS-Forge/storybook-static
2026-09-13T15:41:22.7883655Z Node 20 is being deprecated. This workflow is running with Node 24 by default. If you need to temporarily use Node 20, you can set the ACTIONS_ALLOW_USE_UNSECURE_NODE_VERSION=true environment variable. For more information see: https://github.blog/changelog/2025-09-19-deprecation-of-node-20-on-github-actions-runners/
2026-09-13T15:41:22.7884571Z ##[group]Run actions/cache@v4
2026-09-13T15:41:22.7884844Z with:
2026-09-13T15:41:22.7885062Z   path: ~/.cache/ms-playwright
2026-09-13T15:41:22.7885617Z   key: Linux-playwright-e86e0b840775c2371d6b245e9f0feece464ed344cc81e0b002bb553d30d2d730
2026-09-13T15:41:22.7886075Z   restore-keys: Linux-playwright-

2026-09-13T15:41:22.7886346Z   enableCrossOsArchive: false
2026-09-13T15:41:22.7886639Z   fail-on-cache-miss: false
2026-09-13T15:41:22.7886882Z   lookup-only: false
2026-09-13T15:41:22.7887204Z   save-always: false
2026-09-13T15:41:22.7887438Z env:
2026-09-13T15:41:22.7887651Z   NODE_VERSION: 24
2026-09-13T15:41:22.7888000Z   PNPM_HOME: /home/runner/setup-pnpm/node_modules/.bin
2026-09-13T15:41:22.7888303Z ##[endgroup]
2026-09-13T15:41:23.7930261Z (node:2480) [DEP0040] DeprecationWarning: The `punycode` module is deprecated. Please use a userland alternative instead.
2026-09-13T15:41:23.7931543Z (Use `node --trace-deprecation ...` to show where the warning was created)
2026-09-13T15:41:24.4578111Z Cache hit for restore-key: Linux-playwright-575290c1778133c82f44b50f7de059cbeee877a37bdee24ee6acaecd39951ea1
2026-09-13T15:41:24.5427887Z (node:2480) [DEP0169] DeprecationWarning: `url.parse()` behavior is not standardized and prone to errors that have security implications. Use the WHATWG URL API instead. CVEs are not issued for `url.parse()` vulnerabilities.
2026-09-13T15:41:25.6887085Z Received 88080384 of 278992684 (31.6%), 83.9 MBs/sec
2026-09-13T15:41:26.6901274Z Received 268435456 of 278992684 (96.2%), 127.9 MBs/sec
2026-09-13T15:41:26.8795919Z Received 278992684 of 278992684 (100.0%), 121.4 MBs/sec
2026-09-13T15:41:26.8801397Z Cache Size: ~266 MB (278992684 B)
2026-09-13T15:41:26.8893036Z [command]/usr/bin/tar -xf /home/runner/work/_temp/580524c9-a120-4edb-96b7-cbe08ee9cc54/cache.tzst -P -C /home/runner/work/OODS-Forge/OODS-Forge --use-compress-program unzstd
2026-09-13T15:41:29.1967447Z Cache restored successfully
2026-09-13T15:41:29.9895325Z Cache restored from key: Linux-playwright-575290c1778133c82f44b50f7de059cbeee877a37bdee24ee6acaecd39951ea1
2026-09-13T15:41:30.0092810Z ##[group]Run pnpm exec playwright install chromium
2026-09-13T15:41:30.0093188Z [36;1mpnpm exec playwright install chromium[0m
2026-09-13T15:41:30.0113874Z shell: /usr/bin/bash -e {0}
2026-09-13T15:41:30.0114251Z env:
2026-09-13T15:41:30.0114544Z   NODE_VERSION: 24
2026-09-13T15:41:30.0114908Z   PNPM_HOME: /home/runner/setup-pnpm/node_modules/.bin
2026-09-13T15:41:30.0115280Z ##[endgroup]
2026-09-13T15:41:30.9642593Z ##[group]Run pnpm --filter @oods/component-styles --filter @oods/components-react --filter @oods/components-vue run build
2026-09-13T15:41:30.9643656Z [36;1mpnpm --filter @oods/component-styles --filter @oods/components-react --filter @oods/components-vue run build[0m
2026-09-13T15:41:30.9671884Z shell: /usr/bin/bash -e {0}
2026-09-13T15:41:30.9672360Z env:
2026-09-13T15:41:30.9672623Z   NODE_VERSION: 24
2026-09-13T15:41:30.9673097Z   PNPM_HOME: /home/runner/setup-pnpm/node_modules/.bin
2026-09-13T15:41:30.9673473Z ##[endgroup]
2026-09-13T15:41:31.5103487Z Scope: 3 of 22 workspace projects
2026-09-13T15:41:31.5120958Z packages/component-styles build$ rimraf dist && tsup --config tsup.config.ts && node scripts/copy-css.mjs
2026-09-13T15:41:31.8093470Z packages/component-styles build: [34mCLI[39m Building entry: src/index.ts, src/ported.ts
2026-09-13T15:41:31.8106827Z packages/component-styles build: [34mCLI[39m Using tsconfig: tsconfig.json
2026-09-13T15:41:31.8108063Z packages/component-styles build: [34mCLI[39m tsup v8.5.0
2026-09-13T15:41:31.8109247Z packages/component-styles build: [34mCLI[39m Using tsup config: /home/runner/work/OODS-Forge/OODS-Forge/packages/component-styles/tsup.config.ts
2026-09-13T15:41:31.8136342Z packages/component-styles build: [34mCLI[39m Target: es2022
2026-09-13T15:41:31.8168282Z packages/component-styles build: [34mESM[39m Build start
2026-09-13T15:41:31.8186523Z packages/component-styles build: [34mCJS[39m Build start
2026-09-13T15:41:31.9527477Z packages/component-styles build: [32mCJS[39m [1mdist/index.cjs  [22m[32m2.78 KB[39m
2026-09-13T15:41:31.9539595Z packages/component-styles build: [32mCJS[39m [1mdist/ported.cjs [22m[32m2.73 KB[39m
2026-09-13T15:41:31.9555386Z packages/component-styles build: [32mCJS[39m ⚡️ Build success in 136ms
2026-09-13T15:41:31.9562153Z packages/component-styles build: [32mESM[39m [1mdist/index.js          [22m[32m143.00 B[39m
2026-09-13T15:41:31.9563380Z packages/component-styles build: [32mESM[39m [1mdist/ported.js         [22m[32m513.00 B[39m
2026-09-13T15:41:31.9564506Z packages/component-styles build: [32mESM[39m [1mdist/chunk-G34QIFQW.js [22m[32m2.63 KB[39m
2026-09-13T15:41:31.9565672Z packages/component-styles build: [32mESM[39m ⚡️ Build success in 137ms
2026-09-13T15:41:32.1317666Z packages/component-styles build: [34mDTS[39m Build start
2026-09-13T15:41:34.1120115Z packages/component-styles build: [32mDTS[39m ⚡️ Build success in 1981ms
2026-09-13T15:41:34.1147458Z packages/component-styles build: [32mDTS[39m [1mdist/index.d.ts   [22m[32m2.60 KB[39m
2026-09-13T15:41:34.1149018Z packages/component-styles build: [32mDTS[39m [1mdist/ported.d.ts  [22m[32m500.00 B[39m
2026-09-13T15:41:34.1150381Z packages/component-styles build: [32mDTS[39m [1mdist/index.d.cts  [22m[32m2.60 KB[39m
2026-09-13T15:41:34.1151431Z packages/component-styles build: [32mDTS[39m [1mdist/ported.d.cts [22m[32m500.00 B[39m
2026-09-13T15:41:34.1655934Z packages/component-styles build: Done
2026-09-13T15:41:34.1663170Z packages/components-react build$ rimraf dist && tsup --config tsup.config.ts
2026-09-13T15:41:34.1664877Z packages/components-vue build$ rimraf dist && tsup --config tsup.config.ts && tsup --config tsup.ported.config.ts
2026-09-13T15:41:34.5817239Z packages/components-vue build: [34mCLI[39m Building entry: src/index.ts
2026-09-13T15:41:34.5840669Z packages/components-vue build: [34mCLI[39m Using tsconfig: tsconfig.json
2026-09-13T15:41:34.5856057Z packages/components-vue build: [34mCLI[39m tsup v8.5.0
2026-09-13T15:41:34.5881931Z packages/components-vue build: [34mCLI[39m Using tsup config: /home/runner/work/OODS-Forge/OODS-Forge/packages/components-vue/tsup.config.ts
2026-09-13T15:41:34.5939309Z packages/components-vue build: [34mCLI[39m Target: es2022
2026-09-13T15:41:34.6036491Z packages/components-vue build: [34mCLI[39m Cleaning output folder
2026-09-13T15:41:34.6067800Z packages/components-vue build: [34mESM[39m Build start
2026-09-13T15:41:34.6139161Z packages/components-vue build: [34mCJS[39m Build start
2026-09-13T15:41:34.6206780Z packages/components-react build: [34mCLI[39m Building entry: src/index.ts, src/ported.tsx, src/status.ts, src/table.tsx, src/types.ts
2026-09-13T15:41:34.6284082Z packages/components-react build: [34mCLI[39m Using tsconfig: tsconfig.json
2026-09-13T15:41:34.6348003Z packages/components-react build: [34mCLI[39m tsup v8.5.0
2026-09-13T15:41:34.6383880Z packages/components-react build: [34mCLI[39m Using tsup config: /home/runner/work/OODS-Forge/OODS-Forge/packages/components-react/tsup.config.ts
2026-09-13T15:41:34.6436551Z packages/components-react build: [34mCLI[39m Target: es2022
2026-09-13T15:41:34.6521923Z packages/components-react build: [34mCLI[39m Cleaning output folder
2026-09-13T15:41:34.6606646Z packages/components-react build: [34mESM[39m Build start
2026-09-13T15:41:34.6646532Z packages/components-react build: [34mCJS[39m Build start
2026-09-13T15:41:35.1713194Z packages/components-react build: Generated an empty chunk: "types".
2026-09-13T15:41:35.5962136Z packages/components-react build: Generated an empty chunk: "types".
2026-09-13T15:41:35.8867470Z packages/components-vue build: [34mDTS[39m Build start
2026-09-13T15:41:35.8994427Z packages/components-vue build: [32mCJS[39m [1mdist/index.cjs [22m[32m133.19 KB[39m
2026-09-13T15:41:35.9057243Z packages/components-vue build: [32mCJS[39m ⚡️ Build success in 1290ms
2026-09-13T15:41:35.9166977Z packages/components-vue build: [32mESM[39m [1mdist/index.js [22m[32m128.10 KB[39m
2026-09-13T15:41:35.9266907Z packages/components-vue build: [32mESM[39m ⚡️ Build success in 1299ms
2026-09-13T15:41:36.4334840Z packages/components-react build: [34mDTS[39m Build start
2026-09-13T15:41:36.4484429Z packages/components-react build: [32mESM[39m [1mdist/ported.js         [22m[32m192.00 B[39m
2026-09-13T15:41:36.4485991Z packages/components-react build: [32mESM[39m [1mdist/chunk-XMIP5ZGO.js [22m[32m40.39 KB[39m
2026-09-13T15:41:36.4527433Z packages/components-react build: [32mESM[39m [1mdist/status.js         [22m[32m171.00 B[39m
2026-09-13T15:41:36.4566853Z packages/components-react build: [32mESM[39m [1mdist/table.js          [22m[32m149.00 B[39m
2026-09-13T15:41:36.4586663Z packages/components-react build: [32mESM[39m [1mdist/chunk-G74PKSW3.js [22m[32m10.89 KB[39m
2026-09-13T15:41:36.4616660Z packages/components-react build: [32mESM[39m [1mdist/types.js          [22m[32m1.00 B[39m
2026-09-13T15:41:36.4617755Z packages/components-react build: [32mESM[39m [1mdist/chunk-YCI5AEWL.js [22m[32m6.37 KB[39m
2026-09-13T15:41:36.4646609Z packages/components-react build: [32mESM[39m [1mdist/index.js          [22m[32m87.14 KB[39m
2026-09-13T15:41:36.4677818Z packages/components-react build: [32mESM[39m ⚡️ Build success in 1826ms
2026-09-13T15:41:36.4706643Z packages/components-react build: [32mCJS[39m [1mdist/status.cjs [22m[32m11.08 KB[39m
2026-09-13T15:41:36.4756806Z packages/components-react build: [32mCJS[39m [1mdist/table.cjs  [22m[32m17.07 KB[39m
2026-09-13T15:41:36.4798881Z packages/components-react build: [32mCJS[39m [1mdist/ported.cjs [22m[32m52.76 KB[39m
2026-09-13T15:41:36.4808263Z packages/components-react build: [32mCJS[39m [1mdist/index.cjs  [22m[32m153.12 KB[39m
2026-09-13T15:41:36.4836553Z packages/components-react build: [32mCJS[39m [1mdist/types.cjs  [22m[32m15.00 B[39m
2026-09-13T15:41:36.4916615Z packages/components-react build: [32mCJS[39m ⚡️ Build success in 1825ms
2026-09-13T15:41:43.1190753Z packages/components-vue build: [32mDTS[39m ⚡️ Build success in 7500ms
2026-09-13T15:41:43.1246958Z packages/components-vue build: [32mDTS[39m [1mdist/index.d.ts  [22m[32m141.56 KB[39m
2026-09-13T15:41:43.1277077Z packages/components-vue build: [32mDTS[39m [1mdist/index.d.cts [22m[32m141.56 KB[39m
2026-09-13T15:41:43.1507100Z packages/components-react build: [32mDTS[39m ⚡️ Build success in 7612ms
2026-09-13T15:41:43.1537127Z packages/components-react build: [32mDTS[39m [1mdist/index.d.ts   [22m[32m21.31 KB[39m
2026-09-13T15:41:43.1546741Z packages/components-react build: [32mDTS[39m [1mdist/ported.d.ts  [22m[32m7.12 KB[39m
2026-09-13T15:41:43.1566647Z packages/components-react build: [32mDTS[39m [1mdist/status.d.ts  [22m[32m1.39 KB[39m
2026-09-13T15:41:43.1568042Z packages/components-react build: [32mDTS[39m [1mdist/table.d.ts   [22m[32m1.06 KB[39m
2026-09-13T15:41:43.1596451Z packages/components-react build: [32mDTS[39m [1mdist/types.d.ts   [22m[32m23.79 KB[39m
2026-09-13T15:41:43.1616767Z packages/components-react build: [32mDTS[39m [1mdist/index.d.cts  [22m[32m21.31 KB[39m
2026-09-13T15:41:43.1624106Z packages/components-react build: [32mDTS[39m [1mdist/ported.d.cts [22m[32m7.12 KB[39m
2026-09-13T15:41:43.1628185Z packages/components-react build: [32mDTS[39m [1mdist/status.d.cts [22m[32m1.39 KB[39m
2026-09-13T15:41:43.1629950Z packages/components-react build: [32mDTS[39m [1mdist/table.d.cts  [22m[32m1.07 KB[39m
2026-09-13T15:41:43.1630970Z packages/components-react build: [32mDTS[39m [1mdist/types.d.cts  [22m[32m23.79 KB[39m
2026-09-13T15:41:43.2180926Z packages/components-react build: Done
2026-09-13T15:41:43.4115343Z packages/components-vue build: [34mCLI[39m Building entry: src/ported.ts
2026-09-13T15:41:43.4116955Z packages/components-vue build: [34mCLI[39m Using tsconfig: tsconfig.json
2026-09-13T15:41:43.4117760Z packages/components-vue build: [34mCLI[39m tsup v8.5.0
2026-09-13T15:41:43.4119033Z packages/components-vue build: [34mCLI[39m Using tsup config: /home/runner/work/OODS-Forge/OODS-Forge/packages/components-vue/tsup.ported.config.ts
2026-09-13T15:41:43.4177046Z packages/components-vue build: [34mCLI[39m Target: es2022
2026-09-13T15:41:43.4206841Z packages/components-vue build: [34mESM[39m Build start
2026-09-13T15:41:43.4207728Z packages/components-vue build: [34mCJS[39m Build start
2026-09-13T15:41:43.8177310Z packages/components-vue build: [34mDTS[39m Build start
2026-09-13T15:41:43.8243218Z packages/components-vue build: [32mESM[39m [1mdist/ported.js [22m[32m46.06 KB[39m
2026-09-13T15:41:43.8266982Z packages/components-vue build: [32mESM[39m ⚡️ Build success in 404ms
2026-09-13T15:41:43.8286815Z packages/components-vue build: [32mCJS[39m [1mdist/ported.cjs [22m[32m46.73 KB[39m
2026-09-13T15:41:43.8287967Z packages/components-vue build: [32mCJS[39m ⚡️ Build success in 404ms
2026-09-13T15:41:46.2870536Z packages/components-vue build: [32mDTS[39m ⚡️ Build success in 2504ms
2026-09-13T15:41:46.2889356Z packages/components-vue build: [32mDTS[39m [1mdist/ported.d.ts  [22m[32m20.67 KB[39m
2026-09-13T15:41:46.2890595Z packages/components-vue build: [32mDTS[39m [1mdist/ported.d.cts [22m[32m20.67 KB[39m
2026-09-13T15:41:46.3317086Z packages/components-vue build: Done
2026-09-13T15:41:46.3422383Z ##[group]Run pnpm --filter @oods/components-react run test:visual --cells=A-light,A-dark,A-hc,B-light,B-dark,B-hc --output=artifacts/component-proof/react
2026-09-13T15:41:46.3423730Z [36;1mpnpm --filter @oods/components-react run test:visual --cells=A-light,A-dark,A-hc,B-light,B-dark,B-hc --output=artifacts/component-proof/react[0m
2026-09-13T15:41:46.3425036Z [36;1mpnpm --filter @oods/components-vue run test:visual --cells=A-light,A-dark,A-hc,B-light,B-dark,B-hc --output=artifacts/component-proof/vue[0m
2026-09-13T15:41:46.3426394Z [36;1mpnpm --filter @oods/component-styles exec vitest run test/high-contrast.browser.spec.ts[0m
2026-09-13T15:41:46.3457574Z shell: /usr/bin/bash -e {0}
2026-09-13T15:41:46.3457957Z env:
2026-09-13T15:41:46.3458210Z   NODE_VERSION: 24
2026-09-13T15:41:46.3458540Z   PNPM_HOME: /home/runner/setup-pnpm/node_modules/.bin
2026-09-13T15:41:46.3458915Z ##[endgroup]
2026-09-13T15:41:46.6795064Z 
2026-09-13T15:41:46.6797174Z > @oods/components-react@0.1.0 test:visual /home/runner/work/OODS-Forge/OODS-Forge/packages/components-react
2026-09-13T15:41:46.6798629Z > node test/visual-evidence.mjs "--cells=A-light,A-dark,A-hc,B-light,B-dark,B-hc" "--output=artifacts/component-proof/react"
2026-09-13T15:41:46.6799270Z 
2026-09-13T15:41:47.6685758Z 
2026-09-13T15:41:47.6698610Z [1m[33mwarn[39m[22m - The `content` option in your Tailwind CSS configuration is missing or empty.
2026-09-13T15:41:47.6699816Z [1m[33mwarn[39m[22m - Configure your content sources or your generated CSS will be missing styles.
2026-09-13T15:41:47.6707656Z [1m[33mwarn[39m[22m - https://tailwindcss.com/docs/content-configuration
2026-09-13T15:41:57.2859714Z react: 654 root-cells, 0 failures, 0 skipped
2026-09-13T15:41:57.7506622Z 
2026-09-13T15:41:57.7507783Z > @oods/components-vue@0.1.0 test:visual /home/runner/work/OODS-Forge/OODS-Forge/packages/components-vue
2026-09-13T15:41:57.7508835Z > node test/visual-evidence.mjs "--cells=A-light,A-dark,A-hc,B-light,B-dark,B-hc" "--output=artifacts/component-proof/vue"
2026-09-13T15:41:57.7509580Z 
2026-09-13T15:41:58.8020543Z 
2026-09-13T15:41:58.8022377Z [1m[33mwarn[39m[22m - The `content` option in your Tailwind CSS configuration is missing or empty.
2026-09-13T15:41:58.8025157Z [1m[33mwarn[39m[22m - Configure your content sources or your generated CSS will be missing styles.
2026-09-13T15:41:58.8026439Z [1m[33mwarn[39m[22m - https://tailwindcss.com/docs/content-configuration
2026-09-13T15:42:07.7843585Z vue: 654 root-cells, 0 failures, 0 skipped
2026-09-13T15:42:08.3641165Z 
2026-09-13T15:42:08.3659188Z [1m[46m RUN [49m[22m [36mv3.2.4 [39m[90m/home/runner/work/OODS-Forge/OODS-Forge/packages/component-styles[39m
2026-09-13T15:42:08.3678228Z 
2026-09-13T15:42:11.1217225Z  [32m✓[39m test/high-contrast.browser.spec.ts [2m([22m[2m29 tests[22m[2m)[22m[33m 2304[2mms[22m[39m
2026-09-13T15:42:11.1388371Z 
2026-09-13T15:42:11.1397932Z [2m Test Files [22m [1m[32m1 passed[39m[22m[90m (1)[39m
2026-09-13T15:42:11.1415598Z [2m      Tests [22m [1m[32m29 passed[39m[22m[90m (29)[39m
2026-09-13T15:42:11.1416391Z [2m   Start at [22m 15:42:08
2026-09-13T15:42:11.1417434Z [2m   Duration [22m 2.77s[2m (transform 64ms, setup 0ms, collect 226ms, tests 2.30s, environment 0ms, prepare 66ms)[22m
2026-09-13T15:42:11.1418062Z 
2026-09-13T15:42:11.2350329Z Node 20 is being deprecated. This workflow is running with Node 24 by default. If you need to temporarily use Node 20, you can set the ACTIONS_ALLOW_USE_UNSECURE_NODE_VERSION=true environment variable. For more information see: https://github.blog/changelog/2025-09-19-deprecation-of-node-20-on-github-actions-runners/
2026-09-13T15:42:11.2351356Z ##[group]Run actions/upload-artifact@v4
2026-09-13T15:42:11.2351624Z with:
2026-09-13T15:42:11.2351906Z   name: component-theme-34766250034
2026-09-13T15:42:11.2352200Z   path: artifacts/component-proof/
2026-09-13T15:42:11.2352524Z   if-no-files-found: error
2026-09-13T15:42:11.2352785Z   compression-level: 6
2026-09-13T15:42:11.2353017Z   overwrite: false
2026-09-13T15:42:11.2353303Z   include-hidden-files: false
2026-09-13T15:42:11.2353590Z env:
2026-09-13T15:42:11.2353816Z   NODE_VERSION: 24
2026-09-13T15:42:11.2354090Z   PNPM_HOME: /home/runner/setup-pnpm/node_modules/.bin
2026-09-13T15:42:11.2354385Z ##[endgroup]
2026-09-13T15:42:11.5304043Z (node:3430) [DEP0040] DeprecationWarning: The `punycode` module is deprecated. Please use a userland alternative instead.
2026-09-13T15:42:11.5305272Z (Use `node --trace-deprecation ...` to show where the warning was created)
2026-09-13T15:42:11.5425908Z With the provided path, there will be 14 files uploaded
2026-09-13T15:42:11.5427249Z Artifact name is valid!
2026-09-13T15:42:11.5427700Z Root directory input is valid!
2026-09-13T15:42:11.7939293Z Beginning upload of artifact content to blob storage
2026-09-13T15:42:12.2086951Z (node:3430) [DEP0169] DeprecationWarning: `url.parse()` behavior is not standardized and prone to errors that have security implications. Use the WHATWG URL API instead. CVEs are not issued for `url.parse()` vulnerabilities.
2026-09-13T15:42:12.6937261Z Uploaded bytes 8388608
2026-09-13T15:42:12.8060086Z Uploaded bytes 12457768
2026-09-13T15:42:12.8484149Z Finished uploading artifact content to blob storage!
2026-09-13T15:42:12.8485260Z SHA256 digest of uploaded artifact zip is 70c5582770656af9a43347170bd35bd1364d9f34a8c06ff72d75974f70df3490
2026-09-13T15:42:12.8486674Z Finalizing artifact upload
2026-09-13T15:42:13.0677426Z Artifact component-theme-34766250034.zip successfully finalized. Artifact ID 10320311870
2026-09-13T15:42:13.0679163Z Artifact component-theme-34766250034 has been successfully uploaded! Final size is 12457768 bytes. Artifact ID is 10320311870
2026-09-13T15:42:13.0685227Z Artifact download URL: https://github.com/kneelinghorse/OODS-Forge/actions/runs/34766250034/artifacts/10320311870
2026-09-13T15:42:13.0806909Z ##[group]Run pnpm run verify:brand-cascade
2026-09-13T15:42:13.0807417Z [36;1mpnpm run verify:brand-cascade[0m
2026-09-13T15:42:13.0836427Z shell: /usr/bin/bash -e {0}
2026-09-13T15:42:13.0836901Z env:
2026-09-13T15:42:13.0837192Z   NODE_VERSION: 24
2026-09-13T15:42:13.0837670Z   PNPM_HOME: /home/runner/setup-pnpm/node_modules/.bin
2026-09-13T15:42:13.0838071Z ##[endgroup]
2026-09-13T15:42:13.3654263Z 
2026-09-13T15:42:13.3655678Z > @oods/foundry-mcp@0.1.0 verify:brand-cascade /home/runner/work/OODS-Forge/OODS-Forge
2026-09-13T15:42:13.3656841Z > node scripts/quality/brand-cascade-browser-proof.mjs
2026-09-13T15:42:13.3657304Z 
2026-09-13T15:42:13.5958198Z sheet order: generated @oods/tokens/css → layers.css → motion.css → hc.css → explorer tokens.css
2026-09-13T15:42:13.8177363Z A/base: 41 bridged + 3 focus slots painted, all match
2026-09-13T15:42:13.8290511Z A/dark: 41 bridged + 3 focus slots painted, all match
2026-09-13T15:42:13.8326641Z A/hc: 41 bridged + 3 focus slots painted, all match
2026-09-13T15:42:13.8446755Z B/base: 41 bridged + 3 focus slots painted, all match
2026-09-13T15:42:13.8574167Z B/dark: 41 bridged + 3 focus slots painted, all match
2026-09-13T15:42:13.8631346Z B/hc: 41 bridged + 3 focus slots painted, all match
2026-09-13T15:42:13.8969846Z 
2026-09-13T15:42:13.8971098Z rendered-surface proof: 264 computed-style assertions across 6 cells (246 bridged + 18 focus), plus 9 derived cross-brand identity checks over those same values
2026-09-13T15:42:13.8972060Z focus resolution, measured:
2026-09-13T15:42:13.8972897Z   A/base: ring-outer=oklch(0.46 0.136249 43)  ring-inner=oklch(0.985 0.002339 265)  text=oklch(0.46 0.148464 305)
2026-09-13T15:42:13.8973727Z   A/dark: ring-outer=oklch(0.85 0.046426 43)  ring-inner=oklch(0.18 0.008 265)  text=oklch(0.82 0.047991 305)
2026-09-13T15:42:13.8974537Z   A/hc: ring-outer=rgba(0, 65, 198, 0.8)  ring-inner=rgb(255, 255, 255)  text=rgb(255, 255, 255)
2026-09-13T15:42:13.8975279Z   B/base: ring-outer=oklch(0.46 0.079556 210)  ring-inner=oklch(0.985 0.002339 265)  text=oklch(0.46 0.148464 305)
2026-09-13T15:42:13.8976359Z   B/dark: ring-outer=oklch(0.85 0.046426 210)  ring-inner=oklch(0.18 0.008 265)  text=oklch(0.82 0.047991 305)
2026-09-13T15:42:13.8977303Z   B/hc: ring-outer=rgba(0, 65, 198, 0.8)  ring-inner=rgb(255, 255, 255)  text=rgb(255, 255, 255)
2026-09-13T15:42:13.8979042Z ✔ every bridged slot resolves in a real browser to the value its token source declares, and every focus slot resolves from the generated bridge (primary ring brand-distinct, neutral/accent shared, HC system-keyword-identical)
2026-09-13T15:42:13.9151365Z ##[group]Run pnpm run a11y:diff
2026-09-13T15:42:13.9151913Z [36;1mpnpm run a11y:diff[0m
2026-09-13T15:42:13.9174445Z shell: /usr/bin/bash -e {0}
2026-09-13T15:42:13.9174777Z env:
2026-09-13T15:42:13.9174995Z   NODE_VERSION: 24
2026-09-13T15:42:13.9175360Z   PNPM_HOME: /home/runner/setup-pnpm/node_modules/.bin
2026-09-13T15:42:13.9175805Z ##[endgroup]
2026-09-13T15:42:14.2071919Z 
2026-09-13T15:42:14.2074601Z > @oods/foundry-mcp@0.1.0 prea11y:diff /home/runner/work/OODS-Forge/OODS-Forge
2026-09-13T15:42:14.2075390Z > pnpm --filter @oods/tokens run build
2026-09-13T15:42:14.2075973Z 
2026-09-13T15:42:14.5308663Z 
2026-09-13T15:42:14.5309664Z > @oods/tokens@0.1.0 build /home/runner/work/OODS-Forge/OODS-Forge/packages/tokens
2026-09-13T15:42:14.5310668Z > rimraf dist && node ./scripts/build.mjs && node ./scripts/build-entry.mjs
2026-09-13T15:42:14.5311331Z 
2026-09-13T15:42:14.7697629Z ✔︎ collision guard: no non-exempt collisions across 6 scopes
2026-09-13T15:42:14.7704570Z Building design tokens with Style Dictionary…
2026-09-13T15:42:14.8206302Z 
2026-09-13T15:42:14.8226742Z Token collisions detected (9):
2026-09-13T15:42:14.8227608Z Use log.verbosity "verbose" or use CLI option --verbose for more details.
2026-09-13T15:42:14.8228237Z Refer to: https://styledictionary.com/reference/logging/
2026-09-13T15:42:15.1686602Z 
2026-09-13T15:42:15.1687827Z ios-swift
2026-09-13T15:42:15.1688746Z ! dist/ios-swift/OodsTokens.swift, does not exist
2026-09-13T15:42:15.1689290Z 
2026-09-13T15:42:15.1689579Z compose
2026-09-13T15:42:15.1690091Z ! dist/compose/OodsTokens.kt, does not exist
2026-09-13T15:42:15.2467476Z 
2026-09-13T15:42:15.2470448Z ts
2026-09-13T15:42:15.2471436Z ! dist/ts/tokens.ts, does not exist
2026-09-13T15:42:15.2475038Z 
2026-09-13T15:42:15.2475333Z tailwind
2026-09-13T15:42:15.2476129Z ! dist/tailwind/tokens.json, does not exist
2026-09-13T15:42:15.7950071Z 
2026-09-13T15:42:15.7951157Z ios-swift
2026-09-13T15:42:15.7952300Z ✔︎ dist/ios-swift/OodsTokens.swift
2026-09-13T15:42:15.7952914Z 
2026-09-13T15:42:15.7953161Z compose
2026-09-13T15:42:15.7953906Z ✔︎ dist/compose/OodsTokens.kt
2026-09-13T15:42:15.8411111Z 
2026-09-13T15:42:15.8411993Z ts
2026-09-13T15:42:15.8413630Z ✔︎ dist/ts/tokens.ts
2026-09-13T15:42:15.8415314Z 
2026-09-13T15:42:15.8415779Z tailwind
2026-09-13T15:42:15.8416282Z ✔︎ dist/tailwind/tokens.json
2026-09-13T15:42:15.8996822Z 
2026-09-13T15:42:15.8997628Z Token collisions detected (9):
2026-09-13T15:42:15.8998456Z Use log.verbosity "verbose" or use CLI option --verbose for more details.
2026-09-13T15:42:15.8999426Z Refer to: https://styledictionary.com/reference/logging/
2026-09-13T15:42:16.0272370Z 
2026-09-13T15:42:16.0273279Z css
2026-09-13T15:42:16.0274366Z ✔︎ dist/css/tokens.css
2026-09-13T15:42:16.0563359Z 
2026-09-13T15:42:16.0564081Z Token collisions detected (9):
2026-09-13T15:42:16.0565063Z Use log.verbosity "verbose" or use CLI option --verbose for more details.
2026-09-13T15:42:16.0566150Z Refer to: https://styledictionary.com/reference/logging/
2026-09-13T15:42:16.1487038Z 
2026-09-13T15:42:16.1488262Z css
2026-09-13T15:42:16.1489247Z ✔︎ dist/css/tokens.css
2026-09-13T15:42:16.2441559Z 
2026-09-13T15:42:16.2442564Z Token collisions detected (426):
2026-09-13T15:42:16.2443622Z Use log.verbosity "verbose" or use CLI option --verbose for more details.
2026-09-13T15:42:16.2444508Z Refer to: https://styledictionary.com/reference/logging/
2026-09-13T15:42:16.3315448Z 
2026-09-13T15:42:16.3316650Z css
2026-09-13T15:42:16.3317488Z ✔︎ dist/css/tokens.css
2026-09-13T15:42:16.4118432Z 
2026-09-13T15:42:16.4119367Z Token collisions detected (376):
2026-09-13T15:42:16.4120447Z Use log.verbosity "verbose" or use CLI option --verbose for more details.
2026-09-13T15:42:16.4121278Z Refer to: https://styledictionary.com/reference/logging/
2026-09-13T15:42:16.5057457Z 
2026-09-13T15:42:16.5076838Z css
2026-09-13T15:42:16.5078282Z ✔︎ dist/css/tokens.css
2026-09-13T15:42:16.5889093Z 
2026-09-13T15:42:16.5890045Z Token collisions detected (9):
2026-09-13T15:42:16.5891659Z Use log.verbosity "verbose" or use CLI option --verbose for more details.
2026-09-13T15:42:16.5892475Z Refer to: https://styledictionary.com/reference/logging/
2026-09-13T15:42:16.6760498Z 
2026-09-13T15:42:16.6762763Z css
2026-09-13T15:42:16.6763762Z ✔︎ dist/css/tokens.css
2026-09-13T15:42:16.7554053Z 
2026-09-13T15:42:16.7555215Z Token collisions detected (426):
2026-09-13T15:42:16.7556355Z Use log.verbosity "verbose" or use CLI option --verbose for more details.
2026-09-13T15:42:16.7557178Z Refer to: https://styledictionary.com/reference/logging/
2026-09-13T15:42:16.8413731Z 
2026-09-13T15:42:16.8414457Z css
2026-09-13T15:42:16.8415368Z ✔︎ dist/css/tokens.css
2026-09-13T15:42:16.9395734Z 
2026-09-13T15:42:16.9396844Z Token collisions detected (376):
2026-09-13T15:42:16.9397981Z Use log.verbosity "verbose" or use CLI option --verbose for more details.
2026-09-13T15:42:16.9398746Z Refer to: https://styledictionary.com/reference/logging/
2026-09-13T15:42:17.0233337Z 
2026-09-13T15:42:17.0234242Z css
2026-09-13T15:42:17.0235668Z ✔︎ dist/css/tokens.css
2026-09-13T15:42:17.1024165Z 
2026-09-13T15:42:17.1025399Z Token collisions detected (9):
2026-09-13T15:42:17.1026599Z Use log.verbosity "verbose" or use CLI option --verbose for more details.
2026-09-13T15:42:17.1027377Z Refer to: https://styledictionary.com/reference/logging/
2026-09-13T15:42:17.1897792Z ✔︎ tokens built successfully in 2.42s
2026-09-13T15:42:17.1907553Z    css:      dist/css/tokens.css (6 brand × theme scopes)
2026-09-13T15:42:17.1908311Z    types:    dist/ts/tokens.ts
2026-09-13T15:42:17.1909105Z    tailwind: dist/tailwind/tokens.json
2026-09-13T15:42:17.1909735Z    ios:      dist/ios-swift/OodsTokens.swift
2026-09-13T15:42:17.1910389Z    compose:  dist/compose/OodsTokens.kt
2026-09-13T15:42:17.2680673Z 
2026-09-13T15:42:17.2681850Z > @oods/foundry-mcp@0.1.0 a11y:diff /home/runner/work/OODS-Forge/OODS-Forge
2026-09-13T15:42:17.2682853Z > node tools/a11y/index.mjs diff
2026-09-13T15:42:17.2683171Z 
2026-09-13T15:42:17.4933187Z [a11y] An error occurred while evaluating contrast rules.
2026-09-13T15:42:17.4934273Z       Guardrail CSV row 8 is missing "base_token".
2026-09-13T15:42:17.5002532Z  ELIFECYCLE  Command failed with exit code 1.
2026-09-13T15:42:17.5287040Z ##[error]Process completed with exit code 1.
2026-09-13T15:42:17.5352698Z Node 20 is being deprecated. This workflow is running with Node 24 by default. If you need to temporarily use Node 20, you can set the ACTIONS_ALLOW_USE_UNSECURE_NODE_VERSION=true environment variable. For more information see: https://github.blog/changelog/2025-09-19-deprecation-of-node-20-on-github-actions-runners/
2026-09-13T15:42:17.5353736Z ##[group]Run actions/upload-artifact@v4
2026-09-13T15:42:17.5354069Z with:
2026-09-13T15:42:17.5354339Z   name: a11y-guardrail-34766250034
2026-09-13T15:42:17.5354648Z   path: tools/a11y/reports/
2026-09-13T15:42:17.5354943Z   if-no-files-found: warn
2026-09-13T15:42:17.5355210Z   compression-level: 6
2026-09-13T15:42:17.5355752Z   overwrite: false
2026-09-13T15:42:17.5356039Z   include-hidden-files: false
2026-09-13T15:42:17.5356330Z env:
2026-09-13T15:42:17.5356574Z   NODE_VERSION: 24
2026-09-13T15:42:17.5356912Z   PNPM_HOME: /home/runner/setup-pnpm/node_modules/.bin
2026-09-13T15:42:17.5357224Z ##[endgroup]
2026-09-13T15:42:17.6586206Z (node:3619) [DEP0040] DeprecationWarning: The `punycode` module is deprecated. Please use a userland alternative instead.
2026-09-13T15:42:17.6587317Z (Use `node --trace-deprecation ...` to show where the warning was created)
2026-09-13T15:42:17.6666785Z With the provided path, there will be 1 file uploaded
2026-09-13T15:42:17.6706358Z Artifact name is valid!
2026-09-13T15:42:17.6713978Z Root directory input is valid!
2026-09-13T15:42:17.9311373Z Beginning upload of artifact content to blob storage
2026-09-13T15:42:17.9470619Z (node:3619) [DEP0169] DeprecationWarning: `url.parse()` behavior is not standardized and prone to errors that have security implications. Use the WHATWG URL API instead. CVEs are not issued for `url.parse()` vulnerabilities.
2026-09-13T15:42:18.0746239Z Uploaded bytes 6237
2026-09-13T15:42:18.1116179Z Finished uploading artifact content to blob storage!
2026-09-13T15:42:18.1117492Z SHA256 digest of uploaded artifact zip is e9df81b5ac88711e2916b74ff4130258ad023e7765593ff63d832eba55fb1f52
2026-09-13T15:42:18.1118316Z Finalizing artifact upload
2026-09-13T15:42:18.3603013Z Artifact a11y-guardrail-34766250034.zip successfully finalized. Artifact ID 10320537475
2026-09-13T15:42:18.3604110Z Artifact a11y-guardrail-34766250034 has been successfully uploaded! Final size is 6237 bytes. Artifact ID is 10320537475
2026-09-13T15:42:18.3610257Z Artifact download URL: https://github.com/kneelinghorse/OODS-Forge/actions/runs/34766250034/artifacts/10320537475
2026-09-13T15:42:18.3747752Z Node 20 is being deprecated. This workflow is running with Node 24 by default. If you need to temporarily use Node 20, you can set the ACTIONS_ALLOW_USE_UNSECURE_NODE_VERSION=true environment variable. For more information see: https://github.blog/changelog/2025-09-19-deprecation-of-node-20-on-github-actions-runners/
2026-09-13T15:42:18.3748904Z Post job cleanup.
2026-09-13T15:42:18.5255145Z Pruning is unnecessary.
2026-09-13T15:42:18.5450790Z Node 20 is being deprecated. This workflow is running with Node 24 by default. If you need to temporarily use Node 20, you can set the ACTIONS_ALLOW_USE_UNSECURE_NODE_VERSION=true environment variable. For more information see: https://github.blog/changelog/2025-09-19-deprecation-of-node-20-on-github-actions-runners/
2026-09-13T15:42:18.5452321Z Post job cleanup.
2026-09-13T15:42:18.6246053Z [command]/usr/bin/git version
2026-09-13T15:42:18.6287587Z git version 2.55.0
2026-09-13T15:42:18.6336730Z Temporarily overriding HOME='/home/runner/work/_temp/71acd666-2866-46e5-9cd1-1f3ba21d6bba' before making global git config changes
2026-09-13T15:42:18.6337653Z Adding repository directory to the temporary git global config as a safe directory
2026-09-13T15:42:18.6338511Z [command]/usr/bin/git config --global --add safe.directory /home/runner/work/OODS-Forge/OODS-Forge
2026-09-13T15:42:18.6378037Z [command]/usr/bin/git config --local --name-only --get-regexp core\.sshCommand
2026-09-13T15:42:18.6421785Z [command]/usr/bin/git submodule foreach --recursive sh -c "git config --local --name-only --get-regexp 'core\.sshCommand' && git config --local --unset-all 'core.sshCommand' || :"
2026-09-13T15:42:18.7296822Z [command]/usr/bin/git config --local --name-only --get-regexp http\.https\:\/\/github\.com\/\.extraheader
2026-09-13T15:42:18.7303920Z http.https://github.com/.extraheader
2026-09-13T15:42:18.7317541Z [command]/usr/bin/git config --local --unset-all http.https://github.com/.extraheader
2026-09-13T15:42:18.7319098Z [command]/usr/bin/git submodule foreach --recursive sh -c "git config --local --name-only --get-regexp 'http\.https\:\/\/github\.com\/\.extraheader' && git config --local --unset-all 'http.https://github.com/.extraheader' || :"
2026-09-13T15:42:18.7494697Z [command]/usr/bin/git config --local --name-only --get-regexp ^includeIf\.gitdir:
2026-09-13T15:42:18.7524894Z [command]/usr/bin/git submodule foreach --recursive git config --local --show-origin --name-only --get-regexp remote.origin.url
2026-09-13T15:42:18.7898656Z Cleaning up orphan processes
2026-09-13T15:42:19.0967435Z ##[warning]Node.js 20 is deprecated. The following actions target Node.js 20 but are being forced to run on Node.js 24: actions/cache@v4, actions/checkout@v4, actions/setup-node@v4, actions/upload-artifact@v4, pnpm/action-setup@v4. For more information see: https://github.blog/changelog/2025-09-19-deprecation-of-node-20-on-github-actions-runners/
