$ pnpm exec vitest run --project core --reporter=default --reporter=json --outputFile=/var/folders/gd/rty3217130vdbr9_q713nvg80000gn/T/oods-s185-m01-baseline-TbWlZS/run-1-root-core.json
exitCode=1
startedAt=2026-09-07T04:27:28.957Z
endedAt=2026-09-07T04:31:04.403Z
durationMs=215442.804
[stdout]

 RUN  v3.2.4 /Users/systemsystems/.codex/worktrees/s187/OODS-Forge

 ✓ |core| packages/mcp-server/test/contracts/dtcg-intake.s180.spec.ts (21 tests) 313ms
 ✓ |core| packages/mcp-server/test/contracts/repl.tools.spec.ts (39 tests) 289ms
 ✓ |core| packages/mcp-server/test/contracts/mapping.spec.ts (65 tests) 1952ms
 ✓ |core| packages/mcp-server/test/product-reality/closeout-ledger.s185.spec.ts (60 tests) 6172ms
   ✓ Independent public runtime equality uses actual Git bytes and disclosed test exclusions > test-only preserves the reviewed runtime boundary  1038ms
   ✓ Independent public runtime equality uses actual Git bytes and disclosed test exclusions > runtime-change preserves the reviewed runtime boundary  2481ms
   ✓ Independent public runtime equality uses actual Git bytes and disclosed test exclusions > runtime-renamed-to-test preserves the reviewed runtime boundary  1345ms
 ❯ |core| packages/mcp-server/test/product-reality/breadth-live-generation.s186.spec.ts (117 tests | 1 failed) 1402ms
   ✓ Sprint 186 DetailHeader saved-schema directives > react lowers titleField/subtitleField/headingLevel and rejects a non-string field or out-of-range level 63ms
   ✓ Sprint 186 DetailHeader saved-schema directives > vue lowers titleField/subtitleField/headingLevel and rejects a non-string field or out-of-range level 8ms
   ✓ Sprint 186 DetailHeader saved-schema directives > html keeps its visible placeholder for the lowered title and its own default heading level 46ms
   ✓ Sprint 186 container directives consumed without a binding > react carries historyField and showReason into the lowered StatusTimeline and drops labelField and showActor 206ms
   ✓ Sprint 186 container directives consumed without a binding > react consumes pattern-group Stack directives and the address panel field without leaking them 11ms
   ✓ Sprint 186 container directives consumed without a binding > vue carries historyField and showReason into the lowered StatusTimeline and drops labelField and showActor 25ms
   ✓ Sprint 186 container directives consumed without a binding > vue consumes pattern-group Stack directives and the address panel field without leaking them 10ms
   ✓ Sprint 186 badge-family field lowering > react lowers AddressSummaryBadge.field to role beside its authored label and TagPills.field to tags without its label 2ms
   ✓ Sprint 186 badge-family field lowering > vue lowers AddressSummaryBadge.field to role beside its authored label and TagPills.field to tags without its label 1ms
   ✓ Sprint 186 badge-family field lowering > html keeps the authored label and shows the bound role placeholder as the badge status 27ms
   × Sprint 186 list-context field-bound inputs on Vue > reads a list-context field one-way and keeps form-mode refs two-way, both compiling as Vue templates 36ms
     → expected '<template>\n  <Stack id="form" data-o…' to contain 'const lastEvent = ref<\'created\' | \…'
   ✓ Sprint 186 saved form bindings on user-form-showcase > keeps refusing the five composer-authored controls over array and object fields on the saved schema, and nothing else 19ms
   ✓ Sprint 186 saved form bindings on user-form-showcase > lets same-field controls share one local writer, subscribes a Text display to it, and reports a writerless display as inert 3ms
   ✓ Sprint 186 saved form bindings on user-form-showcase > react emits controlled wave-2 form controls, one shared state, an inert-binding warning, and a hash-sealed handler 43ms
   ✓ Sprint 186 saved form bindings on user-form-showcase > vue emits controlled wave-2 form controls, one shared state, an inert-binding warning, and a hash-sealed handler 125ms
   ✓ Sprint 186 live readiness, directive lowering and root export generation > react/ClassificationPanel/unknown rejects invalid props at the live build boundary 1ms
   ✓ Sprint 186 live readiness, directive lowering and root export generation > react/ClassificationPanel/typed rejects invalid props at the live build boundary 0ms
   ✓ Sprint 186 live readiness, directive lowering and root export generation > react/FilterPanel/unknown rejects invalid props at the live build boundary 1ms
   ✓ Sprint 186 live readiness, directive lowering and root export generation > react/FilterPanel/typed rejects invalid props at the live build boundary 2ms
   ✓ Sprint 186 live readiness, directive lowering and root export generation > react/PriceSummary/unknown rejects invalid props at the live build boundary 1ms
   ✓ Sprint 186 live readiness, directive lowering and root export generation > react/PriceSummary/typed rejects invalid props at the live build boundary 3ms
   ✓ Sprint 186 live readiness, directive lowering and root export generation > react/AddressCollectionPanel/unknown rejects invalid props at the live build boundary 1ms
   ✓ Sprint 186 live readiness, directive lowering and root export generation > react/AddressCollectionPanel/typed rejects invalid props at the live build boundary 1ms
   ✓ Sprint 186 live readiness, directive lowering and root export generation > react/MembershipPanel/unknown rejects invalid props at the live build boundary 3ms
   ✓ Sprint 186 live readiness, directive lowering and root export generation > react/MembershipPanel/typed rejects invalid props at the live build boundary 0ms
   ✓ Sprint 186 live readiness, directive lowering and root export generation > react/PreferencePanel/unknown rejects invalid props at the live build boundary 0ms
   ✓ Sprint 186 live readiness, directive lowering and root export generation > react/PreferencePanel/typed rejects invalid props at the live build boundary 20ms
   ✓ Sprint 186 live readiness, directive lowering and root export generation > react/TagManager/unknown rejects invalid props at the live build boundary 8ms
   ✓ Sprint 186 live readiness, directive lowering and root export generation > react/TagManager/typed rejects invalid props at the live build boundary 11ms
   ✓ Sprint 186 live readiness, directive lowering and root export generation > react/AddressSummaryBadge/unknown rejects invalid props at the live build boundary 47ms
   ✓ Sprint 186 live readiness, directive lowering and root export generation > react/AddressSummaryBadge/typed rejects invalid props at the live build boundary 6ms
   ✓ Sprint 186 live readiness, directive lowering and root export generation > react/MessageStatusBadge/unknown rejects invalid props at the live build boundary 2ms
   ✓ Sprint 186 live readiness, directive lowering and root export generation > react/MessageStatusBadge/typed rejects invalid props at the live build boundary 1ms
   ✓ Sprint 186 live readiness, directive lowering and root export generation > react/PreferenceSummaryBadge/unknown rejects invalid props at the live build boundary 1ms
   ✓ Sprint 186 live readiness, directive lowering and root export generation > react/PreferenceSummaryBadge/typed rejects invalid props at the live build boundary 3ms
   ✓ Sprint 186 live readiness, directive lowering and root export generation > react/RoleBadgeList/unknown rejects invalid props at the live build boundary 1ms
   ✓ Sprint 186 live readiness, directive lowering and root export generation > react/RoleBadgeList/typed rejects invalid props at the live build boundary 1ms
   ✓ Sprint 186 live readiness, directive lowering and root export generation > react/TagPills/unknown rejects invalid props at the live build boundary 2ms
   ✓ Sprint 186 live readiness, directive lowering and root export generation > react/TagPills/typed rejects invalid props at the live build boundary 4ms
   ✓ Sprint 186 live readiness, directive lowering and root export generation > react/AddressValidationTimeline/unknown rejects invalid props at the live build boundary 3ms
   ✓ Sprint 186 live readiness, directive lowering and root export generation > react/AddressValidationTimeline/typed rejects invalid props at the live build boundary 1ms
   ✓ Sprint 186 live readiness, directive lowering and root export generation > react/AuditEvent/unknown rejects invalid props at the live build boundary 0ms
   ✓ Sprint 186 live readiness, directive lowering and root export generation > react/AuditEvent/typed rejects invalid props at the live build boundary 0ms
   ✓ Sprint 186 live readiness, directive lowering and root export generation > react/MembershipAuditTimeline/unknown rejects invalid props at the live build boundary 1ms
   ✓ Sprint 186 live readiness, directive lowering and root export generation > react/MembershipAuditTimeline/typed rejects invalid props at the live build boundary 1ms
   ✓ Sprint 186 live readiness, directive lowering and root export generation > react/MessageEventTimeline/unknown rejects invalid props at the live build boundary 0ms
   ✓ Sprint 186 live readiness, directive lowering and root export generation > react/MessageEventTimeline/typed rejects invalid props at the live build boundary 1ms
   ✓ Sprint 186 live readiness, directive lowering and root export generation > react/PreferenceTimeline/unknown rejects invalid props at the live build boundary 1ms
   ✓ Sprint 186 live readiness, directive lowering and root export generation > react/PreferenceTimeline/typed rejects invalid props at the live build boundary 1ms
   ✓ Sprint 186 live readiness, directive lowering and root export generation > react/AddressEditor/unknown rejects invalid props at the live build boundary 0ms
   ✓ Sprint 186 live readiness, directive lowering and root export generation > react/AddressEditor/typed rejects invalid props at the live build boundary 2ms
   ✓ Sprint 186 live readiness, directive lowering and root export generation > react/PreferenceEditor/unknown rejects invalid props at the live build boundary 2ms
   ✓ Sprint 186 live readiness, directive lowering and root export generation > react/PreferenceEditor/typed rejects invalid props at the live build boundary 0ms
   ✓ Sprint 186 live readiness, directive lowering and root export generation > react/RoleAssignmentForm/unknown rejects invalid props at the live build boundary 0ms
   ✓ Sprint 186 live readiness, directive lowering and root export generation > react/RoleAssignmentForm/typed rejects invalid props at the live build boundary 48ms
   ✓ Sprint 186 live readiness, directive lowering and root export generation > react/StatusSelector/unknown rejects invalid props at the live build boundary 1ms
   ✓ Sprint 186 live readiness, directive lowering and root export generation > react/StatusSelector/typed rejects invalid props at the live build boundary 0ms
   ✓ Sprint 186 live readiness, directive lowering and root export generation > react/TagInput/unknown rejects invalid props at the live build boundary 0ms
   ✓ Sprint 186 live readiness, directive lowering and root export generation > react/TagInput/typed rejects invalid props at the live build boundary 0ms
   ✓ Sprint 186 live readiness, directive lowering and root export generation > react/TemplatePicker/unknown rejects invalid props at the live build boundary 0ms
   ✓ Sprint 186 live readiness, directive lowering and root export generation > react/TemplatePicker/typed rejects invalid props at the live build boundary 0ms
   ✓ Sprint 186 live readiness, directive lowering and root export generation > react/test-tagged-schema generates unchanged, lowers every directive, and resolves every emitted import 137ms
   ✓ Sprint 186 live readiness, directive lowering and root export generation > react/user-detail-showcase generates unchanged, lowers every directive, and resolves every emitted import 59ms
   ✓ Sprint 186 live readiness, directive lowering and root export generation > react/user-list-showcase generates unchanged, lowers every directive, and resolves every emitted import 52ms
   ✓ Sprint 186 live readiness, directive lowering and root export generation > react/user-timeline-showcase generates unchanged, lowers every directive, and resolves every emitted import 11ms
   ✓ Sprint 186 live readiness, directive lowering and root export generation > react/user-form-showcase generates unchanged, lowers every directive, and resolves every emitted import 31ms
   ✓ Sprint 186 live readiness, directive lowering and root export generation > vue/ClassificationPanel/unknown rejects invalid props at the live build boundary 1ms
   ✓ Sprint 186 live readiness, directive lowering and root export generation > vue/ClassificationPanel/typed rejects invalid props at the live build boundary 0ms
   ✓ Sprint 186 live readiness, directive lowering and root export generation > vue/FilterPanel/unknown rejects invalid props at the live build boundary 0ms
   ✓ Sprint 186 live readiness, directive lowering and root export generation > vue/FilterPanel/typed rejects invalid props at the live build boundary 1ms
   ✓ Sprint 186 live readiness, directive lowering and root export generation > vue/PriceSummary/unknown rejects invalid props at the live build boundary 0ms
   ✓ Sprint 186 live readiness, directive lowering and root export generation > vue/PriceSummary/typed rejects invalid props at the live build boundary 0ms
   ✓ Sprint 186 live readiness, directive lowering and root export generation > vue/AddressCollectionPanel/unknown rejects invalid props at the live build boundary 0ms
   ✓ Sprint 186 live readiness, directive lowering and root export generation > vue/AddressCollectionPanel/typed rejects invalid props at the live build boundary 0ms
   ✓ Sprint 186 live readiness, directive lowering and root export generation > vue/MembershipPanel/unknown rejects invalid props at the live build boundary 0ms
   ✓ Sprint 186 live readiness, directive lowering and root export generation > vue/MembershipPanel/typed rejects invalid props at the live build boundary 0ms
   ✓ Sprint 186 live readiness, directive lowering and root export generation > vue/PreferencePanel/unknown rejects invalid props at the live build boundary 1ms
   ✓ Sprint 186 live readiness, directive lowering and root export generation > vue/PreferencePanel/typed rejects invalid props at the live build boundary 0ms
   ✓ Sprint 186 live readiness, directive lowering and root export generation > vue/TagManager/unknown rejects invalid props at the live build boundary 2ms
   ✓ Sprint 186 live readiness, directive lowering and root export generation > vue/TagManager/typed rejects invalid props at the live build boundary 1ms
   ✓ Sprint 186 live readiness, directive lowering and root export generation > vue/AddressSummaryBadge/unknown rejects invalid props at the live build boundary 0ms
   ✓ Sprint 186 live readiness, directive lowering and root export generation > vue/AddressSummaryBadge/typed rejects invalid props at the live build boundary 0ms
   ✓ Sprint 186 live readiness, directive lowering and root export generation > vue/MessageStatusBadge/unknown rejects invalid props at the live build boundary 0ms
   ✓ Sprint 186 live readiness, directive lowering and root export generation > vue/MessageStatusBadge/typed rejects invalid props at the live build boundary 0ms
   ✓ Sprint 186 live readiness, directive lowering and root export generation > vue/PreferenceSummaryBadge/unknown rejects invalid props at the live build boundary 0ms
   ✓ Sprint 186 live readiness, directive lowering and root export generation > vue/PreferenceSummaryBadge/typed rejects invalid props at the live build boundary 0ms
   ✓ Sprint 186 live readiness, directive lowering and root export generation > vue/RoleBadgeList/unknown rejects invalid props at the live build boundary 1ms
   ✓ Sprint 186 live readiness, directive lowering and root export generation > vue/RoleBadgeList/typed rejects invalid props at the live build boundary 0ms
   ✓ Sprint 186 live readiness, directive lowering and root export generation > vue/TagPills/unknown rejects invalid props at the live build boundary 0ms
   ✓ Sprint 186 live readiness, directive lowering and root export generation > vue/TagPills/typed rejects invalid props at the live build boundary 0ms
   ✓ Sprint 186 live readiness, directive lowering and root export generation > vue/AddressValidationTimeline/unknown rejects invalid props at the live build boundary 0ms
   ✓ Sprint 186 live readiness, directive lowering and root export generation > vue/AddressValidationTimeline/typed rejects invalid props at the live build boundary 0ms
   ✓ Sprint 186 live readiness, directive lowering and root export generation > vue/AuditEvent/unknown rejects invalid props at the live build boundary 1ms
   ✓ Sprint 186 live readiness, directive lowering and root export generation > vue/AuditEvent/typed rejects invalid props at the live build boundary 0ms
   ✓ Sprint 186 live readiness, directive lowering and root export generation > vue/MembershipAuditTimeline/unknown rejects invalid props at the live build boundary 0ms
   ✓ Sprint 186 live readiness, directive lowering and root export generation > vue/MembershipAuditTimeline/typed rejects invalid props at the live build boundary 0ms
   ✓ Sprint 186 live readiness, directive lowering and root export generation > vue/MessageEventTimeline/unknown rejects invalid props at the live build boundary 0ms
   ✓ Sprint 186 live readiness, directive lowering and root export generation > vue/MessageEventTimeline/typed rejects invalid props at the live build boundary 0ms
   ✓ Sprint 186 live readiness, directive lowering and root export generation > vue/PreferenceTimeline/unknown rejects invalid props at the live build boundary 0ms
   ✓ Sprint 186 live readiness, directive lowering and root export generation > vue/PreferenceTimeline/typed rejects invalid props at the live build boundary 0ms
   ✓ Sprint 186 live readiness, directive lowering and root export generation > vue/AddressEditor/unknown rejects invalid props at the live build boundary 0ms
   ✓ Sprint 186 live readiness, directive lowering and root export generation > vue/AddressEditor/typed rejects invalid props at the live build boundary 1ms
   ✓ Sprint 186 live readiness, directive lowering and root export generation > vue/PreferenceEditor/unknown rejects invalid props at the live build boundary 1ms
   ✓ Sprint 186 live readiness, directive lowering and root export generation > vue/PreferenceEditor/typed rejects invalid props at the live build boundary 0ms
   ✓ Sprint 186 live readiness, directive lowering and root export generation > vue/RoleAssignmentForm/unknown rejects invalid props at the live build boundary 0ms
   ✓ Sprint 186 live readiness, directive lowering and root export generation > vue/RoleAssignmentForm/typed rejects invalid props at the live build boundary 0ms
   ✓ Sprint 186 live readiness, directive lowering and root export generation > vue/StatusSelector/unknown rejects invalid props at the live build boundary 0ms
   ✓ Sprint 186 live readiness, directive lowering and root export generation > vue/StatusSelector/typed rejects invalid props at the live build boundary 0ms
   ✓ Sprint 186 live readiness, directive lowering and root export generation > vue/TagInput/unknown rejects invalid props at the live build boundary 1ms
   ✓ Sprint 186 live readiness, directive lowering and root export generation > vue/TagInput/typed rejects invalid props at the live build boundary 1ms
   ✓ Sprint 186 live readiness, directive lowering and root export generation > vue/TemplatePicker/unknown rejects invalid props at the live build boundary 0ms
   ✓ Sprint 186 live readiness, directive lowering and root export generation > vue/TemplatePicker/typed rejects invalid props at the live build boundary 1ms
   ✓ Sprint 186 live readiness, directive lowering and root export generation > vue/test-tagged-schema generates unchanged, lowers every directive, and resolves every emitted import 203ms
   ✓ Sprint 186 live readiness, directive lowering and root export generation > vue/user-detail-showcase generates unchanged, lowers every directive, and resolves every emitted import 24ms
   ✓ Sprint 186 live readiness, directive lowering and root export generation > vue/user-list-showcase generates unchanged, lowers every directive, and resolves every emitted import 10ms
   ✓ Sprint 186 live readiness, directive lowering and root export generation > vue/user-timeline-showcase generates unchanged, lowers every directive, and resolves every emitted import 5ms
   ✓ Sprint 186 live readiness, directive lowering and root export generation > vue/user-form-showcase generates unchanged, lowers every directive, and resolves every emitted import 25ms
 ✓ |core| packages/mcp-server/test/product-reality/validation-profiles.s183.spec.ts (73 tests) 2047ms
   ✓ Sprint 183 M03 validation profiles > preserves pipeline profile omission through AJV so build is disclosed as a runtime default  624ms
   ✓ Sprint 183 M03 validation profiles > pipeline discloses requested/resolved target provenance from 'default'  374ms
 ✓ |core| packages/mcp-server/test/contracts/stage1-integration.spec.ts (32 tests) 2260ms
   ✓ Stage1 integration contract > design.compose — Stage1 intent generation > composes from Stage1-derived intent string  972ms
   ✓ Stage1 integration contract > ORCA v2.1.0 inferred props compatibility > creates mapping from v2.1.0 inferred props with derived coercions  391ms
 ✓ |core| packages/mcp-server/test/render/fragment-edge-cases.spec.ts (48 tests) 75ms
 ✓ |core| packages/mcp-server/test/product-reality/closeout.s183.spec.ts (7 tests) 9048ms
   ✓ Sprint 183 M06 deterministic closeout > rejects a vacuous sprint base and preserves the exact L-09 safety transform  843ms
   ✓ Sprint 183 M06 deterministic closeout > reconciles the exact 38 CMOS criteria and writes an acyclic review handoff  1783ms
   ✓ Sprint 183 M06 deterministic closeout > turns a missing gate result and a tampered gate log red  2990ms
   ✓ Sprint 183 M06 deterministic closeout > rejects a direct content-addressed evidence mismatch  1271ms
   ✓ Sprint 183 M06 deterministic closeout > rejects CMOS contract drift and a duplicated R-02 target/component cell  2151ms
 ✓ |core| packages/mcp-server/test/product-reality/suite-accounting.s185.spec.ts (20 tests) 9955ms
   ✓ Sprint 185 four-suite accounting counts executions and explains population movement > recovers the historical state-axis setup failure without relabeling its pending assertions as executed  303ms
   ✓ Sprint 185 four-suite accounting counts executions and explains population movement > derives valid accounting across primary baselines, an immutable failed initial attempt and one distinct final four-suite capture  4126ms
   ✓ Sprint 185 four-suite accounting counts executions and explains population movement > cannot reuse an old baseline execution as the newly measured closeout run  5066ms
 ✓ |core| packages/mcp-server/test/a11y/a11y.contract.spec.ts (20 tests) 460ms
 ✓ |core| packages/mcp-server/test/render/xss-security.spec.ts (51 tests) 119ms
 ✓ |core| tests/domain/billing/states.spec.ts (61 tests) 138ms
 ✓ |core| packages/mcp-server/test/tools/certify-contrast.spec.ts (26 tests) 4935ms
   ✓ certify-contrast — role-C (WCAG mark-vs-canvas) + default palette > a single-series chart (no color encoding) -> pass on categorical-01 (baked mark.color, rendered) vs the canvas  1553ms
   ✓ certify-contrast — s140 multi-mark union grading > facet-of-layer: the walker descends facet.spec.layer and grades every unit  319ms
   ✓ certify-contrast — s140 multi-mark union grading > concat: the walker grades every section (both hconcat units), not just the first  502ms
   ✓ certify-contrast — s176 render-backed assignment grading > ten series over the six-slot default palette -> role-A ΔE00=0 fail (the recycled assignment reaches the grader)  308ms
   ✓ certify-contrast — s176 render-backed assignment grading > an empty sample renders no marks -> 'unchecked' (a series unit with nothing rendered is not graded, D6)  337ms
 ✓ |core| packages/mcp-server/test/compose/field-patterns.spec.ts (31 tests) 123ms
 ✓ |core| packages/mcp-server/test/compose/object-slot-filler.spec.ts (27 tests) 2142ms
   ✓ fillSlotsWithObject — core placement > returns schema, placements, and warnings  503ms
   ✓ fillSlotsWithObject — core placement > placements contain slot filling decisions  435ms
   ✓ fillSlotsWithObject — position heuristics > position=top maps to header slot  318ms
 ✓ |core| tests/traits/viz/spatial/geocodable.test.ts (79 tests) 135ms
 ✓ |core| packages/mcp-server/test/contracts/map-apply.spec.ts (18 tests) 863ms
   ✓ map.apply contract (pending implementation) > routes create, patch, skip, queued, and conflict buckets from an inline report  454ms
 ✓ |core| packages/mcp-server/test/tools/artifact.certify.spec.ts (72 tests) 11488ms
   ✓ artifact.certify — conformance verdict (cartesian) > a conformant cartesian IR → certified, conformant:true, no findings, stable contentHash  2464ms
   ✓ artifact.certify — determinism (contentHash) > same input → identical contentHash across two calls (pure verdict)  507ms
   ✓ artifact.certify — determinism (contentHash) > a one-field mutation → different contentHash  339ms
   ✓ artifact.certify — cross-tool contentHash identity with viz.render (s138 m03) > F5 (s147): an explicit agent color range hashes in lockstep — viz.render.contentHash === certify.contentHash  307ms
   ✓ artifact.certify — round-trip honesty floor: certify accepts viz.render-emitted ECharts encoding:{} IR (s142 m02) > the guard is minProperties (empty-only), not a blanket cartesian reject — the SAME IR WITH its encoding certifies  439ms
   ✓ artifact.certify — accuracy pillar (s170 m02) > each red is keyed to its OWN rule — no red trips a rule it does not name  1647ms
   ✓ artifact.certify — accuracy pillar (s170 m02) > every accuracy code a red emits is a REGISTERED code  865ms
   ✓ artifact.certify — accuracy pillar (s170 m02) > a clean cartesian IR → accuracy pass with all four rules evaluated, and no accuracy findings  317ms
   ✓ artifact.certify — accuracy pillar (s170 m02) > 'unchecked' (nothing to grade) does NOT pull the rollup — only 'fail' and 'ungradeable' do (s175 m04 closed #781)  572ms
   ✓ artifact.certify — accuracy pillar (s170 m02) > HASH IDENTITY: evaluating the accuracy pillar does not move contentHash  305ms
 ✓ |core| packages/mcp-server/test/compose/design-compose.spec.ts (48 tests) 2881ms
   ✓ design.compose — core contracts > handler is callable  780ms
 ✓ |core| tests/validation/error-context-enrichment.test.ts (16 tests) 83ms
 ✓ |core| packages/mcp-server/test/codegen/react-emitter.spec.ts (34 tests) 169ms
 ✓ |core| packages/mcp-server/test/contracts/catalog.list.spec.ts (30 tests) 11570ms
   ✓ catalog.list > should allow explicit full detail without default pagination  956ms
   ✓ catalog.list > should filter by category  479ms
   ✓ catalog.list > includes filteredCount in stats when filters are active  1070ms
   ✓ catalog.list > should filter by trait  992ms
   ✓ catalog.list > suggests traits when a trait filter returns zero results  2135ms
   ✓ catalog.list > should filter by context  1241ms
   ✓ catalog.list > should return totalCount matching filtered results  690ms
   ✓ catalog.list > deduplicates trait names per component  545ms
   ✓ catalog.list > filters by status=stable  815ms
   ✓ catalog.list > keeps the legacy status census scoped to the 98 mapped / 11 fallback HTML surface  1263ms
 ✓ |core| tests/integration/network-flow-full.test.ts (21 tests) 441ms
 ✓ |core| tests/viz/adapters/echarts/sankey-adapter.test.ts (43 tests) 49ms
 ✓ |core| tests/viz/mark-options-schema-validity-s167.test.ts (49 tests) 19034ms
   ✓ s168 m02 — allowlist + translation table (FF#22 corrective) > every committed mark-bearing fixture emits schema-valid mark defs  15982ms
   ✓ s177 m06 — whole-spec fixture validity reconciliation > leaves zero unannotated whole-spec failures across the exact 42-fixture corpus  2422ms
 ✓ |core| tests/schemas/spatial-spec.test.ts (24 tests) 808ms
 ✓ |core| packages/mcp-server/test/compose/templates.spec.ts (68 tests) 341ms
 ✓ |core| tests/core/dependency-graph.test.ts (40 tests) 45ms
 ✓ |core| packages/mcp-server/test/codegen/vue-emitter.spec.ts (29 tests) 187ms
 ✓ |core| packages/mcp-server/test/e2e/action-mappings.e2e.spec.ts (12 tests | 9 skipped) 965ms
   ✓ E2E — Stage1 BridgeSummary → pipeline → design.compose > reconciles synthetic lifecycle action_mappings against composed Subscription  820ms
 ✓ |core| tests/dashboard/network-cross-filter.test.ts (36 tests) 144ms
 ✓ |core| tests/codegen/code-generate.contract.test.ts (24 tests) 360ms
 ✓ |core| tests/tokens/mobile-output.test.ts (25 tests) 744ms
 ✓ |core| packages/mcp-server/test/product-reality/contract-resolution.s184.spec.ts (9 tests) 4867ms
   ✓ Sprint 184 m03 contract-resolution closeout > keeps all three saved-schema operands byte-exact and absent from the sprint diff  395ms
   ✓ Sprint 184 m03 contract-resolution closeout > preserves the historical readiness manifests while every current nucleus ref resolves  4154ms
 ✓ |core| packages/mcp-server/test/compose/viz-compose.spec.ts (53 tests) 296ms
 ✓ |core| packages/mcp-server/test/product-reality/b2-legacy-inputs.s184.spec.ts (7 tests) 5076ms
   ✓ Sprint 184 m07 B2 legacy-input compatibility disclosure > remeasures the unchanged Product/detail 'html' operand after the producer repair  1707ms
   ✓ Sprint 184 m07 B2 legacy-input compatibility disclosure > remeasures the unchanged Product/detail 'react' operand after the producer repair  674ms
   ✓ Sprint 184 m07 B2 legacy-input compatibility disclosure > binds all 13 retained repoints to a source selector and a non-empty reason  1867ms
   ✓ Sprint 184 m07 B2 legacy-input compatibility disclosure > binds historical B2 outcomes to their base replay and current remeasurement without changing operands  330ms
 ✓ |core| tests/tokens/bridged-slot-specificity-census.test.ts (5 tests) 395ms
 ✓ |core| tests/generators/composer.test.ts (24 tests) 7ms
 ✓ |core| tests/core/compositor.test.ts (21 tests) 100ms
stdout | tests/tokens/brand-root-and-containment.test.ts > s168 m06 — :root value audit + the two discriminating brand-axis oracles > (d) every non-base cell genuinely differs from :root — the blocks are not no-ops
A/base: 0/44 differ from :root
A/dark: 43/44 differ from :root
A/hc: 44/44 differ from :root
B/base: 0/44 differ from :root
B/dark: 44/44 differ from :root
B/hc: 44/44 differ from :root

 ✓ |core| tests/tokens/brand-root-and-containment.test.ts (9 tests) 302ms
 ✓ |core| packages/mcp-server/test/compose/component-selector.spec.ts (56 tests) 1031ms
 ✓ |core| packages/mcp-server/test/tools/artifact.certify.echarts-determinism.spec.ts (45 tests) 14410ms
   ✓ artifact.certify — live cross-tool contentHash parity, same (spec, data) (s172 m02) > treemap: certify.determinism.contentHash === viz.render.contentHash  5497ms
   ✓ artifact.certify — live cross-tool contentHash parity, same (spec, data) (s172 m02) > force_graph: certify.determinism.contentHash === viz.render.contentHash  1379ms
   ✓ artifact.certify — live cross-tool contentHash parity, same (spec, data) (s172 m02) > choropleth: certify.determinism.contentHash === viz.render.contentHash  304ms
   ✓ artifact.certify — live cross-tool contentHash parity, same (spec, data) (s172 m02) > bubble_map: certify.determinism.contentHash === viz.render.contentHash  457ms
   ✓ artifact.certify — live cross-tool contentHash parity, same (spec, data) (s172 m02) > flow_map: certify.determinism.contentHash === viz.render.contentHash  509ms
   ✓ artifact.certify — the render-backed determinism note scopes the claim (s179 m05) > retires the option-only force-physics caveat now that force participates in the rendered proof  563ms
   ✓ artifact.certify — the cartesian determinism path is untouched (s172 m02) > a cartesian IR still proves determinism through the Vega-Lite compile, with no operand involved  3306ms
 ✓ |core| packages/mcp-server/test/codegen/prop-binding.spec.ts (33 tests) 183ms
 ↓ |core| packages/mcp-server/test/e2e/stage1-rollups.e2e.spec.ts (7 tests | 7 skipped)
 ✓ |core| packages/mcp-server/test/e2e/a2ui-runtime-q3.e2e.spec.ts (98 tests) 1259ms
 ✓ |core| packages/mcp-adapter/sanitize-schema.test.js (27 tests) 48ms
 ✓ |core| tests/codegen/react-emitter.test.ts (26 tests) 827ms
   ✓ react-emitter > maps UiElement.props to JSX attributes  647ms
 ✓ |core| packages/mcp-server/test/sprint68-behavioral-traits.spec.ts (62 tests) 13300ms
   ✓ list layout behavioral trait integration > Product with behavioral traits places SearchInput in search slot  964ms
   ✓ list layout behavioral trait integration > Product with behavioral traits places FilterPanel in filters slot  715ms
   ✓ list layout behavioral trait integration > Product with behavioral traits places PaginationBar in pagination slot  374ms
   ✓ list layout behavioral trait integration > objectUsed includes behavioral traits  434ms
   ✓ list layout behavioral trait integration > view_extension collector returns behavioral entries for list context  311ms
   ✓ backward compatibility > Transaction (no behavioral traits) composes list layout without errors  1022ms
   ✓ backward compatibility > Transaction search slot now benefits from generic SearchInput ranking  1242ms
   ✓ backward compatibility > compose without object still works  2258ms
   ✓ maturity surfacing > object_show returns maturity for beta objects  482ms
   ✓ maturity surfacing > object_show returns null maturity when not set  800ms
   ✓ maturity surfacing > design_compose warns for beta object maturity  901ms
   ✓ maturity surfacing > design_compose does not warn for stable objects  480ms
   ✓ maturity surfacing > design_compose meta.warnings includes maturity message for beta objects  654ms
   ✓ maturity surfacing > design_compose does not add meta.warnings for objects without maturity issues  349ms
 ✓ |core| tests/viz/adapters/echarts/sankey-adapter-edge-cases.test.ts (21 tests) 155ms
 ✓ |core| packages/mcp-server/test/compose/object-aware-compose.spec.ts (26 tests) 3146ms
   ✓ object-aware compose — trait-driven components > Subscription detail produces objectUsed with traits and fields  2085ms
 ✓ |core| tests/tokens/brand-semantic-bridge.test.ts (14 tests) 502ms
 ✓ |core| packages/mcp-server/test/contracts/registry-v14-roundtrip.spec.ts (13 tests) 1103ms
   ✓ G3 — round-trip preserves all 4 v1.4.0 fields losslessly > dry-run (apply=false) does NOT write top-level arrays  421ms
 ✓ |core| packages/mcp-server/test/compose/intent-object-resolver.spec.ts (38 tests) 2706ms
   ✓ design.compose — hybrid mode (intent + object) > intent drives layout, object drives objectUsed  944ms
 ✓ |core| tests/viz/adapters/echarts/graph-adapter.test.ts (35 tests) 197ms
 ✓ |core| packages/mcp-server/test/product-reality/readiness-ref-enforcement.s184.spec.ts (21 tests) 5734ms
   ✓ s184-m02 readiness reference enforcement > independently verifies the derived nucleus readiness-ref inventory  2622ms
   ✓ s184-m02 readiness reference enforcement > resolves each row once when an evidence view is constructed  375ms
   ✓ s184-m02 readiness reference enforcement > rejects a truthy appended row whose physical export does not exist  442ms
   ✓ s184-m02 readiness reference enforcement > makes exactly Badge red and leaves the other 13 react generations green when its export vanishes  803ms
   ✓ s184-m02 readiness reference enforcement > makes exactly Badge red and leaves the other 13 vue generations green when its export vanishes  376ms
   ✓ s184-m02 readiness reference enforcement > runs the complete frozen 14-family vue showcase through build  316ms
 ✓ |core| tests/codegen/vue-emitter.test.ts (31 tests) 286ms
 ✓ |core| tests/verification/closeout-checklist.contract.test.ts (8 tests) 99ms
 ✓ |core| tests/accounts/metadata-policy.spec.ts (23 tests) 231ms
 ✓ |core| packages/mcp-server/test/tools/artifact.certify.echarts-a11y-warnfirst.spec.ts (88 tests) 40053ms
   ✓ artifact.certify — a11y-equivalence WARN-FIRST on the ECharts-primary path (s174 m01) > treemap: WITH the operand, findings[] carries exactly the matrix-derived a11y set at native severity  5611ms
   ✓ artifact.certify — a11y-equivalence WARN-FIRST on the ECharts-primary path (s174 m01) > force_graph: WITH the operand, findings[] carries exactly the matrix-derived a11y set at native severity  493ms
   ✓ artifact.certify — a11y-equivalence WARN-FIRST on the ECharts-primary path (s174 m01) > choropleth: WITH the operand, findings[] carries exactly the matrix-derived a11y set at native severity  936ms
   ✓ artifact.certify — a11y-equivalence WARN-FIRST on the ECharts-primary path (s174 m01) > bubble_map: WITH the operand, findings[] carries exactly the matrix-derived a11y set at native severity  302ms
   ✓ artifact.certify — a11y-equivalence WARN-FIRST on the ECharts-primary path (s174 m01) > force_graph: the PILLAR does not move — a11yEquivalence stays unchecked, conformant stays null, coverage stays uncertified  601ms
   ✓ artifact.certify — a11y-equivalence WARN-FIRST on the ECharts-primary path (s174 m01) > choropleth: the PILLAR does not move — a11yEquivalence stays unchecked, conformant stays null, coverage stays uncertified  307ms
   ✓ artifact.certify — warn-first is a READER (s174 m01) > the CARTESIAN path is untouched: a11yEquivalence still carries a real pass/fail verdict there  3917ms
   ✓ artifact.certify — the NOT-APPLICABLE channel, a11yNotApplicable[] (s175 m03) > force_graph: R-14 FIRES on the certify fixture, so it is in findings[] and NOT in the channel (the fixture decides, not the matrix)  638ms
   ✓ artifact.certify — the NOT-APPLICABLE channel, a11yNotApplicable[] (s175 m03) > sankey: the terse IR reports the SAME NA set — the preconditions are structural, not prose  416ms
   ✓ artifact.certify — the NOT-APPLICABLE channel, a11yNotApplicable[] (s175 m03) > sunburst: WITHOUT the operand the key is ABSENT — not [], absent  856ms
   ✓ artifact.certify — the NOT-APPLICABLE channel, a11yNotApplicable[] (s175 m03) > the CARTESIAN path has no key either (decision 8: cartesian NA exposure is out of scope)  2207ms
   ✓ artifact.certify — the NOT-APPLICABLE channel, a11yNotApplicable[] (s175 m03) > when the engine THROWS the key is ABSENT (the partial list is discarded) and the note says so  15950ms
   ✓ artifact.certify — the NOT-APPLICABLE channel, a11yNotApplicable[] (s175 m03) > the schema CONSTRAINS the channel: an entry with an extra key or an empty precondition is rejected  1150ms
 ✓ |core| tests/compliance/rbac.spec.ts (11 tests) 100ms
 ✓ |core| packages/mcp-server/test/contracts/schema.contract.spec.ts (24 tests) 240ms
 ✓ |core| tests/e2e/network-dashboard.test.ts (14 tests) 41ms
 ✓ |core| packages/mcp-server/test/product-reality/parity.s185.spec.ts (57 tests) 3050ms
   ✓ Sprint 185 computed React/Vue SSR parity > compares 'ArchiveSummary' SSR with omitSlot=false  301ms
 ✓ |core| packages/mcp-server/test/e2e/review-q3.e2e.spec.ts (62 tests) 1262ms
 ✓ |core| tests/tokens-governance/token-map-and-diff.test.ts (14 tests) 57ms
 ✓ |core| packages/mcp-server/test/product-reality/consumer-contract.s185.spec.ts (19 tests) 2217ms
   ✓ Sprint 185 saved-schema consumer contract > fills every real Plan/User field with a type-compatible shape and retains established Subscription values  665ms
   ✓ Sprint 185 saved-schema consumer contract > rejects a component omitted from both SSR and mounted HTML using obligations retained from generated source  1329ms
 ✓ |core| packages/mcp-server/test/tools/artifact.certify.spec-only-bytes.spec.ts (32 tests) 8685ms
   ✓ artifact.certify — {spec}-only byte compatibility, cartesian half (baseline 85004fe) > MarkBar: the {spec}-only response moves only by the declared set vs pristine HEAD 85004fe  5736ms
   ✓ artifact.certify — {spec}-only byte compatibility, cartesian half (baseline 85004fe) > MarkRect: the {spec}-only response moves only by the declared set vs pristine HEAD 85004fe  668ms
   ✓ artifact.certify — {spec}-only byte compatibility, ECharts half (baseline 85004fe) > MarkTreemap: every key EXCEPT notes[] and contrastNote is byte-identical to pristine HEAD 85004fe  316ms
 ✓ |core| tests/parsers/object-parser.test.ts (13 tests) 165ms
 ✓ |core| tests/time/temporal-hygiene.spec.ts (34 tests) 297ms
 ✓ |core| tests/compliance/integration.spec.ts (7 tests) 136ms
 ✓ |core| tests/generators/type-generator.test.ts (26 tests) 23ms
 ✓ |core| packages/mcp-server/test/tools/artifact.certify.data-operand.spec.ts (33 tests) 7172ms
   ✓ artifact.certify — the operand is validated by the RENDER path validators (s172 m01) > MarkTreemap: a VALID operand is accepted (status ok, schema-valid)  6136ms
 ✓ |core| packages/mcp-server/test/render/renderer-edge-cases.spec.ts (25 tests) 59ms
 ✓ |core| packages/mcp-server/test/e2e/apply-summary-q3.e2e.spec.ts (94 tests) 338ms
 ✓ |core| tests/tokens/brand-theme-matrix.test.ts (10 tests) 11ms
 ✓ |core| tests/accounts/account-archetypes.spec.ts (12 tests) 13ms
 ✓ |core| tests/compose/compose-integration.contract.test.ts (44 tests) 1468ms
 ✓ |core| packages/mcp-server/test/compose/intent-synonyms.spec.ts (35 tests) 513ms
 ✓ |core| packages/mcp-server/test/tools/viz-a11y-equivalence-emission.spec.ts (14 tests) 247ms
 ✓ |core| tests/billing/usage-aggregate.spec.ts (16 tests) 81ms
 ✓ |core| tests/viz/spatial/geo-data-resolver.test.ts (15 tests) 68ms
 ✓ |core| packages/mcp-server/test/compose/design-compose-object.spec.ts (27 tests) 1457ms
   ✓ design.compose — object-aware path > accepts object param and returns objectUsed  556ms
 ✓ |core| tests/validation/boundary-conditions.test.ts (17 tests) 80ms
 ✓ |core| packages/mcp-server/test/e2e/boxes-arrows-q3.e2e.spec.ts (44 tests) 484ms
 ❯ |core| packages/mcp-server/test/e2e/object-codegen-pipeline.spec.ts (5 tests | 3 failed) 1599ms
   × E2E object codegen target readiness > keeps Subscription detail blocked only by the remaining unavailable component 995ms
     → expected { status: 'ok', …(8) } to deeply equal { status: 'error', …(8) }
   ✓ E2E object codegen target readiness > builds the fully ported Subscription list for both framework targets 90ms
   × E2E object codegen target readiness > keeps User detail composition/rendering, resolves its former readiness gaps, and reports the remaining composer contract defect 125ms
     → expected { status: 'ok', …(8) } to match object { status: 'error', …(5) }
(16 matching properties omitted from actual)
   × E2E object codegen target readiness > keeps objectSchema field metadata even when framework emission is blocked 164ms
     → expected { status: 'ok', …(8) } to deeply equal { status: 'error', …(8) }
   ✓ E2E object codegen target readiness > builds the unchanged intent-only dashboard through both root component packages 168ms
 ✓ |core| tests/tokens/breakpoint-keep-in-step.test.ts (15 tests) 1164ms
   ✓ breakpoint keep-in-step — the matcher (s173 m02, stage 1) > accepts every token value, in px or rem — so any of the five may be authored either way  741ms
 ✓ |core| tests/viz/adapters/echarts/graph-adapter-interaction.test.ts (24 tests) 126ms
 ✓ |core| packages/mcp-server/test/e2e/map-apply.test.ts (1 test) 380ms
   ✓ map.apply e2e > supports dry-run, apply, conflict artifacts, and idempotent re-apply on a 20-verdict report  371ms
 ✓ |core| tests/tools/stage1-dtcg-adapter.test.ts (11 tests) 408ms
   ✓ stage1-dtcg adapter — SD ingest (the tokens.build machinery accepts the output) > style-dictionary + tokens-studio preprocessor builds css/variables from the base set without error  352ms
 ✓ |core| packages/mcp-server/test/product-reality/breadth-export-cells.s186.spec.ts (46 tests) 640ms
 ✓ |core| packages/mcp-server/test/e2e/branded-mockup-q3.e2e.spec.ts (66 tests) 330ms
 ✓ |core| packages/mcp-server/test/tools/artifact.certify.echarts-accuracy.spec.ts (28 tests) 8544ms
   ✓ artifact.certify — the ECharts accuracy pillar is wired (s172 m03) > treemap: a clean operand yields no findings, and accuracy:pass EXACTLY when a rule actually ran  2995ms
   ✓ artifact.certify — the ECharts accuracy pillar is wired (s172 m03) > chord: a clean operand yields no findings, and accuracy:pass EXACTLY when a rule actually ran  404ms
   ✓ artifact.certify — the ECharts accuracy pillar is wired (s172 m03) > the two flavours of unchecked are DISTINGUISHABLE: no operand vs nothing offered  340ms
   ✓ artifact.certify — the cartesian accuracy path is untouched (s172 m03) > a cartesian IR still reports the FOUR cartesian rules, with the s170 summary shape  3011ms
 ✓ |core| tests/dashboard/network-widgets.test.ts (28 tests) 22ms
 ✓ |core| tests/validation/composition-validator.test.ts (6 tests) 114ms
 ✓ |core| tests/contracts/upstream-trait-sync.contract.test.ts (20 tests) 2549ms
   ✓ contract: Taggable v2 enriched params visible in catalog > catalog.list returns components with Taggable trait  1141ms
 ✓ |core| packages/mcp-server/test/tools/artifact.certify.geo-id-parity.spec.ts (26 tests) 4352ms
   ✓ geo identity parity — viz.render and artifact.certify emit the SAME option (s173 m01) > choropleth with id absent: the certify VERDICT agrees with the render hash (live, both handlers)  3713ms
 ❯ |core| tests/verification/how-forge-works.contract.test.ts (5 tests | 1 failed) 291ms
   ✓ how Forge works narrative truth > derives the registered tool counts and roster split from registry.json 4ms
   ✓ how Forge works narrative truth > names all four certification pillars, including accuracy 3ms
   ✓ how Forge works narrative truth > derives the published token, bridge, and brand-contrast counts 6ms
   ✓ how Forge works narrative truth > records that the narrative base has been tracked since 4f64bcf 2ms
   × how Forge works narrative truth > keeps Sprint-182 product-reality claims evidence-scoped and review-gated 274ms
     → expected '# Near Roadmap **Status:** ACTIVE — p…' to contain '`approvedRuntimeCensus` stops being n…'
 ❯ |core| packages/mcp-server/test/product-reality/saved-schema-compiler.s183.spec.ts (4 tests | 1 failed) 1910ms
   ✓ Sprint 183 M04 saved-schema compiler > keeps the immutable Sprint 183 baseline at its genuine 2 compiled and 30 typed-gap cells 12ms
   ✓ Sprint 183 M04 saved-schema compiler > measures current live readiness separately from the frozen Sprint 183 baseline 8ms
   ✓ Sprint 183 M04 saved-schema compiler > retains the archived complete artifacts and keeps the live exit-gate result deterministic 22ms
   × Sprint 183 M04 saved-schema compiler > turns a fallback-for-an-unready-component mutation red without changing the saved corpus 1335ms
     → expected [Function] to throw error matching /returned a generated artifact for un…/i but got 'react generation failed: [{"code":"OO…'
 ✓ |core| packages/mcp-server/test/product-reality/breadth-contracts.s185.spec.ts (45 tests) 262ms
 ✓ |core| packages/mcp-server/test/contracts/stage1-v14-stubs.spec.ts (4 tests) 144ms
 ✓ |core| packages/mcp-server/test/contracts/contract-alignment.spec.ts (20 tests) 1075ms
   ✓ pipeline — nested options aliases contract > handler reads styling from options when not at top level  534ms
 ✓ |core| packages/mcp-server/test/product-reality/review-carries.s185.spec.ts (14 tests) 3833ms
   ✓ Sprint 185 additive review carries preserve history and expose omitted axes > rederives 13 historical invocations and 14 axes from the record's comparisonFields  1998ms
   ✓ Sprint 185 additive review carries preserve history and expose omitted axes > keeps all referenced Sprint-183/184 artifact bytes at the completed m04 commit  1528ms
 ✓ |core| tests/cli/network-scaffold.test.ts (24 tests) 41ms
 ✓ |core| tests/governance-gates/state-assessment-tokens-red-paths.test.ts (11 tests) 5193ms
   ✓ runTokenGovernanceCheck — the red paths (s175 m02, C3) > U1 fail-closed: a supplied base ref the diff cannot satisfy → failClosed=true, RED, no report  1153ms
   ✓ runTokenGovernanceCheck — the red paths (s175 m02, C3) > U1 positive control: a supplied ref the diff satisfies → failClosed=false, both reports, measuredPrDelta=true  699ms
   ✓ runTokenGovernanceCheck — the red paths (s175 m02, C3) > U2 named SKIP, variant "nothing was diffed": no ref and no report → the SKIP note, measuredPrDelta=false  648ms
   ✓ runTokenGovernanceCheck — the red paths (s175 m02, C3) > U2 named SKIP, variant "measured NO PR DELTA": no ref but the tool fell back → the fell-back note naming the base  537ms
   ✓ runTokenGovernanceCheck — the red paths (s175 m02, C3) > discriminator: the SAME failing diff is fail-closed with a ref and a named skip without one — only env.TOKEN_GOV_BASE_REF differs  780ms
   ✓ runTokenGovernanceCheck — the red paths (s175 m02, C3) > the env seam is the injected context, not process.env (a stray TOKEN_GOV_BASE_REF in the parent cannot turn a skip into a fail-closed)  611ms
 ✓ |core| packages/mcp-server/test/codegen/responsive-tailwind.spec.ts (20 tests) 225ms
 ✓ |core| packages/mcp-server/test/contracts/error-observability.contract.spec.ts (19 tests) 708ms
 ✓ |core| tests/validation/error-code-coverage.test.ts (20 tests) 469ms
 ✓ |core| packages/mcp-server/test/codegen/styling-mode-coverage.spec.ts (54 tests) 12ms
stdout | tests/tenancy/isolated.spec.ts > Schema-Per-Tenant Isolation > Schema Isolation > should route queries to tenant-specific schema
[SchemaPerTenant] Using schema: tenant_tenant_alice

stdout | tests/tenancy/isolated.spec.ts > Schema-Per-Tenant Isolation > Schema Isolation > should route queries to tenant-specific schema
[SchemaPerTenant] Query in tenant_tenant_alice: SELECT * FROM subscriptions

stdout | tests/tenancy/isolated.spec.ts > Schema-Per-Tenant Isolation > Schema Isolation > should route queries to tenant-specific schema
[SchemaPerTenant] Using schema: tenant_tenant_bob

stdout | tests/tenancy/isolated.spec.ts > Schema-Per-Tenant Isolation > Schema Isolation > should route queries to tenant-specific schema
[SchemaPerTenant] Query in tenant_tenant_bob: SELECT * FROM subscriptions

stdout | tests/tenancy/isolated.spec.ts > Schema-Per-Tenant Isolation > Schema Isolation > should prevent cross-schema data access
[SchemaPerTenant] Using schema: tenant_tenant_alice

stdout | tests/tenancy/isolated.spec.ts > Schema-Per-Tenant Isolation > Schema Isolation > should prevent cross-schema data access
[SchemaPerTenant] Query in tenant_tenant_alice: SELECT * FROM subscriptions

stdout | tests/tenancy/isolated.spec.ts > Schema-Per-Tenant Isolation > Transaction Isolation > should maintain schema context across transaction
[SchemaPerTenant] Using schema: tenant_tenant_alice

stdout | tests/tenancy/isolated.spec.ts > Schema-Per-Tenant Isolation > Transaction Isolation > should maintain schema context across transaction
[SchemaPerTenant] BEGIN in tenant_tenant_alice

stdout | tests/tenancy/isolated.spec.ts > Schema-Per-Tenant Isolation > Transaction Isolation > should maintain schema context across transaction
[SchemaPerTenant] Execute in tenant_tenant_alice: INSERT INTO subscriptions (id, status) VALUES (?, ?)

stdout | tests/tenancy/isolated.spec.ts > Schema-Per-Tenant Isolation > Transaction Isolation > should maintain schema context across transaction
[SchemaPerTenant] COMMIT in tenant_tenant_alice

stdout | tests/tenancy/isolated.spec.ts > Schema-Per-Tenant Isolation > Transaction Isolation > should not leak data across schema transactions
[SchemaPerTenant] Using schema: tenant_tenant_alice

stdout | tests/tenancy/isolated.spec.ts > Schema-Per-Tenant Isolation > Transaction Isolation > should not leak data across schema transactions
[SchemaPerTenant] BEGIN in tenant_tenant_alice

stdout | tests/tenancy/isolated.spec.ts > Schema-Per-Tenant Isolation > Transaction Isolation > should not leak data across schema transactions
[SchemaPerTenant] Execute in tenant_tenant_alice: INSERT INTO subscriptions (id, status) VALUES (?, ?)

stdout | tests/tenancy/isolated.spec.ts > Schema-Per-Tenant Isolation > Transaction Isolation > should not leak data across schema transactions
[SchemaPerTenant] Using schema: tenant_tenant_bob

stdout | tests/tenancy/isolated.spec.ts > Schema-Per-Tenant Isolation > Transaction Isolation > should not leak data across schema transactions
[SchemaPerTenant] Query in tenant_tenant_bob: SELECT * FROM subscriptions

stdout | tests/tenancy/isolated.spec.ts > Schema-Per-Tenant Isolation > Concurrent Access > should handle multiple tenants querying simultaneously
[SchemaPerTenant] Using schema: tenant_tenant_alice
[SchemaPerTenant] Using schema: tenant_tenant_bob
[SchemaPerTenant] Using schema: tenant_tenant_charlie
[SchemaPerTenant] Query in tenant_tenant_alice: SELECT * FROM subscriptions
[SchemaPerTenant] Query in tenant_tenant_bob: SELECT * FROM subscriptions
[SchemaPerTenant] Query in tenant_tenant_charlie: SELECT * FROM subscriptions

stdout | tests/tenancy/isolated.spec.ts > Schema-Per-Tenant Isolation > Per-Tenant Migrations > should support independent schema versions
[SchemaPerTenant] Using schema: tenant_tenant_alice

stdout | tests/tenancy/isolated.spec.ts > Schema-Per-Tenant Isolation > Per-Tenant Migrations > should support independent schema versions
[SchemaPerTenant] Query in tenant_tenant_alice: SELECT * FROM subscriptions

stdout | tests/tenancy/isolated.spec.ts > Schema-Per-Tenant Isolation > Per-Tenant Migrations > should support independent schema versions
[SchemaPerTenant] Using schema: tenant_tenant_bob

stdout | tests/tenancy/isolated.spec.ts > Schema-Per-Tenant Isolation > Per-Tenant Migrations > should support independent schema versions
[SchemaPerTenant] Query in tenant_tenant_bob: SELECT * FROM subscriptions

 ✓ |core| tests/tenancy/isolated.spec.ts (10 tests) 104ms
 ✓ |core| packages/mcp-server/test/compose/selection-tree-bridge.spec.ts (9 tests) 785ms
   ✓ selection→tree bridge — detail view > Product detail: tree nodes are not all default placeholders  415ms
 ✓ |core| packages/mcp-server/test/compose/view-extension-collector.spec.ts (16 tests) 156ms
 ✓ |core| tests/services/billing/usage-invoice-builder.spec.ts (2 tests) 102ms
 ✓ |core| tests/styles/view-context-collapse.test.ts (13 tests) 42ms
 ✓ |core| packages/mcp-server/test/codegen/vue-reactivity.spec.ts (12 tests) 190ms
 ✓ |core| packages/mcp-server/test/e2e/wireframe-q3.e2e.spec.ts (40 tests) 238ms
 ✓ |core| tests/traits/viz/spatial/layered-overlay.test.ts (25 tests) 11ms
 ✓ |core| tests/governance-gates/enforce-preserves-build-inputs.test.ts (4 tests) 1278ms
   ✓ governance gates preserve the built tokens JSON (s175 m01, C1) > enforce.mjs leaves the stand-in tokens.json in place, passes, and never touches the real one  671ms
   ✓ governance gates preserve the built tokens JSON (s175 m01, C1) > triage.mjs (non --apply) leaves the stand-in tokens.json in place and completes  546ms
 ✓ |core| tests/database/communication-migrations.test.ts (4 tests) 1357ms
   ✓ Communication migrations > applies and rolls back migrations using pg-mem  1286ms
 ✓ |core| tests/integrations/billing/stripe.spec.ts (9 tests) 118ms
 ✓ |core| packages/mcp-server/test/contracts/versioning.spec.ts (22 tests) 465ms
 ✓ |core| tests/tokens/viz-map.test.ts (20 tests) 21ms
 ✓ |core| packages/mcp-server/test/e2e/review-resolve-q3.e2e.spec.ts (25 tests) 236ms
 ✓ |core| tests/viz/spatial/geo-format-parser.test.ts (22 tests) 34ms
 ✓ |core| packages/mcp-server/test/e2e/a2ui-image-q3.e2e.spec.ts (24 tests) 448ms
 ✓ |core| packages/mcp-server/test/tools/echarts-role-a-assignment.s179.spec.ts (14 tests) 345ms
 ✓ |core| packages/mcp-server/test/tools/artifact.certify.echarts-render-grading.s179.spec.ts (13 tests) 5092ms
   ✓ artifact.certify — operand-backed ECharts render grading (s179 m05) > 'treemap': keeps option identity and adds a stable first-render hash  4062ms
 ✓ |core| packages/mcp-server/test/tools/artifact.certify.echarts-s179-baseline.spec.ts (10 tests) 4364ms
   ✓ artifact.certify — s179 operand-backed baseline at 1be93f8 > treemap: projected option hash, render hash, and the bounded full-response delta stay pinned  3768ms
 ✓ |core| tests/components/stepper.test.tsx (19 tests) 64ms
 ✓ |core| packages/mcp-server/test/product-reality/fresh-composition.s187.spec.ts (29 tests) 73885ms
   ✓ Sprint 187 fresh composition binding intent > Article/detail preserves its fields and generates in both frameworks  786ms
   ✓ Sprint 187 fresh composition binding intent > Product/detail preserves its fields and generates in both frameworks  418ms
   ✓ Sprint 187 fresh composition binding intent > Subscription/inline preserves its fields and generates in both frameworks  457ms
   ✓ Sprint 187 fresh composition binding intent > Transaction/timeline preserves its fields and generates in both frameworks  372ms
   ✓ Sprint 187 fresh composition binding intent > Organization/card preserves its ownership and tag data through both generators  482ms
   ✓ Sprint 187 fresh composition binding intent > Subscription/detail preserves lifecycle data and disclosed directives  435ms
   ✓ Sprint 187 fresh composition binding intent > Subscription/form preserves lifecycle data and disclosed directives  1013ms
   ✓ Sprint 187 fresh composition binding intent > Subscription/card preserves lifecycle data and disclosed directives  330ms
   ✓ Sprint 187 fresh composition binding intent > renders real typed zero/nonzero and false/true in generated react  43458ms
   ✓ Sprint 187 fresh composition binding intent > renders real typed zero/nonzero and false/true in generated vue  24264ms
   ✓ Sprint 187 fresh composition binding intent > retains authentic fresh schemas and artifact provenance without touching a saved store  302ms
 ✓ |core| packages/mcp-server/test/e2e/conflict-detail-q3.e2e.spec.ts (83 tests) 156ms
 ✓ |core| packages/mcp-server/test/render/confidence-affordance.spec.ts (15 tests) 18ms
 ✓ |core| packages/mcp-server/test/contracts/registry-gaps.contract.spec.ts (10 tests) 25ms
 ✓ |core| tests/tokens/collision-guard.test.ts (6 tests) 717ms
 ✓ |core| packages/mcp-server/test/scale/viz-determinism.spec.ts (42 tests) 400ms
 ✓ |core| packages/mcp-server/test/product-reality/m06-evidence-controls.s184.spec.ts (6 tests) 511ms
 ✓ |core| packages/mcp-server/test/tools/dashboard-a11y-equivalence-emission.spec.ts (9 tests) 139ms
 ✓ |core| packages/mcp-server/test/product-reality/nucleus-pins.s185.spec.ts (5 tests) 601ms
   ✓ Sprint 185 m01 — every live nucleus pin derives from NUCLEUS_COMPONENT_IDS (#1725) > no live test or script compares nucleus membership to a literal count  365ms
 ✓ |core| tests/services/classification/hybrid-term-adapter.spec.ts (2 tests) 149ms
 ✓ |core| packages/mcp-server/test/e2e/review-queue-q3.e2e.spec.ts (66 tests) 158ms
 ❯ |core| tests/verification/s177-prose-carriers.contract.test.ts (6 tests | 1 failed) 128ms
   ✓ Sprint 177 prose truth carriers > documents the caller-owned wrapper required by brand-relative presets 3ms
   ✓ Sprint 177 prose truth carriers > routes token-helper consumers through the public viz-core export 1ms
   ✓ Sprint 177 prose truth carriers > records the shipped BUILD_STALE fix without reviving its workaround 1ms
   × Sprint 177 prose truth carriers > keeps current roadmap authority separate from frozen history and sibling execution 115ms
     → expected '# Near Roadmap\n\n**Status:** ACTIVE …' to contain '**Status:** ACTIVE — program decision…'
   ✓ Sprint 177 prose truth carriers > closes the historical Sprint 41 plan header 2ms
   ✓ Sprint 177 prose truth carriers > keeps the open-arcs ledger aligned with the atomic Viz flagship closure 5ms
stdout | tests/tenancy/shared.spec.ts > Shared-Schema Tenancy > Tenant Isolation > should isolate queries to current tenant
[SharedSchema] Query for tenant tenant-alice: SELECT * FROM subscriptions WHERE tenant_id = 'tenant-alice'

stdout | tests/tenancy/shared.spec.ts > Shared-Schema Tenancy > Tenant Isolation > should isolate queries to current tenant
[SharedSchema] Query for tenant tenant-bob: SELECT * FROM subscriptions WHERE tenant_id = 'tenant-bob'

stdout | tests/tenancy/shared.spec.ts > Shared-Schema Tenancy > Tenant Isolation > should prevent cross-tenant data access
[SharedSchema] Query for tenant tenant-alice: SELECT * FROM subscriptions WHERE tenant_id = 'tenant-alice'

stdout | tests/tenancy/shared.spec.ts > Shared-Schema Tenancy > Transaction Isolation > should maintain tenant context across transaction
[SharedSchema] BEGIN for tenant tenant-alice

stdout | tests/tenancy/shared.spec.ts > Shared-Schema Tenancy > Transaction Isolation > should maintain tenant context across transaction
[SharedSchema] Execute for tenant tenant-alice: INSERT INTO subscriptions (id, status) VALUES (?, ?)

stdout | tests/tenancy/shared.spec.ts > Shared-Schema Tenancy > Transaction Isolation > should maintain tenant context across transaction
[SharedSchema] COMMIT for tenant tenant-alice

stdout | tests/tenancy/shared.spec.ts > Shared-Schema Tenancy > Transaction Isolation > should restore context after rollback
[SharedSchema] BEGIN for tenant tenant-bob

stdout | tests/tenancy/shared.spec.ts > Shared-Schema Tenancy > Transaction Isolation > should restore context after rollback
[SharedSchema] Execute for tenant tenant-bob: INSERT INTO subscriptions (id, status) VALUES (?, ?)

stdout | tests/tenancy/shared.spec.ts > Shared-Schema Tenancy > Transaction Isolation > should restore context after rollback
[SharedSchema] ROLLBACK for tenant tenant-bob

 ✓ |core| tests/tenancy/shared.spec.ts (11 tests) 16ms
 ✓ |core| packages/mcp-server/test/contracts/upstream-trait-sync.contract.spec.ts (10 tests) 547ms
 ✓ |core| tests/e2e/code-generate.test.ts (7 tests) 250ms
 ✓ |core| tests/viz/spatial/geo-data-joiner.test.ts (13 tests) 10ms
 ❯ |core| packages/mcp-server/test/product-reality/recipe-header-fields.s185.spec.ts (19 tests | 2 failed) 1698ms
   ✓ Sprint 185 legacy CardHeader recipe fields retain their data meaning > retains the original Labelled trait directives in the Product/card producer 157ms
   ✓ Sprint 185 legacy CardHeader recipe fields retain their data meaning > restores the unchanged Product/card/HTML release carrier to its missing-evidence boundary 30ms
   × Sprint 185 legacy CardHeader recipe fields retain their data meaning > keeps the remaining Product/card react gap on unported PriceCardMeta 36ms
     → expected undefined to deeply equal { step: 'codegen', …(2) }
   × Sprint 185 legacy CardHeader recipe fields retain their data meaning > keeps the remaining Product/card vue gap on unported PriceCardMeta 52ms
     → expected undefined to deeply equal { step: 'codegen', …(2) }
   ✓ Sprint 185 legacy CardHeader recipe fields retain their data meaning > react compiles and server-renders actual object data through existing header props  524ms
   ✓ Sprint 185 legacy CardHeader recipe fields retain their data meaning > vue compiles and server-renders actual object data through existing header props  698ms
   ✓ Sprint 185 legacy CardHeader recipe fields retain their data meaning > HTML visibly identifies both fields using its existing placeholder convention 68ms
   ✓ Sprint 185 legacy CardHeader recipe fields retain their data meaning > react preserves explicit runtime title/supporting before recipe directives 18ms
   ✓ Sprint 185 legacy CardHeader recipe fields retain their data meaning > vue preserves explicit runtime title/supporting before recipe directives 37ms
   ✓ Sprint 185 legacy CardHeader recipe fields retain their data meaning > html preserves explicit runtime title/supporting before recipe directives 25ms
   ✓ Sprint 185 legacy CardHeader recipe fields retain their data meaning > react keeps generic scalar field content ahead of title aliases and retains supporting data 10ms
   ✓ Sprint 185 legacy CardHeader recipe fields retain their data meaning > vue keeps generic scalar field content ahead of title aliases and retains supporting data 25ms
   ✓ Sprint 185 legacy CardHeader recipe fields retain their data meaning > html keeps generic scalar field content ahead of title aliases and retains supporting data 5ms
   ✓ Sprint 185 legacy CardHeader recipe fields retain their data meaning > react rejects unknown, inherited, non-string and malformed titleField fields 5ms
   ✓ Sprint 185 legacy CardHeader recipe fields retain their data meaning > react rejects unknown, inherited, non-string and malformed supportingField fields 2ms
   ✓ Sprint 185 legacy CardHeader recipe fields retain their data meaning > vue rejects unknown, inherited, non-string and malformed titleField fields 1ms
   ✓ Sprint 185 legacy CardHeader recipe fields retain their data meaning > vue rejects unknown, inherited, non-string and malformed supportingField fields 1ms
   ✓ Sprint 185 legacy CardHeader recipe fields retain their data meaning > html rejects unknown, inherited, non-string and malformed titleField fields 1ms
   ✓ Sprint 185 legacy CardHeader recipe fields retain their data meaning > html rejects unknown, inherited, non-string and malformed supportingField fields 0ms
 ✓ |core| tests/services/classification/ltree-query-service.spec.ts (4 tests) 245ms
 ✓ |core| packages/mcp-server/test/contracts/s90-registration-audit.spec.ts (35 tests) 99ms
 ✓ |core| packages/mcp-server/test/product-reality/reconnect.s185.spec.ts (11 tests) 1192ms
   ✓ Combined reconnect requires real unique deliveries of the exact reviewed requests > prepares the 23 new families separately from the eight root promotions and names the alias horizon without sending  1185ms
 ✓ |core| packages/mcp-server/test/compose/slot-content-distributor.spec.ts (7 tests) 434ms
   ✓ slot content distribution — compose integration > Product detail with many fields: expanded tabs have varied components  335ms
 ✓ |core| packages/mcp-server/test/product-reality/m06-evidence.s184.spec.ts (4 tests) 678ms
   ✓ Sprint 184 m06 retained live workflow evidence > covers every retained file with checksums and every raw log with the tracked-log audit  508ms
 ✓ |core| tests/compliance/audit-log.spec.ts (15 tests) 58ms
 ✓ |core| packages/mcp-server/test/contracts/fragment-anchor-contract.spec.ts (3 tests) 691ms
   ✓ fragment-anchor contract: data-oods-label durable, data-oods-node-id best-effort > is deterministic — identical input yields identical label->node-id map  379ms
 ✓ |core| packages/mcp-server/test/e2e/mapping-versioning.e2e.spec.ts (3 tests) 3309ms
   ✓ mapping + versioning bridge E2E > map.create → map.list → map.resolve round-trip via bridge (multi-system)  2120ms
 ✓ |core| packages/mcp-server/test/contracts/registry-snapshot.spec.ts (5 tests) 1707ms
   ✓ registry.snapshot handler > benchmarks the snapshot p99 within a relative warmup budget at 100, 500, and 1000 mappings  1568ms
 ✓ |core| tests/traits/viz/spatial/spatial-composition.test.ts (15 tests) 18ms
 ✓ |core| packages/mcp-server/test/product-reality/history-pins.s185.spec.ts (13 tests) 1045ms
 ✓ |core| tests/components/progress.test.tsx (18 tests) 65ms
 ✓ |core| packages/mcp-server/test/objects/trait-composer.spec.ts (14 tests) 593ms
 ✓ |core| packages/mcp-server/test/presets/brand-presets.spec.ts (29 tests) 10ms
 ✓ |core| packages/mcp-server/test/compose/label-generator.spec.ts (13 tests) 200ms
 ✓ |core| tests/traits/viz/spatial/has-projection.test.ts (19 tests) 11ms
 ✓ |core| packages/mcp-server/test/tools/certify-echarts-role-c.spec.ts (16 tests) 1954ms
   ✓ ECharts Role-C structural paint extraction > 'treemap': extracts only visible chart carriers from the exact served option  1664ms
 ✓ |core| packages/mcp-server/test/compose/wire-field-props.spec.ts (10 tests) 26ms
 ✓ |core| tests/registry/resolver.test.ts (5 tests) 89ms
 ✓ |core| tests/integrations/billing/chargebee.spec.ts (7 tests) 130ms
 ✓ |core| packages/mcp-server/test/product-reality/m04-controls.s185.spec.ts (13 tests) 926ms
   ✓ Sprint 185 m04 controls verify their intended failure boundary > react removes the complete DetailHeader body and preserves the other four implementations  465ms
 ✓ |core| packages/mcp-server/test/compose/token-injection.spec.ts (11 tests) 668ms
   ✓ code.generate — tokenOverrides > React emitter includes token override comments  473ms
 ✓ |core| tests/tokens/tailwind-screens.test.ts (7 tests) 163ms
 ✓ |core| packages/mcp-server/test/tools/certify-echarts-render-contrast.s179.spec.ts (13 tests) 2047ms
   ✓ ECharts rendered categorical contrast (s179 m04) > 'treemap': composes actual carriers with the family semantic assignment  1751ms
 ✓ |core| tests/integrations/billing/zuora.spec.ts (7 tests) 66ms
 ✓ |core| packages/mcp-server/test/product-reality/read-only-field-binding.s185.spec.ts (13 tests) 1248ms
   ✓ Sprint 185 measured read-only DetailHeader field subscription > 'react'/'inline'/typescript=false reads the writer state without creating a heading event (m02 readiness fixture)  489ms
 ✓ |core| tests/contexts/context-templates.test.tsx (16 tests) 34ms
 ✓ |core| packages/mcp-server/test/codegen/prop-destructuring.spec.ts (9 tests) 46ms
 ✓ |core| packages/mcp-server/test/e2e/registry-gaps.e2e.spec.ts (3 tests) 2072ms
   ✓ registry gaps e2e verification > Workbench S44 fixture with Grid + known components renders all fragments via bridge  1161ms
 ✓ |core| tests/parsers/yaml-parser.test.ts (12 tests) 23ms
 ✓ |core| packages/mcp-server/test/compose/confidence-scoring.spec.ts (12 tests) 439ms
 ✓ |core| tests/view/compositor/composeExtensions.test.ts (6 tests) 14ms
 ✓ |core| packages/mcp-server/test/tools/artifact.certify.unchecked-tristate.spec.ts (6 tests) 973ms
   ✓ artifact.certify — contrast tri-state: 'ungradeable' (tried and failed) vs 'unchecked' (nothing to grade) > poisoned canvas — grading was attempted on a colour-bearing unit and could not resolve the canvas > pillars.contrast is 'ungradeable' (not 'unchecked') on the certified path  777ms
 ✓ |core| tests/verification/s178-viz-twin-retirement.contract.test.ts (3 tests) 5328ms
   ✓ Sprint 178 viz twin retirement rung 1 > rejects external import/export/require/vi.mock references to retired paths  5309ms
 ✓ |core| tests/viz/echarts-interactions.test.ts (5 tests) 8ms
 ✓ |core| packages/mcp-server/test/product-reality/s183-m06-replay-r02.spec.ts (4 tests) 2916ms
   ✓ Sprint 183 M06 mutation replay and R-02 resolution > replays exactly four M05 patches plus the repaired M01b patch from committed baselines  2599ms
   ✓ Sprint 183 M06 mutation replay and R-02 resolution > replaces R-02 workspace-dist references with hashes for two tracked tarball declarations  305ms
 ✓ |core| tests/database/communication-seeds.test.ts (1 test) 440ms
   ✓ Communication seed scripts > populate canonical sample data and support downstream inserts  436ms
 ✓ |core| packages/mcp-server/test/schema-store/schema-store.spec.ts (6 tests) 169ms
 ✓ |core| tests/validation/pipeline.test.ts (7 tests) 164ms
 ✓ |core| tests/verification/agent-docs-registry.contract.test.ts (5 tests) 8ms
 ✓ |core| packages/mcp-server/test/contracts/security.model.spec.ts (17 tests) 47ms
 ✓ |core| packages/mcp-server/test/e2e/fragment-integration.e2e.spec.ts (9 tests) 3030ms
   ✓ fragment integration e2e > { name: 'dashboard', file: 'dashboard-page.ui-schema.json', minFragments: 3, minComponentCount: 15 } bridge transport returns fragment output equivalent to direct handler  1920ms
 ✓ |core| packages/mcp-server/test/tools/viz.render.bubble-symbolsize-s172.spec.ts (6 tests) 19ms
 ✓ |core| tests/governance-gates/tracked-report-hermeticity.test.ts (5 tests) 1323ms
   ✓ diagnostics.json check-mode policy > runs pkg:compat twice without moving diagnostics; explicit recording still works  1110ms
 ✓ |core| packages/mcp-server/test/compose/viz-auto-binding.spec.ts (10 tests) 113ms
 ✓ |core| packages/mcp-server/test/product-reality/evidence-retention.s184.spec.ts (10 tests) 485ms
 ✓ |core| packages/mcp-server/test/a2ui-host-conformance/host-conformance-emitter.spec.ts (32 tests) 11ms
 ✓ |core| tests/viz/vega-lite-adapter.test.ts (8 tests) 12ms
 ✓ |core| packages/mcp-server/test/product-reality/runnable-artifact.s183.spec.ts (28 tests) 801ms
 ✓ |core| tests/viz/spatial/geo-fetch.test.ts (9 tests) 144ms
 ✓ |core| packages/mcp-server/test/contracts/schema-pattern-anchoring.spec.ts (8 tests) 53ms
 ✓ |core| packages/mcp-server/test/product-reality/local-behavior-guards.s185.spec.ts (16 tests) 269ms
 ✓ |core| packages/mcp-server/test/contracts/s71-fixes.spec.ts (10 tests) 788ms
   ✓ Sprint 71 fixes > catalog.list availableCategories > returns same availableCategories regardless of filter  527ms
 ✓ |core| tests/governance-gates/storycap-lightdark-compare.test.ts (7 tests) 1769ms
   ✓ light/dark capture byte comparator > fails loudly when a carrier path is stale or absent  303ms
   ✓ light/dark capture byte comparator > makes the CLI nonzero for a stable-set byte difference  552ms
 ✓ |core| packages/mcp-server/test/objects/loaders.spec.ts (24 tests) 1340ms
   ✓ YAML loaders > trait-loader > clearTraitCache allows re-scan  303ms
 ✓ |core| packages/mcp-server/test/contracts/emitter-data-attr-parity.spec.ts (6 tests) 302ms
 ✓ |core| tests/registry/registry.test.ts (3 tests) 221ms
 ✓ |core| packages/mcp-server/test/tools/artifact.certify.render-determinism.spec.ts (5 tests) 4408ms
   ✓ artifact.certify — render-backed determinism (s176 m02) > a rendered-graded cartesian chart carries renderHash (64-hex), stable, conformant, schema-valid  1127ms
   ✓ artifact.certify — render-backed determinism (s176 m02) > ECharts {spec}-only has no determinism while a renderable operand carries the option and normalized-render hashes  2743ms
 ✓ |core| packages/mcp-server/test/product-reality/breadth-live-generation.s185.spec.ts (33 tests) 1059ms
 ✓ |core| packages/mcp-server/test/product-reality/public-head-equivalence.s185.spec.ts (11 tests) 12113ms
   ✓ Notice implementation heads retain actual public bytes across test-only corrections > Sprint 187 independently detects changed discovery bytes: packages/mcp-server/src/tools/catalog.list.ts  1462ms
   ✓ Notice implementation heads retain actual public bytes across test-only corrections > Sprint 187 independently detects changed discovery bytes: cmos/scripts/refresh_structured_data.py  1007ms
   ✓ Notice implementation heads retain actual public bytes across test-only corrections > Sprint 187 independently detects changed discovery bytes: artifacts/structured-data/manifest.json  767ms
   ✓ Notice implementation heads retain actual public bytes across test-only corrections > Sprint 187 independently detects changed discovery bytes: packages/component-contracts/registry/component-obligation-scope.v1.json  912ms
   ✓ Notice implementation heads retain actual public bytes across test-only corrections > excludes only declared test paths and discloses each excluded change  547ms
   ✓ Notice implementation heads retain actual public bytes across test-only corrections > retains changed runtime bytes even when the file roster is unchanged and tests also move  550ms
   ✓ Notice implementation heads retain actual public bytes across test-only corrections > does not mistake a runtime filename containing test text for a test  1035ms
   ✓ Notice implementation heads retain actual public bytes across test-only corrections > cannot hide a runtime removal by renaming its exact bytes to a test path  1348ms
   ✓ Notice implementation heads retain actual public bytes across test-only corrections > rejects reversed commit ancestry instead of claiming public equivalence  881ms
   ✓ Notice implementation heads retain actual public bytes across test-only corrections > Sprint 186 independently catches a changed composer operand: packages/mcp-server/src/compose/object-slot-filler.ts  1851ms
   ✓ Notice implementation heads retain actual public bytes across test-only corrections > Sprint 186 independently catches a changed composer operand: packages/mcp-server/src/tools/design.compose.ts  1751ms
 ✓ |core| packages/mcp-server/test/bridge/fragment-parity.spec.ts (1 test) 3774ms
   ✓ bridge fragment parity > supports fragment mode via bridge /run and matches direct MCP transport semantics  2954ms
 ✓ |core| packages/mcp-server/test/objects/object.show.spec.ts (14 tests) 1040ms
   ✓ object.show > output validates for all known objects  308ms
 ✓ |core| packages/mcp-server/test/tools/artifact.certify.ten-series-collision.spec.ts (4 tests) 1272ms
   ✓ artifact.certify — the §0 ten-series palette-recycling collision (RED-first, s176 m01) > a 10-series chart with four recycled series pairs must NOT certify conformant (RED at 4f64bcf)  971ms
 ✓ |core| packages/mcp-server/test/contracts/api-docs-generator.spec.ts (7 tests) 5003ms
   ✓ API reference generator > regeneration is idempotent  4928ms
 ✓ |core| packages/mcp-server/test/contracts/fragment-api.contract.spec.ts (5 tests) 25ms
 ✓ |core| packages/mcp-server/test/compose/form-field-differentiation.spec.ts (4 tests) 351ms
 ✓ |core| tests/verification/compositor.contract.test.ts (4 tests) 16ms
 ✓ |core| packages/mcp-server/test/tools/repl.render.compact.spec.ts (8 tests) 25ms
 ✓ |core| packages/mcp-server/test/objects/trait-loader.spec.ts (17 tests) 413ms
 ✓ |core| packages/mcp-server/test/tools/artifact.certify.accuracy-fault.spec.ts (3 tests) 747ms
   ✓ artifact.certify — certified-path accuracy engine fault (s170 review LOW carry) > an accuracy-engine throw degrades the pillar to 'ungradeable' with the offered-rules note; the verdict stays ok/certified and 'ungradeable' pulls conformant false (s175 m04, #781)  545ms
 ✓ |core| tests/compositor/composeExtensions.test.ts (4 tests) 25ms
 ❯ |core| packages/mcp-server/test/contracts/code.generate-golden.spec.ts (6 tests | 4 failed) 136ms
   ✓ code.generate golden readiness outcomes > matches the react golden readiness outcome for dashboard-page 54ms
   ✓ code.generate golden readiness outcomes > matches the vue golden readiness outcome for dashboard-page 20ms
   × code.generate golden readiness outcomes > matches the react golden readiness outcome for form-page 50ms
     → expected { status: 'ok', …(8) } to deeply equal { status: 'error', …(8) }
   × code.generate golden readiness outcomes > matches the vue golden readiness outcome for form-page 7ms
     → expected { Object (status, framework, ...) } to deeply equal { status: 'error', …(8) }
   × code.generate golden readiness outcomes > matches the react golden readiness outcome for detail-page 2ms
     → StatusTimeline should no longer contribute an OODS-N015 error: expected true to be false // Object.is equality
   × code.generate golden readiness outcomes > matches the vue golden readiness outcome for detail-page 1ms
     → StatusTimeline should no longer contribute an OODS-N015 error: expected true to be false // Object.is equality
 ✓ |core| tests/viz/adapters/spatial/vega-lite-spatial-adapter.test.ts (3 tests) 131ms
 ✓ |core| packages/mcp-server/test/contracts/brand.apply.cross-brand-delta.spec.ts (7 tests) 28ms
 ✓ |core| packages/mcp-server/test/compose/design-compose-actions.spec.ts (7 tests) 251ms
 ✓ |core| packages/mcp-server/test/product-reality/state-evidence.s184.spec.ts (2 tests) 27ms
 ✓ |core| packages/mcp-server/test/contracts/structuredData.fetch.spec.ts (11 tests) 106ms
 ✓ |core| packages/mcp-server/test/product-reality/evidence-accounting.s185.spec.ts (10 tests) 1398ms
   ✓ Sprint 185 evidence accounting preserves the actual proof denominator > independently rederives retained evidence without running builds, consumers, or mutations  1386ms
 ✓ |core| tests/governance-gates/state-assessment-exit.test.ts (2 tests) 2188ms
   ✓ state-assessment.mjs main() carries deriveProcessExit into the process exit (s175 m02) > a base ref the diff cannot satisfy → exit 1 and the FAIL-CLOSED line on stderr  1004ms
   ✓ state-assessment.mjs main() carries deriveProcessExit into the process exit (s175 m02) > a resolvable stub ref → exit 0, a GREEN overall status, both brand reports under the scratch root  1171ms
 ✓ |core| tests/domain/billing/state-set-convergence.spec.ts (7 tests) 59ms
 ✓ |core| tests/services/billing/event-ingestion.spec.ts (3 tests) 12ms
 ✓ |core| tests/system-protocols/semantic-protocol.test.ts (3 tests) 22ms
 ✓ |core| packages/mcp-server/test/tools/artifact.certify.contrast-fault.spec.ts (3 tests) 747ms
   ✓ artifact.certify — contrast engine fault degrades, never errors > disarmed control — both routes grade contrast:'pass' through the same import graph (the forced throw is the only difference)  702ms
 ✓ |core| packages/mcp-server/test/contracts/repl.e2e.integration.spec.ts (4 tests) 23ms
 ✓ |core| packages/mcp-server/test/product-reality/breadth-export-cells.s187.spec.ts (28 tests) 227ms
 ✓ |core| packages/mcp-server/test/product-reality/ported-mutation-matrix.s184.spec.ts (5 tests) 1420ms
 ✓ |core| tests/viz/echarts-adapter.test.ts (8 tests) 14ms
 ✓ |core| packages/mcp-server/test/contracts/object.show.spec.ts (12 tests) 542ms
 ✓ |core| tests/integration/universal-quintet-objects.integration.test.ts (6 tests) 307ms
 ✓ |core| tests/contracts/public-api.contract.test.ts (3 tests) 47ms
 ✓ |core| tests/viz/a11y-equivalence.test.ts (12 tests) 52ms
 ✓ |core| packages/mcp-server/test/contracts/brand.apply.rfc6902-wording.spec.ts (2 tests) 184ms
 ✓ |core| packages/mcp-server/test/contracts/pragmatic-role-ia.spec.ts (4 tests) 243ms
 ✓ |core| packages/mcp-server/test/compose/landing-template.spec.ts (10 tests) 886ms
   ✓ landing layout — intent detection (the page->detail collision fix) > "landing page" now routes to landing, not detail/Tabs  434ms
 ✓ |core| tests/traits/communication/delivery-service.test.ts (4 tests) 64ms
 ✓ |core| tests/tokens/brand-css-no-tie.test.ts (6 tests) 7ms
 ✓ |core| tests/integration/communicable-composition.test.ts (3 tests) 260ms
 ✓ |core| tests/components/RenderObject.test.tsx (3 tests) 25ms
 ✓ |core| packages/mcp-server/test/product-reality/sprint-wide-movers.s185.spec.ts (6 tests) 17545ms
   ✓ Sprint-wide accounting includes runtime behavior omitted by per-mission scopes > replays the actual Table omission without pretending the narrow canonical scope catches it  1454ms
   ✓ Sprint-wide accounting includes runtime behavior omitted by per-mission scopes > independently compares the exact canonical command and the public runtime supplement  1108ms
   ✓ Sprint-wide accounting includes runtime behavior omitted by per-mission scopes > turns a reproduced Table omission into a failing completed mover record  5706ms
   ✓ Sprint-wide accounting includes runtime behavior omitted by per-mission scopes > uses the locked Sprint 186 range once and rejects omissions without inheriting the old two-sprint ceremony  4282ms
   ✓ Sprint 187 discovery is part of the advertised public byte range > includes current scope, refresh exports and composer/lowering without inheriting two-sprint ranges  4987ms
 ✓ |core| packages/mcp-server/test/objects/object-loader.spec.ts (14 tests) 134ms
 ✓ |core| packages/mcp-server/test/contracts/object.schema.contract.spec.ts (11 tests) 577ms
 ✓ |core| packages/mcp-server/test/contracts/schema-ref.workflow.spec.ts (4 tests) 311ms
 ✓ |core| tests/integration/object-registry.test.ts (3 tests) 319ms
 ✓ |core| packages/mcp-server/test/contracts/object.list.spec.ts (13 tests) 166ms
 ✓ |core| tests/traits/classifiable/tag-governance.test.ts (3 tests) 91ms
 ✓ |core| tests/components/subscription.render-object.test.tsx (5 tests) 90ms
 ✓ |core| tests/traits/addressable/validation.test.ts (3 tests) 19ms
 ✓ |core| tests/governance-gates/enforce-report-floor.test.ts (6 tests) 125ms
 ✓ |core| packages/mcp-server/test/contracts/code.generate-parity.spec.ts (2 tests) 71ms
 ✓ |core| packages/mcp-server/test/render/fragment-errors.spec.ts (5 tests) 24ms
 ✓ |core| tests/integration/type-generation.test.ts (2 tests) 1974ms
   ✓ Object type generation integration > generates TypeScript definitions that are directly importable  1930ms
 ✓ |core| packages/mcp-server/test/contracts/schema.list-delete.spec.ts (2 tests) 130ms
 ✓ |core| tests/viz/adapters/spatial/echarts-spatial-adapter.test.ts (3 tests) 163ms
 ✓ |core| tests/engine/contributions.registry.spec.ts (3 tests) 20ms
 ✓ |core| tests/integration/communication-authable-integration.test.ts (1 test) 61ms
 ✓ |core| tests/tools/stage1-dtcg-cli-containment.test.ts (5 tests) 11077ms
   ✓ stage1-dtcg CLI --out containment (s169 m05) > the ORIGINAL escape is rejected with exit 2 and writes nothing outside --out  2079ms
   ✓ stage1-dtcg CLI --out containment (s169 m05) > rejects every ESCAPING --name shape, not just the one that was reported  4795ms
   ✓ stage1-dtcg CLI --out containment (s169 m05) > a LEADING SLASH is not an escape, and the guard correctly allows it  1535ms
   ✓ stage1-dtcg CLI --out containment (s169 m05) > a legitimate --name still writes all its files, in --out  1283ms
   ✓ stage1-dtcg CLI --out containment (s169 m05) > a --name that traverses but RESOLVES back inside --out is allowed  1376ms
 ✓ |core| packages/mcp-server/test/tools/dashboard-contrast-alpha-s170.spec.ts (7 tests) 5ms
 ✓ |core| tests/verification/purity.contract.test.ts (4 tests) 1785ms
   ✓ B3.3 — Purity Harness > enforces the oods/no-hooks-in-modifiers ESLint rule for modifier modules  1755ms
 ✓ |core| packages/mcp-server/test/tools/certify-echarts-projected-render-s179.spec.ts (2 tests) 172ms
 ✓ |core| packages/mcp-server/test/objects/object.list.spec.ts (10 tests) 153ms
 ✓ |core| packages/mcp-server/test/tools/repl.render.fragment.spec.ts (4 tests) 20ms
 ✓ |core| tests/registry/composition-integration.test.ts (1 test) 41ms
 ✓ |core| tests/traits/addressable/validation-lifecycle.test.ts (4 tests) 139ms
 ✓ |core| tests/traits/addressable.test.ts (6 tests) 188ms
 ✓ |core| packages/mcp-server/test/e2e/a11y-pipeline.e2e.spec.ts (3 tests) 2293ms
   ✓ a11y pipeline e2e > validate with checkA11y=true returns a11y warnings through bridge  1381ms
 ✓ |core| packages/mcp-server/test/scale/map.apply.scale.spec.ts (5 tests) 10606ms
   ✓ map.apply at scale (dry-run) > tier=100: dry-run handler returns, diff totals match, registry unchanged  455ms
   ✓ map.apply at scale (dry-run) > tier=500: dry-run handler returns, diff totals match, registry unchanged  2935ms
   ✓ map.apply at scale (dry-run) > tier=1000: dry-run handler returns, diff totals match, registry unchanged  6100ms
   ✓ map.apply at scale (apply=true at 100-tier only) > apply=true persists the create count; snapshot reflects the mutation  422ms
   ✓ map.apply determinism across runs > tier=100: two consecutive dry-runs with the same seed produce identical diff summaries  689ms
 ❯ |core| packages/mcp-server/test/e2e/tier1-acceptance.e2e.spec.ts (4 tests | 2 failed) 338ms
   ✓ Tier 1 acceptance — bounded framework compatibility > uses the saved Card/Stack/Tabs/Text schema successfully for React and Vue 74ms
   × Tier 1 acceptance — bounded framework compatibility > returns OODS-N015 with no code for the legacy Subscription detail react flow 150ms
     → expected undefined to be 'codegen' // Object.is equality
   × Tier 1 acceptance — bounded framework compatibility > returns OODS-N015 with no code for the legacy Subscription detail vue flow 67ms
     → expected undefined to be 'codegen' // Object.is equality
   ✓ Tier 1 acceptance — bounded framework compatibility > keeps a build-safe Subscription HTML save, load, and health path 44ms
 ✓ |core| tests/compose/compose-semantic-guardrails.test.ts (5 tests) 264ms
 ✓ |core| packages/mcp-server/test/product-reality/screen-action-surface.s184.spec.ts (6 tests) 141ms
 ✓ |core| packages/mcp-server/test/contracts/dashboard.render.duplicate-panel-id.s181.spec.ts (3 tests) 30ms
 ✓ |core| tests/viz/renderer-selector.test.ts (7 tests) 5ms
stdout | tests/tenancy/external.spec.ts > External Adapter Tenancy > Isolation > should route queries to dedicated databases
[ExternalAdapter] Tenant Alice Corp (tenant-alice) → alice.db.internal:5432/oods_alice

stdout | tests/tenancy/external.spec.ts > External Adapter Tenancy > Isolation > should route queries to dedicated databases
[ExternalAdapter] Query in oods_alice: SELECT * FROM subscriptions

stdout | tests/tenancy/external.spec.ts > External Adapter Tenancy > Isolation > should route queries to dedicated databases
[ExternalAdapter] Tenant Bob Industries (tenant-bob) → bob.db.internal:5432/oods_bob

stdout | tests/tenancy/external.spec.ts > External Adapter Tenancy > Isolation > should route queries to dedicated databases
[ExternalAdapter] Query in oods_bob: SELECT * FROM subscriptions

 ✓ |core| tests/tenancy/external.spec.ts (3 tests) 9ms
 ✓ |core| tests/integration/classifiable-composition.test.ts (3 tests) 146ms
 ✓ |core| tests/viz/resolver/network-flow-resolver.test.ts (6 tests) 4ms
 ✓ |core| tests/traits/preferenceable.test.ts (5 tests) 62ms
 ✓ |core| tests/traits/authable.test.ts (4 tests) 180ms
 ✓ |core| tests/e2e/schema-ref-pipeline.test.ts (2 tests) 243ms
 ✓ |core| tests/validation/parameter-validator.test.ts (6 tests) 282ms
 ✓ |core| tests/database/authz-migrations.test.ts (6 tests) 6ms
 ✓ |core| packages/mcp-server/test/product-reality/html-tailwind-gap.s185.spec.ts (9 tests) 65ms
 ✓ |core| tests/compositor/withStatusBadge.modifier.test.ts (6 tests) 5ms
 ✓ |core| tests/traits/preferenceable/cache.test.ts (4 tests) 77ms
 ✓ |core| tests/integration/communication-preferenceable-integration.test.ts (1 test) 98ms
 ✓ |core| tests/traits/authz/entitlement.test.ts (4 tests) 96ms
 ✓ |core| packages/mcp-server/test/codegen/prop-enrichment.spec.ts (4 tests) 364ms
 ✓ |core| tests/contracts/schema-types.contract.test.ts (2 tests) 5ms
 ✓ |core| packages/mcp-server/test/tools/certify-contrast.echarts-caveat-pin.spec.ts (2 tests) 16ms
 ✓ |core| tests/validation/formatter.test.ts (5 tests) 152ms
 ✓ |core| tests/traits/preferenceable/performance.test.ts (4 tests) 151ms
 ✓ |core| tests/viz/patterns/pattern-library-v2.test.ts (6 tests) 16ms
 ✓ |core| packages/mcp-server/test/contracts/viz-compose.contract.spec.ts (10 tests) 24ms
 ✓ |core| tests/components/RenderObject.edge-cases.test.tsx (4 tests) 60ms
 ✓ |core| tests/integration/failure-scenarios.integration.test.ts (4 tests) 264ms
 ✓ |core| tests/governance-gates/build-stories-ratchet.test.ts (4 tests) 1940ms
   ✓ build:stories exact-pin ratchet > accepts an exact diagnostic count even though tsc reports a nonzero status  421ms
   ✓ build:stories exact-pin ratchet > rejects a count above the pin as a regression  595ms
   ✓ build:stories exact-pin ratchet > rejects a count below the pin so headroom cannot accumulate  393ms
   ✓ build:stories exact-pin ratchet > never treats a failed compiler with no parsed diagnostics as zero errors  530ms
 ✓ |core| packages/mcp-server/test/contracts/schema.load.spec.ts (3 tests) 150ms
 ✓ |core| tests/traits/addressable/international-formatting.test.ts (5 tests) 63ms
 ✓ |core| packages/mcp-server/test/contracts/artifact-certify-render-prose.s179.spec.ts (13 tests) 44ms
 ✓ |core| tests/traits/preferenceable/notification-routing.test.ts (4 tests) 8ms
 ✓ |core| tests/viz/normalized-viz-spec.test.ts (6 tests) 27ms
 ✓ |core| tests/governance-gates/import-side-effect-guard.test.ts (3 tests) 587ms
   ✓ importing a governance script runs no CLI (s175 m02) > scripts/state-assessment.mjs: exports main/runTokenGovernanceCheck/deriveProcessExit; no check ran; nothing tracked moved  538ms
 ✓ |core| tests/viz/adapters/spatial/echarts-visual-regression.test.ts (2 tests) 197ms
 ✓ |core| packages/mcp-server/test/product-reality/breadth-export-cells.s185.spec.ts (10 tests) 262ms
 ✓ |core| tests/verification/contexts.contract.test.tsx (16 tests) 27ms
 ✓ |core| tests/parsers/ts-parser.test.ts (7 tests) 6ms
 ✓ |core| packages/mcp-server/test/contracts/schema.save.spec.ts (3 tests) 29ms
 ✓ |core| tests/view/extensions.test.ts (6 tests) 13ms
 ✓ |core| packages/mcp-server/test/e2e/design-compose.e2e.spec.ts (3 tests) 3406ms
   ✓ design.compose bridge E2E > compose via bridge produces valid schema with selections  1860ms
   ✓ design.compose bridge E2E > compose then render round-trip through bridge  509ms
 ✓ |core| tests/components/user.render-object.test.tsx (2 tests) 111ms
 ✓ |core| packages/mcp-server/test/tools/pipeline.compact.spec.ts (6 tests) 973ms
   ✓ pipeline compact + metrics > defaults to compact render (tokenCssRef present, small response)  598ms
 ✓ |core| tests/generators/object-type-generator.test.ts (2 tests) 81ms
 ✓ |core| tests/viz/adapters/echarts/treemap-adapter.test.ts (2 tests) 14ms
 ✓ |core| packages/mcp-server/test/contracts/layout-single-source.spec.ts (5 tests) 1114ms
   ✓ layout single-source (s107-m02) > pipeline(layout="landing") routes to the landing template, matching design.compose  1053ms
 ✓ |core| tests/traits/authz/sod-validator.test.ts (5 tests) 23ms
 ✓ |core| tests/traits/authz/sod-policy.test.ts (5 tests) 36ms
 ✓ |core| packages/mcp-server/test/tools/cvd-machado.spec.ts (8 tests) 3ms
 ✓ |core| tests/viz/adapters/spatial/vega-lite-visual-regression.test.ts (2 tests) 189ms
 ✓ |core| tests/contracts/tokens-governance-entry-guard.spec.ts (2 tests) 5728ms
   ✓ tokens-governance entry guard (s176 m04 realpath fold, #1250) > direct invocation runs main(): the usage surface prints and the exit code is 1  2500ms
   ✓ tokens-governance entry guard (s176 m04 realpath fold, #1250) > SYMLINKED invocation runs main() too — the pre-s176 guard silently no-opped here — and its usage surface is byte-identical to the direct one  3220ms
 ✓ |core| tests/integration/authable-composition.test.ts (4 tests) 257ms
 ✓ |core| tests/schemas/authz.test.ts (8 tests) 80ms
 ✓ |core| tests/traits/communication/communication-trait.test.ts (3 tests) 36ms
 ✓ |core| packages/mcp-server/test/contracts/preview.compaction.spec.ts (3 tests) 14ms
 ✓ |core| tests/integration/preferenceable-composition.test.ts (2 tests) 133ms
 ✓ |core| tests/viz/adapters/echarts/hierarchy-utils.test.ts (3 tests) 53ms
 ✓ |core| tests/schemas/classification.test.ts (5 tests) 9ms
 ✓ |core| tests/viz/integration/renderer-selection-spatial.test.ts (5 tests) 7ms
 ✓ |core| tests/traits/Statusable.test.ts (6 tests) 160ms
 ✓ |core| tests/viz/integration/spatial-crossfilter.test.ts (5 tests) 6ms
 ✓ |core| tests/governance-gates/triage-resolve-base-ref.test.ts (3 tests) 481ms
 ✓ |core| packages/mcp-server/test/product-reality/ported-freeze.s184.spec.ts (2 tests) 88ms
 ✓ |core| tests/view/compositor/modifierPurity.test.ts (5 tests) 6ms
 ✓ |core| packages/mcp-server/test/contracts/layout-align.spec.ts (8 tests) 108ms
 ✓ |core| tests/lint/no-account-unsafe-metadata.spec.ts (4 tests) 1019ms
   ✓ no-account-unsafe-metadata > flags direct metadata writes with no validation  913ms
 ✓ |core| tests/schemas/preferences.test.ts (4 tests) 46ms
 ✓ |core| tests/traits/preferenceable/read-repair.test.ts (3 tests) 40ms
 ✓ |core| tests/schemas/viz/transform-outputs.test.ts (4 tests) 77ms
 ✓ |core| tests/schemas/address.test.ts (4 tests) 24ms
 ✓ |core| tests/schemas/viz/hierarchy-input.test.ts (5 tests) 31ms
 ✓ |core| tests/validation/cli.test.ts (4 tests) 16ms
 ✓ |core| packages/mcp-server/test/contracts/doc-retirement-gate.spec.ts (1 test) 101ms
 ✓ |core| tests/traits/communication/throttling-enforcer.test.ts (3 tests) 63ms
 ✓ |core| tests/integration/universal-quintet.integration.test.ts (5 tests) 385ms
 ✓ |core| packages/mcp-server/test/tools/echarts-render-worker.startup.spec.ts (1 test) 2124ms
   ✓ MCP startup ECharts render boundary > registers the server without importing ECharts or evaluating the render worker  2122ms
 ✓ |core| tests/database/authz-seeds.test.ts (3 tests) 7ms
 ✓ |core| tests/tokens/transform.test.ts (3 tests) 54ms
 ✓ |core| tests/mcp/bridge-policy-and-tool-names.test.ts (3 tests) 5ms
 ✓ |core| tests/traits/communication/sla-monitor.test.ts (2 tests) 34ms
 ❯ |core| packages/mcp-server/test/compose/slot-vocabulary-unification.spec.ts (2 tests | 2 failed) 173ms
   × slot vocabulary unification > maps User list before/after extensions into concrete slots without placement warnings 157ms
     → expected 'AddressSummaryBadge' to be 'Button' // Object.is equality
   × slot vocabulary unification > maps Subscription list secondary billing placement without OODS-V120 warnings 14ms
     → expected 'PriceBadge' to be 'Button' // Object.is equality
 ✓ |core| packages/mcp-server/test/tools/artifact.certify.echarts-option-stability.s179.spec.ts (2 tests) 1186ms
   ✓ artifact.certify — option stability remains load-bearing (s179 m05) > fails the combined proof when emissions differ even though both renders agree  1159ms
 ✓ |core| tests/traits/communication/channel-resolver.test.ts (3 tests) 31ms
 ✓ |core| tests/integration/addressable-composition.test.ts (2 tests) 195ms
 ✓ |core| tests/traits/preferenceable/schema-registry.test.ts (5 tests) 381ms
 ✓ |core| tests/traits/Stateful.test.ts (4 tests) 146ms
 ✓ |core| tests/traits/Auditable.test.ts (5 tests) 141ms
 ✓ |core| tests/traits/preferenceable/dual-write-migration.test.ts (2 tests) 8ms
 ✓ |core| tests/traits/addressable/multi-role.test.ts (2 tests) 44ms
 ✓ |core| tests/viz/adapters/echarts/sunburst-adapter.test.ts (2 tests) 5ms
 ✓ |core| tests/viz/patterns/suggest-chart.test.ts (4 tests) 8ms
 ✓ |core| packages/mcp-server/test/product-reality/advertised-movers.s184.spec.ts (1 test) 54ms
 ✓ |core| tests/viz/adapters/layout-adapter.test.ts (2 tests) 10ms
 ✓ |core| tests/traits/communication/schema-validator.test.ts (4 tests) 26ms
 ✓ |core| tests/tokens/viz-scales.test.ts (2 tests) 12ms
 ✓ |core| packages/mcp-server/test/contracts/dsl-version.spec.ts (9 tests) 5ms
 ✓ |core| tests/schemas/viz/network-input.test.ts (4 tests) 22ms
 ✓ |core| tests/schemas/authz-registry.test.ts (5 tests) 58ms
 ✓ |core| tests/verification/standing-rules.contract.test.ts (3 tests) 4ms
 ✓ |core| tests/verification/regions.contract.test.ts (3 tests) 5ms
 ✓ |core| tests/viz/integration/spatial-dashboard.test.tsx (2 tests) 18ms
 ✓ |core| tests/traits/Cancellable.test.ts (4 tests) 133ms
 ✓ |core| tests/components/dashboard-context.integration.test.tsx (5 tests) 179ms
 ✓ |core| tests/traits/viz/mark-bar.test.ts (4 tests) 146ms
 ✓ |core| tests/traits/Archivable.test.ts (4 tests) 157ms
 ✓ |core| tests/traits/viz/scale-temporal.test.ts (4 tests) 197ms
 ✓ |core| tests/lint/no-unsafe-tenancy-override.spec.ts (3 tests) 576ms
   ✓ no-unsafe-tenancy-override > flags TenancyContext.setCurrentTenant in application code  566ms
 ✓ |core| tests/traits/viz/encoding-color.test.ts (4 tests) 123ms
 ✓ |core| tests/cli/spatial-detection.test.ts (4 tests) 5ms
 ✓ |core| tests/cli/refresh-data.test.ts (4 tests) 13ms
 ✓ |core| tests/verification/ci-token-governance-event.contract.test.ts (2 tests) 3ms
 ✓ |core| tests/validation/reporters.test.ts (3 tests) 4ms
 ✓ |core| tests/traits/Colorized.test.ts (4 tests) 116ms
 ✓ |core| tests/traits/Taggable.test.ts (4 tests) 163ms
 ✓ |core| tests/traits/classifiable/spam-detection.test.ts (3 tests) 47ms
 ✓ |core| tests/integration/entitlement-export.test.ts (4 tests) 85ms
 ✓ |core| tests/schemas/viz/sankey-input.test.ts (3 tests) 24ms
 ✓ |core| tests/traits/viz/encoding-position-y.test.ts (4 tests) 104ms
 ✓ |core| tests/traits/viz/encoding-position-x.test.ts (4 tests) 89ms
 ✓ |core| packages/mcp-server/test/render/css-extractor.spec.ts (3 tests) 6ms
 ✓ |core| tests/viz/a11y/facet-table-generator.test.ts (4 tests) 12ms
 ✓ |core| tests/traits/authz/role-graph.test.ts (3 tests) 30ms
 ✓ |core| tests/view/context.test.ts (2 tests) 2ms
 ✓ |core| tests/parsers/index.test.ts (5 tests) 6ms
 ✓ |core| tests/viz/stack-transform.test.ts (2 tests) 4ms
 ✓ |core| tests/traits/Labelled.test.ts (4 tests) 135ms
 ✓ |core| packages/mcp-server/test/contracts/tokens.build.apply.spec.ts (1 test) 102ms
 ✓ |core| tests/traits/communication/policy-builder.test.ts (3 tests) 6ms
 ✓ |core| tests/traits/viz/encoding-size.test.ts (4 tests) 132ms
 ✓ |core| tests/traits/addressable/default-management.test.ts (3 tests) 31ms
 ✓ |core| tests/traits/viz/layout-facet.test.ts (3 tests) 60ms
 ✓ |core| tests/traits/viz/scale-linear.test.ts (4 tests) 104ms
 ✓ |core| tests/traits/viz/mark-line.test.ts (4 tests) 168ms
 ✓ |core| packages/mcp-server/test/tools/dashboard-token-css-ref-honor.s179.spec.ts (3 tests) 12ms
 ✓ |core| tests/integration/communication-export.test.ts (3 tests) 41ms
 ✓ |core| packages/mcp-server/test/scale/dashboard-determinism.spec.ts (6 tests) 445ms
 ✓ |core| tests/traits/viz/mark-point.test.ts (4 tests) 112ms
 ✓ |core| tests/traits/addressable/format-templates.test.ts (4 tests) 3ms
 ✓ |core| tests/compose/compose-intent-sections.test.ts (2 tests) 218ms
 ✓ |core| packages/mcp-server/test/product-reality/input-validation-state.s184.spec.ts (4 tests) 41ms
 ✓ |core| tests/traits/viz/mark-area.test.ts (4 tests) 79ms
 ✓ |core| tests/traits/viz/interaction-highlight.test.ts (3 tests) 198ms
 ✓ |core| tests/viz/adapters/layout-parity.test.ts (2 tests) 12ms
 ✓ |core| tests/traits/communication/retry-scheduler.test.ts (3 tests) 60ms
 ✓ |core| tests/base/table.test.tsx (2 tests) 12ms
 ✓ |core| packages/mcp-server/test/codegen/codegen-invalid-schema.spec.ts (2 tests) 29ms
 ✓ |core| tests/traits/viz/layout-concat.test.ts (3 tests) 65ms
 ✓ |core| tests/traits/viz/layout-layer.test.ts (3 tests) 70ms
 ✓ |core| tests/traits/communication/schema-registry.test.ts (3 tests) 10ms
 ✓ |core| tests/viz/layout/keyboard-nav.test.ts (3 tests) 5ms
 ✓ |core| tests/traits/viz/interaction-tooltip.test.ts (3 tests) 117ms
 ✓ |core| packages/mcp-server/test/scale/determinism.spec.ts (9 tests) 77ms
 ✓ |core| packages/mcp-server/test/contracts/brand.apply.patch.spec.ts (1 test) 35ms
 ✓ |core| tests/components/page-header.test.tsx (1 test) 16ms
 ✓ |core| tests/cli/spatial-scaffold.test.ts (2 tests) 2ms
 ✓ |core| tests/integration/communication-throttling-integration.test.ts (1 test) 28ms
 ✓ |core| packages/mcp-server/test/render/render-preview-messaging.spec.ts (2 tests) 9ms
 ✓ |core| tests/base/button.test.tsx (3 tests) 10ms
 ✓ |core| tests/base/text-field.test.tsx (2 tests) 11ms
 ✓ |core| tests/verification/pkg-compat-workflow.contract.test.ts (2 tests) 4ms
 ✓ |core| tests/base/select.test.tsx (2 tests) 10ms
 ✓ |core| tests/integration/communication-audit.test.ts (2 tests) 50ms
 ✓ |core| tests/viz/patterns/suggest-chart-v2.test.ts (2 tests) 3ms
 ✓ |core| packages/mcp-server/test/compose/position-affinity.spec.ts (5 tests) 3ms
 ✓ |core| packages/mcp-server/test/contracts/tool.registry.spec.ts (3 tests) 4ms
 ✓ |core| tests/base/textarea.test.tsx (2 tests) 9ms
 ✓ |core| tests/base/date-picker.test.tsx (2 tests) 10ms
 ✓ |core| packages/mcp-server/test/contracts/repl.registry.contract.spec.ts (2 tests) 15ms
 ✓ |core| tests/base/checkbox.test.tsx (2 tests) 10ms
 ✓ |core| tests/verification/docs.contract.test.ts (2 tests) 3ms
 ✓ |core| tests/traits/preferenceable/migration-logger.test.ts (1 test) 4ms
 ✓ |core| tests/utils/format.test.ts (2 tests) 35ms
 ✓ |core| tests/base/banner.test.tsx (2 tests) 12ms
 ✓ |core| tests/viz/patterns/scaffold-generator.test.ts (1 test) 6ms
 ✓ |core| tests/base/badge.test.tsx (2 tests) 18ms
 ✓ |core| packages/mcp-server/test/contracts/diag.snapshot-counts.spec.ts (1 test) 146ms
 ✓ |core| tests/components/viz/spatial/ChoroplethMap.test.tsx (15 tests) 284ms
 ✓ |core| tests/components/toast.spec.tsx (17 tests) 704ms
   ✓ ToastPortal > removes toasts after dismissal  331ms
 ✓ |core| tests/components/viz/spatial/ChoroplethMap.a11y.test.tsx (11 tests) 460ms
 ✓ |core| tests/components/pagination.spec.tsx (33 tests) 648ms
 ✓ |core| tests/components/tabs.spec.tsx (24 tests) 987ms
 ✓ |core| tests/components/breadcrumbs.spec.tsx (32 tests) 1201ms
 ✓ |core| tests/components/context-panel-drawer.test.tsx (5 tests) 297ms
 ✓ |core| tests/viz/spatial/adapter-parity.test.ts (2 tests) 194ms
 ✓ |core| tests/viz/spatial/e2e-spatial.test.tsx (3 tests) 553ms
 ✓ |core| tests/components/viz/spatial/BubbleMap.test.tsx (6 tests) 127ms
 ✓ |core| tests/components/empty-state.spec.tsx (12 tests) 329ms
 ✓ |core| tests/traits/SaaSBilling.payable.spec.tsx (4 tests) 86ms
 ✓ |core| tests/viz/spatial/a11y-integration.test.tsx (4 tests) 481ms
 ✓ |core| tests/overlays/manager.edges.spec.tsx (4 tests) 121ms
 ✓ |core| tests/components/viz/spatial/spatial-integration.test.tsx (2 tests) 318ms
 ✓ |core| tests/apps/playground.app.test.tsx (2 tests) 990ms
   ✓ playground app > renders the compose view by default with the existing starter flow  451ms
   ✓ playground app > switches to the Stage1 mode and reloads when the fixture changes  537ms
 ✓ |core| tests/components/viz/spatial/SpatialContainer.test.tsx (7 tests) 226ms
 ✓ |core| tests/viz/spatial/performance.test.tsx (3 tests) 2222ms
   ✓ Spatial Performance Benchmarks > meets choropleth render budgets  641ms
   ✓ Spatial Performance Benchmarks > meets bubble render budgets  1509ms
 ✓ |core| tests/components/classification/CategoryTree.test.tsx (4 tests) 620ms
   ✓ CategoryTree component > renders treeitems with badges  374ms
 ✓ |core| tests/components/viz/spatial/layer-utils.test.ts (10 tests) 7ms
 ✓ |core| tests/components/viz/spatial/SpatialContainer.a11y.test.tsx (6 tests) 148ms
 ✓ |core| tests/components/viz/spatial/projection-utils.test.ts (9 tests) 7ms
 ✓ |core| tests/viz/hooks/useSpatialSpec.test.ts (5 tests) 319ms
 ✓ |core| tests/components/viz/Sankey.test.tsx (12 tests) 269ms
 ✓ |core| tests/components/viz/AreaChart.test.tsx (3 tests) 271ms
 ✓ |core| tests/components/viz/ForceGraph.test.tsx (10 tests) 177ms
 ✓ |core| tests/components/viz/a11y/a11y-fallbacks.test.tsx (5 tests) 301ms
 ✓ |core| tests/components/viz/spatial/BubbleMap.renderers.test.tsx (2 tests) 124ms
 ✓ |core| tests/components/viz/LineChart.test.tsx (3 tests) 504ms
   ✓ LineChart > renders the chart container, narrative, and table fallback  339ms
 ✓ |core| tests/components/viz/Treemap.test.tsx (9 tests) 304ms
 ✓ |core| tests/components/viz/spatial/BubbleMap.a11y.test.tsx (3 tests) 660ms
   ✓ BubbleMap accessibility > has no axe violations  569ms
 ✓ |core| tests/components/classification/CategoryPicker.test.tsx (4 tests) 825ms
   ✓ CategoryPicker > filters tree nodes via typeahead search  327ms
 ✓ |core| tests/components/viz/Sunburst.test.tsx (7 tests) 522ms
 ✓ |core| tests/components/addresses/address-form.test.tsx (4 tests) 1113ms
   ✓ AddressForm > emits updated address when fields change  757ms
 ✓ |core| tests/components/viz/Heatmap.visualmap-dimension-s166.test.tsx (2 tests) 907ms
   ✓ Heatmap — s166 m01 component visualMap carries its own dimension (FF#23) > binds the visualMap to the measure FIELD by name on a trailing-field spec (fails at HEAD: undefined)  581ms
   ✓ Heatmap — s166 m01 component visualMap carries its own dimension (FF#23) > keep-green: the measure-last base fixture carries the same dimension  323ms
 ✓ |core| tests/viz/hooks/useSpatialProjection.test.ts (6 tests) 27ms
 ✓ |core| tests/components/classification/TagInput.test.tsx (4 tests) 699ms
   ✓ TagInput component > adds canonical tag via keyboard commit  375ms
 ✓ |core| tests/components/viz/Heatmap.test.tsx (3 tests) 700ms
   ✓ Heatmap > renders Vega-Lite heatmap with legend and matrix fallback  526ms
 ✓ |core| tests/components/communication/ConversationThread.test.tsx (2 tests) 315ms
 ✓ |core| tests/components/viz/LineChart.a11y.test.tsx (1 test) 665ms
   ✓ LineChart accessibility > has no axe violations  661ms
 ✓ |core| tests/components/viz/spatial/keyboard-nav.test.tsx (3 tests) 95ms
 ✓ |core| tests/components/viz/VizFacetGrid.test.tsx (3 tests) 538ms
 ✓ |core| tests/components/viz/spatial/AccessibleMapFallback.test.tsx (3 tests) 244ms
 ✓ |core| tests/components/preferences/PreferenceForm.test.tsx (4 tests) 1825ms
   ✓ PreferenceForm > emits document changes when schema-driven fields update  1074ms
   ✓ PreferenceForm > reports validation issues for invalid inputs via onValidationChange  532ms
 ✓ |core| tests/traits/SaaSBilling.refundable.spec.tsx (2 tests) 73ms
 ✓ |core| tests/components/authz/RolePermissionMatrix.test.tsx (3 tests) 386ms
 ✓ |core| tests/components/viz/spatial/MapLegend.test.tsx (3 tests) 347ms
 ✓ |core| tests/components/viz/ScatterChart.test.tsx (2 tests) 1107ms
   ✓ ScatterChart > selects the ECharts renderer for dense datasets and wires interactions  905ms
 ✓ |core| tests/hooks/useConversations.test.tsx (1 test) 30ms
 ✓ |core| tests/views/view-profiles.spec.tsx (2 tests) 27ms
 ✓ |core| tests/panel/diff-viewer.test.tsx (3 tests) 410ms
 ✓ |core| tests/viz/hooks.test.tsx (5 tests) 31ms
 ✓ |core| tests/components/communication/MessageTimeline.test.tsx (3 tests) 444ms
 ✓ |core| tests/components/authz/MembershipManager.a11y.test.tsx (2 tests) 622ms
   ✓ MembershipManager accessibility > supports keyboard submissions for assigning roles  360ms
 ✓ |core| tests/components/preferences/NotificationMatrix.test.tsx (3 tests) 612ms
   ✓ NotificationMatrix component > renders channel toggles and emits updated matrix on change  440ms
 ✓ |core| tests/components/classification/CategoryTree.a11y.test.tsx (1 test) 185ms
 ✓ |core| tests/components/addresses/address-display.test.tsx (3 tests) 191ms
 ✓ |core| tests/panel/artifact-list.test.tsx (2 tests) 240ms
 ✓ |core| tests/components/communication/ChannelPlanEditor.test.tsx (2 tests) 74ms
 ✓ |core| tests/components/viz/spatial/MapControls.test.tsx (3 tests) 108ms
 ✓ |core| tests/components/viz/AreaChart.a11y.test.tsx (1 test) 418ms
   ✓ AreaChart accessibility > has no axe violations  417ms
 ✓ |core| tests/components/viz/ScatterChart.a11y.test.tsx (1 test) 514ms
   ✓ ScatterChart accessibility > has no axe violations  513ms
 ✓ |core| tests/components/viz/spatial/BubbleMapClustering.test.tsx (3 tests) 25ms
 ✓ |core| tests/components/viz/Heatmap.a11y.test.tsx (1 test) 470ms
   ✓ Heatmap accessibility > has no axe violations  464ms
 ✓ |core| tests/components/viz/VizLayeredView.a11y.test.tsx (1 test) 281ms
 ✓ |core| tests/components/viz/VizFacetGrid.a11y.test.tsx (1 test) 420ms
   ✓ VizFacetGrid accessibility > has no axe violations  418ms
 ✓ |core| tests/components/addresses/address-form.a11y.test.tsx (1 test) 467ms
   ✓ AddressForm accessibility > has no axe violations  464ms
 ✓ |core| tests/components/classification/TagInput.a11y.test.tsx (1 test) 438ms
   ✓ TagInput accessibility > has no axe violations  436ms
 ✓ |core| tests/base/toast.test.tsx (3 tests) 120ms
 ✓ |core| tests/hooks/useMessages.test.tsx (1 test) 95ms
 ✓ |core| tests/components/viz/BarChart.test.tsx (2 tests) 379ms
 ✓ |core| tests/traits/preferenceable/rjsf-integration.test.tsx (2 tests) 1116ms
   ✓ PreferenceForm (RJSF integration) > renders schema-driven inputs for older versions  615ms
   ✓ PreferenceForm (RJSF integration) > defaults to the latest schema when version is omitted  499ms
 ✓ |core| tests/components/viz/BarChart.a11y.test.tsx (1 test) 436ms
   ✓ BarChart accessibility > has no axe violations  426ms
 ✓ |core| tests/components/communication/DeliveryHealthWidget.test.tsx (1 test) 104ms
 ✓ |core| tests/hooks/useDeliveryStatus.test.tsx (1 test) 21ms
 ✓ |core| tests/components/viz/VizLayeredView.test.tsx (2 tests) 222ms
 ✓ |core| packages/mcp-server/test/a2ui-host-conformance/host-conformance-render.spec.ts (51 tests) 146ms
 ✓ |core| tests/components/viz/SharedLegend.test.tsx (2 tests) 42ms
 ✓ |core| tests/components/preferences/PreferenceForm.a11y.test.tsx (1 test) 554ms
   ✓ PreferenceForm accessibility > renders without axe violations  553ms

 Test Files  9 failed | 517 passed | 1 skipped (527)
      Tests  17 failed | 6127 passed | 16 skipped (6160)
     Errors  1 error
   Start at  23:27:30
   Duration  213.12s (transform 68.01s, setup 0ms, collect 512.77s, tests 539.30s, environment 61.78s, prepare 110.79s)

JSON report written to /var/folders/gd/rty3217130vdbr9_q713nvg80000gn/T/oods-s185-m01-baseline-TbWlZS/run-1-root-core.json

[stderr]
stderr | tests/viz/mark-options-schema-validity-s167.test.ts
unknown format "color-hex" ignored in schema at path "#/definitions/HexColor"
unknown format "color-hex" ignored in schema at path "#/definitions/HexColor"
unknown format "color-hex" ignored in schema at path "#/definitions/HexColor"
unknown format "color-hex" ignored in schema at path "#/definitions/HexColor"

stderr | tests/viz/adapters/spatial/vega-lite-spatial-adapter.test.ts
unknown format "color-hex" ignored in schema at path "#/definitions/HexColor"
unknown format "color-hex" ignored in schema at path "#/definitions/HexColor"

stderr | tests/components/toast.spec.tsx > toast service > subscriptions and helpers > exposes useToastQueue hook to subscribers
An update to HookProbe inside a test was not wrapped in act(...).

When testing, code that causes React state updates should be wrapped into act(...):

act(() => {
  /* fire events that update state */
});
/* assert on the output */

This ensures that you're testing the behavior the user would see in the browser. Learn more at https://react.dev/link/wrap-tests-with-act

stderr | tests/components/toast.spec.tsx > ToastPortal > renders role=status toasts from the queue
An update to OODS.ToastPortal inside a test was not wrapped in act(...).

When testing, code that causes React state updates should be wrapped into act(...):

act(() => {
  /* fire events that update state */
});
/* assert on the output */

This ensures that you're testing the behavior the user would see in the browser. Learn more at https://react.dev/link/wrap-tests-with-act

stderr | tests/components/toast.spec.tsx > ToastPortal > stacks multiple toasts without exceeding maxVisible
An update to OODS.ToastPortal inside a test was not wrapped in act(...).

When testing, code that causes React state updates should be wrapped into act(...):

act(() => {
  /* fire events that update state */
});
/* assert on the output */

This ensures that you're testing the behavior the user would see in the browser. Learn more at https://react.dev/link/wrap-tests-with-act

stderr | tests/components/toast.spec.tsx > ToastPortal > applies position modifiers for placement
An update to OODS.ToastPortal inside a test was not wrapped in act(...).

When testing, code that causes React state updates should be wrapped into act(...):

act(() => {
  /* fire events that update state */
});
/* assert on the output */

This ensures that you're testing the behavior the user would see in the browser. Learn more at https://react.dev/link/wrap-tests-with-act

stderr | tests/components/toast.spec.tsx > ToastPortal > removes toasts after dismissal
An update to OODS.ToastPortal inside a test was not wrapped in act(...).

When testing, code that causes React state updates should be wrapped into act(...):

act(() => {
  /* fire events that update state */
});
/* assert on the output */

This ensures that you're testing the behavior the user would see in the browser. Learn more at https://react.dev/link/wrap-tests-with-act

stderr | tests/components/toast.spec.tsx > ToastPortal > renders action buttons when provided
An update to OODS.ToastPortal inside a test was not wrapped in act(...).

When testing, code that causes React state updates should be wrapped into act(...):

act(() => {
  /* fire events that update state */
});
/* assert on the output */

This ensures that you're testing the behavior the user would see in the browser. Learn more at https://react.dev/link/wrap-tests-with-act

stderr | tests/components/toast.spec.tsx > ToastPortal > supports focus shortcut to highlight latest toast
An update to OODS.ToastPortal inside a test was not wrapped in act(...).

When testing, code that causes React state updates should be wrapped into act(...):

act(() => {
  /* fire events that update state */
});
/* assert on the output */

This ensures that you're testing the behavior the user would see in the browser. Learn more at https://react.dev/link/wrap-tests-with-act

stderr | packages/mcp-server/test/a2ui-host-conformance/host-conformance-render.spec.ts
Lit is in dev mode. Not recommended for production! See https://lit.dev/msg/dev-mode for more information.


⎯⎯⎯⎯⎯⎯ Failed Tests 17 ⎯⎯⎯⎯⎯⎯⎯

 FAIL  |core| tests/verification/how-forge-works.contract.test.ts > how Forge works narrative truth > keeps Sprint-182 product-reality claims evidence-scoped and review-gated
AssertionError: expected '# Near Roadmap **Status:** ACTIVE — p…' to contain '`approvedRuntimeCensus` stops being n…'

Expected: "`approvedRuntimeCensus` stops being null and the 109 denominator can move (`#1331`)"
Received: "# Near Roadmap **Status:** ACTIVE — program decision `#1652`; Sprint 186 certified by `#1785`; Sprint 187 BUILT, REVIEW PENDING; `builderSelfCertified:false` **Updated:** 2026-09-07 — build session `PS-2026-09-07-001` **Scope:** The next three independently reviewed increments **Program authority:** [Forge Product Reality Program](product-reality-program.md) ## Direction OODS Foundry and Forge must function as one usable design system and agent toolchain Derek can use to build real work. Greenfield output is a first-class requirement. Mapping into an existing company system remains valuable, but it cannot substitute for Forge-owned components, runtime artifacts, or working generation. Two direction decisions from 2026-09-05 govern this queue. The Sprint 182 promotion freeze is void (`#1722`): it was self-imposed, nothing outside our own scripts depends on it, and it is never cited as a constraint again — new components go straight into the nucleus. The binding constraint on the program is component breadth (`#1723`), so the increments after Runnable Generation are breadth waves ordered by how many pre-existing saved schemas each wave makes reachable. Sprint 186 reached the disclosed successor corpus's 16/16 boundary. The next locked breadth metric is fresh composition through the existing public object/context inputs; saved-corpus success does not establish that coverage. The current program does not ratify MCP Apps, Figma, Penpot, or a custom canvas; surface selection follows runnable product foundations. ## Current measured state — Sprint 187 implementation `adab89f9`; independent review pending | Claim area | Current evidence | Remaining obligation | |---|---|---| | Component catalog | 109 obligation IDs retained under #1788; 64 unique governed root IDs; fourteen families added with 28 discriminating export bites and 778 resolved readiness references | The eleven disputed rows have individual dispositions; nine retain implementation work and two alias/merge proposals need product decisions. Old 98-runtime split remains unapproved | | React and Vue | All 14 locked fresh paths run in both frameworks: 28 packed-consumer cells, 218 passed gates, 6 N/A, zero failed or skipped | Selected local controls, typed values, hydration and token CSS are proven. Accessibility, theme and interaction baseline maturity stays unverified; no connected workflow or responsive-craft claim | | Fresh composition | All 11 advertised objects × six contexts: **66/66 schemas and 132/132 build generation cells**, from unmodified default composition | Generation covers all 66; runtime covers the locked14, not every object/context | | Saved designs | Unchanged original store remains 15/16 and 30 generation cells; exact authentic successor remains 16/16 and 32 cells | Historical negative retained; the successor is a distinct store. Served adoption remains explicit delivery work | | Delivery and discovery | Current Forge-source refresh dated 2026-09-07; optional obligationScope explains retain-109. Actual governed/unavailable catalog cases verified. Isolated bridge, schema-save/load and rollback rehearsal passed | PM2 serves a separate older checkout; generic health does not identify compiled revision. Its public schema-load failure is retained. Deployment/adoption/reconnect #1374/#1379/#1384 remain pending | | Visualization | Program baseline remains13 admitted types and five complete folded certified paths; not remeasured by this breadth build | Current public-render closure #1372 precedes expansion; VizAreaPreview remains a preview frame | The exact runtime and saved-store hashes are in [the m06 evidence packet](../../../artifacts/product-reality/sprint-187/m06/README.md). Final four-suite counts, skipped tests and file-attributed deltas belong to its retained capture and claim ledger. The baseline comparator is s186 execution `740e8405`, never a relabeled run. Counts describe the named surface only. HTML evidence is not React or Vue evidence, a source emitter is not a runtime package, an admitted chart name is not rendered output, and a preview frame is not a chart. ## Increment 1 — Sprint 182: Product Reality Foundation — CLOSED 2026-09-04 Reviewed by `PS-2026-09-04-004` (decision `#1662`); `foundation-v1` promoted by Derek (decision `#1663`). The 14-component nucleus is real in React and Vue with clean packed-consumer proof. Its build authority was [forge-s182-product-reality-foundation-decision-memo.md](../../planning/forge-s182-product-reality-foundation-decision-memo.md). ## Increment 2 — Sprint 183: Runnable Generation — CLOSED 2026-09-05 Built by `PS-2026-09-04-007` at frozen head `9a4202fe` and independently reviewed by `PS-2026-09-05-001` (decision `#1689`, determination in [forge-s183-review-determination.md](../../planning/forge-s183-review-determination.md)). The exit gate was genuinely met: the six-month-old schema `compose-7d860337` installs, builds, renders, hydrates and passes interactions in clean React and Vue consumers. Two record defects blocked certification — a `passed` claim that five archived mutation patches could not support, and an undisclosed loss of HTML generation for Forge's own detail template absorbed by repointing tests. Both were repaired in `s184-m07`, and the sprint was closed on 2026-09-05. ## Increment 3 — Sprint 184: First Greenfield Workflow — CLOSED 2026-09-05, PARTIAL BY DESIGN Built from `ab0d712d` and reviewed by `PS-2026-09-05-004`; closed by Derek the same day. Its build authority was [forge-s184-greenfield-workflow-decision-memo.md](../../planning/forge-s184-greenfield-workflow-decision-memo.md). It ported the eight components the two March-2026 Subscription schemas needed, resolved six off-contract facts by moving contracts rather than schemas, added the workflow state axis to the schema language and both emitters, reversed the screen-scope binding rule so generated call sites exist, replaced the textual stub guard with a forwarding check, and proved the list → detail slice from live generation in both frameworks. **Increment 3 is recorded as partial, in those words.** The four workflow states are proven on a schema the sprint's own script builds; the real Subscription schemas are proven state-neutral. No single artifact demonstrates the program sentence "the same semantic workflow is usable in both frameworks with loading, empty, error, and success states." Edit/cancel and timeline have no pre-existing schema, and authoring one would be the circularity the increment exists to avoid. The review also found that the sprint's per-mission mover accounting missed five consumer-relevant advertised movers, including the nucleus Table's zero-row output; that notice is owed and is sent in Sprint 185. ## Increment 4 — Sprint 185: Component Breadth Wave 1 Numbered because Sprint 184 is independently reviewed and closed. Its build authority is [forge-s185-component-breadth-wave-1-decision-memo.md](../../planning/forge-s185-component-breadth-wave-1-decision-memo.md), locked by decision `#1724` at build base `1118f436`. It adds **DetailHeader, CardHeader, ColorSwatch, ColorizedBadge and VizAreaPreview** to the nucleus as real React and Vue components and proves them by running the six pre-existing saved schemas they block through live generation and the consumer gates in both frameworks. Reachable saved schemas go from 5/16 to 11/16. Planning measured twelve target cells failing with `OODS-N015` on those five IDs and twelve green pruned controls. It incorrectly inferred a pure port; the build found the hidden defects described below. The sprint also retired the voided literal nucleus freeze. VizAreaPreview ships honestly as a sized preview frame, not a chart (`#1727`). **Built and independently reviewed 2026-09-06; CERTIFIED and CLOSED** (review session `PS-2026-09-06-002`, determination in [forge-s185-review-determination.md](../../planning/forge-s185-review-determination.md)). The exit gate held from live generation: 124 of 124 applicable gates over 16 framework cells, four interaction rows not applicable and excluded; reachability 11/16; every live nucleus pin derived. The "pure port" inference did not survive the build — three contract defects were found and repaired in-sprint (`#1734`, `#1736`, `#1738`). Four-suite closeout at `f8d15098` was green with zero failures. ## Increment 5 — Sprint 186: Component Breadth Wave 2 — CERTIFIED AND CLOSED Locked 2026-09-06 on Derek's confirmation. Build authority was [forge-s186-component-breadth-wave-2-decision-memo.md](../../planning/forge-s186-component-breadth-wave-2-decision-memo.md) at build base `5aa53b3a`. The starting census showed the remaining five unreachable schemas blocked by exactly 23 components, all with executing HTML renderers. Six missions, one per schema in smallest-cluster-first order (test-tagged 3, user-detail 4, user-list 5, user-timeline 5, user-form 6) and a sixth that folded the eight ported families into the root. Existing Sprint 185 tooling was reused with explicit narrow adaptations (#1780), rather than literal unchanged execution. Independent review `PS-2026-09-06-006` closed the sprint under decision #1785. Governed components grew 27 → 50; the five newly reachable schemas passed 80/80 applicable consumer gates in both frameworks. **The 16/16 result applies to the authentic recomposed successor store.** The original historical corpus remains 15/16 on five invalid User-form field bindings per framework. Decisions #1776–#1779 record the scope adjustment; the program's original-input obligation is not silently removed. See [review determination](../../planning/forge-s186-review-determination.md). Pace rule from Derek, in force from this sprint on: appreciable progress every sprint, not a little work and a lot of measuring. No per-mission four-suite captures, no new closeout apparatus, no critic workflow. The per-component evidence bar from Wave 1 is unchanged. ## Increment 6 — Sprint 187: Fresh Composition Coverage — BUILT, REVIEW PENDING **LOCKED** by decisions `#1787`–`#1789`, planning session `PS-2026-09-06-007`. The [decision memo](../../planning/forge-s187-fresh-composition-decision-memo.md) is the build authority. The fourteen component families, binding repairs, discovery refresh and delivery preparation are implemented. The serial mission evidence is retained under `artifacts/product-reality/sprint-187/`. The final census at `adab89f9` improves the planning baseline from 27/66 schemas and 58/132 cells to **66/66 and 132/132**. All 28 selected consumer cells pass their applicable gates (218 pass, 6 explicitly N/A, zero failures/skips). No schemas were pruned or hand-authored as fresh inputs. | Delivered work | Evidence boundary | |---|---| | LabelCell, InlineLabel, FormLabelGroup, ClassificationBadge, ClassificationEditor | Real React/Vue roots, contracts, styles and local native classification controls; no persistence | | OwnerBadge, OwnershipSummary, OwnershipMeta, TagSummary | Owner/role metadata, zero counts, tags and documented children precedence | | ArchiveSummary, ArchivePill, CancellationForm, CancellationBadge, PriceCardMeta | False badges, nullable archive timestamp, price model/interval and local cancellation controls; no cancellation workflow | | Composition and binding repairs | StatusTimeline.label, numeric zero, boolean false, local query updates, optional card actions and nullable datetime; original Product/detail B2 operand measured separately | | Discovery/census/aliases/delivery | Retain109 explained in live discovery; eleven dispositions recorded; aliases retained because migration is unproven; isolated delivery rehearsal and rollback complete | The existing s185/s186 proof tools received named, bounded s187 adaptations. No new closeout framework or per-mission four-suite capture was introduced. The source capability fold is unchanged from the evidence-backed m04 result:150 surface cells on 50 existing IDs and 600 references, with all 109 identities retained. Final m06 runtime evidence supplements those retained proofs. After this increment, the strongest follow-on candidates are the still-partial **complete greenfield workflow** and **current visualization public-render closure**. Neither is automatically numbered or locked here. The green 66-schema generation matrix does not prove navigation, edit/cancel, state transitions, responsive craft, remaining catalog breadth, or chart pixels. ## Gates that apply to every increment - Claims come from executable evidence, never catalog prose or research conclusions. - React and Vue are equal targets; framework-specific behavior stays idiomatic. - Packed-consumer tests use no workspace alias, repository source import, existing `node_modules`, or user registry configuration. - An unsupported target fails with a typed gap; warning-only fallback is not success. - Exploratory work may use advisory validation. Production/release artifacts must pass the declared enforced profile. - Every significant failure mode receives a negative test or mutation bite capable of proving the gate is discriminating, and a bite for a behavioral promise removes the behavior, not a string. - A pre-existing test whose input changes during a sprint carries a stated reason in the closeout. - A claim quantified with "every" is measured against the full tracked population at the review head. - Advertised-surface movement is computed once, sprint-wide, from the final diff — never assembled from per-mission scopes. - Automated snapshots prove stability, not design quality; an independent review inspects responsive craft and interaction states before a greenfield artifact is called usable. - A build session records evidence and stops. A separate review session decides genuine close, and scopes its verification to findings that could flip the determination. - Public publishing, hosting, and paid external API use require explicit later decisions. ## Parallel obligations and parks Sprint-181 follow-ups `#1315` and `#1318`–`#1322` remain Forge-owned maintenance debt under decision `#1651`; they are named at every closeout and must close before an integrated public release. Derek resolved the census choice (#1331) by accepting the recommendation to **retain all 109 obligations** (#1788). The old 98-runtime split is not approved. Its generator assigns `authoring-only` when a root React export or HTML renderer is absent, although the excluded traits describe runtime behavior. Missing implementation cannot by itself remove an obligation. Sprint 187 m05 reviewed those eleven rows with trait/caller evidence: nine retain implementation work and two alias/merge proposals need product decisions. No runtime intent was excluded because code was missing. The historical `approvedRuntimeCensus` stays null while that old proposal is unapproved; live discovery must explain the accepted retain-109 ruling. Surface-cell evidence updates do not move scope (#1726). The following are parked until their named dependency is met: - the eight-family root fold is complete; `/ported`, `/readiness-ported` and `/css-ported` alias retirement was reviewed in Sprint 187 (#1382/#1385); retain aliases while external migration is unproven; - closure of all current visualization recipes, and making VizAreaPreview a real chart — after component breadth, unless independent staffing permits parallel work; - visualization breadth beyond the current 13 — after the public render and certification path is coherent; - Figma, Penpot, MCP Apps, or another design-surface adapter — after Forge artifacts are runnable and the adapter's capabilities, costs, auth, and write semantics can be evaluated honestly; - public package publication or hosted Forge delivery — after licensing, distribution, and operating cost decisions; and - `schema.ingest` — historically shelved by `#1649`; decision `#1652` retains the shelving result while superseding its incorrect surface claim. ## Independent review handoff Read [the m06 evidence packet](../../../artifacts/product-reality/sprint-187/m06/README.md) and its claim-ledger/review-handoff JSON. The build is in `/Users/systemsystems/.codex/worktrees/s187/OODS-Forge`, branch `codex/sprint-187-fresh-composition`; actual public implementation `adab89f92e3dca8a67442ddd9873d62f36db8fe5`. The ledger separately names the actual four-suite execution and frozen evidence/review commits; public-byte equivalence must hold between implementation and execution. Canonical CMOS remains in the primary checkout, whose unrelated dirty work was not reset or used as implementation source. Sprint 187 stays **Active**, **BUILT, REVIEW PENDING**, `builderSelfCertified:false`. The separate review session determines certification and close. Deployment #1374/#1379/#1384 remains pending; no shared PM2 restart, shared-store overwrite, publication or outbound reconnect occurred. Alias retirement and unverified maturity remain open. Maintenance #1315/#1318–#1322 remains named and unabsorbed before integrated public release. PR83 CI follow-up #1386 was resolved before this build; its ECharts soak skip remains disclosed. "

 ❯ tests/verification/how-forge-works.contract.test.ts:240:28
    238|       "The 14-component nucleus is real in React and Vue with clean pa…
    239|     );
    240|     expect(normalizedNear).toContain(
       |                            ^
    241|       "`approvedRuntimeCensus` stops being null and the 109 denominato…
    242|     );

⎯⎯⎯⎯⎯⎯⎯⎯⎯⎯⎯⎯⎯⎯⎯⎯⎯⎯⎯⎯⎯⎯⎯[1/17]⎯

 FAIL  |core| tests/verification/s177-prose-carriers.contract.test.ts > Sprint 177 prose truth carriers > keeps current roadmap authority separate from frozen history and sibling execution
AssertionError: expected '# Near Roadmap\n\n**Status:** ACTIVE …' to contain '**Status:** ACTIVE — program decision…'

- Expected
+ Received

- **Status:** ACTIVE — program decision `#1652`; Sprint 186 build closeout in progress; independent review pending
+ # Near Roadmap
+
+ **Status:** ACTIVE — program decision `#1652`; Sprint 186 certified by `#1785`; Sprint 187 BUILT, REVIEW PENDING; `builderSelfCertified:false`
+
+ **Updated:** 2026-09-07 — build session `PS-2026-09-07-001`
+
+ **Scope:** The next three independently reviewed increments
+
+ **Program authority:** [Forge Product Reality Program](product-reality-program.md)
+
+ ## Direction
+
+ OODS Foundry and Forge must function as one usable design system and agent toolchain Derek can use to
+ build real work. Greenfield output is a first-class requirement. Mapping into an existing company
+ system remains valuable, but it cannot substitute for Forge-owned components, runtime artifacts, or
+ working generation.
+
+ Two direction decisions from 2026-09-05 govern this queue. The Sprint 182 promotion freeze is void
+ (`#1722`): it was self-imposed, nothing outside our own scripts depends on it, and it is never cited
+ as a constraint again — new components go straight into the nucleus. The binding constraint on the
+ program is component breadth (`#1723`), so the increments after Runnable Generation are breadth waves
+ ordered by how many pre-existing saved schemas each wave makes reachable. Sprint 186 reached the
+ disclosed successor corpus's 16/16 boundary. The next locked breadth metric is fresh composition
+ through the existing public object/context inputs; saved-corpus success does not establish that coverage.
+
+ The current program does not ratify MCP Apps, Figma, Penpot, or a custom canvas; surface selection
+ follows runnable product foundations.
+
+ ## Current measured state — Sprint 187 implementation `adab89f9`; independent review pending
+
+ | Claim area | Current evidence | Remaining obligation |
+ |---|---|---|
+ | Component catalog | 109 obligation IDs retained under #1788; 64 unique governed root IDs; fourteen families added with 28 discriminating export bites and 778 resolved readiness references | The eleven disputed rows have individual dispositions; nine retain implementation work and two alias/merge proposals need product decisions. Old 98-runtime split remains unapproved |
+ | React and Vue | All 14 locked fresh paths run in both frameworks: 28 packed-consumer cells, 218 passed gates, 6 N/A, zero failed or skipped | Selected local controls, typed values, hydration and token CSS are proven. Accessibility, theme and interaction baseline maturity stays unverified; no connected workflow or responsive-craft claim |
+ | Fresh composition | All 11 advertised objects × six contexts: **66/66 schemas and 132/132 build generation cells**, from unmodified default composition | Generation covers all 66; runtime covers the locked14, not every object/context |
+ | Saved designs | Unchanged original store remains 15/16 and 30 generation cells; exact authentic successor remains 16/16 and 32 cells | Historical negative retained; the successor is a distinct store. Served adoption remains explicit delivery work |
+ | Delivery and discovery | Current Forge-source refresh dated 2026-09-07; optional obligationScope explains retain-109. Actual governed/unavailable catalog cases verified. Isolated bridge, schema-save/load and rollback rehearsal passed | PM2 serves a separate older checkout; generic health does not identify compiled revision. Its public schema-load failure is retained. Deployment/adoption/reconnect #1374/#1379/#1384 remain pending |
+ | Visualization | Program baseline remains13 admitted types and five complete folded certified paths; not remeasured by this breadth build | Current public-render closure #1372 precedes expansion; VizAreaPreview remains a preview frame |
+
+ The exact runtime and saved-store hashes are in
+ [the m06 evidence packet](../../../artifacts/product-reality/sprint-187/m06/README.md).
+ Final four-suite counts, skipped tests and file-attributed deltas belong to its retained capture and
+ claim ledger. The baseline comparator is s186 execution `740e8405`, never a relabeled run.
+
+ Counts describe the named surface only. HTML evidence is not React or Vue evidence, a source emitter
+ is not a runtime package, an admitted chart name is not rendered output, and a preview frame is not a
+ chart.
+
+ ## Increment 1 — Sprint 182: Product Reality Foundation — CLOSED 2026-09-04
+
+ Reviewed by `PS-2026-09-04-004` (decision `#1662`); `foundation-v1` promoted by Derek (decision
+ `#1663`). The 14-component nucleus is real in React and Vue with clean packed-consumer proof. Its build
+ authority was
+ [forge-s182-product-reality-foundation-decision-memo.md](../../planning/forge-s182-product-reality-foundation-decision-memo.md).
+
+ ## Increment 2 — Sprint 183: Runnable Generation — CLOSED 2026-09-05
+
+ Built by `PS-2026-09-04-007` at frozen head `9a4202fe` and independently reviewed by `PS-2026-09-05-001`
+ (decision `#1689`, determination in
+ [forge-s183-review-determination.md](../../planning/forge-s183-review-determination.md)). The exit gate
+ was genuinely met: the six-month-old schema `compose-7d860337` installs, builds, renders, hydrates and
+ passes interactions in clean React and Vue consumers. Two record defects blocked certification — a
+ `passed` claim that five archived mutation patches could not support, and an undisclosed loss of HTML
+ generation for Forge's own detail template absorbed by repointing tests. Both were repaired in
+ `s184-m07`, and the sprint was closed on 2026-09-05.
+
+ ## Increment 3 — Sprint 184: First Greenfield Workflow — CLOSED 2026-09-05, PARTIAL BY DESIGN
+
+ Built from `ab0d712d` and reviewed by `PS-2026-09-05-004`; closed by Derek the same day. Its build
+ authority was
+ [forge-s184-greenfield-workflow-decision-memo.md](../../planning/forge-s184-greenfield-workflow-decision-memo.md).
+
+ It ported the eight components the two March-2026 Subscription schemas needed, resolved six
+ off-contract facts by moving contracts rather than schemas, added the workflow state axis to the
+ schema language and both emitters, reversed the screen-scope binding rule so generated call sites
+ exist, replaced the textual stub guard with a forwarding check, and proved the list → detail slice
+ from live generation in both frameworks.
+
+ **Increment 3 is recorded as partial, in those words.** The four workflow states are proven on a
+ schema the sprint's own script builds; the real Subscription schemas are proven state-neutral. No
+ single artifact demonstrates the program sentence "the same semantic workflow is usable in both
+ frameworks with loading, empty, error, and success states." Edit/cancel and timeline have no
+ pre-existing schema, and authoring one would be the circularity the increment exists to avoid. The
+ review also found that the sprint's per-mission mover accounting missed five consumer-relevant
+ advertised movers, including the nucleus Table's zero-row output; that notice is owed and is sent in
+ Sprint 185.
+
+ ## Increment 4 — Sprint 185: Component Breadth Wave 1
+
+ Numbered because Sprint 184 is independently reviewed and closed. Its build authority is
+ [forge-s185-component-breadth-wave-1-decision-memo.md](../../planning/forge-s185-component-breadth-wave-1-decision-memo.md),
+ locked by decision `#1724` at build base `1118f436`.
+
+ It adds **DetailHeader, CardHeader, ColorSwatch, ColorizedBadge and VizAreaPreview** to the nucleus as
+ real React and Vue components and proves them by running the six pre-existing saved schemas they block
+ through live generation and the consumer gates in both frameworks. Reachable saved schemas go from
+ 5/16 to 11/16.
+
+ Planning measured twelve target cells failing with `OODS-N015` on those five IDs and twelve green
+ pruned controls. It incorrectly inferred a pure port; the build found the hidden defects described
+ below. The sprint also retired the voided literal nucleus freeze. VizAreaPreview ships honestly as a
+ sized preview frame, not a chart (`#1727`).
+
+ **Built and independently reviewed 2026-09-06; CERTIFIED and CLOSED** (review session
+ `PS-2026-09-06-002`, determination in
+ [forge-s185-review-determination.md](../../planning/forge-s185-review-determination.md)). The exit
+ gate held from live generation: 124 of 124 applicable gates over 16 framework cells, four interaction
+ rows not applicable and excluded; reachability 11/16; every live nucleus pin derived. The "pure port"
+ inference did not survive the build — three contract defects were found and repaired in-sprint
+ (`#1734`, `#1736`, `#1738`). Four-suite closeout at `f8d15098` was green with zero failures.
+
+ ## Increment 5 — Sprint 186: Component Breadth Wave 2 — CERTIFIED AND CLOSED
+
+ Locked 2026-09-06 on Derek's confirmation. Build authority was
+ [forge-s186-component-breadth-wave-2-decision-memo.md](../../planning/forge-s186-component-breadth-wave-2-decision-memo.md)
+ at build base `5aa53b3a`. The starting census showed the remaining five unreachable schemas blocked by
+ exactly 23 components, all with executing HTML renderers. Six missions, one per schema in
+ smallest-cluster-first order (test-tagged 3, user-detail 4, user-list 5, user-timeline 5, user-form 6)
+ and a sixth that folded the eight ported families into the root. Existing Sprint 185 tooling was
+ reused with explicit narrow adaptations (#1780), rather than literal unchanged execution.
+
+ Independent review `PS-2026-09-06-006` closed the sprint under decision #1785. Governed components
+ grew 27 → 50; the five newly reachable schemas passed 80/80 applicable consumer gates in both
+ frameworks. **The 16/16 result applies to the authentic recomposed successor store.** The original
+ historical corpus remains 15/16 on five invalid User-form field bindings per framework. Decisions
+ #1776–#1779 record the scope adjustment; the program's original-input obligation is not silently
+ removed. See [review determination](../../planning/forge-s186-review-determination.md).
+
+ Pace rule from Derek, in force from this sprint on: appreciable progress every sprint, not a little work
+ and a lot of measuring. No per-mission four-suite captures, no new closeout apparatus, no critic
+ workflow. The per-component evidence bar from Wave 1 is unchanged.
+
+ ## Increment 6 — Sprint 187: Fresh Composition Coverage — BUILT, REVIEW PENDING
+
+ **LOCKED** by decisions `#1787`–`#1789`, planning session `PS-2026-09-06-007`.
+ The [decision memo](../../planning/forge-s187-fresh-composition-decision-memo.md) is the build authority.
+ The fourteen component families, binding repairs, discovery refresh and delivery preparation are
+ implemented. The serial mission evidence is retained under `artifacts/product-reality/sprint-187/`.
+ The final census at `adab89f9` improves the planning baseline from 27/66 schemas and 58/132 cells to
+ **66/66 and 132/132**. All 28 selected consumer cells pass their applicable gates (218 pass,
+ 6 explicitly N/A, zero failures/skips). No schemas were pruned or hand-authored as fresh inputs.
+
+ | Delivered work | Evidence boundary |
+ |---|---|
+ | LabelCell, InlineLabel, FormLabelGroup, ClassificationBadge, ClassificationEditor | Real React/Vue roots, contracts, styles and local native classification controls; no persistence |
+ | OwnerBadge, OwnershipSummary, OwnershipMeta, TagSummary | Owner/role metadata, zero counts, tags and documented children precedence |
+ | ArchiveSummary, ArchivePill, CancellationForm, CancellationBadge, PriceCardMeta | False badges, nullable archive timestamp, price model/interval and local cancellation controls; no cancellation workflow |
+ | Composition and binding repairs | StatusTimeline.label, numeric zero, boolean false, local query updates, optional card actions and nullable datetime; original Product/detail B2 operand measured separately |
+ | Discovery/census/aliases/delivery | Retain109 explained in live discovery; eleven dispositions recorded; aliases retained because migration is unproven; isolated delivery rehearsal and rollback complete |
+
+ The existing s185/s186 proof tools received named, bounded s187 adaptations. No new closeout
+ framework or per-mission four-suite capture was introduced. The source capability fold is unchanged
+ from the evidence-backed m04 result:150 surface cells on 50 existing IDs and 600 references, with all 109
+ identities retained. Final m06 runtime evidence supplements those retained proofs.
+
+ After this increment, the strongest follow-on candidates are the still-partial **complete greenfield
+ workflow** and **current visualization public-render closure**. Neither is automatically numbered or
+ locked here. The green 66-schema generation matrix does not prove navigation, edit/cancel, state
+ transitions, responsive craft, remaining catalog breadth, or chart pixels.
+
+ ## Gates that apply to every increment
+
+ - Claims come from executable evidence, never catalog prose or research conclusions.
+ - React and Vue are equal targets; framework-specific behavior stays idiomatic.
+ - Packed-consumer tests use no workspace alias, repository source import, existing `node_modules`, or
+   user registry configuration.
+ - An unsupported target fails with a typed gap; warning-only fallback is not success.
+ - Exploratory work may use advisory validation. Production/release artifacts must pass the declared
+   enforced profile.
+ - Every significant failure mode receives a negative test or mutation bite capable of proving the
+   gate is discriminating, and a bite for a behavioral promise removes the behavior, not a string.
+ - A pre-existing test whose input changes during a sprint carries a stated reason in the closeout.
+ - A claim quantified with "every" is measured against the full tracked population at the review head.
+ - Advertised-surface movement is computed once, sprint-wide, from the final diff — never assembled
+   from per-mission scopes.
+ - Automated snapshots prove stability, not design quality; an independent review inspects responsive
+   craft and interaction states before a greenfield artifact is called usable.
+ - A build session records evidence and stops. A separate review session decides genuine close, and
+   scopes its verification to findings that could flip the determination.
+ - Public publishing, hosting, and paid external API use require explicit later decisions.
+
+ ## Parallel obligations and parks
+
+ Sprint-181 follow-ups `#1315` and `#1318`–`#1322` remain Forge-owned maintenance debt under decision
+ `#1651`; they are named at every closeout and must close before an integrated public release.
+
+ Derek resolved the census choice (#1331) by accepting the recommendation to **retain all 109
+ obligations** (#1788). The old 98-runtime split is not approved. Its generator assigns `authoring-only`
+ when a root React export or HTML renderer is absent, although the excluded traits describe runtime
+ behavior. Missing implementation cannot by itself remove an obligation. Sprint 187 m05 reviewed
+ those eleven rows with trait/caller evidence: nine retain implementation work and two alias/merge
+ proposals need product decisions. No runtime intent was excluded because code was missing.
+ The historical `approvedRuntimeCensus` stays null while that old proposal is unapproved; live discovery
+ must explain the accepted retain-109 ruling. Surface-cell evidence updates do not move scope (#1726).
+
+ The following are parked until their named dependency is met:
+
+ - the eight-family root fold is complete; `/ported`, `/readiness-ported` and `/css-ported` alias
+   retirement was reviewed in Sprint 187 (#1382/#1385); retain aliases while external migration is unproven;
+ - closure of all current visualization recipes, and making VizAreaPreview a real chart — after
+   component breadth, unless independent staffing permits parallel work;
+ - visualization breadth beyond the current 13 — after the public render and certification path is
+   coherent;
+ - Figma, Penpot, MCP Apps, or another design-surface adapter — after Forge artifacts are runnable and
+   the adapter's capabilities, costs, auth, and write semantics can be evaluated honestly;
+ - public package publication or hosted Forge delivery — after licensing, distribution, and operating
+   cost decisions; and
+ - `schema.ingest` — historically shelved by `#1649`; decision `#1652` retains the shelving result
+   while superseding its incorrect surface claim.
+
+ ## Independent review handoff
+
+ Read [the m06 evidence packet](../../../artifacts/product-reality/sprint-187/m06/README.md) and its
+ claim-ledger/review-handoff JSON. The build is in
+ `/Users/systemsystems/.codex/worktrees/s187/OODS-Forge`, branch
+ `codex/sprint-187-fresh-composition`; actual public implementation `adab89f92e3dca8a67442ddd9873d62f36db8fe5`.
+ The ledger separately names the actual four-suite execution and frozen evidence/review commits;
+ public-byte equivalence must hold between implementation and execution. Canonical CMOS remains in
+ the primary checkout, whose unrelated dirty work was not reset or used as implementation source.
+
+ Sprint 187 stays **Active**, **BUILT, REVIEW PENDING**, `builderSelfCertified:false`. The separate
+ review session determines certification and close. Deployment #1374/#1379/#1384 remains pending;
+ no shared PM2 restart, shared-store overwrite, publication or outbound reconnect occurred. Alias
+ retirement and unverified maturity remain open. Maintenance #1315/#1318–#1322 remains named and
+ unabsorbed before integrated public release. PR83 CI follow-up #1386 was resolved before this build;
+ its ECharts soak skip remains disclosed.
+

 ❯ tests/verification/s177-prose-carriers.contract.test.ts:69:18
     67|     // Sprint 186 keeps the program Active, retains the independently …
     68|     // Sprint 185 history, and requires its own review (rule #1690).
     69|     expect(near).toContain(
       |                  ^
     70|       "**Status:** ACTIVE — program decision `#1652`; Sprint 186 build…
     71|     );

⎯⎯⎯⎯⎯⎯⎯⎯⎯⎯⎯⎯⎯⎯⎯⎯⎯⎯⎯⎯⎯⎯⎯[2/17]⎯

 FAIL  |core| packages/mcp-server/test/compose/slot-vocabulary-unification.spec.ts > slot vocabulary unification > maps User list before/after extensions into concrete slots without placement warnings
AssertionError: expected 'AddressSummaryBadge' to be 'Button' // Object.is equality

Expected: "Button"
Received: "AddressSummaryBadge"

 ❯ packages/mcp-server/test/compose/slot-vocabulary-unification.spec.ts:29:112
     27|     expect(result.warnings.filter((warning) => warning.code === 'OODS-…
     28|     expect(result.selections.find((selection) => selection.slotName ==…
     29|     expect(result.selections.find((selection) => selection.slotName ==…
       |                                                                                                                ^
     30| 
     31|     const components = collectComponents(result.schema);

⎯⎯⎯⎯⎯⎯⎯⎯⎯⎯⎯⎯⎯⎯⎯⎯⎯⎯⎯⎯⎯⎯⎯[3/17]⎯

 FAIL  |core| packages/mcp-server/test/compose/slot-vocabulary-unification.spec.ts > slot vocabulary unification > maps Subscription list secondary billing placement without OODS-V120 warnings
AssertionError: expected 'PriceBadge' to be 'Button' // Object.is equality

Expected: "Button"
Received: "PriceBadge"

 ❯ packages/mcp-server/test/compose/slot-vocabulary-unification.spec.ts:54:49
     52|     );
     53| 
     54|     expect(toolbarSelection?.selectedComponent).toBe('Button');
       |                                                 ^
     55|     expect(toolbarSelection?.candidates.map((candidate) => candidate.n…
     56| 

⎯⎯⎯⎯⎯⎯⎯⎯⎯⎯⎯⎯⎯⎯⎯⎯⎯⎯⎯⎯⎯⎯⎯[4/17]⎯

 FAIL  |core| packages/mcp-server/test/e2e/object-codegen-pipeline.spec.ts > E2E object codegen target readiness > keeps Subscription detail blocked only by the remaining unavailable component
AssertionError: expected { status: 'ok', …(8) } to deeply equal { status: 'error', …(8) }

- Expected
+ Received

@@ -1,23 +1,527 @@
  {
-   "code": "",
-   "errors": [
+   "artifact": {
+     "actions": [
+       {
+         "name": "handleDelete",
+         "parameters": [],
+         "sources": [
+           {
+             "component": "Stack",
+             "event": "onDelete",
+             "nodeId": "screen-detail-13",
+           },
+         ],
+       },
+       {
+         "name": "handleEdit",
+         "parameters": [],
+         "sources": [
+           {
+             "component": "Stack",
+             "event": "onEdit",
+             "nodeId": "screen-detail-13",
+           },
+         ],
+       },
+     ],
+     "contentHash": "sha256:c75861d4c8c1dd333631a8ae73b8bb18bf74ba2e5f586078aa4fb276120435de",
+     "dependencies": [
+       {
+         "kind": "dependency",
+         "name": "@oods/component-styles",
+         "version": "0.1.0",
+       },
+       {
+         "kind": "dependency",
+         "name": "@oods/components-react",
+         "version": "0.1.0",
+       },
+       {
+         "kind": "peerDependency",
+         "name": "react",
+         "version": "19.2.0",
+       },
        {
-       "code": "OODS-N015",
-       "component": "ArchiveSummary",
-       "message": "Component ArchiveSummary is not emission-eligible for react; evidence state: unavailable.",
-       "nodeId": "ve-header-26",
+         "kind": "peerDependency",
+         "name": "react-dom",
+         "version": "19.2.0",
+       },
+     ],
+     "files": [
+       {
+         "contentHash": "sha256:6c598d0e89b2107cab2a3e2a69c7da52b66f6fa52454a90099cc4910c1fc2e13",
+         "contents": "import React from 'react';
+ import { ArchiveSummary, AuditTimeline, CancellationSummary, Card, Stack, StatusBadge, StatusTimeline, Tabs, Text } from '@oods/components-react';
+ import '@oods/component-styles/css';
+
+ export interface GeneratedUIActions {
+   /* @oods-domain-action handleDelete sha256:221fdee3330ccb3c003961fa632660ca61b4f1713ca9b67d2612c45fe63a1f43 */
+   /* @oods-domain-source sha256:74252fa49ed24d37978bced342336a0b2aac9bed23e8fa0d6d3db7f99f0fe9fc */
+   handleDelete: () => void;
+   /* @oods-domain-action handleEdit sha256:8d06ae954d1e16d46333996b5945dbfef37c642e52d7bc1f68ece666c760d9b2 */
+   /* @oods-domain-source sha256:c0d990cc2989feb07786ba35c93b878e524cccf8ecc11583869e8f3344f87f48 */
+   handleEdit: () => void;
+ }
+
+ export interface PageProps {
+   actions: GeneratedUIActions;
+   /** Materialized list of valid next states from the current status, computed from the
+ transitionRules parameter. When transitionRules is null (open model), this contains
+ all states except the current one. Used by StatusSelector to disable invalid options
+ and by StatusBadge to indicate available paths.
+  */
+   allowedTransitions?: string[];
+   /** Recurring price expressed in minor units (e.g., cents). */
+   amount: number;
+   /** Structured metadata about the archival action for compliance and audit purposes.
+
+ Properties:
+   - method: \"manual\" | \"automated\" | \"policy\" — how the archive was triggered
+   - compliance_tags: string[] — regulatory labels (e.g., [\"GDPR\", \"SOX\", \"HIPAA\"])
+   - retention_policy_id: string — reference to the retention policy that triggered archival
+   - original_status: string — the Stateful status before archival
+   - related_entity_count: number — count of related entities also archived (cascade)
+  */
+   archiveMetadata?: Record<string, unknown>;
+   /** Human-readable narrative describing why the entity was archived. */
+   archiveReason?: string;
+   /** Timestamp for when the entity entered the archived state. */
+   archivedAt?: string | null;
+   /** User ID or system identifier of the actor who archived this entity.
+ Set to \"system\" for automated/policy-driven archival. Supports audit trail queries
+ like \"show all entities archived by user X\" or \"show all auto-archived entities\".
+  */
+   archivedBy?: string;
+   /** Recurrence cadence (monthly, yearly, quarterly, etc.). */
+   billingInterval?: string;
+   /** Whether the subscription will cancel at the natural billing period end. */
+   cancelAtPeriodEnd: boolean;
+   /** Free-form explanation captured during cancellation workflows. */
+   cancellationReason?: string;
+   /** Structured reason code chosen from the allowedReasons parameter. */
+   cancellationReasonCode?: string;
+   /** Timestamp when cancellation was initiated. */
+   cancellationRequestedAt?: string;
+   /** Timestamp recording when the entity was first created. */
+   createdAt: string;
+   /** ISO 4217 currency code used for billing. */
+   currency: string;
+   /** End timestamp of the current billing cycle. */
+   currentPeriodEnd: string;
+   /** Decimal progress (0-1) through the active billing cycle. */
+   currentPeriodProgress?: number;
+   /** Start timestamp of the current billing cycle. */
+   currentPeriodStart: string;
+   /** Billing contact email address. */
+   customerEmail?: string;
+   /** Customer or account name associated with the subscription. */
+   customerName?: string;
+   /** Flag indicating whether the entity is currently archived (soft-deleted). */
+   isArchived: boolean;
+   /** Lifecycle event associated with the most recent timestamp mutation. */
+   lastEvent: string;
+   /** Timestamp for the lifecycle event captured in last_event. */
+   lastEventAt?: string;
+   /** Timestamp of the most recent successful payment. */
+   lastPaymentAt?: string;
+   /** Timestamp when the next payment attempt should occur. */
+   nextPaymentDueAt?: string;
+   /** Payment instrument category used for collection. */
+   paymentMethodType?: 'card' | 'ach' | 'wire' | 'invoice' | 'other';
+   /** Outcome of the most recent collection attempt. Distinct from subscription
+ lifecycle status — a subscription can be \"active\" with payment_status \"retrying\".
+  */
+   paymentStatus?: 'pending' | 'succeeded' | 'failed' | 'retrying' | 'refunded';
+   /** Internal plan code or price identifier. */
+   planCode?: string;
+   /** Billing interval descriptor (monthly, yearly, etc.). */
+   planInterval?: string;
+   /** Human-readable plan label shown in headers. */
+   planName: string;
+   /** Prorated credit or charge in minor currency units generated by a mid-cycle
+ plan change. Positive values are charges; negative values are credits.
+ Only populated when the supportProration parameter is true.
+  */
+   prorationAmount?: number;
+   /** Unix timestamp (epoch SECONDS) at which proration is calculated. Pinned when an
+ upcoming-invoice PREVIEW is requested and MUST be passed identically on commit so the
+ committed charge equals the previewed amount. The preview is read-only and does NOT
+ mutate the subscription. Stored as an integer (not a datetime) so the value round-trips
+ byte-identically between preview and commit — an ISO string normalization could shift it
+ and desync the previewed vs charged amount. Only populated when supportProration is true.
+ Source: docs.stripe.com/billing/subscriptions/prorations.
+  */
+   prorationDate?: number;
+   /** Metadata about the most recent restoration action.
+
+ Properties:
+   - restored_by: string — user ID or \"system\"
+   - restored_fields: string[] — when partial restore, which fields were restored
+   - restoration_reason: string — why the entity was restored
+   - restored_from_snapshot: boolean — whether restored from a point-in-time snapshot
+  */
+   restorationMetadata?: Record<string, unknown>;
+   /** Timestamp for when the entity was most recently restored from an archived state. */
+   restoredAt?: string | null;
+   /** Chronological log of state transitions. Each entry records the before/after states,
+ timestamp, and (when governance is enabled) the actor, reason, and transition metadata.
+ Rendered by StatusTimeline in the detail and timeline views.
+
+ Entry structure:
+   - from: string (previous state)
+   - to: string (new state)
+   - timestamp: ISO 8601 datetime
+   - actor_id: string (user/system who triggered the transition, optional)
+   - reason: string (human-readable justification, required when requireTransitionReason is true)
+   - transition_metadata: Record<string, unknown> (arbitrary context, optional)
+  */
+   stateHistory?: unknown[];
+   /** Current lifecycle status of the subscription. */
+   status: 'future' | 'trialing' | 'active' | 'paused' | 'pending_cancellation' | 'past_due' | 'unpaid' | 'terminated';
+   /** Primary identifier used across billing and lifecycle systems. */
+   subscriptionId: string;
+   /** Timestamp for the most recent modification, when available. */
+   updatedAt?: string;
+ }
+
+ type ArchiveSummaryProps = React.ComponentPropsWithoutRef<typeof ArchiveSummary>;
+ type AuditTimelineProps = React.ComponentPropsWithoutRef<typeof AuditTimeline>;
+ type CancellationSummaryProps = React.ComponentPropsWithoutRef<typeof CancellationSummary>;
+ type CardProps = React.ComponentPropsWithoutRef<typeof Card>;
+ type StackProps = React.ComponentPropsWithoutRef<typeof Stack>;
+ type StatusBadgeProps = React.ComponentPropsWithoutRef<typeof StatusBadge>;
+ type StatusTimelineProps = React.ComponentPropsWithoutRef<typeof StatusTimeline>;
+ type TabsProps = React.ComponentPropsWithoutRef<typeof Tabs>;
+ type TextProps = React.ComponentPropsWithoutRef<typeof Text>;
+
+ export const GeneratedUI: React.FC<PageProps> = ({ actions, allowedTransitions, amount, archiveMetadata, archiveReason, archivedAt, archivedBy, billingInterval, cancelAtPeriodEnd, cancellationReason, cancellationReasonCode, cancellationRequestedAt, createdAt, currency, currentPeriodEnd, currentPeriodProgress, currentPeriodStart, customerEmail, customerName, isArchived, lastEvent, lastEventAt, lastPaymentAt, nextPaymentDueAt, paymentMethodType, paymentStatus, planCode, planInterval, planName, prorationAmount, prorationDate, restorationMetadata, restoredAt, stateHistory, status, subscriptionId, updatedAt }) => {
+   if (!actions || !Object.prototype.hasOwnProperty.call(actions, 'handleDelete') || typeof actions.handleDelete !== 'function') { throw new Error('GeneratedUI requires actions.handleDelete.'); }
+   if (!actions || !Object.prototype.hasOwnProperty.call(actions, 'handleEdit') || typeof actions.handleEdit !== 'function') { throw new Error('GeneratedUI requires actions.handleEdit.'); }
+
+   /* @oods-domain-binding handleDelete */ const handleDelete = () => { actions.handleDelete(); };
+   /* @oods-domain-binding handleEdit */ const handleEdit = () => { actions.handleEdit(); };
+
+   return (
+     <>
+       <>
+         <Stack id=\"screen-detail-13\" data-oods-component=\"Stack\" data-layout=\"stack\" style={{ display: 'flex', flexDirection: 'column', gap: 'var(--ref-space-cluster-default)' }}>
+               <Stack id=\"detail-header-1\" data-oods-component=\"Stack\" data-layout=\"inline\" style={{ display: 'flex', flexDirection: 'row', justifyContent: 'space-between', padding: 'var(--ref-space-inset-default)' }}>
+                       <Stack id=\"slot-header-2\" data-oods-component=\"Stack\" data-layout=\"stack\" style={{ display: 'flex', flexDirection: 'column', gap: 'var(--ref-space-cluster-default)' }}>
+                                 <StatusTimeline id=\"ve-header-24\" data-oods-component=\"StatusTimeline\" showActorId showReason history={stateHistory} allowedTransitions={allowedTransitions} status={status} />
+                                 <CancellationSummary id=\"ve-header-25\" data-oods-component=\"CancellationSummary\" cancelAtPeriodEnd={cancelAtPeriodEnd} requestedAt={cancellationRequestedAt} reason={cancellationReason} code={cancellationReasonCode} />
+                                 <ArchiveSummary id=\"ve-header-26\" data-oods-component=\"ArchiveSummary\" isArchived={isArchived} archivedAt={archivedAt} reason={archiveReason} />
+                               </Stack>
+                     </Stack>
+               <Card id=\"detail-body-10\" data-oods-component=\"Card\" data-layout=\"sidebar\" style={{ alignItems: 'start', display: 'grid', gap: 'var(--ref-space-cluster-default)', gridTemplateColumns: 'minmax(0, 1fr) minmax(16rem, 24rem)' }}>
+                       <div data-sidebar-main>
+                         <Tabs id=\"detail-tabs-9\" data-oods-component=\"Tabs\" items={[
+                           { ...{\"id\":\"detail-tab-panel-3\",\"label\":\"Billing\"}, panel: (
+                             <Stack id=\"detail-tab-panel-3\" data-oods-component=\"Stack\" data-layout=\"stack\" style={{ display: 'flex', flexDirection: 'column', gap: 'var(--ref-space-cluster-default)' }}>
+                               <StatusTimeline id=\"slot-tab-0-4\" data-oods-component=\"StatusTimeline\" data-layout=\"stack\" style={{ display: 'flex', flexDirection: 'column', gap: 'var(--ref-space-cluster-tight)' }}>
+                                   <Text id=\"pg-status-timeline-28\" data-oods-component=\"Text\" label=\"Current lifecycle status of the subscription.\">{status}</Text>
+                                   <Text id=\"pg-status-timeline-29\" data-oods-component=\"Text\" label=\"Materialized list of valid next states from the current status, computed from the&#10;transitionRules parameter. When transitionRules is null (open model), this contains&#10;all states except the current one. Used by StatusSelector to disable invalid options&#10;and by StatusBadge to indicate available paths.&#10;\">{Array.isArray(allowedTransitions) ? allowedTransitions.join(', ') : ''}</Text>
+                                 </StatusTimeline>
+                             </Stack>
+                           ) },
+                           { ...{\"id\":\"detail-tab-panel-5\",\"label\":\"Status & History\"}, panel: (
+                             <Stack id=\"detail-tab-panel-5\" data-oods-component=\"Stack\" data-layout=\"stack\" style={{ display: 'flex', flexDirection: 'column', gap: 'var(--ref-space-cluster-default)' }}>
+                               <Stack id=\"slot-tab-1-6\" data-oods-component=\"Stack\" />
+                             </Stack>
+                           ) },
+                           { ...{\"id\":\"detail-tab-panel-7\",\"label\":\"Details\"}, panel: (
+                             <Stack id=\"detail-tab-panel-7\" data-oods-component=\"Stack\" data-layout=\"stack\" style={{ display: 'flex', flexDirection: 'column', gap: 'var(--ref-space-cluster-default)' }}>
+                               <Stack id=\"slot-tab-2-8\" data-oods-component=\"Stack\" />
+                             </Stack>
+                           ) },
+                           { ...{\"id\":\"detail-tab-panel-14\",\"label\":\"Status\"}, panel: (
+                             <Stack id=\"detail-tab-panel-14\" data-oods-component=\"Stack\" data-layout=\"stack\" style={{ display: 'flex', flexDirection: 'column', gap: 'var(--ref-space-cluster-default)' }}>
+                               <StatusBadge id=\"slot-tab-3-15\" data-oods-component=\"StatusBadge\" label=\"Outcome of the most recent collection attempt. Distinct from subscription&#10;lifecycle status — a subscription can be &quot;active&quot; with payment_status &quot;retrying&quot;.&#10;\" status={paymentStatus} />
+                             </Stack>
+                           ) },
+                           { ...{\"id\":\"detail-tab-panel-16\",\"label\":\"Dates & History\"}, panel: (
+                             <Stack id=\"detail-tab-panel-16\" data-oods-component=\"Stack\" data-layout=\"stack\" style={{ display: 'flex', flexDirection: 'column', gap: 'var(--ref-space-cluster-default)' }}>
+                               <Text id=\"slot-tab-4-17\" data-oods-component=\"Text\" label=\"Recurring price expressed in minor units (e.g., cents).\">{amount}</Text>
+                             </Stack>
+                           ) },
+                           { ...{\"id\":\"detail-tab-panel-18\",\"label\":\"Pricing\"}, panel: (
+                             <Stack id=\"detail-tab-panel-18\" data-oods-component=\"Stack\" data-layout=\"stack\" style={{ display: 'flex', flexDirection: 'column', gap: 'var(--ref-space-cluster-default)' }}>
+                               <Card id=\"slot-tab-5-19\" data-oods-component=\"Card\" />
+                             </Stack>
+                           ) },
+                           { ...{\"id\":\"detail-tab-panel-20\",\"label\":\"Details 7\"}, panel: (
+                             <Stack id=\"detail-tab-panel-20\" data-oods-component=\"Stack\" data-layout=\"stack\" style={{ display: 'flex', flexDirection: 'column', gap: 'var(--ref-space-cluster-default)' }}>
+                               <Stack id=\"slot-tab-6-21\" data-oods-component=\"Stack\" />
+                             </Stack>
+                           ) },
+                           { ...{\"id\":\"detail-tab-panel-22\",\"label\":\"Pricing 8\"}, panel: (
+                             <Stack id=\"detail-tab-panel-22\" data-oods-component=\"Stack\" data-layout=\"stack\" style={{ display: 'flex', flexDirection: 'column', gap: 'var(--ref-space-cluster-default)' }}>
+                               <Card id=\"slot-tab-7-23\" data-oods-component=\"Card\" />
+                             </Stack>
+                           ) }
+                         ]} />
+                       </div>
+                       <aside data-sidebar-aside>
+                         <Stack id=\"detail-meta-11\" data-oods-component=\"Stack\" data-layout=\"stack\" style={{ display: 'flex', flexDirection: 'column', gap: 'var(--ref-space-cluster-tight)', padding: 'var(--ref-space-inset-default)' }}>
+                                     <AuditTimeline id=\"slot-metadata-12\" data-oods-component=\"AuditTimeline\" />
+                                   </Stack>
+                       </aside>
+                     </Card>
+             </Stack>
+         <div role=\"group\" aria-label=\"Screen actions\" data-oods-screen-actions=\"screen-detail-13\">
+           <button type=\"button\" data-oods-action=\"handleDelete\" onClick={() => handleDelete()}>Delete</button>
+           <button type=\"button\" data-oods-action=\"handleEdit\" onClick={() => handleEdit()}>Edit</button>
+         </div>
+       </>
+     </>
+   );
+ };
+ ",
+         "path": "src/GeneratedUI.tsx",
        },
      ],
-   "fileExtension": "",
      "framework": "react",
-   "imports": [],
+     "schemaVersion": "1.0.0",
+   },
+   "code": "import React from 'react';
+ import { ArchiveSummary, AuditTimeline, CancellationSummary, Card, Stack, StatusBadge, StatusTimeline, Tabs, Text } from '@oods/components-react';
+ import '@oods/component-styles/css';
+
+ export interface GeneratedUIActions {
+   /* @oods-domain-action handleDelete sha256:221fdee3330ccb3c003961fa632660ca61b4f1713ca9b67d2612c45fe63a1f43 */
+   /* @oods-domain-source sha256:74252fa49ed24d37978bced342336a0b2aac9bed23e8fa0d6d3db7f99f0fe9fc */
+   handleDelete: () => void;
+   /* @oods-domain-action handleEdit sha256:8d06ae954d1e16d46333996b5945dbfef37c642e52d7bc1f68ece666c760d9b2 */
+   /* @oods-domain-source sha256:c0d990cc2989feb07786ba35c93b878e524cccf8ecc11583869e8f3344f87f48 */
+   handleEdit: () => void;
+ }
+
+ export interface PageProps {
+   actions: GeneratedUIActions;
+   /** Materialized list of valid next states from the current status, computed from the
+ transitionRules parameter. When transitionRules is null (open model), this contains
+ all states except the current one. Used by StatusSelector to disable invalid options
+ and by StatusBadge to indicate available paths.
+  */
+   allowedTransitions?: string[];
+   /** Recurring price expressed in minor units (e.g., cents). */
+   amount: number;
+   /** Structured metadata about the archival action for compliance and audit purposes.
+
+ Properties:
+   - method: \"manual\" | \"automated\" | \"policy\" — how the archive was triggered
+   - compliance_tags: string[] — regulatory labels (e.g., [\"GDPR\", \"SOX\", \"HIPAA\"])
+   - retention_policy_id: string — reference to the retention policy that triggered archival
+   - original_status: string — the Stateful status before archival
+   - related_entity_count: number — count of related entities also archived (cascade)
+  */
+   archiveMetadata?: Record<string, unknown>;
+   /** Human-readable narrative describing why the entity was archived. */
+   archiveReason?: string;
+   /** Timestamp for when the entity entered the archived state. */
+   archivedAt?: string | null;
+   /** User ID or system identifier of the actor who archived this entity.
+ Set to \"system\" for automated/policy-driven archival. Supports audit trail queries
+ like \"show all entities archived by user X\" or \"show all auto-archived entities\".
+  */
+   archivedBy?: string;
+   /** Recurrence cadence (monthly, yearly, quarterly, etc.). */
+   billingInterval?: string;
+   /** Whether the subscription will cancel at the natural billing period end. */
+   cancelAtPeriodEnd: boolean;
+   /** Free-form explanation captured during cancellation workflows. */
+   cancellationReason?: string;
+   /** Structured reason code chosen from the allowedReasons parameter. */
+   cancellationReasonCode?: string;
+   /** Timestamp when cancellation was initiated. */
+   cancellationRequestedAt?: string;
+   /** Timestamp recording when the entity was first created. */
+   createdAt: string;
+   /** ISO 4217 currency code used for billing. */
+   currency: string;
+   /** End timestamp of the current billing cycle. */
+   currentPeriodEnd: string;
+   /** Decimal progress (0-1) through the active billing cycle. */
+   currentPeriodProgress?: number;
+   /** Start timestamp of the current billing cycle. */
+   currentPeriodStart: string;
+   /** Billing contact email address. */
+   customerEmail?: string;
+   /** Customer or account name associated with the subscription. */
+   customerName?: string;
+   /** Flag indicating whether the entity is currently archived (soft-deleted). */
+   isArchived: boolean;
+   /** Lifecycle event associated with the most recent timestamp mutation. */
+   lastEvent: string;
+   /** Timestamp for the lifecycle event captured in last_event. */
+   lastEventAt?: string;
+   /** Timestamp of the most recent successful payment. */
+   lastPaymentAt?: string;
+   /** Timestamp when the next payment attempt should occur. */
+   nextPaymentDueAt?: string;
+   /** Payment instrument category used for collection. */
+   paymentMethodType?: 'card' | 'ach' | 'wire' | 'invoice' | 'other';
+   /** Outcome of the most recent collection attempt. Distinct from subscription
+ lifecycle status — a subscription can be \"active\" with payment_status \"retrying\".
+  */
+   paymentStatus?: 'pending' | 'succeeded' | 'failed' | 'retrying' | 'refunded';
+   /** Internal plan code or price identifier. */
+   planCode?: string;
+   /** Billing interval descriptor (monthly, yearly, etc.). */
+   planInterval?: string;
+   /** Human-readable plan label shown in headers. */
+   planName: string;
+   /** Prorated credit or charge in minor currency units generated by a mid-cycle
+ plan change. Positive values are charges; negative values are credits.
+ Only populated when the supportProration parameter is true.
+  */
+   prorationAmount?: number;
+   /** Unix timestamp (epoch SECONDS) at which proration is calculated. Pinned when an
+ upcoming-invoice PREVIEW is requested and MUST be passed identically on commit so the
+ committed charge equals the previewed amount. The preview is read-only and does NOT
+ mutate the subscription. Stored as an integer (not a datetime) so the value round-trips
+ byte-identically between preview and commit — an ISO string normalization could shift it
+ and desync the previewed vs charged amount. Only populated when supportProration is true.
+ Source: docs.stripe.com/billing/subscriptions/prorations.
+  */
+   prorationDate?: number;
+   /** Metadata about the most recent restoration action.
+
+ Properties:
+   - restored_by: string — user ID or \"system\"
+   - restored_fields: string[] — when partial restore, which fields were restored
+   - restoration_reason: string — why the entity was restored
+   - restored_from_snapshot: boolean — whether restored from a point-in-time snapshot
+  */
+   restorationMetadata?: Record<string, unknown>;
+   /** Timestamp for when the entity was most recently restored from an archived state. */
+   restoredAt?: string | null;
+   /** Chronological log of state transitions. Each entry records the before/after states,
+ timestamp, and (when governance is enabled) the actor, reason, and transition metadata.
+ Rendered by StatusTimeline in the detail and timeline views.
+
+ Entry structure:
+   - from: string (previous state)
+   - to: string (new state)
+   - timestamp: ISO 8601 datetime
+   - actor_id: string (user/system who triggered the transition, optional)
+   - reason: string (human-readable justification, required when requireTransitionReason is true)
+   - transition_metadata: Record<string, unknown> (arbitrary context, optional)
+  */
+   stateHistory?: unknown[];
+   /** Current lifecycle status of the subscription. */
+   status: 'future' | 'trialing' | 'active' | 'paused' | 'pending_cancellation' | 'past_due' | 'unpaid' | 'terminated';
+   /** Primary identifier used across billing and lifecycle systems. */
+   subscriptionId: string;
+   /** Timestamp for the most recent modification, when available. */
+   updatedAt?: string;
+ }
+
+ type ArchiveSummaryProps = React.ComponentPropsWithoutRef<typeof ArchiveSummary>;
+ type AuditTimelineProps = React.ComponentPropsWithoutRef<typeof AuditTimeline>;
+ type CancellationSummaryProps = React.ComponentPropsWithoutRef<typeof CancellationSummary>;
+ type CardProps = React.ComponentPropsWithoutRef<typeof Card>;
+ type StackProps = React.ComponentPropsWithoutRef<typeof Stack>;
+ type StatusBadgeProps = React.ComponentPropsWithoutRef<typeof StatusBadge>;
+ type StatusTimelineProps = React.ComponentPropsWithoutRef<typeof StatusTimeline>;
+ type TabsProps = React.ComponentPropsWithoutRef<typeof Tabs>;
+ type TextProps = React.ComponentPropsWithoutRef<typeof Text>;
+
+ export const GeneratedUI: React.FC<PageProps> = ({ actions, allowedTransitions, amount, archiveMetadata, archiveReason, archivedAt, archivedBy, billingInterval, cancelAtPeriodEnd, cancellationReason, cancellationReasonCode, cancellationRequestedAt, createdAt, currency, currentPeriodEnd, currentPeriodProgress, currentPeriodStart, customerEmail, customerName, isArchived, lastEvent, lastEventAt, lastPaymentAt, nextPaymentDueAt, paymentMethodType, paymentStatus, planCode, planInterval, planName, prorationAmount, prorationDate, restorationMetadata, restoredAt, stateHistory, status, subscriptionId, updatedAt }) => {
+   if (!actions || !Object.prototype.hasOwnProperty.call(actions, 'handleDelete') || typeof actions.handleDelete !== 'function') { throw new Error('GeneratedUI requires actions.handleDelete.'); }
+   if (!actions || !Object.prototype.hasOwnProperty.call(actions, 'handleEdit') || typeof actions.handleEdit !== 'function') { throw new Error('GeneratedUI requires actions.handleEdit.'); }
+
+   /* @oods-domain-binding handleDelete */ const handleDelete = () => { actions.handleDelete(); };
+   /* @oods-domain-binding handleEdit */ const handleEdit = () => { actions.handleEdit(); };
+
+   return (
+     <>
+       <>
+         <Stack id=\"screen-detail-13\" data-oods-component=\"Stack\" data-layout=\"stack\" style={{ display: 'flex', flexDirection: 'column', gap: 'var(--ref-space-cluster-default)' }}>
+               <Stack id=\"detail-header-1\" data-oods-component=\"Stack\" data-layout=\"inline\" style={{ display: 'flex', flexDirection: 'row', justifyContent: 'space-between', padding: 'var(--ref-space-inset-default)' }}>
+                       <Stack id=\"slot-header-2\" data-oods-component=\"Stack\" data-layout=\"stack\" style={{ display: 'flex', flexDirection: 'column', gap: 'var(--ref-space-cluster-default)' }}>
+                                 <StatusTimeline id=\"ve-header-24\" data-oods-component=\"StatusTimeline\" showActorId showReason history={stateHistory} allowedTransitions={allowedTransitions} status={status} />
+                                 <CancellationSummary id=\"ve-header-25\" data-oods-component=\"CancellationSummary\" cancelAtPeriodEnd={cancelAtPeriodEnd} requestedAt={cancellationRequestedAt} reason={cancellationReason} code={cancellationReasonCode} />
+                                 <ArchiveSummary id=\"ve-header-26\" data-oods-component=\"ArchiveSummary\" isArchived={isArchived} archivedAt={archivedAt} reason={archiveReason} />
+                               </Stack>
+                     </Stack>
+               <Card id=\"detail-body-10\" data-oods-component=\"Card\" data-layout=\"sidebar\" style={{ alignItems: 'start', display: 'grid', gap: 'var(--ref-space-cluster-default)', gridTemplateColumns: 'minmax(0, 1fr) minmax(16rem, 24rem)' }}>
+                       <div data-sidebar-main>
+                         <Tabs id=\"detail-tabs-9\" data-oods-component=\"Tabs\" items={[
+                           { ...{\"id\":\"detail-tab-panel-3\",\"label\":\"Billing\"}, panel: (
+                             <Stack id=\"detail-tab-panel-3\" data-oods-component=\"Stack\" data-layout=\"stack\" style={{ display: 'flex', flexDirection: 'column', gap: 'var(--ref-space-cluster-default)' }}>
+                               <StatusTimeline id=\"slot-tab-0-4\" data-oods-component=\"StatusTimeline\" data-layout=\"stack\" style={{ display: 'flex', flexDirection: 'column', gap: 'var(--ref-space-cluster-tight)' }}>
+                                   <Text id=\"pg-status-timeline-28\" data-oods-component=\"Text\" label=\"Current lifecycle status of the subscription.\">{status}</Text>
+                                   <Text id=\"pg-status-timeline-29\" data-oods-component=\"Text\" label=\"Materialized list of valid next states from the current status, computed from the&#10;transitionRules parameter. When transitionRules is null (open model), this contains&#10;all states except the current one. Used by StatusSelector to disable invalid options&#10;and by StatusBadge to indicate available paths.&#10;\">{Array.isArray(allowedTransitions) ? allowedTransitions.join(', ') : ''}</Text>
+                                 </StatusTimeline>
+                             </Stack>
+                           ) },
+                           { ...{\"id\":\"detail-tab-panel-5\",\"label\":\"Status & History\"}, panel: (
+                             <Stack id=\"detail-tab-panel-5\" data-oods-component=\"Stack\" data-layout=\"stack\" style={{ display: 'flex', flexDirection: 'column', gap: 'var(--ref-space-cluster-default)' }}>
+                               <Stack id=\"slot-tab-1-6\" data-oods-component=\"Stack\" />
+                             </Stack>
+                           ) },
+                           { ...{\"id\":\"detail-tab-panel-7\",\"label\":\"Details\"}, panel: (
+                             <Stack id=\"detail-tab-panel-7\" data-oods-component=\"Stack\" data-layout=\"stack\" style={{ display: 'flex', flexDirection: 'column', gap: 'var(--ref-space-cluster-default)' }}>
+                               <Stack id=\"slot-tab-2-8\" data-oods-component=\"Stack\" />
+                             </Stack>
+                           ) },
+                           { ...{\"id\":\"detail-tab-panel-14\",\"label\":\"Status\"}, panel: (
+                             <Stack id=\"detail-tab-panel-14\" data-oods-component=\"Stack\" data-layout=\"stack\" style={{ display: 'flex', flexDirection: 'column', gap: 'var(--ref-space-cluster-default)' }}>
+                               <StatusBadge id=\"slot-tab-3-15\" data-oods-component=\"StatusBadge\" label=\"Outcome of the most recent collection attempt. Distinct from subscription&#10;lifecycle status — a subscription can be &quot;active&quot; with payment_status &quot;retrying&quot;.&#10;\" status={paymentStatus} />
+                             </Stack>
+                           ) },
+                           { ...{\"id\":\"detail-tab-panel-16\",\"label\":\"Dates & History\"}, panel: (
+                             <Stack id=\"detail-tab-panel-16\" data-oods-component=\"Stack\" data-layout=\"stack\" style={{ display: 'flex', flexDirection: 'column', gap: 'var(--ref-space-cluster-default)' }}>
+                               <Text id=\"slot-tab-4-17\" data-oods-component=\"Text\" label=\"Recurring price expressed in minor units (e.g., cents).\">{amount}</Text>
+                             </Stack>
+                           ) },
+                           { ...{\"id\":\"detail-tab-panel-18\",\"label\":\"Pricing\"}, panel: (
+                             <Stack id=\"detail-tab-panel-18\" data-oods-component=\"Stack\" data-layout=\"stack\" style={{ display: 'flex', flexDirection: 'column', gap: 'var(--ref-space-cluster-default)' }}>
+                               <Card id=\"slot-tab-5-19\" data-oods-component=\"Card\" />
+                             </Stack>
+                           ) },
+                           { ...{\"id\":\"detail-tab-panel-20\",\"label\":\"Details 7\"}, panel: (
+                             <Stack id=\"detail-tab-panel-20\" data-oods-component=\"Stack\" data-layout=\"stack\" style={{ display: 'flex', flexDirection: 'column', gap: 'var(--ref-space-cluster-default)' }}>
+                               <Stack id=\"slot-tab-6-21\" data-oods-component=\"Stack\" />
+                             </Stack>
+                           ) },
+                           { ...{\"id\":\"detail-tab-panel-22\",\"label\":\"Pricing 8\"}, panel: (
+                             <Stack id=\"detail-tab-panel-22\" data-oods-component=\"Stack\" data-layout=\"stack\" style={{ display: 'flex', flexDirection: 'column', gap: 'var(--ref-space-cluster-default)' }}>
+                               <Card id=\"slot-tab-7-23\" data-oods-component=\"Card\" />
+                             </Stack>
+                           ) }
+                         ]} />
+                       </div>
+                       <aside data-sidebar-aside>
+                         <Stack id=\"detail-meta-11\" data-oods-component=\"Stack\" data-layout=\"stack\" style={{ display: 'flex', flexDirection: 'column', gap: 'var(--ref-space-cluster-tight)', padding: 'var(--ref-space-inset-default)' }}>
+                                     <AuditTimeline id=\"slot-metadata-12\" data-oods-component=\"AuditTimeline\" />
+                                   </Stack>
+                       </aside>
+                     </Card>
+             </Stack>
+         <div role=\"group\" aria-label=\"Screen actions\" data-oods-screen-actions=\"screen-detail-13\">
+           <button type=\"button\" data-oods-action=\"handleDelete\" onClick={() => handleDelete()}>Delete</button>
+           <button type=\"button\" data-oods-action=\"handleEdit\" onClick={() => handleEdit()}>Edit</button>
+         </div>
+       </>
+     </>
+   );
+ };
+ ",
+   "fileExtension": ".tsx",
+   "framework": "react",
+   "imports": [
+     "react",
+     "@oods/components-react",
+     "@oods/component-styles/css",
+   ],
    "meta": {
      "componentCount": 9,
      "nodeCount": 28,
    },
-   "status": "error",
+   "status": "ok",
    "validationReceipt": {
      "axes": {
        "enforcement": "blocking",
        "fallback": "forbidden",
        "scope": "generated-artifact",
@@ -30,28 +534,29 @@
      "checks": [
        "schema-structure",
        "component-registry",
        "state-contract",
        "target-readiness",
+       "normalization-fidelity",
+       "binding-contract",
+       "props-contract",
+       "slots-contract",
+       "events-contract",
+       "dependency-closure",
+       "fallback-policy",
      ],
      "defaulted": true,
      "evidence": {
        "accepted": [],
+       "artifactContentHash": "sha256:c75861d4c8c1dd333631a8ae73b8bb18bf74ba2e5f586078aa4fb276120435de",
        "mismatched": [],
        "missing": [],
        "notApplicable": [],
        "provided": [],
        "required": [],
      },
      "notChecked": [
-       "normalization-fidelity",
-       "binding-contract",
-       "props-contract",
-       "slots-contract",
-       "events-contract",
-       "dependency-closure",
-       "fallback-policy",
        "rendered-evidence",
        "interaction-evidence",
        "accessibility-evidence",
        "theme-evidence",
        "determinism-evidence",

 ❯ expectTargetUnavailable packages/mcp-server/test/e2e/object-codegen-pipeline.spec.ts:83:18
     81|   });
     82| 
     83|   expect(result).toEqual({
       |                  ^
     84|     status: 'error',
     85|     framework,
 ❯ composeAndCheck packages/mcp-server/test/e2e/object-codegen-pipeline.spec.ts:177:7
 ❯ packages/mcp-server/test/e2e/object-codegen-pipeline.spec.ts:186:5

⎯⎯⎯⎯⎯⎯⎯⎯⎯⎯⎯⎯⎯⎯⎯⎯⎯⎯⎯⎯⎯⎯⎯[5/17]⎯

 FAIL  |core| packages/mcp-server/test/e2e/object-codegen-pipeline.spec.ts > E2E object codegen target readiness > keeps User detail composition/rendering, resolves its former readiness gaps, and reports the remaining composer contract defect
AssertionError: expected { status: 'ok', …(8) } to match object { status: 'error', …(5) }
(16 matching properties omitted from actual)

- Expected
+ Received

  {
-   "code": "",
+   "code": "import React from 'react';
+ import { AddressCollectionPanel, AuditTimeline, Card, MembershipPanel, PreferencePanel, Stack, StatusTimeline, Tabs, TagManager, Text } from '@oods/components-react';
+ import '@oods/component-styles/css';
+
+ export interface GeneratedUIActions {
+   /* @oods-domain-action handleDelete sha256:221fdee3330ccb3c003961fa632660ca61b4f1713ca9b67d2612c45fe63a1f43 */
+   /* @oods-domain-source sha256:74252fa49ed24d37978bced342336a0b2aac9bed23e8fa0d6d3db7f99f0fe9fc */
+   handleDelete: () => void;
+   /* @oods-domain-action handleEdit sha256:8d06ae954d1e16d46333996b5945dbfef37c642e52d7bc1f68ece666c760d9b2 */
+   /* @oods-domain-source sha256:c0d990cc2989feb07786ba35c93b878e524cccf8ecc11583869e8f3344f87f48 */
+   handleEdit: () => void;
+ }
+
+ export interface PageProps {
+   actions: GeneratedUIActions;
+   /** Ordered list of roles that currently have address entries. */
+   addressRoles: string[];
+   /** Collection of { role, address, metadata } entries keyed by role. */
+   addresses?: unknown[];
+   /** Materialized list of valid next states from the current status, computed from the
+ transitionRules parameter. When transitionRules is null (open model), this contains
+ all states except the current one. Used by StatusSelector to disable invalid options
+ and by StatusBadge to indicate available paths.
+  */
+   allowedTransitions?: string[];
+   /** Provider configuration for each channel (SMTP/Twilio/FCM/Webhook). */
+   channelCatalog: unknown[];
+   /** Multi-party threaded conversations with membership metadata (R20.6 Part 3.3). */
+   conversations?: unknown[];
+   /** Timestamp recording when the entity was first created. */
+   createdAt: string;
+   /** Role surfaced in UI contexts when one address must be highlighted. */
+   defaultAddressRole?: string;
+   /** Retry/throttle/quiet-hour policies (R20.1 Part 3 lifecycle). */
+   deliveryPolicies: unknown[];
+   /** Supporting summary rendered in detail and card contexts. */
+   description?: string;
+   /** Lifecycle event associated with the most recent timestamp mutation. */
+   lastEvent: string;
+   /** Timestamp for the lifecycle event captured in last_event. */
+   lastEventAt?: string;
+   /** SaaS membership triple (user_id, organization_id, role_id) with UNIQUE constraint (TABLE 4). */
+   membershipRecords: unknown[];
+   /** Delivery state machine transitions (queued → sent → delivered → failed → retried → read). */
+   messageStatuses?: unknown[];
+   /** Atomic message payloads queued for delivery (R20.6 Part 1.2 primitives). */
+   messages?: unknown[];
+   /** Human-friendly name rendered in headers and list contexts. */
+   name: string;
+   /** Atomic permissions following resource:action notation (TABLE 2). */
+   permissionCatalog: unknown[];
+   /** Normalized preference payload captured by PreferenceStore (version, preferences map, metadata). */
+   preferenceDocument: unknown;
+   /** Tracks schema version, lastUpdated timestamp, migration records, and source. */
+   preferenceMetadata: unknown;
+   /** Monotonic counter incremented whenever preferences mutate (invalidates caches). */
+   preferenceMutations?: number;
+   /** Materialized namespace list resolved from parameters/registry for auditing. */
+   preferenceNamespaces: string[];
+   /** SemVer mirror of preference_document.version for indexing and analytics. */
+   preferenceVersion: string;
+   /** Preferred display name surfaced in collaborative tooling. */
+   preferredName?: string;
+   /** Canonical login email address for the user. */
+   primaryEmail: string;
+   /** Highest privilege role currently granted to the user. */
+   role: 'end_user' | 'admin' | 'owner' | 'billing';
+   /** Canonical RBAC roles (R21.2 Part 4.2 TABLE 1). */
+   roleCatalog: unknown[];
+   /** Parent→child adjacency list for hierarchical RBAC (Part 3.1). */
+   roleHierarchyEdges?: unknown[];
+   /** Junction map for role→permission edges (TABLE 3). */
+   rolePermissions: unknown;
+   /** Materialized roles granted within the current session/token exchange. */
+   sessionRoles?: string[];
+   /** Chronological log of state transitions. Each entry records the before/after states,
+ timestamp, and (when governance is enabled) the actor, reason, and transition metadata.
+ Rendered by StatusTimeline in the detail and timeline views.
+
+ Entry structure:
+   - from: string (previous state)
+   - to: string (new state)
+   - timestamp: ISO 8601 datetime
+   - actor_id: string (user/system who triggered the transition, optional)
+   - reason: string (human-readable justification, required when requireTransitionReason is true)
+   - transition_metadata: Record<string, unknown> (arbitrary context, optional)
+  */
+   stateHistory?: unknown[];
+   /** Canonical lifecycle state derived from the states parameter. This is the single source
+ of truth for the entity's current lifecycle position. Consumed by Colorized to resolve
+ visual tokens, and by view extensions to render StatusBadge and StatusTimeline.
+  */
+   status: string;
+   /** Computed number of tags assigned to the entity. */
+   tagCount: number;
+   /** Per-tag governance metadata. Each entry corresponds to a tag in the tags array and
+ tracks provenance and usage for taxonomy health monitoring.
+
+ Entry structure:
+   - tag: string (the tag value, matches entry in tags array)
+   - created_at: ISO 8601 datetime
+   - created_by: string (user ID or \"system\" for allow-list tags)
+   - usage_count: number (how many entities use this tag, computed)
+   - moderation_status: \"approved\" | \"pending\" | \"rejected\" (when allowTagModeration is true)
+   - canonical_form: string (resolved synonym target, when synonymResolution is enabled)
+  */
+   tagMetadata?: Record<string, unknown>[];
+   /** Ordered list of tags assigned to the entity. */
+   tags?: string[];
+   /** Localized template definitions with declared variables per R20.1 Part 2.3. */
+   templateCatalog: unknown[];
+   /** Preferred timezone applied when rendering timestamps. */
+   timezone?: string;
+   /** Timestamp for the most recent modification, when available. */
+   updatedAt?: string;
+   /** Primary identifier used to correlate identity across services. */
+   userId: string;
+ }
+
+ type AddressCollectionPanelProps = React.ComponentPropsWithoutRef<typeof AddressCollectionPanel>;
+ type AuditTimelineProps = React.ComponentPropsWithoutRef<typeof AuditTimeline>;
+ type CardProps = React.ComponentPropsWithoutRef<typeof Card>;
+ type MembershipPanelProps = React.ComponentPropsWithoutRef<typeof MembershipPanel>;
+ type PreferencePanelProps = React.ComponentPropsWithoutRef<typeof PreferencePanel>;
+ type StackProps = React.ComponentPropsWithoutRef<typeof Stack>;
+ type StatusTimelineProps = React.ComponentPropsWithoutRef<typeof StatusTimeline>;
+ type TabsProps = React.ComponentPropsWithoutRef<typeof Tabs>;
+ type TagManagerProps = React.ComponentPropsWithoutRef<typeof TagManager>;
+ type TextProps = React.ComponentPropsWithoutRef<typeof Text>;
+
+ export const GeneratedUI: React.FC<PageProps> = ({ actions, addressRoles, addresses, allowedTransitions, channelCatalog, conversations, createdAt, defaultAddressRole, deliveryPolicies, description, lastEvent, lastEventAt, membershipRecords, messageStatuses, messages, name, permissionCatalog, preferenceDocument, preferenceMetadata, preferenceMutations, preferenceNamespaces, preferenceVersion, preferredName, primaryEmail, role, roleCatalog, roleHierarchyEdges, rolePermissions, sessionRoles, stateHistory, status, tagCount, tagMetadata, tags, templateCatalog, timezone, updatedAt, userId }) => {
+   if (!actions || !Object.prototype.hasOwnProperty.call(actions, 'handleDelete') || typeof actions.handleDelete !== 'function') { throw new Error('GeneratedUI requires actions.handleDelete.'); }
+   if (!actions || !Object.prototype.hasOwnProperty.call(actions, 'handleEdit') || typeof actions.handleEdit !== 'function') { throw new Error('GeneratedUI requires actions.handleEdit.'); }
+
+   /* @oods-domain-binding handleDelete */ const handleDelete = () => { actions.handleDelete(); };
+   /* @oods-domain-binding handleEdit */ const handleEdit = () => { actions.handleEdit(); };
+
+   return (
+     <>
+       <>
+         <Stack id=\"screen-detail-13\" data-oods-component=\"Stack\" data-layout=\"stack\" style={{ display: 'flex', flexDirection: 'column', gap: 'var(--ref-space-cluster-default)' }}>
+               <Stack id=\"detail-header-1\" data-oods-component=\"Stack\" data-layout=\"inline\" style={{ display: 'flex', flexDirection: 'row', justifyContent: 'space-between', padding: 'var(--ref-space-inset-default)' }}>
+                       <Stack id=\"slot-header-2\" data-oods-component=\"Stack\" data-layout=\"stack\" style={{ display: 'flex', flexDirection: 'column', gap: 'var(--ref-space-cluster-default)' }}>
+                                 <StatusTimeline id=\"ve-header-28\" data-oods-component=\"StatusTimeline\" showActorId showReason history={stateHistory} allowedTransitions={allowedTransitions} status={status} />
+                                 <TagManager id=\"ve-header-29\" data-oods-component=\"TagManager\" tags={tags} />
+                               </Stack>
+                     </Stack>
+               <Card id=\"detail-body-10\" data-oods-component=\"Card\" data-layout=\"sidebar\" style={{ alignItems: 'start', display: 'grid', gap: 'var(--ref-space-cluster-default)', gridTemplateColumns: 'minmax(0, 1fr) minmax(16rem, 24rem)' }}>
+                       <div data-sidebar-main>
+                         <Tabs id=\"detail-tabs-9\" data-oods-component=\"Tabs\" items={[
+                           { ...{\"id\":\"detail-tab-panel-3\",\"label\":\"Overview\"}, panel: (
+                             <Stack id=\"detail-tab-panel-3\" data-oods-component=\"Stack\" data-layout=\"stack\" style={{ display: 'flex', flexDirection: 'column', gap: 'var(--ref-space-cluster-default)' }}>
+                               <StatusTimeline id=\"slot-tab-0-4\" data-oods-component=\"StatusTimeline\" data-layout=\"stack\" style={{ display: 'flex', flexDirection: 'column', gap: 'var(--ref-space-cluster-tight)' }}>
+                                   <Text id=\"pg-status-timeline-30\" data-oods-component=\"Text\" label=\"Canonical lifecycle state derived from the states parameter. This is the single source&#10;of truth for the entity's current lifecycle position. Consumed by Colorized to resolve&#10;visual tokens, and by view extensions to render StatusBadge and StatusTimeline.&#10;\">{status}</Text>
+                                   <Text id=\"pg-status-timeline-31\" data-oods-component=\"Text\" label=\"Materialized list of valid next states from the current status, computed from the&#10;transitionRules parameter. When transitionRules is null (open model), this contains&#10;all states except the current one. Used by StatusSelector to disable invalid options&#10;and by StatusBadge to indicate available paths.&#10;\">{Array.isArray(allowedTransitions) ? allowedTransitions.join(', ') : ''}</Text>
+                                 </StatusTimeline>
+                             </Stack>
+                           ) },
+                           { ...{\"id\":\"detail-tab-panel-5\",\"label\":\"Communication\"}, panel: (
+                             <Stack id=\"detail-tab-panel-5\" data-oods-component=\"Stack\" data-layout=\"stack\" style={{ display: 'flex', flexDirection: 'column', gap: 'var(--ref-space-cluster-default)' }}>
+                               <MembershipPanel id=\"slot-tab-1-6\" data-oods-component=\"MembershipPanel\" />
+                             </Stack>
+                           ) },
+                           { ...{\"id\":\"detail-tab-panel-7\",\"label\":\"Status & History\"}, panel: (
+                             <Stack id=\"detail-tab-panel-7\" data-oods-component=\"Stack\" data-layout=\"stack\" style={{ display: 'flex', flexDirection: 'column', gap: 'var(--ref-space-cluster-default)' }}>
+                               <AddressCollectionPanel id=\"slot-tab-2-8\" data-oods-component=\"AddressCollectionPanel\" />
+                             </Stack>
+                           ) },
+                           { ...{\"id\":\"detail-tab-panel-14\",\"label\":\"Behavior\"}, panel: (
+                             <Stack id=\"detail-tab-panel-14\" data-oods-component=\"Stack\" data-layout=\"stack\" style={{ display: 'flex', flexDirection: 'column', gap: 'var(--ref-space-cluster-default)' }}>
+                               <PreferencePanel id=\"slot-tab-3-15\" data-oods-component=\"PreferencePanel\" />
+                             </Stack>
+                           ) },
+                           { ...{\"id\":\"detail-tab-panel-16\",\"label\":\"Details\"}, panel: (
+                             <Stack id=\"detail-tab-panel-16\" data-oods-component=\"Stack\" data-layout=\"stack\" style={{ display: 'flex', flexDirection: 'column', gap: 'var(--ref-space-cluster-default)' }}>
+                               <Stack id=\"slot-tab-4-17\" data-oods-component=\"Stack\" />
+                             </Stack>
+                           ) },
+                           { ...{\"id\":\"detail-tab-panel-18\",\"label\":\"Collections\"}, panel: (
+                             <Stack id=\"detail-tab-panel-18\" data-oods-component=\"Stack\" data-layout=\"stack\" style={{ display: 'flex', flexDirection: 'column', gap: 'var(--ref-space-cluster-default)' }}>
+                               <Text id=\"slot-tab-5-19\" data-oods-component=\"Text\" label=\"Ordered list of roles that currently have address entries.\">{Array.isArray(addressRoles) ? addressRoles.join(', ') : ''}</Text>
+                             </Stack>
+                           ) },
+                           { ...{\"id\":\"detail-tab-panel-20\",\"label\":\"Collections 7\"}, panel: (
+                             <Stack id=\"detail-tab-panel-20\" data-oods-component=\"Stack\" data-layout=\"stack\" style={{ display: 'flex', flexDirection: 'column', gap: 'var(--ref-space-cluster-default)' }}>
+                               <Stack id=\"slot-tab-6-21\" data-oods-component=\"Stack\" />
+                             </Stack>
+                           ) },
+                           { ...{\"id\":\"detail-tab-panel-22\",\"label\":\"Details 8\"}, panel: (
+                             <Stack id=\"detail-tab-panel-22\" data-oods-component=\"Stack\" data-layout=\"stack\" style={{ display: 'flex', flexDirection: 'column', gap: 'var(--ref-space-cluster-default)' }}>
+                               <Card id=\"slot-tab-7-23\" data-oods-component=\"Card\" />
+                             </Stack>
+                           ) }
+                         ]} />
+                       </div>
+                       <aside data-sidebar-aside>
+                         <Stack id=\"detail-meta-11\" data-oods-component=\"Stack\" data-layout=\"stack\" style={{ display: 'flex', flexDirection: 'column', gap: 'var(--ref-space-cluster-tight)', padding: 'var(--ref-space-inset-default)' }}>
+                                     <AuditTimeline id=\"slot-metadata-12\" data-oods-component=\"AuditTimeline\" />
+                                   </Stack>
+                       </aside>
+                     </Card>
+             </Stack>
+         <div role=\"group\" aria-label=\"Screen actions\" data-oods-screen-actions=\"screen-detail-13\">
+           <button type=\"button\" data-oods-action=\"handleDelete\" onClick={() => handleDelete()}>Delete</button>
+           <button type=\"button\" data-oods-action=\"handleEdit\" onClick={() => handleEdit()}>Edit</button>
+         </div>
+       </>
+     </>
+   );
+ };
+ ",
    "framework": "react",
-   "imports": [],
+   "imports": [
+     "react",
+     "@oods/components-react",
+     "@oods/component-styles/css",
+   ],
    "meta": {
      "componentCount": 10,
      "nodeCount": 27,
    },
-   "status": "error",
+   "status": "ok",
    "warnings": [],
  }

 ❯ packages/mcp-server/test/e2e/object-codegen-pipeline.spec.ts:213:22
    211|       expect(preflightTargetCapabilities(compose.schema.screens, frame…
    212|       const result = await codegenHandle({ schemaRef, framework, optio…
    213|       expect(result).toMatchObject({
       |                      ^
    214|         status: 'error', framework, code: '', imports: [], warnings: […
    215|         meta: { nodeCount: countNodes(compose.schema), componentCount:…

⎯⎯⎯⎯⎯⎯⎯⎯⎯⎯⎯⎯⎯⎯⎯⎯⎯⎯⎯⎯⎯⎯⎯[6/17]⎯

 FAIL  |core| packages/mcp-server/test/e2e/object-codegen-pipeline.spec.ts > E2E object codegen target readiness > keeps objectSchema field metadata even when framework emission is blocked
AssertionError: expected { status: 'ok', …(8) } to deeply equal { status: 'error', …(8) }

- Expected
+ Received

@@ -1,23 +1,527 @@
  {
-   "code": "",
-   "errors": [
+   "artifact": {
+     "actions": [
+       {
+         "name": "handleDelete",
+         "parameters": [],
+         "sources": [
+           {
+             "component": "Stack",
+             "event": "onDelete",
+             "nodeId": "screen-detail-13",
+           },
+         ],
+       },
+       {
+         "name": "handleEdit",
+         "parameters": [],
+         "sources": [
+           {
+             "component": "Stack",
+             "event": "onEdit",
+             "nodeId": "screen-detail-13",
+           },
+         ],
+       },
+     ],
+     "contentHash": "sha256:c75861d4c8c1dd333631a8ae73b8bb18bf74ba2e5f586078aa4fb276120435de",
+     "dependencies": [
+       {
+         "kind": "dependency",
+         "name": "@oods/component-styles",
+         "version": "0.1.0",
+       },
+       {
+         "kind": "dependency",
+         "name": "@oods/components-react",
+         "version": "0.1.0",
+       },
+       {
+         "kind": "peerDependency",
+         "name": "react",
+         "version": "19.2.0",
+       },
        {
-       "code": "OODS-N015",
-       "component": "ArchiveSummary",
-       "message": "Component ArchiveSummary is not emission-eligible for react; evidence state: unavailable.",
-       "nodeId": "ve-header-26",
+         "kind": "peerDependency",
+         "name": "react-dom",
+         "version": "19.2.0",
+       },
+     ],
+     "files": [
+       {
+         "contentHash": "sha256:6c598d0e89b2107cab2a3e2a69c7da52b66f6fa52454a90099cc4910c1fc2e13",
+         "contents": "import React from 'react';
+ import { ArchiveSummary, AuditTimeline, CancellationSummary, Card, Stack, StatusBadge, StatusTimeline, Tabs, Text } from '@oods/components-react';
+ import '@oods/component-styles/css';
+
+ export interface GeneratedUIActions {
+   /* @oods-domain-action handleDelete sha256:221fdee3330ccb3c003961fa632660ca61b4f1713ca9b67d2612c45fe63a1f43 */
+   /* @oods-domain-source sha256:74252fa49ed24d37978bced342336a0b2aac9bed23e8fa0d6d3db7f99f0fe9fc */
+   handleDelete: () => void;
+   /* @oods-domain-action handleEdit sha256:8d06ae954d1e16d46333996b5945dbfef37c642e52d7bc1f68ece666c760d9b2 */
+   /* @oods-domain-source sha256:c0d990cc2989feb07786ba35c93b878e524cccf8ecc11583869e8f3344f87f48 */
+   handleEdit: () => void;
+ }
+
+ export interface PageProps {
+   actions: GeneratedUIActions;
+   /** Materialized list of valid next states from the current status, computed from the
+ transitionRules parameter. When transitionRules is null (open model), this contains
+ all states except the current one. Used by StatusSelector to disable invalid options
+ and by StatusBadge to indicate available paths.
+  */
+   allowedTransitions?: string[];
+   /** Recurring price expressed in minor units (e.g., cents). */
+   amount: number;
+   /** Structured metadata about the archival action for compliance and audit purposes.
+
+ Properties:
+   - method: \"manual\" | \"automated\" | \"policy\" — how the archive was triggered
+   - compliance_tags: string[] — regulatory labels (e.g., [\"GDPR\", \"SOX\", \"HIPAA\"])
+   - retention_policy_id: string — reference to the retention policy that triggered archival
+   - original_status: string — the Stateful status before archival
+   - related_entity_count: number — count of related entities also archived (cascade)
+  */
+   archiveMetadata?: Record<string, unknown>;
+   /** Human-readable narrative describing why the entity was archived. */
+   archiveReason?: string;
+   /** Timestamp for when the entity entered the archived state. */
+   archivedAt?: string | null;
+   /** User ID or system identifier of the actor who archived this entity.
+ Set to \"system\" for automated/policy-driven archival. Supports audit trail queries
+ like \"show all entities archived by user X\" or \"show all auto-archived entities\".
+  */
+   archivedBy?: string;
+   /** Recurrence cadence (monthly, yearly, quarterly, etc.). */
+   billingInterval?: string;
+   /** Whether the subscription will cancel at the natural billing period end. */
+   cancelAtPeriodEnd: boolean;
+   /** Free-form explanation captured during cancellation workflows. */
+   cancellationReason?: string;
+   /** Structured reason code chosen from the allowedReasons parameter. */
+   cancellationReasonCode?: string;
+   /** Timestamp when cancellation was initiated. */
+   cancellationRequestedAt?: string;
+   /** Timestamp recording when the entity was first created. */
+   createdAt: string;
+   /** ISO 4217 currency code used for billing. */
+   currency: string;
+   /** End timestamp of the current billing cycle. */
+   currentPeriodEnd: string;
+   /** Decimal progress (0-1) through the active billing cycle. */
+   currentPeriodProgress?: number;
+   /** Start timestamp of the current billing cycle. */
+   currentPeriodStart: string;
+   /** Billing contact email address. */
+   customerEmail?: string;
+   /** Customer or account name associated with the subscription. */
+   customerName?: string;
+   /** Flag indicating whether the entity is currently archived (soft-deleted). */
+   isArchived: boolean;
+   /** Lifecycle event associated with the most recent timestamp mutation. */
+   lastEvent: string;
+   /** Timestamp for the lifecycle event captured in last_event. */
+   lastEventAt?: string;
+   /** Timestamp of the most recent successful payment. */
+   lastPaymentAt?: string;
+   /** Timestamp when the next payment attempt should occur. */
+   nextPaymentDueAt?: string;
+   /** Payment instrument category used for collection. */
+   paymentMethodType?: 'card' | 'ach' | 'wire' | 'invoice' | 'other';
+   /** Outcome of the most recent collection attempt. Distinct from subscription
+ lifecycle status — a subscription can be \"active\" with payment_status \"retrying\".
+  */
+   paymentStatus?: 'pending' | 'succeeded' | 'failed' | 'retrying' | 'refunded';
+   /** Internal plan code or price identifier. */
+   planCode?: string;
+   /** Billing interval descriptor (monthly, yearly, etc.). */
+   planInterval?: string;
+   /** Human-readable plan label shown in headers. */
+   planName: string;
+   /** Prorated credit or charge in minor currency units generated by a mid-cycle
+ plan change. Positive values are charges; negative values are credits.
+ Only populated when the supportProration parameter is true.
+  */
+   prorationAmount?: number;
+   /** Unix timestamp (epoch SECONDS) at which proration is calculated. Pinned when an
+ upcoming-invoice PREVIEW is requested and MUST be passed identically on commit so the
+ committed charge equals the previewed amount. The preview is read-only and does NOT
+ mutate the subscription. Stored as an integer (not a datetime) so the value round-trips
+ byte-identically between preview and commit — an ISO string normalization could shift it
+ and desync the previewed vs charged amount. Only populated when supportProration is true.
+ Source: docs.stripe.com/billing/subscriptions/prorations.
+  */
+   prorationDate?: number;
+   /** Metadata about the most recent restoration action.
+
+ Properties:
+   - restored_by: string — user ID or \"system\"
+   - restored_fields: string[] — when partial restore, which fields were restored
+   - restoration_reason: string — why the entity was restored
+   - restored_from_snapshot: boolean — whether restored from a point-in-time snapshot
+  */
+   restorationMetadata?: Record<string, unknown>;
+   /** Timestamp for when the entity was most recently restored from an archived state. */
+   restoredAt?: string | null;
+   /** Chronological log of state transitions. Each entry records the before/after states,
+ timestamp, and (when governance is enabled) the actor, reason, and transition metadata.
+ Rendered by StatusTimeline in the detail and timeline views.
+
+ Entry structure:
+   - from: string (previous state)
+   - to: string (new state)
+   - timestamp: ISO 8601 datetime
+   - actor_id: string (user/system who triggered the transition, optional)
+   - reason: string (human-readable justification, required when requireTransitionReason is true)
+   - transition_metadata: Record<string, unknown> (arbitrary context, optional)
+  */
+   stateHistory?: unknown[];
+   /** Current lifecycle status of the subscription. */
+   status: 'future' | 'trialing' | 'active' | 'paused' | 'pending_cancellation' | 'past_due' | 'unpaid' | 'terminated';
+   /** Primary identifier used across billing and lifecycle systems. */
+   subscriptionId: string;
+   /** Timestamp for the most recent modification, when available. */
+   updatedAt?: string;
+ }
+
+ type ArchiveSummaryProps = React.ComponentPropsWithoutRef<typeof ArchiveSummary>;
+ type AuditTimelineProps = React.ComponentPropsWithoutRef<typeof AuditTimeline>;
+ type CancellationSummaryProps = React.ComponentPropsWithoutRef<typeof CancellationSummary>;
+ type CardProps = React.ComponentPropsWithoutRef<typeof Card>;
+ type StackProps = React.ComponentPropsWithoutRef<typeof Stack>;
+ type StatusBadgeProps = React.ComponentPropsWithoutRef<typeof StatusBadge>;
+ type StatusTimelineProps = React.ComponentPropsWithoutRef<typeof StatusTimeline>;
+ type TabsProps = React.ComponentPropsWithoutRef<typeof Tabs>;
+ type TextProps = React.ComponentPropsWithoutRef<typeof Text>;
+
+ export const GeneratedUI: React.FC<PageProps> = ({ actions, allowedTransitions, amount, archiveMetadata, archiveReason, archivedAt, archivedBy, billingInterval, cancelAtPeriodEnd, cancellationReason, cancellationReasonCode, cancellationRequestedAt, createdAt, currency, currentPeriodEnd, currentPeriodProgress, currentPeriodStart, customerEmail, customerName, isArchived, lastEvent, lastEventAt, lastPaymentAt, nextPaymentDueAt, paymentMethodType, paymentStatus, planCode, planInterval, planName, prorationAmount, prorationDate, restorationMetadata, restoredAt, stateHistory, status, subscriptionId, updatedAt }) => {
+   if (!actions || !Object.prototype.hasOwnProperty.call(actions, 'handleDelete') || typeof actions.handleDelete !== 'function') { throw new Error('GeneratedUI requires actions.handleDelete.'); }
+   if (!actions || !Object.prototype.hasOwnProperty.call(actions, 'handleEdit') || typeof actions.handleEdit !== 'function') { throw new Error('GeneratedUI requires actions.handleEdit.'); }
+
+   /* @oods-domain-binding handleDelete */ const handleDelete = () => { actions.handleDelete(); };
+   /* @oods-domain-binding handleEdit */ const handleEdit = () => { actions.handleEdit(); };
+
+   return (
+     <>
+       <>
+         <Stack id=\"screen-detail-13\" data-oods-component=\"Stack\" data-layout=\"stack\" style={{ display: 'flex', flexDirection: 'column', gap: 'var(--ref-space-cluster-default)' }}>
+               <Stack id=\"detail-header-1\" data-oods-component=\"Stack\" data-layout=\"inline\" style={{ display: 'flex', flexDirection: 'row', justifyContent: 'space-between', padding: 'var(--ref-space-inset-default)' }}>
+                       <Stack id=\"slot-header-2\" data-oods-component=\"Stack\" data-layout=\"stack\" style={{ display: 'flex', flexDirection: 'column', gap: 'var(--ref-space-cluster-default)' }}>
+                                 <StatusTimeline id=\"ve-header-24\" data-oods-component=\"StatusTimeline\" showActorId showReason history={stateHistory} allowedTransitions={allowedTransitions} status={status} />
+                                 <CancellationSummary id=\"ve-header-25\" data-oods-component=\"CancellationSummary\" cancelAtPeriodEnd={cancelAtPeriodEnd} requestedAt={cancellationRequestedAt} reason={cancellationReason} code={cancellationReasonCode} />
+                                 <ArchiveSummary id=\"ve-header-26\" data-oods-component=\"ArchiveSummary\" isArchived={isArchived} archivedAt={archivedAt} reason={archiveReason} />
+                               </Stack>
+                     </Stack>
+               <Card id=\"detail-body-10\" data-oods-component=\"Card\" data-layout=\"sidebar\" style={{ alignItems: 'start', display: 'grid', gap: 'var(--ref-space-cluster-default)', gridTemplateColumns: 'minmax(0, 1fr) minmax(16rem, 24rem)' }}>
+                       <div data-sidebar-main>
+                         <Tabs id=\"detail-tabs-9\" data-oods-component=\"Tabs\" items={[
+                           { ...{\"id\":\"detail-tab-panel-3\",\"label\":\"Billing\"}, panel: (
+                             <Stack id=\"detail-tab-panel-3\" data-oods-component=\"Stack\" data-layout=\"stack\" style={{ display: 'flex', flexDirection: 'column', gap: 'var(--ref-space-cluster-default)' }}>
+                               <StatusTimeline id=\"slot-tab-0-4\" data-oods-component=\"StatusTimeline\" data-layout=\"stack\" style={{ display: 'flex', flexDirection: 'column', gap: 'var(--ref-space-cluster-tight)' }}>
+                                   <Text id=\"pg-status-timeline-28\" data-oods-component=\"Text\" label=\"Current lifecycle status of the subscription.\">{status}</Text>
+                                   <Text id=\"pg-status-timeline-29\" data-oods-component=\"Text\" label=\"Materialized list of valid next states from the current status, computed from the&#10;transitionRules parameter. When transitionRules is null (open model), this contains&#10;all states except the current one. Used by StatusSelector to disable invalid options&#10;and by StatusBadge to indicate available paths.&#10;\">{Array.isArray(allowedTransitions) ? allowedTransitions.join(', ') : ''}</Text>
+                                 </StatusTimeline>
+                             </Stack>
+                           ) },
+                           { ...{\"id\":\"detail-tab-panel-5\",\"label\":\"Status & History\"}, panel: (
+                             <Stack id=\"detail-tab-panel-5\" data-oods-component=\"Stack\" data-layout=\"stack\" style={{ display: 'flex', flexDirection: 'column', gap: 'var(--ref-space-cluster-default)' }}>
+                               <Stack id=\"slot-tab-1-6\" data-oods-component=\"Stack\" />
+                             </Stack>
+                           ) },
+                           { ...{\"id\":\"detail-tab-panel-7\",\"label\":\"Details\"}, panel: (
+                             <Stack id=\"detail-tab-panel-7\" data-oods-component=\"Stack\" data-layout=\"stack\" style={{ display: 'flex', flexDirection: 'column', gap: 'var(--ref-space-cluster-default)' }}>
+                               <Stack id=\"slot-tab-2-8\" data-oods-component=\"Stack\" />
+                             </Stack>
+                           ) },
+                           { ...{\"id\":\"detail-tab-panel-14\",\"label\":\"Status\"}, panel: (
+                             <Stack id=\"detail-tab-panel-14\" data-oods-component=\"Stack\" data-layout=\"stack\" style={{ display: 'flex', flexDirection: 'column', gap: 'var(--ref-space-cluster-default)' }}>
+                               <StatusBadge id=\"slot-tab-3-15\" data-oods-component=\"StatusBadge\" label=\"Outcome of the most recent collection attempt. Distinct from subscription&#10;lifecycle status — a subscription can be &quot;active&quot; with payment_status &quot;retrying&quot;.&#10;\" status={paymentStatus} />
+                             </Stack>
+                           ) },
+                           { ...{\"id\":\"detail-tab-panel-16\",\"label\":\"Dates & History\"}, panel: (
+                             <Stack id=\"detail-tab-panel-16\" data-oods-component=\"Stack\" data-layout=\"stack\" style={{ display: 'flex', flexDirection: 'column', gap: 'var(--ref-space-cluster-default)' }}>
+                               <Text id=\"slot-tab-4-17\" data-oods-component=\"Text\" label=\"Recurring price expressed in minor units (e.g., cents).\">{amount}</Text>
+                             </Stack>
+                           ) },
+                           { ...{\"id\":\"detail-tab-panel-18\",\"label\":\"Pricing\"}, panel: (
+                             <Stack id=\"detail-tab-panel-18\" data-oods-component=\"Stack\" data-layout=\"stack\" style={{ display: 'flex', flexDirection: 'column', gap: 'var(--ref-space-cluster-default)' }}>
+                               <Card id=\"slot-tab-5-19\" data-oods-component=\"Card\" />
+                             </Stack>
+                           ) },
+                           { ...{\"id\":\"detail-tab-panel-20\",\"label\":\"Details 7\"}, panel: (
+                             <Stack id=\"detail-tab-panel-20\" data-oods-component=\"Stack\" data-layout=\"stack\" style={{ display: 'flex', flexDirection: 'column', gap: 'var(--ref-space-cluster-default)' }}>
+                               <Stack id=\"slot-tab-6-21\" data-oods-component=\"Stack\" />
+                             </Stack>
+                           ) },
+                           { ...{\"id\":\"detail-tab-panel-22\",\"label\":\"Pricing 8\"}, panel: (
+                             <Stack id=\"detail-tab-panel-22\" data-oods-component=\"Stack\" data-layout=\"stack\" style={{ display: 'flex', flexDirection: 'column', gap: 'var(--ref-space-cluster-default)' }}>
+                               <Card id=\"slot-tab-7-23\" data-oods-component=\"Card\" />
+                             </Stack>
+                           ) }
+                         ]} />
+                       </div>
+                       <aside data-sidebar-aside>
+                         <Stack id=\"detail-meta-11\" data-oods-component=\"Stack\" data-layout=\"stack\" style={{ display: 'flex', flexDirection: 'column', gap: 'var(--ref-space-cluster-tight)', padding: 'var(--ref-space-inset-default)' }}>
+                                     <AuditTimeline id=\"slot-metadata-12\" data-oods-component=\"AuditTimeline\" />
+                                   </Stack>
+                       </aside>
+                     </Card>
+             </Stack>
+         <div role=\"group\" aria-label=\"Screen actions\" data-oods-screen-actions=\"screen-detail-13\">
+           <button type=\"button\" data-oods-action=\"handleDelete\" onClick={() => handleDelete()}>Delete</button>
+           <button type=\"button\" data-oods-action=\"handleEdit\" onClick={() => handleEdit()}>Edit</button>
+         </div>
+       </>
+     </>
+   );
+ };
+ ",
+         "path": "src/GeneratedUI.tsx",
        },
      ],
-   "fileExtension": "",
      "framework": "react",
-   "imports": [],
+     "schemaVersion": "1.0.0",
+   },
+   "code": "import React from 'react';
+ import { ArchiveSummary, AuditTimeline, CancellationSummary, Card, Stack, StatusBadge, StatusTimeline, Tabs, Text } from '@oods/components-react';
+ import '@oods/component-styles/css';
+
+ export interface GeneratedUIActions {
+   /* @oods-domain-action handleDelete sha256:221fdee3330ccb3c003961fa632660ca61b4f1713ca9b67d2612c45fe63a1f43 */
+   /* @oods-domain-source sha256:74252fa49ed24d37978bced342336a0b2aac9bed23e8fa0d6d3db7f99f0fe9fc */
+   handleDelete: () => void;
+   /* @oods-domain-action handleEdit sha256:8d06ae954d1e16d46333996b5945dbfef37c642e52d7bc1f68ece666c760d9b2 */
+   /* @oods-domain-source sha256:c0d990cc2989feb07786ba35c93b878e524cccf8ecc11583869e8f3344f87f48 */
+   handleEdit: () => void;
+ }
+
+ export interface PageProps {
+   actions: GeneratedUIActions;
+   /** Materialized list of valid next states from the current status, computed from the
+ transitionRules parameter. When transitionRules is null (open model), this contains
+ all states except the current one. Used by StatusSelector to disable invalid options
+ and by StatusBadge to indicate available paths.
+  */
+   allowedTransitions?: string[];
+   /** Recurring price expressed in minor units (e.g., cents). */
+   amount: number;
+   /** Structured metadata about the archival action for compliance and audit purposes.
+
+ Properties:
+   - method: \"manual\" | \"automated\" | \"policy\" — how the archive was triggered
+   - compliance_tags: string[] — regulatory labels (e.g., [\"GDPR\", \"SOX\", \"HIPAA\"])
+   - retention_policy_id: string — reference to the retention policy that triggered archival
+   - original_status: string — the Stateful status before archival
+   - related_entity_count: number — count of related entities also archived (cascade)
+  */
+   archiveMetadata?: Record<string, unknown>;
+   /** Human-readable narrative describing why the entity was archived. */
+   archiveReason?: string;
+   /** Timestamp for when the entity entered the archived state. */
+   archivedAt?: string | null;
+   /** User ID or system identifier of the actor who archived this entity.
+ Set to \"system\" for automated/policy-driven archival. Supports audit trail queries
+ like \"show all entities archived by user X\" or \"show all auto-archived entities\".
+  */
+   archivedBy?: string;
+   /** Recurrence cadence (monthly, yearly, quarterly, etc.). */
+   billingInterval?: string;
+   /** Whether the subscription will cancel at the natural billing period end. */
+   cancelAtPeriodEnd: boolean;
+   /** Free-form explanation captured during cancellation workflows. */
+   cancellationReason?: string;
+   /** Structured reason code chosen from the allowedReasons parameter. */
+   cancellationReasonCode?: string;
+   /** Timestamp when cancellation was initiated. */
+   cancellationRequestedAt?: string;
+   /** Timestamp recording when the entity was first created. */
+   createdAt: string;
+   /** ISO 4217 currency code used for billing. */
+   currency: string;
+   /** End timestamp of the current billing cycle. */
+   currentPeriodEnd: string;
+   /** Decimal progress (0-1) through the active billing cycle. */
+   currentPeriodProgress?: number;
+   /** Start timestamp of the current billing cycle. */
+   currentPeriodStart: string;
+   /** Billing contact email address. */
+   customerEmail?: string;
+   /** Customer or account name associated with the subscription. */
+   customerName?: string;
+   /** Flag indicating whether the entity is currently archived (soft-deleted). */
+   isArchived: boolean;
+   /** Lifecycle event associated with the most recent timestamp mutation. */
+   lastEvent: string;
+   /** Timestamp for the lifecycle event captured in last_event. */
+   lastEventAt?: string;
+   /** Timestamp of the most recent successful payment. */
+   lastPaymentAt?: string;
+   /** Timestamp when the next payment attempt should occur. */
+   nextPaymentDueAt?: string;
+   /** Payment instrument category used for collection. */
+   paymentMethodType?: 'card' | 'ach' | 'wire' | 'invoice' | 'other';
+   /** Outcome of the most recent collection attempt. Distinct from subscription
+ lifecycle status — a subscription can be \"active\" with payment_status \"retrying\".
+  */
+   paymentStatus?: 'pending' | 'succeeded' | 'failed' | 'retrying' | 'refunded';
+   /** Internal plan code or price identifier. */
+   planCode?: string;
+   /** Billing interval descriptor (monthly, yearly, etc.). */
+   planInterval?: string;
+   /** Human-readable plan label shown in headers. */
+   planName: string;
+   /** Prorated credit or charge in minor currency units generated by a mid-cycle
+ plan change. Positive values are charges; negative values are credits.
+ Only populated when the supportProration parameter is true.
+  */
+   prorationAmount?: number;
+   /** Unix timestamp (epoch SECONDS) at which proration is calculated. Pinned when an
+ upcoming-invoice PREVIEW is requested and MUST be passed identically on commit so the
+ committed charge equals the previewed amount. The preview is read-only and does NOT
+ mutate the subscription. Stored as an integer (not a datetime) so the value round-trips
+ byte-identically between preview and commit — an ISO string normalization could shift it
+ and desync the previewed vs charged amount. Only populated when supportProration is true.
+ Source: docs.stripe.com/billing/subscriptions/prorations.
+  */
+   prorationDate?: number;
+   /** Metadata about the most recent restoration action.
+
+ Properties:
+   - restored_by: string — user ID or \"system\"
+   - restored_fields: string[] — when partial restore, which fields were restored
+   - restoration_reason: string — why the entity was restored
+   - restored_from_snapshot: boolean — whether restored from a point-in-time snapshot
+  */
+   restorationMetadata?: Record<string, unknown>;
+   /** Timestamp for when the entity was most recently restored from an archived state. */
+   restoredAt?: string | null;
+   /** Chronological log of state transitions. Each entry records the before/after states,
+ timestamp, and (when governance is enabled) the actor, reason, and transition metadata.
+ Rendered by StatusTimeline in the detail and timeline views.
+
+ Entry structure:
+   - from: string (previous state)
+   - to: string (new state)
+   - timestamp: ISO 8601 datetime
+   - actor_id: string (user/system who triggered the transition, optional)
+   - reason: string (human-readable justification, required when requireTransitionReason is true)
+   - transition_metadata: Record<string, unknown> (arbitrary context, optional)
+  */
+   stateHistory?: unknown[];
+   /** Current lifecycle status of the subscription. */
+   status: 'future' | 'trialing' | 'active' | 'paused' | 'pending_cancellation' | 'past_due' | 'unpaid' | 'terminated';
+   /** Primary identifier used across billing and lifecycle systems. */
+   subscriptionId: string;
+   /** Timestamp for the most recent modification, when available. */
+   updatedAt?: string;
+ }
+
+ type ArchiveSummaryProps = React.ComponentPropsWithoutRef<typeof ArchiveSummary>;
+ type AuditTimelineProps = React.ComponentPropsWithoutRef<typeof AuditTimeline>;
+ type CancellationSummaryProps = React.ComponentPropsWithoutRef<typeof CancellationSummary>;
+ type CardProps = React.ComponentPropsWithoutRef<typeof Card>;
+ type StackProps = React.ComponentPropsWithoutRef<typeof Stack>;
+ type StatusBadgeProps = React.ComponentPropsWithoutRef<typeof StatusBadge>;
+ type StatusTimelineProps = React.ComponentPropsWithoutRef<typeof StatusTimeline>;
+ type TabsProps = React.ComponentPropsWithoutRef<typeof Tabs>;
+ type TextProps = React.ComponentPropsWithoutRef<typeof Text>;
+
+ export const GeneratedUI: React.FC<PageProps> = ({ actions, allowedTransitions, amount, archiveMetadata, archiveReason, archivedAt, archivedBy, billingInterval, cancelAtPeriodEnd, cancellationReason, cancellationReasonCode, cancellationRequestedAt, createdAt, currency, currentPeriodEnd, currentPeriodProgress, currentPeriodStart, customerEmail, customerName, isArchived, lastEvent, lastEventAt, lastPaymentAt, nextPaymentDueAt, paymentMethodType, paymentStatus, planCode, planInterval, planName, prorationAmount, prorationDate, restorationMetadata, restoredAt, stateHistory, status, subscriptionId, updatedAt }) => {
+   if (!actions || !Object.prototype.hasOwnProperty.call(actions, 'handleDelete') || typeof actions.handleDelete !== 'function') { throw new Error('GeneratedUI requires actions.handleDelete.'); }
+   if (!actions || !Object.prototype.hasOwnProperty.call(actions, 'handleEdit') || typeof actions.handleEdit !== 'function') { throw new Error('GeneratedUI requires actions.handleEdit.'); }
+
+   /* @oods-domain-binding handleDelete */ const handleDelete = () => { actions.handleDelete(); };
+   /* @oods-domain-binding handleEdit */ const handleEdit = () => { actions.handleEdit(); };
+
+   return (
+     <>
+       <>
+         <Stack id=\"screen-detail-13\" data-oods-component=\"Stack\" data-layout=\"stack\" style={{ display: 'flex', flexDirection: 'column', gap: 'var(--ref-space-cluster-default)' }}>
+               <Stack id=\"detail-header-1\" data-oods-component=\"Stack\" data-layout=\"inline\" style={{ display: 'flex', flexDirection: 'row', justifyContent: 'space-between', padding: 'var(--ref-space-inset-default)' }}>
+                       <Stack id=\"slot-header-2\" data-oods-component=\"Stack\" data-layout=\"stack\" style={{ display: 'flex', flexDirection: 'column', gap: 'var(--ref-space-cluster-default)' }}>
+                                 <StatusTimeline id=\"ve-header-24\" data-oods-component=\"StatusTimeline\" showActorId showReason history={stateHistory} allowedTransitions={allowedTransitions} status={status} />
+                                 <CancellationSummary id=\"ve-header-25\" data-oods-component=\"CancellationSummary\" cancelAtPeriodEnd={cancelAtPeriodEnd} requestedAt={cancellationRequestedAt} reason={cancellationReason} code={cancellationReasonCode} />
+                                 <ArchiveSummary id=\"ve-header-26\" data-oods-component=\"ArchiveSummary\" isArchived={isArchived} archivedAt={archivedAt} reason={archiveReason} />
+                               </Stack>
+                     </Stack>
+               <Card id=\"detail-body-10\" data-oods-component=\"Card\" data-layout=\"sidebar\" style={{ alignItems: 'start', display: 'grid', gap: 'var(--ref-space-cluster-default)', gridTemplateColumns: 'minmax(0, 1fr) minmax(16rem, 24rem)' }}>
+                       <div data-sidebar-main>
+                         <Tabs id=\"detail-tabs-9\" data-oods-component=\"Tabs\" items={[
+                           { ...{\"id\":\"detail-tab-panel-3\",\"label\":\"Billing\"}, panel: (
+                             <Stack id=\"detail-tab-panel-3\" data-oods-component=\"Stack\" data-layout=\"stack\" style={{ display: 'flex', flexDirection: 'column', gap: 'var(--ref-space-cluster-default)' }}>
+                               <StatusTimeline id=\"slot-tab-0-4\" data-oods-component=\"StatusTimeline\" data-layout=\"stack\" style={{ display: 'flex', flexDirection: 'column', gap: 'var(--ref-space-cluster-tight)' }}>
+                                   <Text id=\"pg-status-timeline-28\" data-oods-component=\"Text\" label=\"Current lifecycle status of the subscription.\">{status}</Text>
+                                   <Text id=\"pg-status-timeline-29\" data-oods-component=\"Text\" label=\"Materialized list of valid next states from the current status, computed from the&#10;transitionRules parameter. When transitionRules is null (open model), this contains&#10;all states except the current one. Used by StatusSelector to disable invalid options&#10;and by StatusBadge to indicate available paths.&#10;\">{Array.isArray(allowedTransitions) ? allowedTransitions.join(', ') : ''}</Text>
+                                 </StatusTimeline>
+                             </Stack>
+                           ) },
+                           { ...{\"id\":\"detail-tab-panel-5\",\"label\":\"Status & History\"}, panel: (
+                             <Stack id=\"detail-tab-panel-5\" data-oods-component=\"Stack\" data-layout=\"stack\" style={{ display: 'flex', flexDirection: 'column', gap: 'var(--ref-space-cluster-default)' }}>
+                               <Stack id=\"slot-tab-1-6\" data-oods-component=\"Stack\" />
+                             </Stack>
+                           ) },
+                           { ...{\"id\":\"detail-tab-panel-7\",\"label\":\"Details\"}, panel: (
+                             <Stack id=\"detail-tab-panel-7\" data-oods-component=\"Stack\" data-layout=\"stack\" style={{ display: 'flex', flexDirection: 'column', gap: 'var(--ref-space-cluster-default)' }}>
+                               <Stack id=\"slot-tab-2-8\" data-oods-component=\"Stack\" />
+                             </Stack>
+                           ) },
+                           { ...{\"id\":\"detail-tab-panel-14\",\"label\":\"Status\"}, panel: (
+                             <Stack id=\"detail-tab-panel-14\" data-oods-component=\"Stack\" data-layout=\"stack\" style={{ display: 'flex', flexDirection: 'column', gap: 'var(--ref-space-cluster-default)' }}>
+                               <StatusBadge id=\"slot-tab-3-15\" data-oods-component=\"StatusBadge\" label=\"Outcome of the most recent collection attempt. Distinct from subscription&#10;lifecycle status — a subscription can be &quot;active&quot; with payment_status &quot;retrying&quot;.&#10;\" status={paymentStatus} />
+                             </Stack>
+                           ) },
+                           { ...{\"id\":\"detail-tab-panel-16\",\"label\":\"Dates & History\"}, panel: (
+                             <Stack id=\"detail-tab-panel-16\" data-oods-component=\"Stack\" data-layout=\"stack\" style={{ display: 'flex', flexDirection: 'column', gap: 'var(--ref-space-cluster-default)' }}>
+                               <Text id=\"slot-tab-4-17\" data-oods-component=\"Text\" label=\"Recurring price expressed in minor units (e.g., cents).\">{amount}</Text>
+                             </Stack>
+                           ) },
+                           { ...{\"id\":\"detail-tab-panel-18\",\"label\":\"Pricing\"}, panel: (
+                             <Stack id=\"detail-tab-panel-18\" data-oods-component=\"Stack\" data-layout=\"stack\" style={{ display: 'flex', flexDirection: 'column', gap: 'var(--ref-space-cluster-default)' }}>
+                               <Card id=\"slot-tab-5-19\" data-oods-component=\"Card\" />
+                             </Stack>
+                           ) },
+                           { ...{\"id\":\"detail-tab-panel-20\",\"label\":\"Details 7\"}, panel: (
+                             <Stack id=\"detail-tab-panel-20\" data-oods-component=\"Stack\" data-layout=\"stack\" style={{ display: 'flex', flexDirection: 'column', gap: 'var(--ref-space-cluster-default)' }}>
+                               <Stack id=\"slot-tab-6-21\" data-oods-component=\"Stack\" />
+                             </Stack>
+                           ) },
+                           { ...{\"id\":\"detail-tab-panel-22\",\"label\":\"Pricing 8\"}, panel: (
+                             <Stack id=\"detail-tab-panel-22\" data-oods-component=\"Stack\" data-layout=\"stack\" style={{ display: 'flex', flexDirection: 'column', gap: 'var(--ref-space-cluster-default)' }}>
+                               <Card id=\"slot-tab-7-23\" data-oods-component=\"Card\" />
+                             </Stack>
+                           ) }
+                         ]} />
+                       </div>
+                       <aside data-sidebar-aside>
+                         <Stack id=\"detail-meta-11\" data-oods-component=\"Stack\" data-layout=\"stack\" style={{ display: 'flex', flexDirection: 'column', gap: 'var(--ref-space-cluster-tight)', padding: 'var(--ref-space-inset-default)' }}>
+                                     <AuditTimeline id=\"slot-metadata-12\" data-oods-component=\"AuditTimeline\" />
+                                   </Stack>
+                       </aside>
+                     </Card>
+             </Stack>
+         <div role=\"group\" aria-label=\"Screen actions\" data-oods-screen-actions=\"screen-detail-13\">
+           <button type=\"button\" data-oods-action=\"handleDelete\" onClick={() => handleDelete()}>Delete</button>
+           <button type=\"button\" data-oods-action=\"handleEdit\" onClick={() => handleEdit()}>Edit</button>
+         </div>
+       </>
+     </>
+   );
+ };
+ ",
+   "fileExtension": ".tsx",
+   "framework": "react",
+   "imports": [
+     "react",
+     "@oods/components-react",
+     "@oods/component-styles/css",
+   ],
    "meta": {
      "componentCount": 9,
      "nodeCount": 28,
    },
-   "status": "error",
+   "status": "ok",
    "validationReceipt": {
      "axes": {
        "enforcement": "blocking",
        "fallback": "forbidden",
        "scope": "generated-artifact",
@@ -30,28 +534,29 @@
      "checks": [
        "schema-structure",
        "component-registry",
        "state-contract",
        "target-readiness",
+       "normalization-fidelity",
+       "binding-contract",
+       "props-contract",
+       "slots-contract",
+       "events-contract",
+       "dependency-closure",
+       "fallback-policy",
      ],
      "defaulted": true,
      "evidence": {
        "accepted": [],
+       "artifactContentHash": "sha256:c75861d4c8c1dd333631a8ae73b8bb18bf74ba2e5f586078aa4fb276120435de",
        "mismatched": [],
        "missing": [],
        "notApplicable": [],
        "provided": [],
        "required": [],
      },
      "notChecked": [
-       "normalization-fidelity",
-       "binding-contract",
-       "props-contract",
-       "slots-contract",
-       "events-contract",
-       "dependency-closure",
-       "fallback-policy",
        "rendered-evidence",
        "interaction-evidence",
        "accessibility-evidence",
        "theme-evidence",
        "determinism-evidence",

 ❯ expectTargetUnavailable packages/mcp-server/test/e2e/object-codegen-pipeline.spec.ts:83:18
     81|   });
     82| 
     83|   expect(result).toEqual({
       |                  ^
     84|     status: 'error',
     85|     framework,
 ❯ packages/mcp-server/test/e2e/object-codegen-pipeline.spec.ts:236:5

⎯⎯⎯⎯⎯⎯⎯⎯⎯⎯⎯⎯⎯⎯⎯⎯⎯⎯⎯⎯⎯⎯⎯[7/17]⎯

 FAIL  |core| packages/mcp-server/test/e2e/tier1-acceptance.e2e.spec.ts > Tier 1 acceptance — bounded framework compatibility > returns OODS-N015 with no code for the legacy Subscription detail react flow
 FAIL  |core| packages/mcp-server/test/e2e/tier1-acceptance.e2e.spec.ts > Tier 1 acceptance — bounded framework compatibility > returns OODS-N015 with no code for the legacy Subscription detail vue flow
AssertionError: expected undefined to be 'codegen' // Object.is equality

- Expected: 
"codegen"

+ Received: 
undefined

 ❯ packages/mcp-server/test/e2e/tier1-acceptance.e2e.spec.ts:62:34
     60|       });
     61| 
     62|       expect(result.error?.step).toBe('codegen');
       |                                  ^
     63|       expect(result.error?.code).toBe('OODS-N015');
     64|       expect(result.error?.message).toContain(`not emission-eligible f…

⎯⎯⎯⎯⎯⎯⎯⎯⎯⎯⎯⎯⎯⎯⎯⎯⎯⎯⎯⎯⎯⎯⎯[8/17]⎯

 FAIL  |core| packages/mcp-server/test/contracts/code.generate-golden.spec.ts > code.generate golden readiness outcomes > matches the react golden readiness outcome for form-page
AssertionError: expected { status: 'ok', …(8) } to deeply equal { status: 'error', …(8) }

- Expected
+ Received

@@ -1,23 +1,134 @@
  {
-   "code": "",
-   "errors": [
+   "artifact": {
+     "actions": [],
+     "contentHash": "sha256:7f678f7780dbdf287dc6bff2e9b124607edbc3d091222e19eda1d1b86454155b",
+     "dependencies": [
        {
-       "code": "OODS-N015",
-       "component": "FormLabelGroup",
-       "message": "Component FormLabelGroup is not emission-eligible for react; evidence state: unavailable.",
-       "nodeId": "form-contact-label",
+         "kind": "dependency",
+         "name": "@oods/component-styles",
+         "version": "0.1.0",
+       },
+       {
+         "kind": "dependency",
+         "name": "@oods/components-react",
+         "version": "0.1.0",
+       },
+       {
+         "kind": "peerDependency",
+         "name": "react",
+         "version": "19.2.0",
        },
+       {
+         "kind": "peerDependency",
+         "name": "react-dom",
+         "version": "19.2.0",
+       },
      ],
-   "fileExtension": "",
+     "files": [
+       {
+         "contentHash": "sha256:c1f3622348ff0a7dac4e3c5a2f18f4683e24559f019e2245d7b2151febf4d443",
+         "contents": "import React from 'react';
+ import { Banner, Button, Card, CardHeader, FormLabelGroup, Input, Select, Stack, Text } from '@oods/components-react';
+ import '@oods/component-styles/css';
+
+ type BannerProps = React.ComponentPropsWithoutRef<typeof Banner>;
+ type ButtonProps = React.ComponentPropsWithoutRef<typeof Button>;
+ type CardProps = React.ComponentPropsWithoutRef<typeof Card>;
+ type CardHeaderProps = React.ComponentPropsWithoutRef<typeof CardHeader>;
+ type FormLabelGroupProps = React.ComponentPropsWithoutRef<typeof FormLabelGroup>;
+ type InputProps = React.ComponentPropsWithoutRef<typeof Input>;
+ type SelectProps = React.ComponentPropsWithoutRef<typeof Select>;
+ type StackProps = React.ComponentPropsWithoutRef<typeof Stack>;
+ type TextProps = React.ComponentPropsWithoutRef<typeof Text>;
+
+ export const GeneratedUI: React.FC = () => {
+   return (
+     <>
+       <Stack id=\"form-page-screen\" data-oods-component=\"Stack\">
+             <Card id=\"form-contact-card\" data-oods-component=\"Card\">
+                     <CardHeader id=\"form-contact-header\" data-oods-component=\"CardHeader\" title=\"Contact Details\" />
+                     <FormLabelGroup id=\"form-contact-label\" data-oods-component=\"FormLabelGroup\" htmlFor=\"contact-email-input\" label=\"Email\" placeholder=\"owner@company.com\" />
+                     <Input id=\"contact-email-input\" data-oods-component=\"Input\" label=\"Email\" name=\"email\" placeholder=\"owner@company.com\" type=\"email\" />
+                     <Select id=\"form-contact-select\" data-oods-component=\"Select\" label=\"Locale\" name=\"locale\" options={[{\"value\":\"en-US\",\"label\":\"English (US)\"},{\"value\":\"fr-FR\",\"label\":\"French (FR)\"}]} value=\"en-US\" />
+                   </Card>
+             <Card id=\"form-preferences-card\" data-oods-component=\"Card\">
+                     <CardHeader id=\"form-preferences-header\" data-oods-component=\"CardHeader\" title=\"Preferences\" />
+                     <Text id=\"form-preferences-text\" data-oods-component=\"Text\" content=\"Configure delivery and billing preferences.\" />
+                     <Input id=\"form-preferences-input\" data-oods-component=\"Input\" label=\"Project Name\" name=\"projectName\" placeholder=\"Project Name\" />
+                     <Select id=\"form-preferences-select\" data-oods-component=\"Select\" label=\"Plan\" name=\"plan\" options={[{\"value\":\"starter\",\"label\":\"Starter\"},{\"value\":\"pro\",\"label\":\"Pro\"}]} value=\"pro\" />
+                   </Card>
+             <Card id=\"form-actions-card\" data-oods-component=\"Card\">
+                     <CardHeader id=\"form-actions-header\" data-oods-component=\"CardHeader\" title=\"Actions\" />
+                     <Button id=\"form-actions-save\" data-oods-component=\"Button\" content=\"Save Changes\" type=\"submit\" />
+                     <Button id=\"form-actions-cancel\" data-oods-component=\"Button\" content=\"Cancel\" type=\"button\" />
+                     <Banner id=\"form-actions-banner\" data-oods-component=\"Banner\" content=\"Unsaved changes will be lost.\" />
+                   </Card>
+           </Stack>
+     </>
+   );
+ };
+ ",
+         "path": "src/GeneratedUI.tsx",
+       },
+     ],
      "framework": "react",
-   "imports": [],
+     "schemaVersion": "1.0.0",
+   },
+   "code": "import React from 'react';
+ import { Banner, Button, Card, CardHeader, FormLabelGroup, Input, Select, Stack, Text } from '@oods/components-react';
+ import '@oods/component-styles/css';
+
+ type BannerProps = React.ComponentPropsWithoutRef<typeof Banner>;
+ type ButtonProps = React.ComponentPropsWithoutRef<typeof Button>;
+ type CardProps = React.ComponentPropsWithoutRef<typeof Card>;
+ type CardHeaderProps = React.ComponentPropsWithoutRef<typeof CardHeader>;
+ type FormLabelGroupProps = React.ComponentPropsWithoutRef<typeof FormLabelGroup>;
+ type InputProps = React.ComponentPropsWithoutRef<typeof Input>;
+ type SelectProps = React.ComponentPropsWithoutRef<typeof Select>;
+ type StackProps = React.ComponentPropsWithoutRef<typeof Stack>;
+ type TextProps = React.ComponentPropsWithoutRef<typeof Text>;
+
+ export const GeneratedUI: React.FC = () => {
+   return (
+     <>
+       <Stack id=\"form-page-screen\" data-oods-component=\"Stack\">
+             <Card id=\"form-contact-card\" data-oods-component=\"Card\">
+                     <CardHeader id=\"form-contact-header\" data-oods-component=\"CardHeader\" title=\"Contact Details\" />
+                     <FormLabelGroup id=\"form-contact-label\" data-oods-component=\"FormLabelGroup\" htmlFor=\"contact-email-input\" label=\"Email\" placeholder=\"owner@company.com\" />
+                     <Input id=\"contact-email-input\" data-oods-component=\"Input\" label=\"Email\" name=\"email\" placeholder=\"owner@company.com\" type=\"email\" />
+                     <Select id=\"form-contact-select\" data-oods-component=\"Select\" label=\"Locale\" name=\"locale\" options={[{\"value\":\"en-US\",\"label\":\"English (US)\"},{\"value\":\"fr-FR\",\"label\":\"French (FR)\"}]} value=\"en-US\" />
+                   </Card>
+             <Card id=\"form-preferences-card\" data-oods-component=\"Card\">
+                     <CardHeader id=\"form-preferences-header\" data-oods-component=\"CardHeader\" title=\"Preferences\" />
+                     <Text id=\"form-preferences-text\" data-oods-component=\"Text\" content=\"Configure delivery and billing preferences.\" />
+                     <Input id=\"form-preferences-input\" data-oods-component=\"Input\" label=\"Project Name\" name=\"projectName\" placeholder=\"Project Name\" />
+                     <Select id=\"form-preferences-select\" data-oods-component=\"Select\" label=\"Plan\" name=\"plan\" options={[{\"value\":\"starter\",\"label\":\"Starter\"},{\"value\":\"pro\",\"label\":\"Pro\"}]} value=\"pro\" />
+                   </Card>
+             <Card id=\"form-actions-card\" data-oods-component=\"Card\">
+                     <CardHeader id=\"form-actions-header\" data-oods-component=\"CardHeader\" title=\"Actions\" />
+                     <Button id=\"form-actions-save\" data-oods-component=\"Button\" content=\"Save Changes\" type=\"submit\" />
+                     <Button id=\"form-actions-cancel\" data-oods-component=\"Button\" content=\"Cancel\" type=\"button\" />
+                     <Banner id=\"form-actions-banner\" data-oods-component=\"Banner\" content=\"Unsaved changes will be lost.\" />
+                   </Card>
+           </Stack>
+     </>
+   );
+ };
+ ",
+   "fileExtension": ".tsx",
+   "framework": "react",
+   "imports": [
+     "react",
+     "@oods/components-react",
+     "@oods/component-styles/css",
+   ],
    "meta": {
      "componentCount": 9,
      "nodeCount": 16,
    },
-   "status": "error",
+   "status": "ok",
    "validationReceipt": {
      "axes": {
        "enforcement": "blocking",
        "fallback": "forbidden",
        "scope": "generated-artifact",
@@ -30,28 +141,29 @@
      "checks": [
        "schema-structure",
        "component-registry",
        "state-contract",
        "target-readiness",
+       "normalization-fidelity",
+       "binding-contract",
+       "props-contract",
+       "slots-contract",
+       "events-contract",
+       "dependency-closure",
+       "fallback-policy",
      ],
      "defaulted": true,
      "evidence": {
        "accepted": [],
+       "artifactContentHash": "sha256:7f678f7780dbdf287dc6bff2e9b124607edbc3d091222e19eda1d1b86454155b",
        "mismatched": [],
        "missing": [],
        "notApplicable": [],
        "provided": [],
        "required": [],
      },
      "notChecked": [
-       "normalization-fidelity",
-       "binding-contract",
-       "props-contract",
-       "slots-contract",
-       "events-contract",
-       "dependency-closure",
-       "fallback-policy",
        "rendered-evidence",
        "interaction-evidence",
        "accessibility-evidence",
        "theme-evidence",
        "determinism-evidence",

 ❯ packages/mcp-server/test/contracts/code.generate-golden.spec.ts:118:24
    116|         }
    117| 
    118|         expect(result).toEqual({
       |                        ^
    119|           status: 'error',
    120|           framework,

⎯⎯⎯⎯⎯⎯⎯⎯⎯⎯⎯⎯⎯⎯⎯⎯⎯⎯⎯⎯⎯⎯⎯[9/17]⎯

 FAIL  |core| packages/mcp-server/test/contracts/code.generate-golden.spec.ts > code.generate golden readiness outcomes > matches the vue golden readiness outcome for form-page
AssertionError: expected { Object (status, framework, ...) } to deeply equal { status: 'error', …(8) }

- Expected
+ Received

@@ -1,23 +1,110 @@
  {
-   "code": "",
-   "errors": [
+   "artifact": {
+     "actions": [],
+     "contentHash": "sha256:a5cf193f133ec7346c058ca20788f2c8c7ec64368e671f370a47373a166d9721",
+     "dependencies": [
+       {
+         "kind": "dependency",
+         "name": "@oods/component-styles",
+         "version": "0.1.0",
+       },
        {
-       "code": "OODS-N015",
-       "component": "FormLabelGroup",
-       "message": "Component FormLabelGroup is not emission-eligible for vue; evidence state: unavailable.",
-       "nodeId": "form-contact-label",
+         "kind": "dependency",
+         "name": "@oods/components-vue",
+         "version": "0.1.0",
+       },
+       {
+         "kind": "peerDependency",
+         "name": "vue",
+         "version": "3.5.42",
        },
      ],
-   "fileExtension": "",
+     "files": [
+       {
+         "contentHash": "sha256:dbc089d46b1db860bdeced8f14530af7fd383fcf87bc37fda35433208464717f",
+         "contents": "<template>
+   <Stack id=\"form-page-screen\" data-oods-component=\"Stack\">
+       <Card id=\"form-contact-card\" data-oods-component=\"Card\">
+             <CardHeader id=\"form-contact-header\" data-oods-component=\"CardHeader\" title=\"Contact Details\" />
+             <FormLabelGroup id=\"form-contact-label\" data-oods-component=\"FormLabelGroup\" htmlFor=\"contact-email-input\" label=\"Email\" placeholder=\"owner@company.com\" />
+             <Input id=\"contact-email-input\" data-oods-component=\"Input\" label=\"Email\" name=\"email\" placeholder=\"owner@company.com\" type=\"email\" />
+             <Select id=\"form-contact-select\" data-oods-component=\"Select\" label=\"Locale\" name=\"locale\" :options=\"[{'value':'en-US','label':'English (US)'},{'value':'fr-FR','label':'French (FR)'}]\" value=\"en-US\" />
+           </Card>
+       <Card id=\"form-preferences-card\" data-oods-component=\"Card\">
+             <CardHeader id=\"form-preferences-header\" data-oods-component=\"CardHeader\" title=\"Preferences\" />
+             <Text id=\"form-preferences-text\" data-oods-component=\"Text\" content=\"Configure delivery and billing preferences.\" />
+             <Input id=\"form-preferences-input\" data-oods-component=\"Input\" label=\"Project Name\" name=\"projectName\" placeholder=\"Project Name\" />
+             <Select id=\"form-preferences-select\" data-oods-component=\"Select\" label=\"Plan\" name=\"plan\" :options=\"[{'value':'starter','label':'Starter'},{'value':'pro','label':'Pro'}]\" value=\"pro\" />
+           </Card>
+       <Card id=\"form-actions-card\" data-oods-component=\"Card\">
+             <CardHeader id=\"form-actions-header\" data-oods-component=\"CardHeader\" title=\"Actions\" />
+             <Button id=\"form-actions-save\" data-oods-component=\"Button\" content=\"Save Changes\" type=\"submit\" />
+             <Button id=\"form-actions-cancel\" data-oods-component=\"Button\" content=\"Cancel\" type=\"button\" />
+             <Banner id=\"form-actions-banner\" data-oods-component=\"Banner\" content=\"Unsaved changes will be lost.\" />
+           </Card>
+     </Stack>
+ </template>
+
+ <script setup lang=\"ts\">
+ import { Banner, Button, Card, CardHeader, FormLabelGroup, Input, Select, Stack, Text } from '@oods/components-vue';
+ import '@oods/component-styles/css';
+
+ defineProps<{
+   // Props can be extended here
+ }>();
+ </script>
+ ",
+         "path": "src/GeneratedUI.vue",
+       },
+     ],
      "framework": "vue",
-   "imports": [],
+     "schemaVersion": "1.0.0",
+   },
+   "code": "<template>
+   <Stack id=\"form-page-screen\" data-oods-component=\"Stack\">
+       <Card id=\"form-contact-card\" data-oods-component=\"Card\">
+             <CardHeader id=\"form-contact-header\" data-oods-component=\"CardHeader\" title=\"Contact Details\" />
+             <FormLabelGroup id=\"form-contact-label\" data-oods-component=\"FormLabelGroup\" htmlFor=\"contact-email-input\" label=\"Email\" placeholder=\"owner@company.com\" />
+             <Input id=\"contact-email-input\" data-oods-component=\"Input\" label=\"Email\" name=\"email\" placeholder=\"owner@company.com\" type=\"email\" />
+             <Select id=\"form-contact-select\" data-oods-component=\"Select\" label=\"Locale\" name=\"locale\" :options=\"[{'value':'en-US','label':'English (US)'},{'value':'fr-FR','label':'French (FR)'}]\" value=\"en-US\" />
+           </Card>
+       <Card id=\"form-preferences-card\" data-oods-component=\"Card\">
+             <CardHeader id=\"form-preferences-header\" data-oods-component=\"CardHeader\" title=\"Preferences\" />
+             <Text id=\"form-preferences-text\" data-oods-component=\"Text\" content=\"Configure delivery and billing preferences.\" />
+             <Input id=\"form-preferences-input\" data-oods-component=\"Input\" label=\"Project Name\" name=\"projectName\" placeholder=\"Project Name\" />
+             <Select id=\"form-preferences-select\" data-oods-component=\"Select\" label=\"Plan\" name=\"plan\" :options=\"[{'value':'starter','label':'Starter'},{'value':'pro','label':'Pro'}]\" value=\"pro\" />
+           </Card>
+       <Card id=\"form-actions-card\" data-oods-component=\"Card\">
+             <CardHeader id=\"form-actions-header\" data-oods-component=\"CardHeader\" title=\"Actions\" />
+             <Button id=\"form-actions-save\" data-oods-component=\"Button\" content=\"Save Changes\" type=\"submit\" />
+             <Button id=\"form-actions-cancel\" data-oods-component=\"Button\" content=\"Cancel\" type=\"button\" />
+             <Banner id=\"form-actions-banner\" data-oods-component=\"Banner\" content=\"Unsaved changes will be lost.\" />
+           </Card>
+     </Stack>
+ </template>
+
+ <script setup lang=\"ts\">
+ import { Banner, Button, Card, CardHeader, FormLabelGroup, Input, Select, Stack, Text } from '@oods/components-vue';
+ import '@oods/component-styles/css';
+
+ defineProps<{
+   // Props can be extended here
+ }>();
+ </script>
+ ",
+   "fileExtension": ".vue",
+   "framework": "vue",
+   "imports": [
+     "@oods/components-vue",
+     "@oods/component-styles/css",
+   ],
    "meta": {
      "componentCount": 9,
      "nodeCount": 16,
    },
-   "status": "error",
+   "status": "ok",
    "validationReceipt": {
      "axes": {
        "enforcement": "blocking",
        "fallback": "forbidden",
        "scope": "generated-artifact",
@@ -30,28 +117,29 @@
      "checks": [
        "schema-structure",
        "component-registry",
        "state-contract",
        "target-readiness",
+       "normalization-fidelity",
+       "binding-contract",
+       "props-contract",
+       "slots-contract",
+       "events-contract",
+       "dependency-closure",
+       "fallback-policy",
      ],
      "defaulted": true,
      "evidence": {
        "accepted": [],
+       "artifactContentHash": "sha256:a5cf193f133ec7346c058ca20788f2c8c7ec64368e671f370a47373a166d9721",
        "mismatched": [],
        "missing": [],
        "notApplicable": [],
        "provided": [],
        "required": [],
      },
      "notChecked": [
-       "normalization-fidelity",
-       "binding-contract",
-       "props-contract",
-       "slots-contract",
-       "events-contract",
-       "dependency-closure",
-       "fallback-policy",
        "rendered-evidence",
        "interaction-evidence",
        "accessibility-evidence",
        "theme-evidence",
        "determinism-evidence",

 ❯ packages/mcp-server/test/contracts/code.generate-golden.spec.ts:118:24
    116|         }
    117| 
    118|         expect(result).toEqual({
       |                        ^
    119|           status: 'error',
    120|           framework,

⎯⎯⎯⎯⎯⎯⎯⎯⎯⎯⎯⎯⎯⎯⎯⎯⎯⎯⎯⎯⎯⎯[10/17]⎯

 FAIL  |core| packages/mcp-server/test/contracts/code.generate-golden.spec.ts > code.generate golden readiness outcomes > matches the react golden readiness outcome for detail-page
 FAIL  |core| packages/mcp-server/test/contracts/code.generate-golden.spec.ts > code.generate golden readiness outcomes > matches the vue golden readiness outcome for detail-page
AssertionError: StatusTimeline should no longer contribute an OODS-N015 error: expected true to be false // Object.is equality

- Expected
+ Received

- false
+ true

 ❯ packages/mcp-server/test/contracts/code.generate-golden.spec.ts:115:13
    113|             result.errors?.some((error) => error.component === compone…
    114|             `${component} should no longer contribute an OODS-N015 err…
    115|           ).toBe(false);
       |             ^
    116|         }
    117| 

⎯⎯⎯⎯⎯⎯⎯⎯⎯⎯⎯⎯⎯⎯⎯⎯⎯⎯⎯⎯⎯⎯[11/17]⎯

 FAIL  |core| packages/mcp-server/test/product-reality/breadth-live-generation.s186.spec.ts > Sprint 186 list-context field-bound inputs on Vue > reads a list-context field one-way and keeps form-mode refs two-way, both compiling as Vue templates
AssertionError: expected '<template>\n  <Stack id="form" data-o…' to contain 'const lastEvent = ref<\'created\' | \…'

- Expected
+ Received

- const lastEvent = ref<'created' | 'updated'>('created');
+ <template>
+   <Stack id="form" data-oods-component="Stack">
+       <Select id="filter" data-oods-component="Select" label="Event" :options="[{'label':'Created','value':'created'},{'label':'Updated','value':'updated'}]" required v-model="lastEvent" />
+     </Stack>
+ </template>
+
+ <script setup lang="ts">
+ import { ref } from 'vue';
+ import { Select, Stack } from '@oods/components-vue';
+ import '@oods/component-styles/css';
+
+ interface Props {
+   lastEvent?: 'created' | 'updated';
+ }
+ const generatedProps = defineProps<Props>();
+ /** Event */
+ const lastEvent = ref<'created' | 'updated'>(generatedProps.lastEvent ?? 'created');
+ </script>
+

 ❯ packages/mcp-server/test/product-reality/breadth-live-generation.s186.spec.ts:326:23
    324|     expect(form.status, JSON.stringify(form.errors)).toBe('ok');
    325|     expect(form.code).toContain('v-model="lastEvent"');
    326|     expect(form.code).toContain("const lastEvent = ref<'created' | 'up…
       |                       ^
    327|     const compiler = require('@vue/compiler-sfc') as typeof import('@v…
    328|     for (const [name, code] of [['list', list.code], ['form', form.cod…

⎯⎯⎯⎯⎯⎯⎯⎯⎯⎯⎯⎯⎯⎯⎯⎯⎯⎯⎯⎯⎯⎯[12/17]⎯

 FAIL  |core| packages/mcp-server/test/product-reality/recipe-header-fields.s185.spec.ts > Sprint 185 legacy CardHeader recipe fields retain their data meaning > keeps the remaining Product/card react gap on unported PriceCardMeta
 FAIL  |core| packages/mcp-server/test/product-reality/recipe-header-fields.s185.spec.ts > Sprint 185 legacy CardHeader recipe fields retain their data meaning > keeps the remaining Product/card vue gap on unported PriceCardMeta
AssertionError: expected undefined to deeply equal { step: 'codegen', …(2) }

- Expected: 
{
  "code": "OODS-N015",
  "message": "Component PriceCardMeta is not emission-eligible for react; evidence state: unavailable.",
  "step": "codegen",
}

+ Received: 
undefined

 ❯ packages/mcp-server/test/product-reality/recipe-header-fields.s185.spec.ts:78:26
     76|   it.each(['react', 'vue'] as const)('keeps the remaining Product/card…
     77|     const result = await pipeline({ object: 'Product', context: 'card'…
     78|     expect(result.error).toEqual({ step: 'codegen', code: 'OODS-N015',…
       |                          ^
     79|     expect(result.code).toBeUndefined();
     80|   });

⎯⎯⎯⎯⎯⎯⎯⎯⎯⎯⎯⎯⎯⎯⎯⎯⎯⎯⎯⎯⎯⎯[13/17]⎯

 FAIL  |core| packages/mcp-server/test/product-reality/saved-schema-compiler.s183.spec.ts > Sprint 183 M04 saved-schema compiler > turns a fallback-for-an-unready-component mutation red without changing the saved corpus
AssertionError: expected [Function] to throw error matching /returned a generated artifact for un…/i but got 'react generation failed: [{"code":"OO…'

- Expected: 
/returned a generated artifact for unsupported ArchiveSummary; typed gap required/i

+ Received: 
"react generation failed: [{\"code\":\"OODS-V007\",\"message\":\"Field \\\"address_roles\\\" has array data, which cannot bind to Input.value on the react target; accepted field kinds: string, number, boolean.\",\"nodeId\":\"slot-field-3-13\",\"component\":\"Input\"},{\"code\":\"OODS-V007\",\"message\":\"Field \\\"preference_document\\\" has unknown data, which cannot bind to Input.value on the react target; accepted field kinds: string, number, boolean.\",\"nodeId\":\"slot-field-5-17\",\"component\":\"Input\"},{\"code\":\"OODS-V007\",\"message\":\"Field \\\"state_history\\\" has array data, which cannot bind to DatePicker.value on the react target; accepted field kinds: string, number, boolean.\",\"nodeId\":\"slot-field-6-19\",\"component\":\"DatePicker\"},{\"code\":\"OODS-V007\",\"message\":\"Field \\\"tags\\\" has array data, which cannot bind to Input.value on the react target; accepted field kinds: string, number, boolean.\",\"nodeId\":\"slot-field-8-23\",\"component\":\"Input\"},{\"code\":\"OODS-V007\",\"message\":\"Field \\\"tag_metadata\\\" has array data, which cannot bind to Input.value on the react target; accepted field kinds: string, number, boolean.\",\"nodeId\":\"slot-field-9-25\",\"component\":\"Input\"}]"

 ❯ packages/mcp-server/test/product-reality/saved-schema-compiler.s183.spec.ts:221:7
    219|       expect(sha256(path.join(mutationCorpus, 'tier1-acceptance-sub-de…
    220| 
    221|       await expect(buildSavedSchemaCorpusEvidence({
       |       ^
    222|         corpusDirectory: mutationCorpus,
    223|         generator: async (input) => {

⎯⎯⎯⎯⎯⎯⎯⎯⎯⎯⎯⎯⎯⎯⎯⎯⎯⎯⎯⎯⎯⎯[14/17]⎯

⎯⎯⎯⎯⎯⎯ Unhandled Errors ⎯⎯⎯⎯⎯⎯

Vitest caught 1 unhandled error during the test run.
This might cause false positive tests. Resolve unhandled errors to make sure your tests are not affected.

⎯⎯⎯⎯⎯⎯ Unhandled Error ⎯⎯⎯⎯⎯⎯⎯
Error: [vitest-worker]: Timeout calling "onTaskUpdate"
 ❯ Object.onTimeoutError node_modules/.pnpm/vitest@3.2.4_@types+node@20.19.21_@vitest+browser@3.2.4_happy-dom@15.11.7_jiti@1.21.7_jsdom@24.1.3_tsx@4.20.6_yaml@2.8.1/node_modules/vitest/dist/chunks/rpc.-pEldfrD.js:53:10
 ❯ Timeout._onTimeout node_modules/.pnpm/vitest@3.2.4_@types+node@20.19.21_@vitest+browser@3.2.4_happy-dom@15.11.7_jiti@1.21.7_jsdom@24.1.3_tsx@4.20.6_yaml@2.8.1/node_modules/vitest/dist/chunks/index.B521nVV-.js:59:62
 ❯ listOnTimeout node:internal/timers:608:17
 ❯ processTimers node:internal/timers:543:7

⎯⎯⎯⎯⎯⎯⎯⎯⎯⎯⎯⎯⎯⎯⎯⎯⎯⎯⎯⎯⎯⎯⎯⎯⎯⎯⎯⎯⎯⎯

