
> @oods/foundry-mcp@0.1.0 build:tokens /Users/systemsystems/.codex/worktrees/225a/OODS-Forge
> node packages/tokens/scripts/build.mjs

✔︎ collision guard: no non-exempt collisions across 6 scopes
Building design tokens with Style Dictionary…

Token collisions detected (2):
Use log.verbosity "verbose" or use CLI option --verbose for more details.
Refer to: https://styledictionary.com/reference/logging/

ios-swift
- dist/ios-swift/OodsTokens.swift

compose
- dist/compose/OodsTokens.kt
- dist/ios-swift
- dist/compose

ts
- dist/ts/tokens.ts

tailwind
- dist/tailwind/tokens.json
- dist/ts
- dist/tailwind

ios-swift
✔︎ dist/ios-swift/OodsTokens.swift

compose
✔︎ dist/compose/OodsTokens.kt

ts
✔︎ dist/ts/tokens.ts

tailwind
✔︎ dist/tailwind/tokens.json

Token collisions detected (2):
Use log.verbosity "verbose" or use CLI option --verbose for more details.
Refer to: https://styledictionary.com/reference/logging/

css
✔︎ dist/css/tokens.css

Token collisions detected (2):
Use log.verbosity "verbose" or use CLI option --verbose for more details.
Refer to: https://styledictionary.com/reference/logging/

css
✔︎ dist/css/tokens.css

Token collisions detected (222):
Use log.verbosity "verbose" or use CLI option --verbose for more details.
Refer to: https://styledictionary.com/reference/logging/

css
✔︎ dist/css/tokens.css

Token collisions detected (222):
Use log.verbosity "verbose" or use CLI option --verbose for more details.
Refer to: https://styledictionary.com/reference/logging/

css
✔︎ dist/css/tokens.css

Token collisions detected (2):
Use log.verbosity "verbose" or use CLI option --verbose for more details.
Refer to: https://styledictionary.com/reference/logging/

css
✔︎ dist/css/tokens.css

Token collisions detected (222):
Use log.verbosity "verbose" or use CLI option --verbose for more details.
Refer to: https://styledictionary.com/reference/logging/

css
✔︎ dist/css/tokens.css

Token collisions detected (222):
Use log.verbosity "verbose" or use CLI option --verbose for more details.
Refer to: https://styledictionary.com/reference/logging/

css
✔︎ dist/css/tokens.css

Token collisions detected (2):
Use log.verbosity "verbose" or use CLI option --verbose for more details.
Refer to: https://styledictionary.com/reference/logging/
✔︎ tokens built successfully in 1.49s
   css:      dist/css/tokens.css (6 brand × theme scopes)
   types:    dist/ts/tokens.ts
   tailwind: dist/tailwind/tokens.json
   ios:      dist/ios-swift/OodsTokens.swift
   compose:  dist/compose/OodsTokens.kt

> @oods/foundry-mcp@0.1.0 pretest:coverage /Users/systemsystems/.codex/worktrees/225a/OODS-Forge
> pnpm run build && pnpm run build:packages && pnpm run pkg:build


> @oods/foundry-mcp@0.1.0 build /Users/systemsystems/.codex/worktrees/225a/OODS-Forge
> pnpm run clean && tsc


> @oods/foundry-mcp@0.1.0 clean /Users/systemsystems/.codex/worktrees/225a/OODS-Forge
> rimraf dist/.storybook dist/apps dist/configs dist/data dist/examples dist/generated dist/packages dist/schemas dist/scripts dist/src dist/tokens dist/tools dist/traits


> @oods/foundry-mcp@0.1.0 build:packages /Users/systemsystems/.codex/worktrees/225a/OODS-Forge
> pnpm --filter @oods/* run build

Scope: 21 of 22 workspace projects
apps/playground build$ tsc -b && vite build
packages/a11y-tools build$ rimraf dist && tsup --config tsup.config.ts
packages/artifacts build$ rimraf dist && tsc -p tsconfig.json && mkdir -p dist/schemas && cp -f src/schemas/*.json dist/schemas/ 2>/dev/null || true
packages/component-contracts build$ rimraf dist && tsup --config tsup.config.ts
packages/component-contracts build: CLI Building entry: src/index.ts
packages/component-contracts build: CLI Using tsconfig: tsconfig.json
packages/component-contracts build: CLI tsup v8.5.0
packages/component-contracts build: CLI Using tsup config: /Users/systemsystems/.codex/worktrees/225a/OODS-Forge/packages/component-contracts/tsup.config.ts
packages/a11y-tools build: CLI Building entry: src/index.ts
packages/a11y-tools build: CLI Using tsconfig: tsconfig.json
packages/a11y-tools build: CLI tsup v8.5.0
packages/a11y-tools build: CLI Using tsup config: /Users/systemsystems/.codex/worktrees/225a/OODS-Forge/packages/a11y-tools/tsup.config.ts
packages/a11y-tools build: CLI Target: node20
packages/component-contracts build: CLI Target: es2022
packages/component-contracts build: CLI Cleaning output folder
packages/a11y-tools build: CLI Cleaning output folder
packages/a11y-tools build: ESM Build start
packages/a11y-tools build: CJS Build start
packages/component-contracts build: ESM Build start
packages/component-contracts build: CJS Build start
packages/a11y-tools build: CJS dist/index.cjs     15.34 KB
packages/a11y-tools build: CJS dist/index.cjs.map 35.23 KB
packages/a11y-tools build: CJS ⚡️ Build success in 147ms
packages/a11y-tools build: ESM dist/index.js     14.75 KB
packages/a11y-tools build: ESM dist/index.js.map 35.22 KB
packages/a11y-tools build: ESM ⚡️ Build success in 147ms
packages/component-contracts build: CJS dist/index.cjs 256.14 KB
packages/component-contracts build: CJS ⚡️ Build success in 242ms
packages/component-contracts build: ESM dist/index.js 255.61 KB
packages/component-contracts build: ESM ⚡️ Build success in 243ms
packages/a11y-tools build: DTS Build start
packages/component-contracts build: DTS Build start
packages/artifacts build: Done
packages/mcp-bridge build$ rimraf dist && tsc -p tsconfig.json
packages/a11y-tools build: DTS ⚡️ Build success in 1403ms
packages/a11y-tools build: DTS dist/index.d.ts  9.01 KB
packages/a11y-tools build: DTS dist/index.d.cts 9.01 KB
apps/playground build: vite v6.4.1 building for production...
packages/a11y-tools build: Done
packages/release-utils build$ rimraf dist && tsc -p tsconfig.json
packages/component-contracts build: DTS ⚡️ Build success in 1467ms
packages/component-contracts build: DTS dist/index.d.ts  7.33 KB
packages/component-contracts build: DTS dist/index.d.cts 7.33 KB
packages/component-contracts build: Done
packages/tokens build$ rimraf dist && node ./scripts/build.mjs && node ./scripts/build-entry.mjs
apps/playground build: transforming...
packages/mcp-bridge build: Done
packages/tw-variants build$ rimraf dist && tsup --config tsup.config.ts
apps/playground build: Browserslist: browsers data (caniuse-lite) is 6 months old. Please run:
apps/playground build:   npx update-browserslist-db@latest
apps/playground build:   Why you should do it regularly: https://github.com/browserslist/update-db#readme
packages/tokens build: ✔︎ collision guard: no non-exempt collisions across 6 scopes
packages/tokens build: Building design tokens with Style Dictionary…
packages/tokens build: Token collisions detected (2):
packages/tokens build: Use log.verbosity "verbose" or use CLI option --verbose for more details.
packages/tokens build: Refer to: https://styledictionary.com/reference/logging/
packages/tw-variants build: CLI Building entry: src/context-matrix.ts, src/index.ts
packages/tw-variants build: CLI Using tsconfig: ../../tsconfig.json
packages/tw-variants build: CLI tsup v8.5.0
packages/tw-variants build: CLI Using tsup config: /Users/systemsystems/.codex/worktrees/225a/OODS-Forge/packages/tw-variants/tsup.config.ts
packages/tw-variants build: CLI Target: node20
packages/tw-variants build: CLI Cleaning output folder
packages/tw-variants build: ESM Build start
packages/tw-variants build: CJS Build start
packages/tokens build: ios-swift
packages/tokens build: ! dist/ios-swift/OodsTokens.swift, does not exist
packages/tokens build: compose
packages/tokens build: ! dist/compose/OodsTokens.kt, does not exist
packages/tokens build: ts
packages/tokens build: ! dist/ts/tokens.ts, does not exist
packages/tokens build: tailwind
packages/tokens build: ! dist/tailwind/tokens.json, does not exist
packages/tw-variants build: ESM dist/index.js              8.03 KB
packages/tw-variants build: ESM dist/chunk-IHQKAR2X.js     6.39 KB
packages/tw-variants build: ESM dist/context-matrix.js     139.00 B
packages/tw-variants build: ESM dist/index.js.map          19.16 KB
packages/tw-variants build: ESM dist/chunk-IHQKAR2X.js.map 13.51 KB
packages/tw-variants build: ESM dist/context-matrix.js.map 78.00 B
packages/tw-variants build: ESM ⚡️ Build success in 178ms
packages/tw-variants build: CJS dist/context-matrix.cjs     6.42 KB
packages/release-utils build: Done
packages/viz-render build$ rimraf dist && tsup --config tsup.config.ts
packages/tw-variants build: CJS dist/index.cjs              14.54 KB
packages/tw-variants build: CJS dist/context-matrix.cjs.map 13.51 KB
packages/tw-variants build: CJS dist/index.cjs.map          32.63 KB
packages/tw-variants build: CJS ⚡️ Build success in 181ms
packages/tw-variants build: DTS Build start
apps/playground build: ✓ 48 modules transformed.
apps/playground build: rendering chunks...
apps/playground build: computing gzip size...
apps/playground build: dist/index.html                   0.69 kB │ gzip:  0.39 kB
apps/playground build: dist/assets/index-DBhKWpVX.css   25.90 kB │ gzip:  5.52 kB
apps/playground build: dist/assets/index-CjtZwImZ.js   394.49 kB │ gzip: 88.53 kB
apps/playground build: ✓ built in 1.42s
apps/playground build: Done
packages/viz-render build: CLI Building entry: {"index":"src/index.ts","emitter":"src/emitter.ts","echarts-render.worker":"src/echarts-render.worker.ts"}
packages/viz-render build: CLI Using tsconfig: tsconfig.json
packages/viz-render build: CLI tsup v8.5.0
packages/viz-render build: CLI Using tsup config: /Users/systemsystems/.codex/worktrees/225a/OODS-Forge/packages/viz-render/tsup.config.ts
packages/viz-render build: CLI Target: node20
packages/viz-render build: CLI Cleaning output folder
packages/viz-render build: ESM Build start
packages/viz-render build: CJS Build start
packages/tokens build: ios-swift
packages/tokens build: ✔︎ dist/ios-swift/OodsTokens.swift
packages/tokens build: compose
packages/tokens build: ✔︎ dist/compose/OodsTokens.kt
packages/tokens build: ts
packages/tokens build: ✔︎ dist/ts/tokens.ts
packages/tokens build: tailwind
packages/tokens build: ✔︎ dist/tailwind/tokens.json
packages/tokens build: Token collisions detected (2):
packages/tokens build: Use log.verbosity "verbose" or use CLI option --verbose for more details.
packages/tokens build: Refer to: https://styledictionary.com/reference/logging/
packages/viz-render build: CJS dist/emitter.cjs                   1.84 KB
packages/viz-render build: CJS dist/echarts-render.worker.cjs     24.45 KB
packages/viz-render build: CJS dist/index.cjs                     21.46 KB
packages/viz-render build: CJS dist/echarts-render.worker.cjs.map 59.69 KB
packages/viz-render build: CJS dist/index.cjs.map                 52.69 KB
packages/viz-render build: CJS dist/emitter.cjs.map               9.31 KB
packages/viz-render build: CJS ⚡️ Build success in 168ms
packages/viz-render build: ESM dist/chunk-J3M4JW2D.js            456.00 B
packages/viz-render build: ESM dist/echarts-render.worker.js     11.64 KB
packages/viz-render build: ESM dist/emitter.js                   1.51 KB
packages/viz-render build: ESM dist/index.js                     7.61 KB
packages/viz-render build: ESM dist/chunk-GJ4IU4FC.js            13.52 KB
packages/viz-render build: ESM dist/chunk-J3M4JW2D.js.map        1.11 KB
packages/viz-render build: ESM dist/chunk-GJ4IU4FC.js.map        33.31 KB
packages/viz-render build: ESM dist/index.js.map                 18.69 KB
packages/viz-render build: ESM dist/emitter.js.map               8.24 KB
packages/viz-render build: ESM dist/echarts-render.worker.js.map 25.74 KB
packages/viz-render build: ESM ⚡️ Build success in 168ms
packages/viz-render build: DTS Build start
packages/tokens build: css
packages/tokens build: ✔︎ dist/css/tokens.css
packages/tokens build: Token collisions detected (2):
packages/tokens build: Use log.verbosity "verbose" or use CLI option --verbose for more details.
packages/tokens build: Refer to: https://styledictionary.com/reference/logging/
packages/tokens build: css
packages/tokens build: ✔︎ dist/css/tokens.css
packages/tokens build: Token collisions detected (222):
packages/tokens build: Use log.verbosity "verbose" or use CLI option --verbose for more details.
packages/tokens build: Refer to: https://styledictionary.com/reference/logging/
packages/tokens build: css
packages/tokens build: ✔︎ dist/css/tokens.css
packages/tokens build: Token collisions detected (222):
packages/tokens build: Use log.verbosity "verbose" or use CLI option --verbose for more details.
packages/tokens build: Refer to: https://styledictionary.com/reference/logging/
packages/tokens build: css
packages/tokens build: ✔︎ dist/css/tokens.css
packages/tokens build: Token collisions detected (2):
packages/tokens build: Use log.verbosity "verbose" or use CLI option --verbose for more details.
packages/tokens build: Refer to: https://styledictionary.com/reference/logging/
packages/tokens build: css
packages/tokens build: ✔︎ dist/css/tokens.css
packages/tokens build: Token collisions detected (222):
packages/tokens build: Use log.verbosity "verbose" or use CLI option --verbose for more details.
packages/tokens build: Refer to: https://styledictionary.com/reference/logging/
packages/tokens build: css
packages/tokens build: ✔︎ dist/css/tokens.css
packages/tw-variants build: DTS ⚡️ Build success in 1368ms
packages/tw-variants build: DTS dist/index.d.ts           685.00 B
packages/tw-variants build: DTS dist/context-matrix.d.ts  573.00 B
packages/tw-variants build: DTS dist/index.d.cts          685.00 B
packages/tw-variants build: DTS dist/context-matrix.d.cts 573.00 B
packages/tw-variants build: Done
packages/tokens build: Token collisions detected (222):
packages/tokens build: Use log.verbosity "verbose" or use CLI option --verbose for more details.
packages/tokens build: Refer to: https://styledictionary.com/reference/logging/
packages/tokens build: css
packages/tokens build: ✔︎ dist/css/tokens.css
packages/tokens build: Token collisions detected (2):
packages/tokens build: Use log.verbosity "verbose" or use CLI option --verbose for more details.
packages/tokens build: Refer to: https://styledictionary.com/reference/logging/
packages/tokens build: ✔︎ tokens built successfully in 2.15s
packages/tokens build:    css:      dist/css/tokens.css (6 brand × theme scopes)
packages/tokens build:    types:    dist/ts/tokens.ts
packages/tokens build:    tailwind: dist/tailwind/tokens.json
packages/tokens build:    ios:      dist/ios-swift/OodsTokens.swift
packages/tokens build:    compose:  dist/compose/OodsTokens.kt
packages/tokens build: Done
packages/viz-render build: DTS ⚡️ Build success in 1473ms
packages/viz-render build: DTS dist/echarts-render.worker.d.ts  13.00 B
packages/viz-render build: DTS dist/emitter.d.ts                1.44 KB
packages/viz-render build: DTS dist/index.d.ts                  5.51 KB
packages/viz-render build: DTS dist/echarts-render.worker.d.cts 13.00 B
packages/viz-render build: DTS dist/emitter.d.cts               1.44 KB
packages/viz-render build: DTS dist/index.d.cts                 5.51 KB
packages/viz-render build: Done
packages/component-styles build$ rimraf dist && tsup --config tsup.config.ts && node scripts/copy-css.mjs
packages/viz-core build$ rimraf dist && tsup --config tsup.config.ts
packages/component-styles build: CLI Building entry: src/index.ts
packages/component-styles build: CLI Using tsconfig: tsconfig.json
packages/component-styles build: CLI tsup v8.5.0
packages/component-styles build: CLI Using tsup config: /Users/systemsystems/.codex/worktrees/225a/OODS-Forge/packages/component-styles/tsup.config.ts
packages/viz-core build: CLI Building entry: src/index.ts
packages/viz-core build: CLI Using tsconfig: tsconfig.json
packages/viz-core build: CLI tsup v8.5.0
packages/viz-core build: CLI Using tsup config: /Users/systemsystems/.codex/worktrees/225a/OODS-Forge/packages/viz-core/tsup.config.ts
packages/viz-core build: CLI Target: node20
packages/component-styles build: CLI Target: es2022
packages/viz-core build: CLI Cleaning output folder
packages/component-styles build: ESM Build start
packages/component-styles build: CJS Build start
packages/viz-core build: ESM Build start
packages/viz-core build: CJS Build start
packages/component-styles build: ESM dist/index.js 658.00 B
packages/component-styles build: ESM ⚡️ Build success in 25ms
packages/component-styles build: CJS dist/index.cjs 803.00 B
packages/component-styles build: CJS ⚡️ Build success in 26ms
packages/component-styles build: DTS Build start
packages/viz-core build: DTS Build start
packages/component-styles build: DTS ⚡️ Build success in 852ms
packages/component-styles build: DTS dist/index.d.ts  814.00 B
packages/component-styles build: DTS dist/index.d.cts 814.00 B
packages/component-styles build: Done
packages/viz-core build: ESM dist/index.js     1.53 MB
packages/viz-core build: ESM dist/index.js.map 2.93 MB
packages/viz-core build: ESM ⚡️ Build success in 1394ms
packages/viz-core build: CJS dist/index.cjs     1.53 MB
packages/viz-core build: CJS dist/index.cjs.map 2.93 MB
packages/viz-core build: CJS ⚡️ Build success in 1395ms
packages/viz-core build: DTS ⚡️ Build success in 1744ms
packages/viz-core build: DTS dist/index.d.ts  299.71 KB
packages/viz-core build: DTS dist/index.d.cts 299.71 KB
packages/viz-core build: Done
packages/components-react build$ rimraf dist && tsup --config tsup.config.ts
packages/components-vue build$ rimraf dist && tsup --config tsup.config.ts
packages/components-react build: CLI Building entry: src/index.ts, src/status.ts, src/table.tsx, src/types.ts
packages/components-react build: CLI Using tsconfig: tsconfig.json
packages/components-react build: CLI tsup v8.5.0
packages/components-react build: CLI Using tsup config: /Users/systemsystems/.codex/worktrees/225a/OODS-Forge/packages/components-react/tsup.config.ts
packages/components-vue build: CLI Building entry: src/index.ts
packages/components-vue build: CLI Using tsconfig: tsconfig.json
packages/components-vue build: CLI tsup v8.5.0
packages/components-vue build: CLI Using tsup config: /Users/systemsystems/.codex/worktrees/225a/OODS-Forge/packages/components-vue/tsup.config.ts
packages/components-react build: CLI Target: es2022
packages/components-vue build: CLI Target: es2022
packages/components-react build: CLI Cleaning output folder
packages/components-react build: ESM Build start
packages/components-react build: CJS Build start
packages/components-vue build: CLI Cleaning output folder
packages/components-vue build: ESM Build start
packages/components-vue build: CJS Build start
packages/components-react build: Generated an empty chunk: "types".
packages/components-vue build: CJS dist/index.cjs 29.66 KB
packages/components-vue build: CJS ⚡️ Build success in 126ms
packages/components-react build: Generated an empty chunk: "types".
packages/components-vue build: ESM dist/index.js 28.98 KB
packages/components-vue build: ESM ⚡️ Build success in 131ms
packages/components-react build: CJS dist/status.cjs 11.06 KB
packages/components-react build: CJS dist/types.cjs  15.00 B
packages/components-react build: CJS dist/index.cjs  47.79 KB
packages/components-react build: CJS dist/table.cjs  16.84 KB
packages/components-react build: CJS ⚡️ Build success in 135ms
packages/components-react build: ESM dist/status.js         171.00 B
packages/components-react build: ESM dist/chunk-FL4HFW57.js 6.17 KB
packages/components-react build: ESM dist/table.js          149.00 B
packages/components-react build: ESM dist/index.js          29.69 KB
packages/components-react build: ESM dist/chunk-54KQYKOO.js 10.87 KB
packages/components-react build: ESM dist/types.js          1.00 B
packages/components-react build: ESM ⚡️ Build success in 135ms
packages/components-vue build: DTS Build start
packages/components-react build: DTS Build start
packages/components-vue build: DTS ⚡️ Build success in 1659ms
packages/components-vue build: DTS dist/index.d.ts  23.98 KB
packages/components-vue build: DTS dist/index.d.cts 23.98 KB
packages/components-vue build: Done
packages/components-react build: DTS ⚡️ Build success in 1866ms
packages/components-react build: DTS dist/index.d.ts   2.23 KB
packages/components-react build: DTS dist/status.d.ts  1.39 KB
packages/components-react build: DTS dist/table.d.ts   1.06 KB
packages/components-react build: DTS dist/types.d.ts   8.90 KB
packages/components-react build: DTS dist/index.d.cts  2.24 KB
packages/components-react build: DTS dist/status.d.cts 1.39 KB
packages/components-react build: DTS dist/table.d.cts  1.07 KB
packages/components-react build: DTS dist/types.d.cts  8.90 KB
packages/components-react build: Done
packages/mcp-server build$ rimraf dist && tsc -p tsconfig.json && mkdir -p dist/schemas dist/security dist/tools && (cp -f src/schemas/*.json dist/schemas/ 2>/dev/null || true) && (cp -f src/security/*.json dist/security/ 2>/dev/null || true) && (cp -f src/tools/registry.json dist/tools/ 2>/dev/null || true)
packages/mcp-server build: Done
packages/sdk build$ rimraf dist && tsc -p tsconfig.json
packages/sdk build: Done

> @oods/foundry-mcp@0.1.0 pkg:build /Users/systemsystems/.codex/worktrees/225a/OODS-Forge
> tsx scripts/pkg/build.ts

CLI Building entry: src/index.ts
CLI Using tsconfig: tsconfig.json
CLI tsup v8.5.0
CLI Using tsup config: /Users/systemsystems/.codex/worktrees/225a/OODS-Forge/tsup.config.mjs
CLI Target: es2022
ESM Build start
CJS Build start
DTS Build start
ESM dist/pkg/index.css     33.29 KB
ESM dist/pkg/index.css.map 55.55 KB
ESM dist/pkg/index.js      873.60 KB
ESM dist/pkg/index.js.map  2.12 MB
ESM ⚡️ Build success in 1534ms
CJS dist/pkg/index.css     33.29 KB
CJS dist/pkg/index.css.map 55.55 KB
CJS dist/pkg/index.cjs     891.72 KB
CJS dist/pkg/index.cjs.map 2.12 MB
CJS ⚡️ Build success in 1534ms
DTS ⚡️ Build success in 3906ms
DTS dist/pkg/index.d.ts  250.25 KB
DTS dist/pkg/index.d.cts 250.25 KB

✨ Built @oods/trait-engine into dist/pkg
   Storybook hash: f515d4caf67ddea99e58b67784b3954f5334b6fcba139f6d97afbf04186093ec
   VR baseline id: unavailable


> @oods/foundry-mcp@0.1.0 test:coverage /Users/systemsystems/.codex/worktrees/225a/OODS-Forge
> vitest --coverage && pnpm --filter @oods/mcp-server exec vitest run test/product-reality/codegen-matrix.s182.spec.ts && pnpm --filter @oods/mcp-server exec vitest run test/product-reality/packed-consumers.s182.spec.ts


 RUN  v3.2.4 /Users/systemsystems/.codex/worktrees/225a/OODS-Forge
      Coverage enabled with v8

 ✓ |core| tests/verification/s178-viz-twin-retirement.contract.test.ts (3 tests) 4285ms
   ✓ Sprint 178 viz twin retirement rung 1 > rejects external import/export/require/vi.mock references to retired paths  4279ms
 ✓ |core| tests/integration/type-generation.test.ts (2 tests) 3709ms
   ✓ Object type generation integration > generates TypeScript definitions that are directly importable  3681ms
 ✓ |core| packages/mcp-server/test/contracts/catalog.list.spec.ts (28 tests) 4548ms
   ✓ catalog.list > should allow explicit full detail without default pagination  411ms
   ✓ catalog.list > should filter by category  530ms
   ✓ catalog.list > includes filteredCount in stats when filters are active  388ms
   ✓ catalog.list > should filter by trait  366ms
   ✓ catalog.list > suggests traits when a trait filter returns zero results  348ms
   ✓ catalog.list > should filter by context  376ms
   ✓ catalog.list > should return totalCount matching filtered results  356ms
   ✓ catalog.list > deduplicates trait names per component  393ms
   ✓ catalog.list > filters by status=stable  408ms
   ✓ catalog.list > keeps the legacy status census scoped to the 98 mapped / 11 fallback HTML surface  728ms
 ✓ |core| packages/mcp-server/test/scale/map.apply.scale.spec.ts (5 tests) 4468ms
   ✓ map.apply at scale (dry-run) > tier=500: dry-run handler returns, diff totals match, registry unchanged  1343ms
   ✓ map.apply at scale (dry-run) > tier=1000: dry-run handler returns, diff totals match, registry unchanged  2435ms
 ✓ |core| tests/tools/stage1-dtcg-cli-containment.test.ts (5 tests) 5176ms
   ✓ stage1-dtcg CLI --out containment (s169 m05) > the ORIGINAL escape is rejected with exit 2 and writes nothing outside --out  732ms
   ✓ stage1-dtcg CLI --out containment (s169 m05) > rejects every ESCAPING --name shape, not just the one that was reported  2221ms
   ✓ stage1-dtcg CLI --out containment (s169 m05) > a LEADING SLASH is not an escape, and the guard correctly allows it  718ms
   ✓ stage1-dtcg CLI --out containment (s169 m05) > a legitimate --name still writes all its files, in --out  754ms
   ✓ stage1-dtcg CLI --out containment (s169 m05) > a --name that traverses but RESOLVES back inside --out is allowed  745ms
 ✓ |core| packages/mcp-server/test/sprint68-behavioral-traits.spec.ts (62 tests) 4185ms
 ✓ |core| packages/mcp-server/test/objects/trait-loader.spec.ts (17 tests) 1318ms
 ✓ |core| packages/mcp-server/test/objects/loaders.spec.ts (24 tests) 1363ms
 ✓ |core| packages/mcp-server/test/contracts/object.show.spec.ts (12 tests) 1823ms
   ✓ object.show contract > output validates for every known object  869ms
 ✓ |core| packages/mcp-server/test/contracts/api-docs-generator.spec.ts (6 tests) 1701ms
   ✓ API reference generator > regeneration is idempotent  1684ms
 ✓ |core| packages/mcp-server/test/tools/artifact.certify.echarts-determinism.spec.ts (45 tests) 2145ms
   ✓ artifact.certify — live cross-tool contentHash parity, same (spec, data) (s172 m02) > treemap: certify.determinism.contentHash === viz.render.contentHash  645ms
   ✓ artifact.certify — the cartesian determinism path is untouched (s172 m02) > a cartesian IR still proves determinism through the Vega-Lite compile, with no operand involved  515ms
 ✓ |core| packages/mcp-server/test/contracts/brand.intake.s181.spec.ts (6 tests) 2240ms
   ✓ brand.intake s181 advertised dry-run contract > spawns dist/index.js, returns the full inline receipt, and leaves the review-kit tree byte-identical  1252ms
   ✓ brand.intake s181 advertised dry-run contract > B-09 rejects apply:true and consumer-local paths at index-level AJV before the handler  791ms
 ✓ |core| tests/governance-gates/state-assessment-tokens-red-paths.test.ts (11 tests) 2552ms
   ✓ runTokenGovernanceCheck — the red paths (s175 m02, C3) > U1 fail-closed: a supplied base ref the diff cannot satisfy → failClosed=true, RED, no report  442ms
   ✓ runTokenGovernanceCheck — the red paths (s175 m02, C3) > U1 positive control: a supplied ref the diff satisfies → failClosed=false, both reports, measuredPrDelta=true  398ms
   ✓ runTokenGovernanceCheck — the red paths (s175 m02, C3) > U2 named SKIP, variant "nothing was diffed": no ref and no report → the SKIP note, measuredPrDelta=false  311ms
   ✓ runTokenGovernanceCheck — the red paths (s175 m02, C3) > discriminator: the SAME failing diff is fail-closed with a ref and a named skip without one — only env.TOKEN_GOV_BASE_REF differs  396ms
 ✓ |core| packages/mcp-server/test/tools/artifact.certify.echarts-a11y-warnfirst.spec.ts (88 tests) 3690ms
   ✓ artifact.certify — a11y-equivalence WARN-FIRST on the ECharts-primary path (s174 m01) > treemap: WITH the operand, findings[] carries exactly the matrix-derived a11y set at native severity  684ms
   ✓ artifact.certify — warn-first is a READER (s174 m01) > the CARTESIAN path is untouched: a11yEquivalence still carries a real pass/fail verdict there  627ms
   ✓ artifact.certify — the NOT-APPLICABLE channel, a11yNotApplicable[] (s175 m03) > when the engine THROWS the key is ABSENT (the partial list is discarded) and the note says so  830ms
 ✓ |core| packages/mcp-server/test/objects/object.show.spec.ts (14 tests) 2882ms
   ✓ object.show > output validates for all known objects  1276ms
 ✓ |core| packages/mcp-server/test/contracts/portable-boundary.s181.spec.ts (7 tests) 2393ms
   ✓ s181 portable-runtime publish boundary > B-12 starts from dist plus package metadata only and answers degraded health without planning data  1320ms
   ✓ s181 portable-runtime publish boundary > B-12 proves the relocated schema is load-bearing by deleting it from the staged dist  804ms
 ✓ |core| packages/mcp-server/test/objects/trait-composer.spec.ts (14 tests) 1468ms
 ✓ |core| tests/contracts/tokens-governance-entry-guard.spec.ts (2 tests) 1551ms
   ✓ tokens-governance entry guard (s176 m04 realpath fold, #1250) > direct invocation runs main(): the usage surface prints and the exit code is 1  786ms
   ✓ tokens-governance entry guard (s176 m04 realpath fold, #1250) > SYMLINKED invocation runs main() too — the pre-s176 guard silently no-opped here — and its usage surface is byte-identical to the direct one  763ms
 ✓ |core| tests/governance-gates/state-assessment-exit.test.ts (2 tests) 1032ms
   ✓ state-assessment.mjs main() carries deriveProcessExit into the process exit (s175 m02) > a base ref the diff cannot satisfy → exit 1 and the FAIL-CLOSED line on stderr  504ms
   ✓ state-assessment.mjs main() carries deriveProcessExit into the process exit (s175 m02) > a resolvable stub ref → exit 0, a GREEN overall status, both brand reports under the scratch root  525ms
 ✓ |core| packages/mcp-server/test/e2e/design-compose.e2e.spec.ts (3 tests) 1057ms
   ✓ design.compose bridge E2E > compose via bridge produces valid schema with selections  712ms
 ✓ |core| packages/mcp-server/test/contracts/object.schema.contract.spec.ts (11 tests) 1597ms
   ✓ object schema contracts > object.show > output validates for every known object  1031ms
 ✓ |core| packages/mcp-server/test/bridge/fragment-parity.spec.ts (1 test) 987ms
   ✓ bridge fragment parity > supports fragment mode via bridge /run and matches direct MCP transport semantics  759ms
 ✓ |core| packages/mcp-server/test/tools/dashboard-identity-lifts.s180.spec.ts (4 tests) 1091ms
   ✓ dashboard.render Shape-B identity lifts (s180 m02) > R-C: lifted cartesian and ECharts IR certify with the required operand shape and preserve contentHash parity  1016ms
 ✓ |core| packages/mcp-server/test/e2e/registry-gaps.e2e.spec.ts (3 tests) 972ms
   ✓ registry gaps e2e verification > Workbench S44 fixture with Grid + known components renders all fragments via bridge  723ms
 ✓ |core| packages/mcp-server/test/tools/artifact.certify.spec.ts (72 tests) 1786ms
   ✓ artifact.certify — conformance verdict (cartesian) > a conformant cartesian IR → certified, conformant:true, no findings, stable contentHash  328ms
 ✓ |core| packages/mcp-server/test/tools/artifact.certify.echarts-accuracy.spec.ts (28 tests) 1127ms
   ✓ artifact.certify — the ECharts accuracy pillar is wired (s172 m03) > treemap: a clean operand yields no findings, and accuracy:pass EXACTLY when a rule actually ran  428ms
   ✓ artifact.certify — the cartesian accuracy path is untouched (s172 m03) > a cartesian IR still reports the FOUR cartesian rules, with the s170 summary shape  349ms
 ✓ |core| packages/mcp-server/test/e2e/mapping-versioning.e2e.spec.ts (3 tests) 941ms
   ✓ mapping + versioning bridge E2E > map.create → map.list → map.resolve round-trip via bridge (multi-system)  681ms
 ✓ |core| packages/mcp-server/test/tools/artifact.certify.render-determinism.spec.ts (5 tests) 950ms
   ✓ artifact.certify — render-backed determinism (s176 m02) > ECharts {spec}-only has no determinism while a renderable operand carries the option and normalized-render hashes  529ms
 ✓ |core| packages/mcp-server/test/tools/echarts-render-worker.startup.spec.ts (1 test) 1090ms
   ✓ MCP startup ECharts render boundary > registers the server without importing ECharts or evaluating the render worker  1089ms
 ✓ |core| packages/mcp-server/test/tools/certify-contrast.spec.ts (26 tests) 842ms
   ✓ certify-contrast — role-C (WCAG mark-vs-canvas) + default palette > a single-series chart (no color encoding) -> pass on categorical-01 (baked mark.color, rendered) vs the canvas  396ms
 ✓ |core| packages/mcp-server/test/tools/artifact.certify.echarts-s179-baseline.spec.ts (10 tests) 656ms
   ✓ artifact.certify — s179 operand-backed baseline at 1be93f8 > treemap: projected option hash, render hash, and the bounded full-response delta stay pinned  482ms
 ✓ |core| packages/mcp-server/test/e2e/a11y-pipeline.e2e.spec.ts (3 tests) 959ms
   ✓ a11y pipeline e2e > validate with checkA11y=true returns a11y warnings through bridge  673ms
 ✓ |core| packages/mcp-server/test/e2e/fragment-integration.e2e.spec.ts (9 tests) 995ms
   ✓ fragment integration e2e > { name: 'dashboard', file: 'dashboard-page.ui-schema.json', minFragments: 3, minComponentCount: 15 } bridge transport returns fragment output equivalent to direct handler  716ms
 ✓ |core| tests/governance-gates/build-stories-ratchet.test.ts (4 tests) 998ms
   ✓ build:stories exact-pin ratchet > never treats a failed compiler with no parsed diagnostics as zero errors  316ms
 ✓ |core| tests/verification/purity.contract.test.ts (4 tests) 865ms
   ✓ B3.3 — Purity Harness > enforces the oods/no-hooks-in-modifiers ESLint rule for modifier modules  832ms
 ✓ |core| tests/governance-gates/tracked-report-hermeticity.test.ts (5 tests) 916ms
   ✓ diagnostics.json check-mode policy > runs pkg:compat twice without moving diagnostics; explicit recording still works  736ms
 ✓ |core| packages/mcp-server/test/tools/artifact.certify.geo-id-parity.spec.ts (26 tests) 624ms
   ✓ geo identity parity — viz.render and artifact.certify emit the SAME option (s173 m01) > choropleth with id absent: the certify VERDICT agrees with the render hash (live, both handlers)  472ms
 ✓ |core| packages/mcp-server/test/tools/certify-echarts-render-contrast.s179.spec.ts (13 tests) 647ms
   ✓ ECharts rendered categorical contrast (s179 m04) > 'treemap': composes actual carriers with the family semantic assignment  463ms
 ✓ |core| packages/mcp-server/test/tools/certify-echarts-role-c.spec.ts (16 tests) 642ms
   ✓ ECharts Role-C structural paint extraction > 'treemap': extracts only visible chart carriers from the exact served option  492ms
 ✓ |core| packages/mcp-server/test/tools/artifact.certify.data-operand.spec.ts (33 tests) 546ms
   ✓ artifact.certify — the operand is validated by the RENDER path validators (s172 m01) > MarkTreemap: a VALID operand is accepted (status ok, schema-valid)  438ms
 ✓ |core| packages/mcp-server/test/contracts/registry-snapshot.spec.ts (5 tests) 799ms
   ✓ registry.snapshot handler > benchmarks the snapshot p99 within a relative warmup budget at 100, 500, and 1000 mappings  689ms
 ✓ |core| tests/governance-gates/storycap-lightdark-compare.test.ts (7 tests) 684ms
 ✓ |core| packages/mcp-server/test/tools/artifact.certify.spec-only-bytes.spec.ts (32 tests) 810ms
   ✓ artifact.certify — {spec}-only byte compatibility, cartesian half (baseline 85004fe) > MarkBar: the {spec}-only response moves only by the declared set vs pristine HEAD 85004fe  460ms
 ✓ |core| packages/mcp-server/test/tools/artifact.certify.echarts-render-grading.s179.spec.ts (13 tests) 942ms
   ✓ artifact.certify — operand-backed ECharts render grading (s179 m05) > 'treemap': keeps option identity and adds a stable first-render hash  657ms
 ✓ |core| packages/mcp-server/test/compose/design-compose.spec.ts (48 tests) 900ms
 ✓ |core| packages/mcp-server/test/tools/artifact.certify.unchecked-tristate.spec.ts (6 tests) 705ms
   ✓ artifact.certify — contrast tri-state: 'ungradeable' (tried and failed) vs 'unchecked' (nothing to grade) > poisoned canvas — grading was attempted on a colour-bearing unit and could not resolve the canvas > pillars.contrast is 'ungradeable' (not 'unchecked') on the certified path  551ms
 ✓ |core| packages/mcp-server/test/tools/artifact.certify.ten-series-collision.spec.ts (4 tests) 758ms
   ✓ artifact.certify — the §0 ten-series palette-recycling collision (RED-first, s176 m01) > a 10-series chart with four recycled series pairs must NOT certify conformant (RED at 4f64bcf)  593ms
 ✓ |core| tests/lint/no-unsafe-tenancy-override.spec.ts (3 tests) 600ms
   ✓ no-unsafe-tenancy-override > flags TenancyContext.setCurrentTenant in application code  585ms
 ✓ |core| tests/compose/compose-integration.contract.test.ts (44 tests) 703ms
 ✓ |core| packages/mcp-server/test/tools/artifact.certify.accuracy-fault.spec.ts (3 tests) 611ms
   ✓ artifact.certify — certified-path accuracy engine fault (s170 review LOW carry) > an accuracy-engine throw degrades the pillar to 'ungradeable' with the offered-rules note; the verdict stays ok/certified and 'ungradeable' pulls conformant false (s175 m04, #781)  475ms
 ✓ |core| packages/mcp-server/test/compose/intent-object-resolver.spec.ts (38 tests) 533ms
 ✓ |core| packages/mcp-server/test/compose/design-compose-object.spec.ts (27 tests) 785ms
   ✓ design.compose — object-aware path > accepts object param and returns objectUsed  323ms
stderr | tests/viz/mark-options-schema-validity-s167.test.ts
unknown format "color-hex" ignored in schema at path "#/definitions/HexColor"
unknown format "color-hex" ignored in schema at path "#/definitions/HexColor"
unknown format "color-hex" ignored in schema at path "#/definitions/HexColor"
unknown format "color-hex" ignored in schema at path "#/definitions/HexColor"

 ✓ |core| packages/mcp-server/test/compose/object-aware-compose.spec.ts (26 tests) 734ms
   ✓ object-aware compose — trait-driven components > Subscription detail produces objectUsed with traits and fields  328ms
 ✓ |core| packages/mcp-server/test/tools/artifact.certify.echarts-option-stability.s179.spec.ts (2 tests) 944ms
   ✓ artifact.certify — option stability remains load-bearing (s179 m05) > fails the combined proof when emissions differ even though both renders agree  926ms
 ✓ |core| packages/mcp-server/test/contracts/s71-fixes.spec.ts (10 tests) 868ms
   ✓ Sprint 71 fixes > catalog.list availableCategories > returns same availableCategories regardless of filter  603ms
 ✓ |core| tests/governance-gates/triage-resolve-base-ref.test.ts (3 tests) 501ms
 ✓ |core| tests/viz/mark-options-schema-validity-s167.test.ts (49 tests) 1105ms
   ✓ s168 m02 — allowlist + translation table (FF#22 corrective) > every committed mark-bearing fixture emits schema-valid mark defs  555ms
 ✓ |core| tests/tokens/collision-guard.test.ts (6 tests) 690ms
 ✓ |core| tests/lint/no-account-unsafe-metadata.spec.ts (4 tests) 621ms
   ✓ no-account-unsafe-metadata > flags direct metadata writes with no validation  578ms
 ✓ |core| packages/mcp-server/test/tools/pipeline.compact.spec.ts (6 tests) 248ms
 ✓ |core| packages/mcp-server/test/contracts/fragment-anchor-contract.spec.ts (3 tests) 376ms
 ✓ |core| packages/mcp-server/test/contracts/contract-alignment.spec.ts (20 tests) 321ms
 ✓ |core| packages/mcp-server/test/contracts/stage1-integration.spec.ts (32 tests) 352ms
 ✓ |core| packages/mcp-server/test/objects/object-loader.spec.ts (14 tests) 286ms
 ✓ |core| packages/mcp-server/test/scale/dashboard-determinism.spec.ts (6 tests) 308ms
 ✓ |core| tests/contracts/upstream-trait-sync.contract.test.ts (20 tests) 772ms
   ✓ contract: Taggable v2 enriched params visible in catalog > catalog.list returns components with Taggable trait  503ms
 ✓ |core| packages/mcp-server/test/contracts/object.list.spec.ts (13 tests) 270ms
 ✓ |core| packages/mcp-server/test/tools/artifact.certify.contrast-fault.spec.ts (3 tests) 351ms
   ✓ artifact.certify — contrast engine fault degrades, never errors > disarmed control — both routes grade contrast:'pass' through the same import graph (the forced throw is the only difference)  337ms
 ✓ |core| packages/mcp-server/test/compose/object-slot-filler.spec.ts (25 tests) 285ms
 ✓ |core| packages/mcp-server/test/contracts/upstream-trait-sync.contract.spec.ts (10 tests) 255ms
 ✓ |core| packages/mcp-server/test/contracts/mapping.spec.ts (65 tests) 373ms
 ✓ |core| packages/mcp-server/test/compose/landing-template.spec.ts (10 tests) 368ms
 ✓ |core| tests/viz/adapters/spatial/echarts-visual-regression.test.ts (2 tests) 92ms
 ✓ |core| packages/mcp-server/test/e2e/object-codegen-pipeline.spec.ts (5 tests) 319ms
 ✓ |core| packages/mcp-server/test/objects/object.list.spec.ts (10 tests) 293ms
 ✓ |core| packages/mcp-server/test/compose/confidence-scoring.spec.ts (12 tests) 403ms
 ✓ |core| packages/mcp-server/test/scale/viz-determinism.spec.ts (42 tests) 289ms
 ✓ |core| tests/compose/compose-semantic-guardrails.test.ts (5 tests) 311ms
 ✓ |core| packages/mcp-server/test/codegen/prop-enrichment.spec.ts (4 tests) 263ms
 ✓ |core| packages/mcp-server/test/compose/form-field-differentiation.spec.ts (2 tests) 303ms
 ✓ |core| packages/mcp-server/test/compose/selection-tree-bridge.spec.ts (9 tests) 330ms
 ✓ |core| packages/mcp-server/test/compose/slot-content-distributor.spec.ts (7 tests) 308ms
 ✓ |core| tests/traits/preferenceable/schema-registry.test.ts (5 tests) 292ms
 ✓ |core| packages/mcp-server/test/e2e/action-mappings.e2e.spec.ts (12 tests | 9 skipped) 239ms
 ✓ |core| tests/database/communication-migrations.test.ts (4 tests) 180ms
 ✓ |core| tests/tokens/breakpoint-keep-in-step.test.ts (15 tests) 130ms
 ✓ |core| tests/database/communication-seeds.test.ts (1 test) 226ms
 ✓ |core| tests/e2e/schema-ref-pipeline.test.ts (2 tests) 167ms
 ✓ |core| packages/mcp-server/test/contracts/error-observability.contract.spec.ts (19 tests) 245ms
 ✓ |core| packages/mcp-server/test/e2e/tier1-acceptance.e2e.spec.ts (4 tests) 252ms
 ✓ |core| packages/mcp-server/test/compose/component-selector.spec.ts (56 tests) 222ms
 ✓ |core| packages/mcp-server/test/compose/design-compose-actions.spec.ts (7 tests) 212ms
 ✓ |core| tests/registry/registry.test.ts (3 tests) 189ms
 ✓ |core| packages/mcp-server/test/contracts/schema-ref.workflow.spec.ts (4 tests) 183ms
 ✓ |core| packages/mcp-server/test/compose/slot-vocabulary-unification.spec.ts (2 tests) 195ms
 ✓ |core| tests/integration/universal-quintet.integration.test.ts (5 tests) 240ms
 ✓ |core| packages/mcp-server/test/contracts/dtcg-intake.s180.spec.ts (21 tests) 181ms
 ✓ |core| tests/tools/stage1-dtcg-adapter.test.ts (11 tests) 178ms
 ✓ |core| packages/mcp-server/test/contracts/layout-single-source.spec.ts (5 tests) 206ms
 ✓ |core| tests/compose/compose-intent-sections.test.ts (2 tests) 231ms
 ✓ |core| packages/mcp-server/test/compose/viz-compose.spec.ts (53 tests) 146ms
 ✓ |core| tests/integration/object-registry.test.ts (3 tests) 171ms
 ✓ |core| tests/traits/viz/mark-area.test.ts (4 tests) 51ms
 ✓ |guardrails| testing/a11y/brand-contrast.spec.ts (10 tests) 127ms
 ✓ |core| tests/validation/parameter-validator.test.ts (6 tests) 155ms
 ✓ |core| tests/validation/error-code-coverage.test.ts (20 tests) 120ms
 ✓ |core| packages/mcp-server/test/compose/intent-synonyms.spec.ts (35 tests) 250ms
 ✓ |core| packages/mcp-server/test/contracts/diag.snapshot-counts.spec.ts (1 test) 246ms
 ✓ |core| packages/mcp-server/test/compose/token-injection.spec.ts (11 tests) 131ms
 ✓ |core| tests/governance-gates/enforce-preserves-build-inputs.test.ts (4 tests) 141ms
 ✓ |core| tests/tokens/bridged-slot-specificity-census.test.ts (5 tests) 172ms
 ✓ |core| tests/integration/universal-quintet-objects.integration.test.ts (6 tests) 175ms
 ✓ |core| tests/governance-gates/import-side-effect-guard.test.ts (3 tests) 152ms
 ✓ |core| packages/mcp-server/test/schema-store/schema-store.spec.ts (6 tests) 96ms
 ✓ |core| packages/mcp-server/test/contracts/versioning.spec.ts (22 tests) 118ms
 ✓ |core| tests/viz/spatial/geo-fetch.test.ts (9 tests) 128ms
 ✓ |core| packages/mcp-server/test/compose/view-extension-collector.spec.ts (16 tests) 118ms
 ✓ |core| tests/integration/classifiable-composition.test.ts (3 tests) 138ms
 ✓ |core| packages/mcp-server/test/compose/label-generator.spec.ts (13 tests) 111ms
 ✓ |core| packages/mcp-server/test/contracts/map-apply.spec.ts (18 tests) 84ms
 ✓ |core| packages/mcp-server/test/compose/viz-auto-binding.spec.ts (10 tests) 135ms
 ✓ |core| tests/integration/communicable-composition.test.ts (3 tests) 110ms
 ✓ |core| tests/traits/Statusable.test.ts (6 tests) 150ms
 ✓ |core| tests/integration/addressable-composition.test.ts (2 tests) 121ms
 ✓ |core| tests/integration/failure-scenarios.integration.test.ts (4 tests) 123ms
 ✓ |core| tests/integration/preferenceable-composition.test.ts (2 tests) 111ms
 ✓ |core| packages/mcp-server/test/e2e/review-q3.e2e.spec.ts (62 tests) 87ms
 ✓ |core| tests/components/dashboard-context.integration.test.tsx (5 tests) 141ms
 ✓ |core| tests/traits/viz/scale-linear.test.ts (4 tests) 86ms
 ✓ |core| tests/traits/viz/scale-temporal.test.ts (4 tests) 118ms
 ✓ |core| tests/integration/authable-composition.test.ts (4 tests) 151ms
 ✓ |core| packages/mcp-server/test/codegen/cross-framework-parity.spec.ts (50 tests) 29108ms
   ✓ Sprint 182 bounded framework normalization > preserves normalized Card body and active state when deriving Tabs items  4316ms
   ✓ Sprint 182 bounded framework normalization > binds Badge and Button fields through their supported content prop  4517ms
   ✓ Sprint 182 bounded framework normalization > escapes React scalar props, ids, styles, and comments as source data  4230ms
   ✓ Sprint 182 bounded framework normalization > preserves Text and Input field bindings inside section wrappers  4342ms
   ✓ Sprint 182 bounded framework normalization > binds DatePicker, Textarea, and Checkbox through target-supported values  4796ms
   ✓ Sprint 182 bounded framework normalization > serializes hostile Tailwind variant values without breaking either compiler  3060ms
   ✓ Sprint 182 bounded framework normalization > resolves the declared cva dependency for supported activated variants  3807ms
 ✓ |core| packages/mcp-server/test/contracts/pragmatic-role-ia.spec.ts (4 tests) 100ms
 ✓ |core| tests/traits/viz/mark-bar.test.ts (4 tests) 70ms
 ✓ |core| tests/viz/adapters/spatial/echarts-spatial-adapter.test.ts (3 tests) 106ms
 ✓ |core| packages/mcp-server/test/contracts/schema.list-delete.spec.ts (2 tests) 88ms
 ✓ |core| packages/mcp-server/test/e2e/a2ui-runtime-q3.e2e.spec.ts (98 tests) 104ms
 ✓ |core| tests/traits/authable.test.ts (4 tests) 196ms
 ✓ |core| tests/traits/viz/layout-facet.test.ts (3 tests) 48ms
 ✓ |core| tests/traits/Colorized.test.ts (4 tests) 75ms
 ✓ |core| tests/traits/Stateful.test.ts (4 tests) 113ms
 ✓ |core| tests/traits/Auditable.test.ts (5 tests) 93ms
 ✓ |core| packages/mcp-server/test/contracts/registry-v14-roundtrip.spec.ts (13 tests) 114ms
 ✓ |core| tests/traits/addressable.test.ts (6 tests) 83ms
 ✓ |core| tests/traits/viz/encoding-color.test.ts (4 tests) 84ms
 ✓ |core| tests/traits/viz/layout-concat.test.ts (3 tests) 62ms
 ✓ |core| tests/services/classification/hybrid-term-adapter.spec.ts (2 tests) 89ms
 ✓ |core| tests/governance-gates/enforce-report-floor.test.ts (6 tests) 104ms
 ✓ |core| tests/traits/viz/encoding-position-y.test.ts (4 tests) 95ms
 ✓ |core| tests/traits/Archivable.test.ts (4 tests) 72ms
 ✓ |core| packages/mcp-server/test/contracts/tokens.build.apply.spec.ts (1 test) 49ms
 ✓ |core| tests/traits/Cancellable.test.ts (4 tests) 69ms
 ✓ |core| tests/codegen/code-generate.contract.test.ts (24 tests) 51ms
 ✓ |core| packages/mcp-server/test/tools/certify-echarts-projected-render-s179.spec.ts (2 tests) 105ms
 ✓ |core| tests/viz/adapters/spatial/vega-lite-visual-regression.test.ts (2 tests) 97ms
 ✓ |core| tests/tokens/tailwind-screens.test.ts (7 tests) 64ms
 ✓ |core| packages/mcp-server/test/e2e/map-apply.test.ts (1 test) 73ms
 ✓ |core| packages/mcp-server/test/e2e/apply-summary-q3.e2e.spec.ts (94 tests) 71ms
 ✓ |core| packages/mcp-server/test/e2e/boxes-arrows-q3.e2e.spec.ts (44 tests) 94ms
 ✓ |core| tests/time/temporal-hygiene.spec.ts (34 tests) 37ms
 ✓ |core| tests/services/classification/ltree-query-service.spec.ts (4 tests) 98ms
 ✓ |core| tests/traits/viz/mark-point.test.ts (4 tests) 83ms
 ✓ |core| tests/traits/Taggable.test.ts (4 tests) 87ms
 ✓ |core| packages/mcp-server/test/e2e/conflict-detail-q3.e2e.spec.ts (83 tests) 46ms
stderr | tests/viz/adapters/spatial/vega-lite-spatial-adapter.test.ts
unknown format "color-hex" ignored in schema at path "#/definitions/HexColor"
unknown format "color-hex" ignored in schema at path "#/definitions/HexColor"

 ✓ |core| tests/viz/adapters/spatial/vega-lite-spatial-adapter.test.ts (3 tests) 114ms
 ✓ |core| tests/traits/viz/interaction-highlight.test.ts (3 tests) 44ms
 ✓ |core| tests/compliance/rbac.spec.ts (11 tests) 21ms
 ✓ |core| packages/mcp-server/test/e2e/a2ui-image-q3.e2e.spec.ts (24 tests) 87ms
 ✓ |core| tests/traits/viz/encoding-size.test.ts (4 tests) 116ms
 ✓ |core| tests/components/subscription.render-object.test.tsx (5 tests) 81ms
 ✓ |core| tests/traits/viz/encoding-position-x.test.ts (4 tests) 98ms
 ✓ |core| packages/mcp-server/test/e2e/review-queue-q3.e2e.spec.ts (66 tests) 79ms
 ✓ |core| tests/traits/communication/communication-trait.test.ts (3 tests) 27ms
 ✓ |core| packages/mcp-server/test/e2e/branded-mockup-q3.e2e.spec.ts (66 tests) 82ms
 ✓ |core| tests/generators/object-type-generator.test.ts (2 tests) 35ms
 ✓ |core| packages/mcp-server/test/e2e/review-resolve-q3.e2e.spec.ts (25 tests) 62ms
 ✓ |core| tests/traits/viz/mark-line.test.ts (4 tests) 67ms
 ✓ |core| tests/schemas/spatial-spec.test.ts (24 tests) 64ms
 ✓ |core| tests/traits/preferenceable.test.ts (5 tests) 76ms
 ✓ |core| tests/traits/addressable/default-management.test.ts (3 tests) 30ms
 ✓ |core| tests/traits/Labelled.test.ts (4 tests) 91ms
 ✓ |core| tests/validation/formatter.test.ts (5 tests) 37ms
 ✓ |core| tests/validation/pipeline.test.ts (7 tests) 53ms
 ✓ |core| packages/mcp-server/test/a11y/a11y.contract.spec.ts (20 tests) 70ms
 ✓ |core| packages/mcp-server/test/contracts/code.generate-parity.spec.ts (2 tests) 21ms
 ✓ |core| packages/mcp-server/test/contracts/stage1-v14-stubs.spec.ts (4 tests) 49ms
 ✓ |core| tests/components/user.render-object.test.tsx (2 tests) 26ms
 ✓ |core| tests/tokens/mobile-output.test.ts (25 tests) 46ms
 ✓ |core| packages/mcp-server/test/tools/echarts-role-a-assignment.s179.spec.ts (14 tests) 47ms
 ✓ |core| packages/mcp-server/test/e2e/wireframe-q3.e2e.spec.ts (40 tests) 58ms
 ✓ |core| tests/traits/viz/layout-layer.test.ts (3 tests) 54ms
 ✓ |core| tests/registry/composition-integration.test.ts (1 test) 42ms
 ✓ |core| packages/mcp-server/test/codegen/codegen-invalid-schema.spec.ts (2 tests) 18ms
 ✓ |core| packages/mcp-server/test/tools/dashboard-a11y-equivalence-emission.spec.ts (9 tests) 63ms
 ✓ |core| packages/mcp-server/test/contracts/doc-retirement-gate.spec.ts (1 test) 39ms
 ✓ |core| tests/viz/adapters/echarts/hierarchy-utils.test.ts (3 tests) 19ms
 ✓ |core| tests/tokens/transform.test.ts (3 tests) 63ms
 ✓ |core| tests/traits/addressable/international-formatting.test.ts (5 tests) 32ms
 ✓ |core| packages/mcp-server/test/contracts/repl.tools.spec.ts (39 tests) 42ms
 ✓ |core| packages/mcp-server/test/contracts/schema-pattern-anchoring.spec.ts (8 tests) 18ms
 ✓ |core| tests/registry/resolver.test.ts (5 tests) 77ms
 ✓ |core| tests/codegen/vue-emitter.test.ts (31 tests) 31ms
 ✓ |core| packages/mcp-server/test/compose/templates.spec.ts (68 tests) 46ms
 ✓ |core| tests/integrations/billing/stripe.spec.ts (9 tests) 25ms
 ✓ |core| tests/compliance/integration.spec.ts (7 tests) 27ms
 ✓ |core| tests/traits/viz/interaction-tooltip.test.ts (3 tests) 101ms
 ✓ |core| tests/validation/error-context-enrichment.test.ts (16 tests) 27ms
 ✓ |core| tests/integration/communication-authable-integration.test.ts (1 test) 31ms
 ✓ |core| tests/e2e/code-generate.test.ts (7 tests) 26ms
 ✓ |core| tests/schemas/authz-registry.test.ts (5 tests) 37ms
 ✓ |core| tests/traits/authz/entitlement.test.ts (4 tests) 38ms
 ✓ |core| packages/mcp-server/test/contracts/schema.save.spec.ts (3 tests) 23ms
 ✓ |core| packages/mcp-server/test/contracts/schema.load.spec.ts (3 tests) 42ms
 ✓ |core| tests/schemas/viz/transform-outputs.test.ts (4 tests) 28ms
 ✓ |core| tests/domain/billing/states.spec.ts (61 tests) 30ms
 ✓ |core| packages/mcp-server/test/render/xss-security.spec.ts (51 tests) 23ms
 ✓ |core| tests/billing/usage-aggregate.spec.ts (16 tests) 28ms
 ✓ |core| packages/mcp-server/test/codegen/responsive-tailwind.spec.ts (20 tests) 33ms
 ✓ |core| tests/integration/entitlement-export.test.ts (4 tests) 32ms
 ✓ |core| tests/contracts/public-api.contract.test.ts (3 tests) 19ms
 ✓ |core| packages/mcp-server/test/codegen/vue-emitter.spec.ts (29 tests) 20ms
 ✓ |core| tests/traits/preferenceable/cache.test.ts (4 tests) 25ms
 ✓ |core| tests/traits/classifiable/tag-governance.test.ts (3 tests) 31ms
 ✓ |core| tests/schemas/viz/hierarchy-input.test.ts (5 tests) 16ms
 ✓ |core| packages/mcp-server/test/contracts/structuredData.fetch.spec.ts (11 tests) 37ms
 ✓ |core| tests/traits/preferenceable/read-repair.test.ts (3 tests) 50ms
 ✓ |core| tests/traits/preferenceable/performance.test.ts (4 tests) 25ms
 ✓ |core| packages/mcp-server/test/scale/determinism.spec.ts (9 tests) 52ms
 ✓ |core| tests/integration/communication-audit.test.ts (2 tests) 23ms
 ✓ |core| tests/integration/communication-preferenceable-integration.test.ts (1 test) 26ms
 ✓ |core| tests/traits/communication/schema-validator.test.ts (4 tests) 31ms
 ✓ |core| tests/compliance/audit-log.spec.ts (15 tests) 30ms
 ✓ |core| tests/validation/composition-validator.test.ts (6 tests) 22ms
 ✓ |core| tests/traits/communication/retry-scheduler.test.ts (3 tests) 28ms
 ✓ |core| tests/accounts/metadata-policy.spec.ts (23 tests) 6ms
 ✓ |core| tests/utils/format.test.ts (2 tests) 24ms
 ✓ |core| packages/mcp-server/test/contracts/emitter-data-attr-parity.spec.ts (6 tests) 16ms
 ✓ |core| tests/base/select.test.tsx (2 tests) 18ms
 ✓ |core| packages/mcp-server/test/tools/viz-a11y-equivalence-emission.spec.ts (14 tests) 59ms
 ✓ |core| packages/mcp-server/test/tools/repl.render.fragment.spec.ts (4 tests) 11ms
 ✓ |core| tests/services/billing/usage-invoice-builder.spec.ts (2 tests) 32ms
 ✓ |core| tests/validation/boundary-conditions.test.ts (17 tests) 31ms
 ✓ |core| tests/schemas/preferences.test.ts (4 tests) 23ms
 ✓ |core| packages/mcp-server/test/contracts/repl.e2e.integration.spec.ts (4 tests) 17ms
 ✓ |core| packages/mcp-server/test/contracts/registry-gaps.contract.spec.ts (10 tests) 14ms
 ✓ |core| tests/components/stepper.test.tsx (19 tests) 29ms
 ✓ |core| tests/base/text-field.test.tsx (2 tests) 9ms
 ✓ |core| tests/tokens-governance/token-map-and-diff.test.ts (14 tests) 16ms
 ✓ |core| tests/integrations/billing/chargebee.spec.ts (7 tests) 28ms
 ✓ |core| tests/viz/spatial/geo-data-resolver.test.ts (15 tests) 33ms
 ✓ |core| tests/core/compositor.test.ts (21 tests) 28ms
 ✓ |core| tests/integrations/billing/zuora.spec.ts (7 tests) 26ms
 ✓ |core| tests/schemas/authz.test.ts (8 tests) 24ms
 ✓ |core| tests/traits/viz/spatial/geocodable.test.ts (79 tests) 32ms
 ✓ |core| tests/traits/addressable/multi-role.test.ts (2 tests) 21ms
 ✓ |core| packages/mcp-server/test/contracts/brand.apply.cross-brand-delta.spec.ts (7 tests) 16ms
 ✓ |core| tests/traits/addressable/validation-lifecycle.test.ts (4 tests) 55ms
 ✓ |core| tests/traits/communication/delivery-service.test.ts (4 tests) 27ms
 ✓ |core| tests/parsers/object-parser.test.ts (13 tests) 23ms
 ✓ |core| packages/mcp-server/test/tools/viz.render.bubble-symbolsize-s172.spec.ts (6 tests) 12ms
 ✓ |core| tests/components/RenderObject.test.tsx (3 tests) 35ms
 ✓ |core| tests/integration/communication-export.test.ts (3 tests) 42ms
 ✓ |core| tests/traits/communication/throttling-enforcer.test.ts (3 tests) 43ms
 ✓ |core| packages/mcp-server/test/contracts/dashboard.render.duplicate-panel-id.s181.spec.ts (3 tests) 26ms
 ✓ |core| tests/traits/authz/role-graph.test.ts (3 tests) 19ms
 ✓ |core| tests/traits/communication/sla-monitor.test.ts (2 tests) 29ms
stdout | tests/tokens/brand-root-and-containment.test.ts > s168 m06 — :root value audit + the two discriminating brand-axis oracles > (d) every non-base cell genuinely differs from :root — the blocks are not no-ops
A/base: 0/44 differ from :root
A/dark: 43/44 differ from :root
A/hc: 44/44 differ from :root
B/base: 0/44 differ from :root
B/dark: 44/44 differ from :root
B/hc: 44/44 differ from :root

 ✓ |core| tests/tokens/brand-root-and-containment.test.ts (9 tests) 19ms
 ✓ |core| packages/mcp-server/test/contracts/layout-align.spec.ts (8 tests) 20ms
 ✓ |core| packages/mcp-server/test/render/fragment-edge-cases.spec.ts (48 tests) 44ms
 ✓ |core| tests/verification/contexts.contract.test.tsx (16 tests) 27ms
 ✓ |core| tests/integration/communication-throttling-integration.test.ts (1 test) 22ms
 ✓ |core| packages/mcp-server/test/codegen/react-emitter.spec.ts (34 tests) 18ms
 ✓ |core| tests/traits/classifiable/spam-detection.test.ts (3 tests) 25ms
 ✓ |core| packages/mcp-server/test/compose/wire-field-props.spec.ts (9 tests) 22ms
 ✓ |core| packages/mcp-server/test/codegen/prop-destructuring.spec.ts (9 tests) 29ms
 ✓ |core| tests/domain/billing/state-set-convergence.spec.ts (7 tests) 16ms
 ✓ |core| tests/contexts/context-templates.test.tsx (16 tests) 32ms
 ✓ |core| tests/schemas/viz/network-input.test.ts (4 tests) 17ms
 ✓ |core| tests/codegen/react-emitter.test.ts (26 tests) 16ms
 ✓ |core| tests/components/progress.test.tsx (18 tests) 19ms
 ✓ |core| tests/schemas/viz/sankey-input.test.ts (3 tests) 17ms
 ✓ |core| tests/cli/refresh-data.test.ts (4 tests) 31ms
 ✓ |core| tests/traits/authz/sod-validator.test.ts (5 tests) 13ms
 ✓ |core| packages/mcp-server/test/contracts/security.model.spec.ts (17 tests) 31ms
 ✓ |core| packages/mcp-server/test/render/renderer-edge-cases.spec.ts (25 tests) 27ms
 ✓ |core| packages/mcp-server/test/render/confidence-affordance.spec.ts (15 tests) 10ms
 ✓ |core| packages/mcp-server/test/render/render-preview-messaging.spec.ts (2 tests) 17ms
 ✓ |core| packages/mcp-server/test/tools/certify-contrast.echarts-caveat-pin.spec.ts (2 tests) 10ms
 ✓ |guardrails| testing/a11y/brand-description-truth.spec.ts (3 tests) 16ms
 ✓ |core| packages/mcp-server/test/codegen/vue-reactivity.spec.ts (12 tests) 15ms
 ✓ |core| tests/traits/authz/sod-policy.test.ts (5 tests) 15ms
 ✓ |core| tests/dashboard/network-cross-filter.test.ts (36 tests) 10ms
 ✓ |core| packages/mcp-server/test/contracts/brand.apply.rfc6902-wording.spec.ts (2 tests) 12ms
 ✓ |core| packages/mcp-server/test/compose/field-patterns.spec.ts (31 tests) 15ms
 ✓ |core| tests/core/dependency-graph.test.ts (40 tests) 12ms
 ✓ |core| tests/schemas/classification.test.ts (5 tests) 10ms
 ✓ |core| tests/generators/type-generator.test.ts (26 tests) 5ms
 ✓ |core| tests/traits/addressable/validation.test.ts (3 tests) 11ms
 ✓ |core| tests/viz/normalized-viz-spec.test.ts (6 tests) 19ms
 ✓ |core| tests/verification/how-forge-works.contract.test.ts (5 tests) 12ms
 ✓ |core| packages/mcp-server/test/contracts/schema.contract.spec.ts (24 tests) 13ms
 ✓ |core| packages/mcp-server/test/tools/repl.render.compact.spec.ts (8 tests) 13ms
 ✓ |core| tests/generators/composer.test.ts (24 tests) 27ms
 ✓ |core| tests/viz/a11y-equivalence.test.ts (12 tests) 39ms
 ✓ |core| tests/tokens/viz-scales.test.ts (2 tests) 10ms
 ✓ |core| tests/components/RenderObject.edge-cases.test.tsx (4 tests) 13ms
 ✓ |core| tests/base/banner.test.tsx (2 tests) 9ms
 ✓ |core| packages/mcp-server/test/contracts/preview.compaction.spec.ts (3 tests) 14ms
 ✓ |core| tests/base/checkbox.test.tsx (2 tests) 17ms
 ✓ |core| packages/mcp-server/test/contracts/repl.registry.contract.spec.ts (2 tests) 24ms
 ✓ |core| tests/base/button.test.tsx (3 tests) 8ms
 ✓ |core| tests/viz/adapters/layout-parity.test.ts (2 tests) 10ms
 ✓ |core| tests/tokens/brand-semantic-bridge.test.ts (14 tests) 10ms
 ✓ |core| packages/mcp-server/test/contracts/brand.apply.patch.spec.ts (1 test) 6ms
 ✓ |core| tests/traits/preferenceable/notification-routing.test.ts (4 tests) 5ms
 ✓ |core| packages/mcp-adapter/sanitize-schema.test.js (27 tests) 5ms
 ✓ |core| packages/mcp-server/test/contracts/code.generate-golden.spec.ts (6 tests) 10ms
 ✓ |core| packages/mcp-server/test/contracts/fragment-api.contract.spec.ts (5 tests) 30ms
 ✓ |core| packages/mcp-server/test/render/fragment-errors.spec.ts (5 tests) 30ms
 ✓ |core| tests/viz/echarts-adapter.test.ts (8 tests) 6ms
 ✓ |core| tests/traits/viz/spatial/has-projection.test.ts (19 tests) 5ms
 ✓ |core| tests/base/table.test.tsx (2 tests) 8ms
 ✓ |core| tests/compositor/composeExtensions.test.ts (4 tests) 8ms
 ✓ |core| tests/accounts/account-archetypes.spec.ts (12 tests) 9ms
 ✓ |core| tests/components/page-header.test.tsx (1 test) 8ms
 ✓ |core| tests/view/compositor/composeExtensions.test.ts (6 tests) 7ms
 ✓ |core| tests/viz/vega-lite-adapter.test.ts (8 tests) 8ms
 ✓ |core| tests/base/badge.test.tsx (2 tests) 9ms
 ✓ |core| tests/system-protocols/semantic-protocol.test.ts (3 tests) 6ms
 ✓ |core| tests/integration/network-flow-full.test.ts (21 tests) 12ms
 ✓ |core| tests/viz/a11y/facet-table-generator.test.ts (4 tests) 7ms
 ✓ |core| tests/verification/s177-prose-carriers.contract.test.ts (6 tests) 11ms
 ✓ |core| tests/cli/network-scaffold.test.ts (24 tests) 6ms
 ✓ |core| packages/mcp-server/test/contracts/s90-registration-audit.spec.ts (35 tests) 8ms
 ✓ |core| tests/parsers/index.test.ts (5 tests) 4ms
 ✓ |core| tests/viz/spatial/geo-format-parser.test.ts (22 tests) 6ms
 ✓ |core| tests/verification/compositor.contract.test.ts (4 tests) 19ms
 ✓ |core| tests/styles/view-context-collapse.test.ts (13 tests) 7ms
 ✓ |core| tests/viz/integration/spatial-dashboard.test.tsx (2 tests) 7ms
 ✓ |core| tests/validation/cli.test.ts (4 tests) 11ms
 ✓ |core| tests/viz/adapters/echarts/sunburst-adapter.test.ts (2 tests) 3ms
 ✓ |core| tests/contracts/schema-types.contract.test.ts (2 tests) 15ms
 ✓ |core| tests/traits/communication/policy-builder.test.ts (3 tests) 9ms
 ✓ |core| tests/base/textarea.test.tsx (2 tests) 11ms
 ✓ |core| tests/base/date-picker.test.tsx (2 tests) 10ms
 ✓ |core| tests/parsers/ts-parser.test.ts (7 tests) 9ms
 ✓ |core| tests/verification/agent-docs-registry.contract.test.ts (5 tests) 5ms
 ✓ |core| tests/parsers/yaml-parser.test.ts (12 tests) 10ms
 ✓ |core| packages/mcp-server/test/a2ui-host-conformance/host-conformance-emitter.spec.ts (32 tests) 8ms
 ✓ |core| tests/schemas/address.test.ts (4 tests) 6ms
 ✓ |core| packages/mcp-server/test/contracts/viz-compose.contract.spec.ts (10 tests) 9ms
 ✓ |core| tests/services/billing/event-ingestion.spec.ts (3 tests) 14ms
 ✓ |core| tests/dashboard/network-widgets.test.ts (28 tests) 5ms
 ✓ |core| tests/tokens/brand-css-no-tie.test.ts (6 tests) 8ms
stdout | tests/tenancy/isolated.spec.ts > Schema-Per-Tenant Isolation > Schema Isolation > should route queries to tenant-specific schema
[SchemaPerTenant] Using schema: tenant_tenant_alice

stdout | tests/tenancy/isolated.spec.ts > Schema-Per-Tenant Isolation > Schema Isolation > should route queries to tenant-specific schema
[SchemaPerTenant] Query in tenant_tenant_alice: SELECT * FROM subscriptions

stdout | tests/tenancy/isolated.spec.ts > Schema-Per-Tenant Isolation > Schema Isolation > should route queries to tenant-specific schema
[SchemaPerTenant] Using schema: tenant_tenant_bob

stdout | tests/tenancy/isolated.spec.ts > Schema-Per-Tenant Isolation > Schema Isolation > should route queries to tenant-specific schema
[SchemaPerTenant] Query in tenant_tenant_bob: SELECT * FROM subscriptions

stdout | tests/tenancy/isolated.spec.ts > Schema-Per-Tenant Isolation > Schema Isolation > should prevent cross-schema data access
[SchemaPerTenant] Using schema: tenant_tenant_alice

stdout | tests/tenancy/isolated.spec.ts > Schema-Per-Tenant Isolation > Schema Isolation > should prevent cross-schema data access
[SchemaPerTenant] Query in tenant_tenant_alice: SELECT * FROM subscriptions

stdout | tests/tenancy/isolated.spec.ts > Schema-Per-Tenant Isolation > Transaction Isolation > should maintain schema context across transaction
[SchemaPerTenant] Using schema: tenant_tenant_alice

stdout | tests/tenancy/isolated.spec.ts > Schema-Per-Tenant Isolation > Transaction Isolation > should maintain schema context across transaction
[SchemaPerTenant] BEGIN in tenant_tenant_alice

stdout | tests/tenancy/isolated.spec.ts > Schema-Per-Tenant Isolation > Transaction Isolation > should maintain schema context across transaction
[SchemaPerTenant] Execute in tenant_tenant_alice: INSERT INTO subscriptions (id, status) VALUES (?, ?)

stdout | tests/tenancy/isolated.spec.ts > Schema-Per-Tenant Isolation > Transaction Isolation > should maintain schema context across transaction
[SchemaPerTenant] COMMIT in tenant_tenant_alice

stdout | tests/tenancy/isolated.spec.ts > Schema-Per-Tenant Isolation > Transaction Isolation > should not leak data across schema transactions
[SchemaPerTenant] Using schema: tenant_tenant_alice

stdout | tests/tenancy/isolated.spec.ts > Schema-Per-Tenant Isolation > Transaction Isolation > should not leak data across schema transactions
[SchemaPerTenant] BEGIN in tenant_tenant_alice

stdout | tests/tenancy/isolated.spec.ts > Schema-Per-Tenant Isolation > Transaction Isolation > should not leak data across schema transactions
[SchemaPerTenant] Execute in tenant_tenant_alice: INSERT INTO subscriptions (id, status) VALUES (?, ?)

stdout | tests/tenancy/isolated.spec.ts > Schema-Per-Tenant Isolation > Transaction Isolation > should not leak data across schema transactions
[SchemaPerTenant] Using schema: tenant_tenant_bob

stdout | tests/tenancy/isolated.spec.ts > Schema-Per-Tenant Isolation > Transaction Isolation > should not leak data across schema transactions
[SchemaPerTenant] Query in tenant_tenant_bob: SELECT * FROM subscriptions

stdout | tests/tenancy/isolated.spec.ts > Schema-Per-Tenant Isolation > Concurrent Access > should handle multiple tenants querying simultaneously
[SchemaPerTenant] Using schema: tenant_tenant_alice
[SchemaPerTenant] Using schema: tenant_tenant_bob
[SchemaPerTenant] Using schema: tenant_tenant_charlie
[SchemaPerTenant] Query in tenant_tenant_alice: SELECT * FROM subscriptions
[SchemaPerTenant] Query in tenant_tenant_bob: SELECT * FROM subscriptions
[SchemaPerTenant] Query in tenant_tenant_charlie: SELECT * FROM subscriptions

stdout | tests/tenancy/isolated.spec.ts > Schema-Per-Tenant Isolation > Per-Tenant Migrations > should support independent schema versions
[SchemaPerTenant] Using schema: tenant_tenant_alice

stdout | tests/tenancy/isolated.spec.ts > Schema-Per-Tenant Isolation > Per-Tenant Migrations > should support independent schema versions
[SchemaPerTenant] Query in tenant_tenant_alice: SELECT * FROM subscriptions

stdout | tests/tenancy/isolated.spec.ts > Schema-Per-Tenant Isolation > Per-Tenant Migrations > should support independent schema versions
[SchemaPerTenant] Using schema: tenant_tenant_bob

stdout | tests/tenancy/isolated.spec.ts > Schema-Per-Tenant Isolation > Per-Tenant Migrations > should support independent schema versions
[SchemaPerTenant] Query in tenant_tenant_bob: SELECT * FROM subscriptions

 ✓ |core| tests/tenancy/isolated.spec.ts (10 tests) 24ms
 ✓ |core| packages/mcp-server/test/contracts/tool.registry.spec.ts (3 tests) 6ms
 ✓ |guardrails| testing/a11y/contrast.spec.ts (1 test) 9ms
 ✓ |core| tests/viz/adapters/echarts/sankey-adapter-edge-cases.test.ts (21 tests) 10ms
 ✓ |core| tests/e2e/network-dashboard.test.ts (14 tests) 12ms
 ✓ |core| packages/mcp-server/test/presets/brand-presets.spec.ts (29 tests) 8ms
 ✓ |core| tests/viz/adapters/echarts/sankey-adapter.test.ts (43 tests) 14ms
 ✓ |core| packages/mcp-server/test/render/css-extractor.spec.ts (3 tests) 3ms
 ✓ |core| tests/traits/viz/spatial/spatial-composition.test.ts (15 tests) 4ms
 ✓ |core| tests/tokens/viz-map.test.ts (20 tests) 9ms
 ✓ |core| tests/traits/preferenceable/dual-write-migration.test.ts (2 tests) 6ms
 ✓ |core| tests/viz/adapters/echarts/graph-adapter.test.ts (35 tests) 7ms
 ✓ |guardrails| testing/a11y/axe.spec.ts (4 tests) 3ms
 ✓ |core| tests/traits/communication/schema-registry.test.ts (3 tests) 6ms
 ✓ |core| packages/mcp-server/test/codegen/prop-binding.spec.ts (31 tests) 5ms
 ✓ |core| tests/viz/patterns/suggest-chart.test.ts (4 tests) 5ms
 ✓ |core| packages/mcp-server/test/codegen/styling-mode-coverage.spec.ts (54 tests) 5ms
stdout | tests/tenancy/shared.spec.ts > Shared-Schema Tenancy > Tenant Isolation > should isolate queries to current tenant
[SharedSchema] Query for tenant tenant-alice: SELECT * FROM subscriptions WHERE tenant_id = 'tenant-alice'

stdout | tests/tenancy/shared.spec.ts > Shared-Schema Tenancy > Tenant Isolation > should isolate queries to current tenant
[SharedSchema] Query for tenant tenant-bob: SELECT * FROM subscriptions WHERE tenant_id = 'tenant-bob'

stdout | tests/tenancy/shared.spec.ts > Shared-Schema Tenancy > Tenant Isolation > should prevent cross-tenant data access
[SharedSchema] Query for tenant tenant-alice: SELECT * FROM subscriptions WHERE tenant_id = 'tenant-alice'

stdout | tests/tenancy/shared.spec.ts > Shared-Schema Tenancy > Transaction Isolation > should maintain tenant context across transaction
[SharedSchema] BEGIN for tenant tenant-alice

stdout | tests/tenancy/shared.spec.ts > Shared-Schema Tenancy > Transaction Isolation > should maintain tenant context across transaction
[SharedSchema] Execute for tenant tenant-alice: INSERT INTO subscriptions (id, status) VALUES (?, ?)

stdout | tests/tenancy/shared.spec.ts > Shared-Schema Tenancy > Transaction Isolation > should maintain tenant context across transaction
[SharedSchema] COMMIT for tenant tenant-alice

stdout | tests/tenancy/shared.spec.ts > Shared-Schema Tenancy > Transaction Isolation > should restore context after rollback
[SharedSchema] BEGIN for tenant tenant-bob

stdout | tests/tenancy/shared.spec.ts > Shared-Schema Tenancy > Transaction Isolation > should restore context after rollback
[SharedSchema] Execute for tenant tenant-bob: INSERT INTO subscriptions (id, status) VALUES (?, ?)

stdout | tests/tenancy/shared.spec.ts > Shared-Schema Tenancy > Transaction Isolation > should restore context after rollback
[SharedSchema] ROLLBACK for tenant tenant-bob

 ✓ |core| tests/tenancy/shared.spec.ts (11 tests) 7ms
 ✓ |core| tests/traits/viz/spatial/layered-overlay.test.ts (25 tests) 7ms
 ✓ |core| packages/mcp-server/test/tools/dashboard-token-css-ref-honor.s179.spec.ts (3 tests) 7ms
 ✓ |core| tests/mcp/bridge-policy-and-tool-names.test.ts (3 tests) 8ms
 ✓ |core| tests/viz/echarts-interactions.test.ts (5 tests) 15ms
 ✓ |core| tests/view/compositor/modifierPurity.test.ts (5 tests) 5ms
 ✓ |core| tests/view/extensions.test.ts (6 tests) 5ms
 ✓ |core| tests/viz/adapters/echarts/graph-adapter-interaction.test.ts (24 tests) 10ms
 ✓ |core| tests/viz/layout/keyboard-nav.test.ts (3 tests) 6ms
 ✓ |core| tests/verification/standing-rules.contract.test.ts (3 tests) 6ms
 ✓ |core| tests/database/authz-seeds.test.ts (3 tests) 4ms
 ✓ |core| tests/tokens/brand-theme-matrix.test.ts (10 tests) 8ms
 ✓ |core| tests/verification/ci-token-governance-event.contract.test.ts (2 tests) 2ms
 ✓ |core| tests/database/authz-migrations.test.ts (6 tests) 5ms
 ✓ |core| tests/viz/adapters/layout-adapter.test.ts (2 tests) 6ms
 ✓ |guardrails| testing/a11y/status-provenance.spec.ts (9 tests) 5ms
 ✓ |core| packages/mcp-server/test/tools/cvd-machado.spec.ts (8 tests) 3ms
 ✓ |core| packages/mcp-server/test/contracts/dsl-version.spec.ts (9 tests) 5ms
stdout | tests/tenancy/external.spec.ts > External Adapter Tenancy > Isolation > should route queries to dedicated databases
[ExternalAdapter] Tenant Alice Corp (tenant-alice) → alice.db.internal:5432/oods_alice

stdout | tests/tenancy/external.spec.ts > External Adapter Tenancy > Isolation > should route queries to dedicated databases
[ExternalAdapter] Query in oods_alice: SELECT * FROM subscriptions

stdout | tests/tenancy/external.spec.ts > External Adapter Tenancy > Isolation > should route queries to dedicated databases
[ExternalAdapter] Tenant Bob Industries (tenant-bob) → bob.db.internal:5432/oods_bob

stdout | tests/tenancy/external.spec.ts > External Adapter Tenancy > Isolation > should route queries to dedicated databases
[ExternalAdapter] Query in oods_bob: SELECT * FROM subscriptions

 ✓ |core| tests/engine/contributions.registry.spec.ts (3 tests) 3ms
 ✓ |core| tests/view/context.test.ts (2 tests) 3ms
 ✓ |core| tests/tenancy/external.spec.ts (3 tests) 11ms
 ✓ |core| tests/viz/spatial/geo-data-joiner.test.ts (13 tests) 4ms
 ✓ |core| tests/compositor/withStatusBadge.modifier.test.ts (6 tests) 4ms
 ✓ |core| tests/verification/closeout-checklist.contract.test.ts (7 tests) 4ms
 ✓ |core| tests/cli/spatial-detection.test.ts (4 tests) 3ms
 ✓ |core| tests/viz/integration/renderer-selection-spatial.test.ts (5 tests) 3ms
 ✓ |core| tests/viz/patterns/scaffold-generator.test.ts (1 test) 4ms
 ✓ |core| tests/viz/integration/spatial-crossfilter.test.ts (5 tests) 3ms
 ✓ |core| tests/verification/regions.contract.test.ts (3 tests) 3ms
 ✓ |core| packages/mcp-server/test/contracts/artifact-certify-render-prose.s179.spec.ts (13 tests) 2ms
 ✓ |core| tests/traits/preferenceable/migration-logger.test.ts (1 test) 2ms
 ✓ |core| packages/mcp-server/test/tools/dashboard-contrast-alpha-s170.spec.ts (7 tests) 3ms
 ✓ |core| tests/traits/addressable/format-templates.test.ts (4 tests) 3ms
 ✓ |core| tests/verification/pkg-compat-workflow.contract.test.ts (2 tests) 4ms
 ✓ |core| tests/validation/reporters.test.ts (3 tests) 3ms
 ✓ |core| tests/viz/adapters/echarts/treemap-adapter.test.ts (2 tests) 3ms
 ✓ |core| tests/viz/patterns/pattern-library-v2.test.ts (6 tests) 5ms
 ✓ |core| packages/mcp-server/test/compose/position-affinity.spec.ts (5 tests) 2ms
 ✓ |core| tests/cli/spatial-scaffold.test.ts (2 tests) 2ms
 ✓ |core| tests/traits/communication/channel-resolver.test.ts (3 tests) 5ms
 ✓ |core| tests/viz/resolver/network-flow-resolver.test.ts (6 tests) 10ms
 ✓ |core| tests/viz/stack-transform.test.ts (2 tests) 5ms
 ✓ |core| tests/verification/docs.contract.test.ts (2 tests) 2ms
 ✓ |core| tests/viz/renderer-selector.test.ts (7 tests) 3ms
 ↓ |core| packages/mcp-server/test/e2e/stage1-rollups.e2e.spec.ts (7 tests | 7 skipped)
 ✓ |core| tests/viz/patterns/suggest-chart-v2.test.ts (2 tests) 2ms
 ✓ |core| tests/traits/preferenceable/rjsf-integration.test.tsx (2 tests) 730ms
   ✓ PreferenceForm (RJSF integration) > renders schema-driven inputs for older versions  469ms
 ✓ |core| tests/components/breadcrumbs.spec.tsx (32 tests) 657ms
 ✓ |core| tests/components/tabs.spec.tsx (24 tests) 571ms
 ✓ |core| tests/components/preferences/PreferenceForm.a11y.test.tsx (1 test) 991ms
   ✓ PreferenceForm accessibility > renders without axe violations  990ms
 ✓ |core| tests/components/preferences/PreferenceForm.test.tsx (4 tests) 1702ms
   ✓ PreferenceForm > emits document changes when schema-driven fields update  783ms
   ✓ PreferenceForm > reports validation issues for invalid inputs via onValidationChange  669ms
 ✓ |core| tests/components/viz/ScatterChart.test.tsx (2 tests) 736ms
   ✓ ScatterChart > selects the ECharts renderer for dense datasets and wires interactions  580ms
 ✓ |core| tests/viz/spatial/performance.test.tsx (3 tests) 1306ms
   ✓ Spatial Performance Benchmarks > meets choropleth render budgets  357ms
   ✓ Spatial Performance Benchmarks > meets bubble render budgets  799ms
 ✓ |core| tests/components/preferences/NotificationMatrix.test.tsx (3 tests) 353ms
 ✓ |core| tests/apps/playground.app.test.tsx (2 tests) 476ms
   ✓ playground app > switches to the Stage1 mode and reloads when the fixture changes  321ms
stderr | tests/components/toast.spec.tsx > toast service > subscriptions and helpers > exposes useToastQueue hook to subscribers
An update to HookProbe inside a test was not wrapped in act(...).

When testing, code that causes React state updates should be wrapped into act(...):

act(() => {
  /* fire events that update state */
});
/* assert on the output */

This ensures that you're testing the behavior the user would see in the browser. Learn more at https://react.dev/link/wrap-tests-with-act

stderr | tests/components/toast.spec.tsx > ToastPortal > renders role=status toasts from the queue
An update to OODS.ToastPortal inside a test was not wrapped in act(...).

When testing, code that causes React state updates should be wrapped into act(...):

act(() => {
  /* fire events that update state */
});
/* assert on the output */

This ensures that you're testing the behavior the user would see in the browser. Learn more at https://react.dev/link/wrap-tests-with-act

stderr | tests/components/toast.spec.tsx > ToastPortal > stacks multiple toasts without exceeding maxVisible
An update to OODS.ToastPortal inside a test was not wrapped in act(...).

When testing, code that causes React state updates should be wrapped into act(...):

act(() => {
  /* fire events that update state */
});
/* assert on the output */

This ensures that you're testing the behavior the user would see in the browser. Learn more at https://react.dev/link/wrap-tests-with-act

stderr | tests/components/toast.spec.tsx > ToastPortal > applies position modifiers for placement
An update to OODS.ToastPortal inside a test was not wrapped in act(...).

When testing, code that causes React state updates should be wrapped into act(...):

act(() => {
  /* fire events that update state */
});
/* assert on the output */

This ensures that you're testing the behavior the user would see in the browser. Learn more at https://react.dev/link/wrap-tests-with-act

 ✓ |core| tests/components/viz/VizFacetGrid.test.tsx (3 tests) 354ms
 ✓ |core| tests/components/pagination.spec.tsx (33 tests) 361ms
stderr | tests/components/toast.spec.tsx > ToastPortal > removes toasts after dismissal
An update to OODS.ToastPortal inside a test was not wrapped in act(...).

When testing, code that causes React state updates should be wrapped into act(...):

act(() => {
  /* fire events that update state */
});
/* assert on the output */

This ensures that you're testing the behavior the user would see in the browser. Learn more at https://react.dev/link/wrap-tests-with-act

stderr | tests/components/toast.spec.tsx > ToastPortal > renders action buttons when provided
An update to OODS.ToastPortal inside a test was not wrapped in act(...).

When testing, code that causes React state updates should be wrapped into act(...):

act(() => {
  /* fire events that update state */
});
/* assert on the output */

This ensures that you're testing the behavior the user would see in the browser. Learn more at https://react.dev/link/wrap-tests-with-act

stderr | tests/components/toast.spec.tsx > ToastPortal > supports focus shortcut to highlight latest toast
An update to OODS.ToastPortal inside a test was not wrapped in act(...).

When testing, code that causes React state updates should be wrapped into act(...):

act(() => {
  /* fire events that update state */
});
/* assert on the output */

This ensures that you're testing the behavior the user would see in the browser. Learn more at https://react.dev/link/wrap-tests-with-act

 ✓ |core| tests/components/toast.spec.tsx (17 tests) 425ms
   ✓ ToastPortal > removes toasts after dismissal  311ms
 ✓ |core| tests/components/addresses/address-form.a11y.test.tsx (1 test) 256ms
 ✓ |core| tests/components/viz/VizFacetGrid.a11y.test.tsx (1 test) 395ms
   ✓ VizFacetGrid accessibility > has no axe violations  394ms
 ✓ |core| tests/components/classification/CategoryTree.test.tsx (4 tests) 424ms
 ✓ |core| tests/components/classification/CategoryPicker.test.tsx (4 tests) 401ms
 ✓ |core| tests/viz/spatial/a11y-integration.test.tsx (4 tests) 406ms
 ✓ |core| tests/components/viz/VizLayeredView.a11y.test.tsx (1 test) 295ms
 ✓ |core| tests/components/viz/Heatmap.a11y.test.tsx (1 test) 254ms
 ✓ |core| tests/viz/spatial/e2e-spatial.test.tsx (3 tests) 294ms
 ✓ |core| tests/components/authz/MembershipManager.a11y.test.tsx (2 tests) 384ms
 ✓ |core| tests/components/viz/spatial/ChoroplethMap.a11y.test.tsx (11 tests) 148ms
 ✓ |core| tests/components/classification/TagInput.test.tsx (4 tests) 309ms
 ✓ |core| tests/components/viz/Heatmap.test.tsx (3 tests) 337ms
 ✓ |core| tests/components/viz/AreaChart.a11y.test.tsx (1 test) 246ms
 ✓ |core| tests/components/addresses/address-form.test.tsx (4 tests) 232ms
 ✓ |core| tests/components/viz/spatial/ChoroplethMap.test.tsx (15 tests) 245ms
 ✓ |core| tests/viz/hooks/useSpatialSpec.test.ts (5 tests) 300ms
 ✓ |a11y| tests/a11y/dark.components.a11y.test.tsx (5 tests) 222ms
 ✓ |core| tests/components/viz/ScatterChart.a11y.test.tsx (1 test) 222ms
 ✓ |core| tests/components/viz/BarChart.test.tsx (2 tests) 256ms
 ✓ |core| tests/components/classification/CategoryTree.a11y.test.tsx (1 test) 137ms
 ✓ |core| tests/components/viz/LineChart.a11y.test.tsx (1 test) 221ms
 ✓ |core| tests/components/viz/LineChart.test.tsx (3 tests) 244ms
 ✓ |core| tests/components/viz/BarChart.a11y.test.tsx (1 test) 217ms
 ✓ |core| tests/components/authz/RolePermissionMatrix.test.tsx (3 tests) 207ms
 ✓ |core| tests/components/empty-state.spec.tsx (12 tests) 199ms
 ✓ |core| tests/panel/diff-viewer.test.tsx (3 tests) 180ms
 ✓ |a11y| tests/a11y/components.a11y.test.tsx (4 tests) 200ms
 ✓ |core| tests/components/viz/AreaChart.test.tsx (3 tests) 199ms
 ✓ |core| tests/components/viz/VizLayeredView.test.tsx (2 tests) 165ms
 ✓ |core| tests/components/viz/Sankey.test.tsx (12 tests) 171ms
 ✓ |core| tests/components/viz/Heatmap.visualmap-dimension-s166.test.tsx (2 tests) 172ms
 ✓ |core| tests/components/viz/spatial/AccessibleMapFallback.test.tsx (3 tests) 138ms
 ✓ |core| tests/panel/artifact-list.test.tsx (2 tests) 185ms
 ✓ |core| tests/components/viz/a11y/a11y-fallbacks.test.tsx (5 tests) 140ms
 ✓ |core| tests/components/context-panel-drawer.test.tsx (5 tests) 170ms
 ✓ |core| tests/components/communication/MessageTimeline.test.tsx (3 tests) 171ms
 ✓ |core| tests/components/communication/ConversationThread.test.tsx (2 tests) 133ms
 ✓ |core| tests/components/viz/spatial/MapLegend.test.tsx (3 tests) 132ms
 ✓ |core| tests/base/toast.test.tsx (3 tests) 112ms
 ✓ |a11y| tests/a11y/components.tooltip.test.tsx (1 test) 104ms
 ✓ |core| tests/components/addresses/address-display.test.tsx (3 tests) 162ms
 ✓ |core| tests/components/viz/Treemap.test.tsx (9 tests) 99ms
 ✓ |core| tests/components/viz/ForceGraph.test.tsx (10 tests) 164ms
 ✓ |core| tests/components/viz/spatial/SpatialContainer.test.tsx (7 tests) 184ms
 ✓ |core| tests/components/viz/spatial/spatial-integration.test.tsx (2 tests) 116ms
 ✓ |core| tests/components/viz/spatial/BubbleMap.a11y.test.tsx (3 tests) 170ms
 ✓ |core| tests/components/viz/spatial/SpatialContainer.a11y.test.tsx (6 tests) 184ms
 ✓ |core| tests/components/communication/DeliveryHealthWidget.test.tsx (1 test) 108ms
 ✓ |core| tests/overlays/manager.edges.spec.tsx (4 tests) 82ms
 ✓ |core| tests/components/viz/Sunburst.test.tsx (7 tests) 109ms
 ✓ |a11y| tests/a11y/components.popover.test.tsx (1 test) 132ms
 ✓ |core| tests/components/classification/TagInput.a11y.test.tsx (1 test) 170ms
 ✓ |a11y| tests/a11y/components.sheet.a11y.test.tsx (3 tests) 129ms
 ✓ |core| tests/components/viz/spatial/BubbleMap.renderers.test.tsx (2 tests) 95ms
 ✓ |core| tests/viz/spatial/adapter-parity.test.ts (2 tests) 93ms
 ✓ |a11y| tests/a11y/components.dialog.a11y.test.tsx (1 test) 83ms
 ✓ |core| tests/traits/SaaSBilling.payable.spec.tsx (4 tests) 85ms
 ✓ |core| tests/components/viz/spatial/BubbleMap.test.tsx (6 tests) 88ms
 ✓ |core| tests/components/viz/spatial/MapControls.test.tsx (3 tests) 81ms
 ✓ |core| tests/components/communication/ChannelPlanEditor.test.tsx (2 tests) 57ms
 ✓ |a11y| tests/a11y/overlays/manager.test.tsx (2 tests) 61ms
 ✓ |core| tests/views/view-profiles.spec.tsx (2 tests) 21ms
 ✓ |core| tests/traits/SaaSBilling.refundable.spec.tsx (2 tests) 52ms
 ✓ |core| tests/hooks/useMessages.test.tsx (1 test) 64ms
 ✓ |core| tests/components/viz/spatial/keyboard-nav.test.tsx (3 tests) 22ms
 ✓ |core| tests/hooks/useConversations.test.tsx (1 test) 19ms
 ✓ |core| tests/viz/hooks/useSpatialProjection.test.ts (6 tests) 28ms
 ✓ |core| tests/components/viz/SharedLegend.test.tsx (2 tests) 58ms
 ✓ |core| tests/viz/hooks.test.tsx (5 tests) 24ms
 ✓ |core| tests/hooks/useDeliveryStatus.test.tsx (1 test) 18ms
 ✓ |core| tests/components/viz/spatial/BubbleMapClustering.test.tsx (3 tests) 16ms
 ✓ |core| tests/components/viz/spatial/layer-utils.test.ts (10 tests) 3ms
stderr | packages/mcp-server/test/a2ui-host-conformance/host-conformance-render.spec.ts
Lit is in dev mode. Not recommended for production! See https://lit.dev/msg/dev-mode for more information.

 ✓ |core| tests/components/viz/spatial/projection-utils.test.ts (9 tests) 5ms
 ✓ |core| packages/mcp-server/test/a2ui-host-conformance/host-conformance-render.spec.ts (51 tests) 59ms

 Test Files  502 passed | 1 skipped (503)
      Tests  5447 passed | 16 skipped (5463)
   Start at  05:26:55
   Duration  68.73s (transform 13.18s, setup 0ms, collect 123.68s, tests 160.58s, environment 34.21s, prepare 35.30s)

 % Coverage report from v8
-------------------|---------|----------|---------|---------|-------------------
File               | % Stmts | % Branch | % Funcs | % Lines | Uncovered Line #s 
-------------------|---------|----------|---------|---------|-------------------
All files          |   73.37 |     73.3 |   84.81 |   73.37 |                   
 src               |       0 |       50 |      50 |       0 |                   
  ...Provider.d.ts |       0 |        0 |       0 |       0 | 1-79              
  index.ts         |       0 |      100 |     100 |       0 | 8-19              
 src/components    |   86.44 |    84.61 |   88.88 |   86.44 |                   
  OODS.ts          |       0 |        0 |       0 |       0 | 1-10              
  RenderObject.tsx |   86.52 |     91.3 |     100 |   86.52 | 74-91,116-117     
  renderReport.ts  |   98.43 |       80 |     100 |   98.43 | 37                
 ...extPanelDrawer |   90.36 |    79.16 |     100 |   90.36 |                   
  ...nelDrawer.tsx |     100 |    85.71 |     100 |     100 | 56                
  index.ts         |     100 |      100 |     100 |     100 |                   
  ...inerNarrow.ts |   80.95 |    76.47 |     100 |   80.95 | 41-42,76-79,82-83 
 ...ponents/Dialog |   93.75 |    33.33 |   33.33 |   93.75 |                   
  Dialog.tsx       |   94.93 |    36.36 |      50 |   94.93 | 64-65,100,105     
  index.ts         |       0 |        0 |       0 |       0 | 1                 
 ...onents/Popover |   96.66 |    70.37 |     100 |   96.66 |                   
  Popover.tsx      |   96.66 |    70.37 |     100 |   96.66 | 54-55,103         
 ...mponents/Sheet |   98.36 |    66.66 |   33.33 |   98.36 |                   
  Sheet.tsx        |     100 |       75 |      50 |     100 | 66,94             
  index.ts         |       0 |        0 |       0 |       0 | 1                 
 ...onents/Tooltip |     100 |      100 |     100 |     100 |                   
  index.ts         |     100 |      100 |     100 |     100 |                   
 ...ents/addresses |   81.38 |    67.85 |   70.45 |   81.38 |                   
  ...s-display.tsx |    94.4 |    83.33 |     100 |    94.4 | ...59,123,139-141 
  ...field-set.tsx |    82.2 |    72.05 |   64.28 |    82.2 | ...26,340,369-374 
  address-form.tsx |   82.75 |    60.97 |   88.88 |   82.75 | ...18-227,241-247 
  address-types.ts |   73.73 |    65.21 |      75 |   73.73 | ...16-117,132-133 
  index.ts         |       0 |        0 |       0 |       0 | 1-6               
  ...-selector.tsx |   59.55 |       50 |      20 |   59.55 | ...1,54-68,93-112 
  ...tus-badge.tsx |   94.73 |    52.38 |     100 |   94.73 | 42-43,48-49       
 ...mponents/authz |   44.41 |    49.42 |   72.22 |   44.41 |                   
  ...ipManager.tsx |   82.42 |     42.5 |      80 |   82.42 | ...96-297,302-303 
  ...onChecker.tsx |       0 |        0 |       0 |       0 | 1-176             
  ...ionMatrix.tsx |   84.73 |    59.09 |     100 |   84.73 | ...83-184,238-239 
  ...icyEditor.tsx |       0 |        0 |       0 |       0 | 1-314             
  index.ts         |       0 |        0 |       0 |       0 | 1-4               
 ...omponents/base |   87.65 |    73.13 |   83.33 |   87.65 |                   
  Badge.tsx        |     100 |      100 |     100 |     100 |                   
  Banner.tsx       |     100 |      100 |     100 |     100 |                   
  Button.tsx       |     100 |      100 |     100 |     100 |                   
  Card.tsx         |     100 |      100 |     100 |     100 |                   
  Checkbox.tsx     |     100 |      100 |     100 |     100 |                   
  DatePicker.tsx   |     100 |      100 |     100 |     100 |                   
  Grid.tsx         |       0 |      100 |     100 |       0 | 2                 
  Input.tsx        |       0 |      100 |     100 |       0 | 2                 
  Select.tsx       |     100 |      100 |     100 |     100 |                   
  Stack.tsx        |       0 |      100 |     100 |       0 | 2                 
  Table.tsx        |     100 |      100 |     100 |     100 |                   
  Text.tsx         |     100 |      100 |     100 |     100 |                   
  TextField.tsx    |     100 |      100 |     100 |     100 |                   
  Textarea.tsx     |     100 |      100 |     100 |     100 |                   
  Toast.tsx        |   93.49 |    80.76 |   85.71 |   93.49 | ...29,176-177,188 
  fieldUtils.ts    |   66.66 |    33.33 |      50 |   66.66 | 38-52,61,64       
 ...ts/breadcrumbs |   88.31 |    77.64 |   84.61 |   88.31 |                   
  Breadcrumbs.tsx  |   88.18 |    76.82 |      80 |   88.18 | ...55,401-405,430 
  index.ts         |       0 |      100 |     100 |       0 | 6-8               
  tokens.ts        |     100 |      100 |     100 |     100 |                   
  types.ts         |       0 |        0 |       0 |       0 |                   
 ...classification |   70.15 |    63.55 |   60.46 |   70.15 |                   
  ...readcrumb.tsx |   80.48 |    28.57 |      50 |   80.48 | 26-27,38-44       
  CategoryNode.tsx |   93.44 |    83.33 |   66.66 |   93.44 | ...,73-74,149,160 
  ...oryPicker.tsx |   92.93 |    74.19 |      50 |   92.93 | ...19-221,224-231 
  CategoryTree.tsx |   90.38 |    67.44 |   71.42 |   90.38 | ...85,207-208,247 
  ...ocomplete.tsx |   92.53 |    86.66 |      60 |   92.53 | 23-24,42-44       
  ...Dashboard.tsx |       0 |        0 |       0 |       0 | 1-198             
  TagInput.tsx     |    76.6 |    54.28 |   78.57 |    76.6 | ...83-387,390-392 
  TagList.tsx      |       0 |        0 |       0 |       0 | 1-80              
  TagPill.tsx      |   61.76 |    11.11 |   33.33 |   61.76 | ...51-53,73,78-95 
  index.ts         |       0 |        0 |       0 |       0 | 1-8               
 .../communication |   85.38 |    65.26 |   95.65 |   85.38 |                   
  ...lanEditor.tsx |    75.6 |    44.44 |     100 |    75.6 | ...13-224,238-243 
  ...ionThread.tsx |   95.32 |    85.71 |     100 |   95.32 | 107-109,133-134   
  ...lthWidget.tsx |   90.32 |    36.84 |     100 |   90.32 | ...61-162,166-167 
  ...eTimeline.tsx |   87.34 |    71.73 |   91.66 |   87.34 | ...83-184,201-207 
 ...ts/empty-state |   98.79 |    91.42 |      50 |   98.79 |                   
  EmptyState.tsx   |     100 |    93.93 |     100 |     100 | 64,69             
  index.ts         |       0 |        0 |       0 |       0 | 1-3               
  tokens.ts        |     100 |      100 |     100 |     100 |                   
 ...nts/navigation |       0 |      100 |     100 |       0 |                   
  a11y.ts          |       0 |      100 |     100 |       0 | 27-121            
 ...omponents/page |   96.84 |    81.81 |     100 |   96.84 |                   
  PageHeader.tsx   |   96.84 |    81.81 |     100 |   96.84 | 88,120,123        
 ...nts/pagination |   97.51 |    89.77 |     100 |   97.51 |                   
  Pagination.tsx   |   98.22 |    89.18 |     100 |   98.22 | 63-64,152         
  index.ts         |       0 |      100 |     100 |       0 | 6-7               
  tokens.ts        |     100 |      100 |     100 |     100 |                   
  types.ts         |       0 |        0 |       0 |       0 |                   
  usePagination.ts |   97.61 |    89.58 |     100 |   97.61 | 48,53,182-183     
 ...ts/preferences |   75.18 |    70.37 |   65.78 |   75.18 |                   
  ...nelToggle.tsx |   96.07 |    72.72 |     100 |   96.07 | 37-38             
  ...ionMatrix.tsx |    96.1 |    83.87 |     100 |    96.1 | 55-57,62,118,186  
  ...renceForm.tsx |   94.61 |    53.84 |     100 |   94.61 | ...29-130,186-187 
  ...cePreview.tsx |       0 |        0 |       0 |       0 | 1-188             
  index.ts         |       0 |        0 |       0 |       0 | 1-19              
  ...jsf-theme.tsx |   86.76 |     72.3 |   62.06 |   86.76 | ...98,203-206,342 
 ...nents/progress |   98.06 |    91.66 |     100 |   98.06 |                   
  ...sCircular.tsx |   99.03 |    93.75 |     100 |   99.03 | 80                
  ...essLinear.tsx |    98.8 |    93.75 |     100 |    98.8 | 80                
  index.ts         |       0 |      100 |     100 |       0 | 6-7               
  tokens.ts        |     100 |       50 |     100 |     100 | 28                
  types.ts         |       0 |        0 |       0 |       0 |                   
 ...ts/statusables |     100 |      100 |     100 |     100 |                   
  statusGlyph.ts   |     100 |      100 |     100 |     100 |                   
  ...usRegistry.ts |     100 |      100 |     100 |     100 |                   
 ...onents/stepper |   93.59 |    94.73 |      60 |   93.59 |                   
  Stepper.tsx      |   94.05 |    94.54 |   33.33 |   94.05 | ...05,108-114,225 
  index.ts         |       0 |      100 |     100 |       0 | 6                 
  types.ts         |       0 |        0 |       0 |       0 |                   
 ...omponents/tabs |    0.31 |      100 |     100 |    0.31 |                   
  Tabs.tsx         |     100 |      100 |     100 |     100 |                   
  index.ts         |       0 |      100 |     100 |       0 | 6-8               
  tokens.ts        |       0 |      100 |     100 |       0 | 8-36              
  types.ts         |       0 |      100 |     100 |       0 | 92                
  ...erflowMenu.ts |       0 |      100 |     100 |       0 | 6-156             
  useTabs.ts       |       0 |      100 |     100 |       0 | 6-213             
 ...mponents/toast |   93.48 |    86.56 |   96.55 |   93.48 |                   
  ToastPortal.tsx  |    87.9 |    68.18 |      75 |    87.9 | ...31-132,161-164 
  toastService.ts  |   98.54 |    95.55 |     100 |   98.54 | 179-180           
 ...components/viz |   79.38 |    68.21 |   90.81 |   79.38 |                   
  ...ibleTable.tsx |   95.18 |       80 |     100 |   95.18 | 82-83,104-105     
  AreaChart.tsx    |   75.27 |     62.6 |      80 |   75.27 | ...26-529,531-532 
  BarChart.tsx     |   71.95 |       80 |     100 |   71.95 | ...68,78-79,91-97 
  BubbleChart.tsx  |       0 |      100 |     100 |       0 | 3-9               
  ...scription.tsx |      96 |    33.33 |     100 |      96 | 32                
  ForceGraph.tsx   |   80.31 |    51.61 |     100 |   80.31 | ...77,297,320-326 
  Heatmap.tsx      |   79.53 |    65.77 |      96 |   79.53 | ...71-772,785-786 
  LineChart.tsx    |   74.61 |    78.57 |     100 |   74.61 | ...12-218,235-236 
  Sankey.tsx       |   86.84 |     64.7 |     100 |   86.84 | ...55,268-271,291 
  ScatterChart.tsx |   74.11 |    70.96 |      90 |   74.11 | ...33-334,347-348 
  SharedLegend.tsx |   82.41 |       60 |     100 |   82.41 | ...02-107,113-114 
  Sunburst.tsx     |   78.52 |    65.38 |     100 |   78.52 | ...01,221,244-250 
  Treemap.tsx      |   79.48 |       60 |     100 |   79.48 | ...12,232,255-261 
  VizContainer.tsx |     100 |    55.55 |     100 |     100 | 29-51             
  VizFacetGrid.tsx |    86.3 |    90.74 |    87.5 |    86.3 | ...55,168,234-242 
  ...yeredView.tsx |   81.76 |    73.33 |   83.33 |   81.76 | ...84-189,214-222 
  index.ts         |       0 |        0 |       0 |       0 | 1-12              
  network-index.ts |       0 |      100 |     100 |       0 | 26-50             
 ...nents/viz/a11y |   98.09 |    81.81 |   93.75 |   98.09 |                   
  ...yFallback.tsx |     100 |    88.23 |     100 |     100 | 138-141           
  ...yFallback.tsx |     100 |       90 |     100 |     100 | 54,68             
  ...yFallback.tsx |   94.96 |    65.38 |      80 |   94.96 | 93-99             
  ...yFallback.tsx |     100 |    84.21 |     100 |     100 | 61-63,91          
  ...at-compact.ts |     100 |      100 |     100 |     100 |                   
  index.ts         |       0 |      100 |     100 |       0 | 9-18              
 ...ts/viz/spatial |   52.83 |    74.12 |   82.75 |   52.83 |                   
  ...k.stories.tsx |       0 |      100 |     100 |       0 | 8-164             
  ...pFallback.tsx |   85.79 |    70.14 |    87.5 |   85.79 | ...44,156,164-166 
  ...p.stories.tsx |       0 |      100 |     100 |       0 | 8-521             
  BubbleMap.tsx    |   90.19 |    71.69 |   83.33 |   90.19 | ...96,733-735,753 
  ...apCluster.tsx |   89.47 |    66.66 |     100 |   89.47 | 54-59,64,68       
  ...eMapPoint.tsx |   98.64 |    86.66 |     100 |   98.64 | 72                
  ...p.stories.tsx |       0 |      100 |     100 |       0 | 9-471             
  ...oplethMap.tsx |   79.14 |    67.91 |   66.66 |   79.14 | ...91,757,797-799 
  ...MapRegion.tsx |   71.33 |       75 |   66.66 |   71.33 | ...59-161,180-181 
  ...s.stories.tsx |       0 |      100 |     100 |       0 | 6-148             
  MapControls.tsx  |   98.61 |    85.29 |     100 |   98.61 | 75-76             
  ...d.stories.tsx |       0 |      100 |     100 |       0 | 7-164             
  MapLegend.tsx    |   90.82 |    83.78 |     100 |   90.82 | ...88,100,170-171 
  ...r.stories.tsx |       0 |      100 |     100 |       0 | 11-454            
  ...Container.tsx |   92.28 |    75.53 |      80 |   92.28 | ...46-247,265-270 
  ...alContext.tsx |   86.66 |       75 |     100 |   86.66 | 54-55             
  index.ts         |       0 |      100 |     100 |       0 | 7-31              
 .../spatial/utils |   71.33 |    73.73 |   84.78 |   71.33 |                   
  ...leth-utils.ts |   37.22 |       80 |      60 |   37.22 | ...11-215,225-229 
  ...ring-utils.ts |   86.11 |    90.47 |     100 |   86.11 | 65-66,69-76       
  ...cale-utils.ts |   70.52 |    70.83 |   72.72 |   70.52 | ...47-148,172-177 
  ...-nav-utils.ts |   81.91 |    74.35 |   83.33 |   81.91 | ...,86,88,120-128 
  layer-utils.ts   |   89.47 |    81.25 |     100 |   89.47 | 77-78,94-95,98-99 
  ...tion-utils.ts |   89.89 |    75.75 |     100 |   89.89 | ...00-101,104-105 
  ...ader-utils.ts |   75.96 |    64.51 |     100 |   75.96 | ...91,104-115,132 
  ...cale-utils.ts |   62.82 |       50 |    87.5 |   62.82 | ...7,81-82,92-109 
 src/compositor    |   91.22 |     87.5 |     100 |   91.22 |                   
  composeDebug.ts  |     100 |      100 |     100 |     100 |                   
  ...Extensions.ts |   90.43 |    86.88 |     100 |   90.43 | ...17,213-214,252 
 ...mpositor/tests |   76.71 |    73.07 |     100 |   76.71 |                   
  purityHarness.ts |   76.71 |    73.07 |     100 |   76.71 | ...63,77-78,89-90 
 src/context       |     100 |      100 |     100 |     100 |                   
  ...derContext.ts |     100 |      100 |     100 |     100 |                   
 src/contexts      |   99.03 |    91.17 |   91.66 |   99.03 |                   
  CardView.tsx     |     100 |       50 |     100 |     100 | 19                
  ChartView.tsx    |     100 |      100 |     100 |     100 |                   
  ...boardView.tsx |     100 |      100 |     100 |     100 |                   
  DetailView.tsx   |     100 |      100 |     100 |     100 |                   
  FormView.tsx     |     100 |      100 |     100 |     100 |                   
  InlineView.tsx   |     100 |      100 |     100 |     100 |                   
  ListView.tsx     |     100 |      100 |     100 |     100 |                   
  TimelineView.tsx |     100 |      100 |     100 |     100 |                   
  index.ts         |   85.71 |       50 |      50 |   85.71 | 43-44,49-50       
  region-slot.tsx  |     100 |       90 |     100 |     100 | 17                
 ...ntexts/regions |   97.45 |       80 |     100 |   97.45 |                   
  ...t-regions.tsx |   97.45 |       80 |     100 |   97.45 | 52,73,78          
 src/core          |   73.58 |    74.63 |   82.14 |   73.58 |                   
  ...n-resolver.ts |   70.42 |    55.42 |   88.88 |   70.42 | ...09,312,354-402 
  ...sed-object.ts |     100 |      100 |     100 |     100 |                   
  compositor.ts    |   76.25 |    83.33 |   83.33 |   76.25 | ...02-408,412-420 
  ...ency-graph.ts |   92.92 |     84.9 |   89.47 |   92.92 | 304-318,324-325   
  ...-validator.ts |   70.22 |    86.11 |   72.72 |   70.22 | ...87-298,304-310 
  index.ts         |     100 |      100 |     100 |     100 |                   
  ...gical-sort.ts |   46.85 |    83.33 |   66.66 |   46.85 | ...22-226,231-235 
  ...definition.ts |   52.63 |    33.33 |      50 |   52.63 | ...40-244,250-254 
 ...rge-strategies |   42.67 |    72.97 |      50 |   42.67 |                   
  ...ons-merger.ts |      38 |    66.66 |      50 |      38 | 45-48,62-93       
  index.ts         |     100 |      100 |     100 |     100 |                   
  schema-merger.ts |   53.65 |     87.5 |      50 |   53.65 | 105-154           
  ...ics-merger.ts |   26.08 |    66.66 |   33.33 |   26.08 | ...0,63-75,88-119 
  tokens-merger.ts |    28.7 |       60 |      50 |    28.7 | ...10-150,159-176 
  ...ons-merger.ts |   61.79 |    72.22 |   66.66 |   61.79 | ...,67-72,148-187 
 src/dashboard     |       0 |      100 |     100 |       0 |                   
  index.ts         |       0 |      100 |     100 |       0 | 8-33              
 ...d/cross-filter |   97.65 |    94.66 |     100 |   97.65 |                   
  ...k-handlers.ts |   97.65 |    94.66 |     100 |   97.65 | 261,464-468       
 ...hboard/widgets |   94.11 |      100 |    87.5 |   94.11 |                   
  ...k-widgets.tsx |   94.11 |      100 |    87.5 |   94.11 | 190-200           
 src/data/authz    |     100 |      100 |     100 |     100 |                   
  ...titlements.ts |     100 |      100 |     100 |     100 |                   
  types.ts         |       0 |        0 |       0 |       0 |                   
 .../communication |   79.29 |    41.17 |   66.66 |   79.29 |                   
  sample-data.ts   |     100 |      100 |     100 |     100 |                   
  seed-channels.ts |   82.75 |       40 |     100 |   82.75 | 14-16,41-42       
  seed-policies.ts |   82.14 |       40 |     100 |   82.14 | 14-16,40-41       
  ...-templates.ts |   83.33 |       40 |     100 |   83.33 | 14-16,44-45       
  seed-utils.ts    |   13.72 |       50 |   33.33 |   13.72 | 20-66,70-71       
 src/diagnostics   |       0 |        0 |       0 |       0 |                   
  ...iagnostics.ts |       0 |        0 |       0 |       0 | 1-62              
 ...omain/accounts |   98.36 |     92.3 |     100 |   98.36 |                   
  core.ts          |     100 |      100 |     100 |     100 |                   
  index.ts         |     100 |      100 |     100 |     100 |                   
  ...ata-policy.ts |   98.25 |    91.66 |     100 |   98.25 | 152,194,262       
 ...domain/billing |   83.33 |    80.85 |      80 |   83.33 |                   
  core.ts          |       0 |      100 |     100 |       0 | 454-492           
  events.ts        |   80.16 |    63.33 |   76.92 |   80.16 | ...65-366,368-369 
  states.ts        |   87.73 |    87.75 |      80 |   87.73 | ...51-454,463-470 
  usage.ts         |    93.9 |    92.85 |   83.33 |    93.9 | 236-237,306-308   
 ...ain/compliance |      85 |       80 |   55.55 |      85 |                   
  audit.ts         |   80.55 |    78.57 |   66.66 |   80.55 | 148-159,202-203   
  rbac.ts          |   91.66 |      100 |   33.33 |   91.66 | 147-148,154-155   
 ...domain/tenancy |       0 |      100 |     100 |       0 |                   
  index.ts         |       0 |      100 |     100 |       0 | 16                
  tenant.ts        |       0 |      100 |     100 |       0 | 150-191           
 .../contributions |      90 |     87.8 |   88.88 |      90 |                   
  index.ts         |      90 |     87.8 |   88.88 |      90 | ...28-129,179-185 
 src/engine/render |     100 |      100 |     100 |     100 |                   
  ...Container.tsx |     100 |      100 |     100 |     100 |                   
 src/hooks         |   49.78 |    63.94 |   79.41 |   49.78 |                   
  ...tegoryTree.ts |   75.74 |    61.67 |     100 |   75.74 | ...89-690,701-702 
  ...versations.ts |   68.54 |    63.63 |   66.66 |   68.54 | ...51-153,158-165 
  ...veryStatus.ts |   79.79 |    53.33 |     100 |   79.79 | ...-87,90,141-146 
  ...emberships.ts |       0 |        0 |       0 |       0 | 1-223             
  useMessages.ts   |   83.83 |    72.22 |     100 |   83.83 | ...22-123,130-132 
  ...erenceForm.ts |       0 |        0 |       0 |       0 | 1-170             
  ...ermissions.ts |       0 |        0 |       0 |       0 | 1-344             
  ...tocomplete.ts |   78.04 |    77.27 |   85.71 |   78.04 | ...68-169,193-206 
  ...uggestions.ts |    3.94 |      100 |       0 |    3.94 | 29-108            
 ...ations/billing |   86.98 |    51.61 |   84.21 |   86.98 |                   
  adapter.ts       |   51.47 |    66.66 |      50 |   51.47 | ...46-148,164-169 
  ...ee-adapter.ts |   89.16 |    36.36 |     100 |   89.16 | ...86-287,306-310 
  index.ts         |     100 |      100 |     100 |     100 |                   
  ...pe-adapter.ts |   90.06 |    59.45 |     100 |   90.06 | ...56,373,379-383 
  zuora-adapter.ts |    90.9 |    45.45 |     100 |    90.9 | ...79-280,298-302 
 ...illing/samples |       0 |       75 |      75 |       0 |                   
  chargebee.ts     |       0 |      100 |     100 |       0 | 8-53              
  index.ts         |       0 |        0 |       0 |       0 | 1-7               
  stripe.ts        |       0 |      100 |     100 |       0 | 9-57              
  zuora.ts         |       0 |      100 |     100 |       0 | 7-58              
 src/modifiers     |   97.64 |     90.9 |     100 |   97.64 |                   
  ...e.modifier.ts |   97.64 |     90.9 |     100 |   97.64 | 84-85             
 src/objects       |       0 |        0 |       0 |       0 |                   
  index.ts         |       0 |        0 |       0 |       0 | 1-10              
 ...bjects/invoice |       0 |      100 |     100 |       0 |                   
  object.ts        |       0 |      100 |     100 |       0 | 2-71              
  types.ts         |       0 |        0 |       0 |       0 |                   
 ...s/subscription |     100 |      100 |     100 |     100 |                   
  object.ts        |     100 |      100 |     100 |     100 |                   
  types.ts         |       0 |        0 |       0 |       0 |                   
 src/objects/user  |     100 |      100 |     100 |     100 |                   
  object.ts        |     100 |      100 |     100 |     100 |                   
  types.ts         |       0 |        0 |       0 |       0 |                   
 ...erlays/manager |    92.3 |    87.09 |    87.5 |    92.3 |                   
  OverlayRoot.tsx  |     100 |      100 |     100 |     100 |                   
  focus.ts         |   97.67 |    64.28 |     100 |   97.67 | 57                
  hooks.tsx        |   95.69 |    93.18 |   88.88 |   95.69 | 90-93             
  index.ts         |     100 |      100 |     100 |     100 |                   
  withOverlay.tsx  |   22.22 |      100 |       0 |   22.22 | 5-12              
 src/pages         |       0 |        0 |       0 |       0 |                   
  ...eSettings.tsx |       0 |        0 |       0 |       0 | 1-159             
  index.ts         |       0 |        0 |       0 |       0 | 1                 
 src/parsers       |    77.3 |    81.37 |   95.34 |    77.3 |                   
  index.ts         |    69.9 |    89.47 |   83.33 |    69.9 | ...83-104,140-141 
  object-parser.ts |   88.92 |    84.52 |     100 |   88.92 | ...17,922,952-953 
  ts-parser.ts     |   55.73 |    58.33 |     100 |   55.73 | ...96-306,313-325 
  yaml-parser.ts   |    63.6 |    72.72 |   83.33 |    63.6 | ...41-246,266-272 
 ...nstrumentation |       0 |    33.33 |   33.33 |       0 |                   
  index.ts         |       0 |        0 |       0 |       0 | 1-10              
  profiler.tsx     |       0 |        0 |       0 |       0 | 1-96              
  userTiming.ts    |       0 |      100 |     100 |       0 | 15-132            
 src/registry      |   79.19 |    76.77 |   84.84 |   79.19 |                   
  ...ct-applier.ts |   61.01 |    55.55 |     100 |   61.01 | 21-22,45-50,53-67 
  indexer.ts       |    78.8 |    84.12 |   83.33 |    78.8 | ...50-251,272-273 
  loader.ts        |   65.67 |    59.25 |      60 |   65.67 | ...56-157,180-182 
  ...t-composer.ts |   89.47 |    74.19 |     100 |   89.47 | ...51,155-156,192 
  ...definition.ts |   51.51 |      100 |   66.66 |   51.51 | 258-277           
  ...er-applier.ts |   85.43 |    83.33 |   83.33 |   85.43 | ...30-131,141-142 
  registry.ts      |   77.08 |    75.58 |   82.75 |   77.08 | ...05-506,521-522 
  resolver.ts      |   89.55 |    73.07 |     100 |   89.55 | ...69-170,189-190 
  trait-loader.ts  |      88 |    83.33 |   83.33 |      88 | ...14-115,147-150 
 src/schemas       |     100 |      100 |     100 |     100 |                   
  ...s-metadata.ts |     100 |      100 |     100 |     100 |                   
  address.ts       |     100 |      100 |     100 |     100 |                   
  ...on-verdict.ts |     100 |      100 |     100 |     100 |                   
 src/schemas/authz |   93.24 |    71.42 |     100 |   93.24 |                   
  ...hip.schema.ts |   82.22 |    77.77 |     100 |   82.22 | 31-36,63-64       
  ...ion.schema.ts |   97.72 |    66.66 |     100 |   97.72 | 50                
  ...chy.schema.ts |     100 |      100 |     100 |     100 |                   
  role.schema.ts   |   96.87 |    33.33 |     100 |   96.87 | 41                
 ...classification |    93.5 |     73.5 |     100 |    93.5 |                   
  category-node.ts |   96.39 |    76.19 |     100 |   96.39 | 107-108,112-113   
  ...n-metadata.ts |     100 |      100 |     100 |     100 |                   
  constants.ts     |     100 |      100 |     100 |     100 |                   
  tag.ts           |   94.87 |    69.23 |     100 |   94.87 | 77-78,82-83       
  ...lationship.ts |   94.44 |    33.33 |     100 |   94.44 | 40-41             
  term-taxonomy.ts |   90.27 |       60 |     100 |   90.27 | ...59-60,63-64,74 
  term.ts          |   92.85 |     12.5 |     100 |   92.85 | 52-53,57-58       
  utils.ts         |   83.13 |    75.86 |     100 |   83.13 | ...62,75-76,84-85 
 .../communication |   82.77 |    63.41 |   69.23 |   82.77 |                   
  channel.ts       |   89.74 |       50 |     100 |   89.74 | ...28-133,149-150 
  common.ts        |   92.15 |    71.42 |     100 |   92.15 | 47-48,67-68       
  conversation.ts  |   70.96 |      100 |       0 |   70.96 | 31-32,35-41       
  ...ery-policy.ts |     100 |      100 |     100 |     100 |                   
  ...age-status.ts |   86.66 |      100 |       0 |   86.66 | 19-20             
  message.ts       |   72.26 |    55.55 |   66.66 |   72.26 | ...15-120,128-129 
  template.ts      |      75 |       75 |     100 |      75 | 42-47,51-56       
 ...as/preferences |   97.14 |    75.75 |     100 |   97.14 |                   
  ...e-document.ts |   94.73 |    68.18 |     100 |   94.73 | 98-99,107-108     
  ...e-metadata.ts |     100 |     90.9 |     100 |     100 | 70                
 src/search        |   76.28 |     57.4 |   83.33 |   76.28 |                   
  ...ted-search.ts |   76.68 |    58.49 |    90.9 |   76.68 | ...34-235,237-238 
  index.ts         |       0 |        0 |       0 |       0 | 1                 
 ...rvices/billing |   80.72 |    78.35 |   74.54 |   80.72 |                   
  ...-ingestion.ts |   90.52 |    85.71 |      50 |   90.52 | ...96-197,203-204 
  ...ce-builder.ts |   93.63 |    56.25 |     100 |   93.63 | ...,91,94,146,155 
  ...aggregator.ts |      93 |    77.08 |     100 |      93 | ...09-310,322-325 
  ...positories.ts |   50.82 |    96.96 |   54.54 |   50.82 | ...49-254,257-262 
 ...classification |   77.08 |    50.42 |    92.1 |   77.08 |                   
  ...rm-adapter.ts |   88.13 |    53.03 |     100 |   88.13 | ...42-343,350-351 
  ...ry-service.ts |   68.15 |    47.05 |   83.33 |   68.15 | ...10-411,413-414 
 ...ces/compliance |   90.33 |    85.84 |    93.1 |   90.33 |                   
  audit-service.ts |   88.88 |     92.3 |    90.9 |   88.88 | ...38-140,246-250 
  rbac-service.ts  |   91.18 |    82.43 |   94.44 |   91.18 | ...29,398,410-414 
 ...rvices/tenancy |    59.4 |     88.5 |   72.88 |    59.4 |                   
  ...e-adapters.ts |   85.16 |    95.23 |   70.73 |   85.16 | ...09,315,319-320 
  index.ts         |       0 |      100 |     100 |       0 | 10-13             
  ...cy-context.ts |   75.44 |    81.39 |      75 |   75.44 | ...47-253,260-272 
  ...t-resolver.ts |       0 |      100 |     100 |       0 | 43-242            
 src/services/time |   94.36 |    88.23 |   95.83 |   94.36 |                   
  index.ts         |   94.36 |    88.23 |   95.83 |   94.36 | ...04-205,215-216 
 src/styles        |   66.66 |    33.33 |     100 |   66.66 |                   
  breakpoints.ts   |   66.66 |    33.33 |     100 |   66.66 | 23-26             
 ...tooling/tokens |      76 |    65.95 |   88.88 |      76 |                   
  dtcg.ts          |      76 |    65.95 |   88.88 |      76 | ...23-226,240-242 
 src/traits        |   82.08 |    66.66 |     100 |   82.08 |                   
  adapter.ts       |   82.08 |    66.66 |     100 |   82.08 | ...62,71-72,83-84 
 ...onable/contrib |    87.5 |    85.71 |     100 |    87.5 |                   
  ...ributions.tsx |    87.5 |    85.71 |     100 |    87.5 | 25-29,48-49       
 ...itable/contrib |   87.27 |    45.45 |     100 |   87.27 |                   
  ...ributions.tsx |   87.27 |    45.45 |     100 |   87.27 | 12-13,25-30,49    
 ...raits/Billable |   92.45 |    61.11 |     100 |   92.45 |                   
  view.tsx         |   92.45 |    61.11 |     100 |   92.45 | ...42,62-63,85,95 
 ...ts/Cancellable |   90.74 |    66.66 |     100 |   90.74 |                   
  view.tsx         |   90.74 |    66.66 |     100 |   90.74 | 20-21,53-55,61    
 ...ts/SaaSBilling |       0 |        0 |       0 |       0 |                   
  index.ts         |       0 |        0 |       0 |       0 | 1-2               
 ...illing/Payable |    96.5 |    63.75 |     100 |    96.5 |                   
  view.tsx         |    96.5 |    63.75 |     100 |    96.5 | ...41,551,564,572 
 ...ing/Refundable |     100 |      100 |     100 |     100 |                   
  view.tsx         |     100 |      100 |     100 |     100 |                   
 ...raits/Stateful |    92.2 |    79.31 |     100 |    92.2 |                   
  view.tsx         |    92.2 |    79.31 |     100 |    92.2 | ...35-136,156-157 
 ...its/Statusable |   69.23 |    59.09 |     100 |   69.23 |                   
  types.ts         |       0 |        0 |       0 |       0 |                   
  utils.ts         |   69.23 |    57.14 |     100 |   69.23 | ...68,79-85,93-99 
 ...usable/contrib |   79.77 |    52.63 |   77.77 |   79.77 |                   
  ...ributions.tsx |   79.77 |    52.63 |   77.77 |   79.77 | ...32,147,155-180 
 ...raits/Taggable |     100 |      100 |     100 |     100 |                   
  types.ts         |       0 |        0 |       0 |       0 |                   
  view.tsx         |     100 |      100 |     100 |     100 |                   
 ...ggable/contrib |   92.18 |    64.28 |     100 |   92.18 |                   
  ...ributions.tsx |   92.18 |    64.28 |     100 |   92.18 | 23-24,30,46-47    
 .../Timestampable |   93.58 |    46.51 |     100 |   93.58 |                   
  view.tsx         |   93.58 |    46.51 |     100 |   93.58 | ...31,234-235,285 
 ...ts/addressable |   80.46 |    66.02 |   95.61 |   80.46 |                   
  address-entry.ts |   73.33 |    72.72 |      80 |   73.33 | ...43,46-49,92-99 
  ...-formatter.ts |   83.75 |    67.44 |     100 |   83.75 | ...04-205,213-214 
  address-store.ts |   88.27 |    73.07 |     100 |   88.27 | ...51,169-170,206 
  ...able-trait.ts |   96.49 |    84.21 |     100 |   96.49 | 115-116           
  ...-extractor.ts |   65.42 |    61.22 |     100 |   65.42 | ...64-266,277-278 
  ...t-resolver.ts |   94.44 |    94.44 |     100 |   94.44 | 45-46             
  ...-templates.ts |   79.66 |       75 |     100 |   79.66 | 31-32,53-54,71-79 
  geocoder.ts      |   77.77 |       25 |     100 |   77.77 | 24-25,32-33,37-38 
  ...av-adapter.ts |   75.94 |    42.66 |    87.5 |   75.94 | ...22,424-425,428 
  role-manager.ts  |   95.74 |    82.35 |    87.5 |   95.74 | 61-62             
  ...ate-parser.ts |   79.43 |    56.09 |     100 |   79.43 | ...10-211,217-218 
  ...-lifecycle.ts |   90.17 |    84.31 |     100 |   90.17 | ...22-127,158-159 
  ...on-service.ts |    88.5 |    66.66 |    87.5 |    88.5 | ...52-153,167-168 
 src/traits/authz  |   73.43 |    69.95 |   83.33 |   73.43 |                   
  authz-trait.ts   |   83.96 |    81.42 |   81.25 |   83.96 | ...56-257,310-312 
  ...nt-service.ts |   75.13 |    66.66 |   86.66 |   75.13 | ...04-209,231-232 
  ...ip-service.ts |   81.15 |     64.7 |     100 |   81.15 | 64-65,68-72,80-85 
  ...h-resolver.ts |   71.01 |    57.14 |   66.66 |   71.01 | ...32-136,139-143 
  runtime-types.ts |      80 |    66.66 |     100 |      80 | 27-28             
  ...a-registry.ts |   82.78 |    81.81 |   76.47 |   82.78 | ...71-175,178-179 
  ...-validator.ts |   54.02 |    57.14 |      50 |   54.02 | ...18-124,127-130 
  ...cy-builder.ts |   83.51 |    60.86 |     100 |   83.51 | ...93-294,301-302 
  sod-validator.ts |   86.02 |    66.66 |     100 |   86.02 | ...06-207,211-217 
  ...-generator.ts |       0 |        0 |       0 |       0 | 1-112             
 ...ts/authz/cache |       0 |    33.33 |   33.33 |       0 |                   
  cache-warmer.ts  |       0 |      100 |     100 |       0 | 31-92             
  ...sion-cache.ts |       0 |        0 |       0 |       0 | 1-402             
  redis-adapter.ts |       0 |        0 |       0 |       0 | 1-128             
 ...assifiable/tag |   77.69 |    65.85 |   77.41 |   77.69 |                   
  spam-detector.ts |   83.87 |    77.77 |      90 |   83.87 | ...50-151,156-157 
  ...nym-mapper.ts |   53.33 |     64.7 |    62.5 |   53.33 | ...72,75-80,85-88 
  tag-manager.ts   |      80 |    66.66 |   66.66 |      80 | ...22-135,142-143 
  tag-merger.ts    |   88.31 |    35.71 |     100 |   88.31 | ...82-83,85-86,97 
 .../communication |   75.48 |    69.93 |   79.83 |   75.48 |                   
  ...l-resolver.ts |   84.93 |    82.75 |     100 |   84.93 | ...55,73-74,92-96 
  ...tion-trait.ts |   66.66 |    70.73 |   69.56 |   66.66 | ...18-219,223-237 
  ...ry-service.ts |   83.62 |    62.06 |     100 |   83.62 | ...37,151,153,155 
  ...cy-builder.ts |    88.8 |    78.78 |   84.21 |    88.8 | ...65-166,183-185 
  ...rs-checker.ts |   55.17 |       40 |    87.5 |   55.17 | ...20-123,128-129 
  ...-scheduler.ts |   88.23 |    52.94 |     100 |   88.23 | 32,35,44-45       
  runtime-types.ts |   84.09 |       20 |     100 |   84.09 | 169-170,172-176   
  ...a-registry.ts |   86.79 |       80 |   91.66 |   86.79 | ...09-110,152-155 
  ...-validator.ts |   71.97 |    66.66 |   55.55 |   71.97 | ...03-204,208-214 
  sla-monitor.ts   |   94.73 |    87.87 |     100 |   94.73 | ...80-181,187-188 
  ...g-enforcer.ts |   75.83 |    70.37 |   88.88 |   75.83 | ...16-117,154-161 
  ...ling-store.ts |   48.96 |    77.27 |   46.66 |   48.96 | ...26,169-170,181 
 ...cation/bridges |   81.97 |    54.76 |   93.33 |   81.97 |                   
  ...ble-bridge.ts |   95.45 |    81.81 |     100 |   95.45 | 46-47             
  ...ble-bridge.ts |   77.34 |    45.16 |   88.88 |   77.34 | ...38-139,143-144 
 ...nication/queue |   18.08 |       75 |      60 |   18.08 |                   
  ...ry-adapter.ts |   45.29 |    78.57 |   61.53 |   45.29 | ...00-117,120-124 
  queue-adapter.ts |       0 |        0 |       0 |       0 |                   
  redis-adapter.ts |       0 |        0 |       0 |       0 | 1-237             
 ...preferenceable |   81.14 |    69.51 |   78.75 |   81.14 |                   
  ...ty-checker.ts |   85.49 |     87.8 |     100 |   85.49 | ...63-165,167-176 
  ...e-migrator.ts |   65.31 |    57.14 |   77.77 |   65.31 | ...83-187,190-223 
  ...ion-logger.ts |   67.14 |    55.55 |      50 |   67.14 | ...13-119,122-134 
  ...ence-store.ts |      87 |    69.81 |   81.25 |      87 | ...30-231,241-244 
  ...able-trait.ts |   81.81 |      100 |   66.66 |   81.81 | 46-47,54-55,62-63 
  read-repair.ts   |   84.93 |       70 |     100 |   84.93 | ...84-185,192-193 
  ...a-registry.ts |   82.14 |    60.86 |      70 |   82.14 | ...47-148,156-158 
  ...-validator.ts |   93.87 |      100 |   66.66 |   93.87 | 41-43             
  ...-generator.ts |     100 |      100 |     100 |     100 |                   
  ...on-tracker.ts |      82 |       50 |     100 |      82 | ...04-107,142-143 
 ...enceable/cache |   78.66 |     74.6 |   90.62 |   78.66 |                   
  cache-warmer.ts  |   94.91 |    68.75 |     100 |   94.91 | 57-59             
  ...ence-cache.ts |    85.3 |    78.26 |   91.66 |    85.3 | ...59-260,262-263 
  redis-adapter.ts |       0 |        0 |       0 |       0 | 1-49              
 ...e/notification |   83.28 |    78.87 |   74.07 |   83.28 |                   
  ...nel-router.ts |   77.77 |       75 |      50 |   77.77 | ...60,63-64,67-68 
  ...ion-matrix.ts |   90.03 |    79.62 |   92.85 |   90.03 | ...22-323,326-327 
  ...nce-filter.ts |      54 |    77.77 |   57.14 |      54 | ...60,65-74,78-84 
 ...enceable/query |    86.2 |    64.28 |   88.88 |    86.2 |                   
  ...ed-queries.ts |    86.2 |    64.28 |   88.88 |    86.2 | ...03-104,140-141 
 ...ts/viz/spatial |   95.88 |    90.86 |     100 |   95.88 |                   
  ...tion.trait.ts |     100 |      100 |     100 |     100 |                   
  ...rlay.trait.ts |     100 |      100 |     100 |     100 |                   
  ...d-detector.ts |    97.2 |    94.95 |     100 |    97.2 | ...96-297,384-387 
  index.ts         |       0 |      100 |     100 |       0 | 8-47              
  ...compositor.ts |   97.14 |    89.47 |     100 |   97.14 | 62-64             
  ...-generator.ts |   84.96 |    79.48 |     100 |   84.96 | ...42-151,243-244 
 src/utils         |   80.98 |    67.74 |    87.5 |   80.98 |                   
  design-tokens.ts |     100 |        0 |     100 |     100 | 22-30             
  format.ts        |      90 |    84.61 |     100 |      90 | ...,94-95,129-130 
  token-values.ts  |   64.51 |    52.94 |      75 |   64.51 | ...57,62-66,78-84 
 src/utils/billing |   96.02 |    87.09 |     100 |   96.02 |                   
  state-guards.ts  |   96.02 |    87.09 |     100 |   96.02 | 174-175,261-264   
 src/utils/hash    |   98.91 |      100 |     100 |   98.91 |                   
  sha256.ts        |   98.91 |      100 |     100 |   98.91 | 19                
 src/validation    |   79.28 |    82.69 |   70.43 |   79.28 |                   
  ...ransformer.ts |   85.45 |    85.41 |     100 |   85.45 | ...93,125,140-141 
  ...tion-rules.ts |   73.07 |    57.14 |     100 |   73.07 | 32-45             
  ...-validator.ts |   86.66 |      100 |   71.42 |   86.66 | 59-60,102-107     
  formatter.ts     |   77.59 |    82.52 |   60.34 |   77.59 | ...54,368,427-452 
  index.ts         |     100 |      100 |     100 |     100 |                   
  ...-validator.ts |   90.96 |     87.5 |   84.61 |   90.96 | ...45-146,225-230 
  pipeline.ts      |    63.9 |    77.14 |   73.68 |    63.9 | ...28-337,361-362 
  schema-loader.ts |   72.41 |    64.28 |   77.77 |   72.41 | ...18-119,127-138 
  types.ts         |     100 |      100 |     100 |     100 |                   
  ...ransformer.ts |   88.65 |    85.29 |     100 |   88.65 | ...11-115,153-154 
 ...tion/reporters |   83.08 |    36.73 |   91.66 |   83.08 |                   
  github.ts        |    87.5 |    44.44 |     100 |    87.5 | ...,84-85,117-118 
  index.ts         |     100 |      100 |     100 |     100 |                   
  json.ts          |     100 |    66.66 |     100 |     100 | 38                
  text.ts          |   78.26 |    28.57 |      80 |   78.26 | ...68-171,180-184 
 ...lidation/rules |   80.61 |    67.11 |     100 |   80.61 |                   
  collisions.ts    |   95.23 |       68 |     100 |   95.23 | 15,24             
  dependencies.ts  |   71.92 |       80 |     100 |   71.92 | 16-17,23-36       
  index.ts         |     100 |      100 |     100 |     100 |                   
  semantics.ts     |   78.94 |       52 |     100 |   78.94 | ...25,45-54,61-62 
  state-machine.ts |   57.29 |    71.42 |     100 |   57.29 | ...92-101,104-113 
  tokens.ts        |   95.52 |    66.66 |     100 |   95.52 | 24,28-29          
  types.ts         |       0 |        0 |       0 |       0 |                   
  ...extensions.ts |   94.93 |    68.75 |     100 |   94.93 | 24,28,32-33       
 src/view          |   97.18 |    86.36 |     100 |   97.18 |                   
  context.ts       |     100 |      100 |     100 |     100 |                   
  extensions.ts    |   96.61 |    85.71 |     100 |   96.61 | 42-43             
 ...iew/compositor |   94.66 |    84.21 |     100 |   94.66 |                   
  composeDebug.ts  |   96.61 |    83.33 |     100 |   96.61 | 46-47             
  ...Extensions.ts |   93.87 |    84.37 |     100 |   93.87 | ...25,188-189,192 
 src/viz           |       0 |      100 |     100 |       0 |                   
  index.ts         |       0 |      100 |     100 |       0 | 4-131             
 ...apters/echarts |    90.7 |    73.92 |   96.34 |    90.7 |                   
  graph-adapter.ts |   96.56 |    85.03 |     100 |   96.56 | ...10-411,427-428 
  ...rchy-utils.ts |   87.25 |    71.79 |     100 |   87.25 | ...12-113,122-125 
  ...ey-adapter.ts |   85.32 |    78.02 |   85.71 |   85.32 | ...92-393,409-410 
  ...st-adapter.ts |   90.32 |    51.21 |     100 |   90.32 | ...95-196,212-213 
  ...ap-adapter.ts |   91.26 |    58.82 |     100 |   91.26 | ...23-224,240-241 
 ...apters/spatial |   80.97 |    74.52 |   92.68 |   80.97 |                   
  ...le-adapter.ts |   67.09 |    53.33 |   83.33 |   67.09 | ...18-228,234-282 
  ...th-adapter.ts |    63.8 |     42.3 |    87.5 |    63.8 | ...84,107,149-193 
  ...gistration.ts |   64.15 |    61.53 |      60 |   64.15 | ...63,70-71,74-75 
  ...al-adapter.ts |   93.25 |    77.14 |     100 |   93.25 | 51-52,62-63,83-84 
  ...-generator.ts |    76.4 |     62.5 |   83.33 |    76.4 | ...-65,76,101-102 
  ...ata-joiner.ts |   92.37 |    78.94 |     100 |   92.37 | 31-32,57-58,88-92 
  ...a-resolver.ts |   93.58 |    81.81 |     100 |   93.58 | 70-71,99-101      
  geo-fetch.ts     |   91.86 |     87.5 |     100 |   91.86 | ...03-104,126-127 
  ...mat-parser.ts |   92.43 |    94.64 |     100 |   92.43 | ...11-113,130-131 
  index.ts         |       0 |      100 |     100 |       0 | 7-22              
  ...le-adapter.ts |   78.35 |    66.66 |     100 |   78.35 | ...02-110,117-129 
  ...th-adapter.ts |   89.61 |    88.23 |     100 |   89.61 | 55-63             
  ...ection-map.ts |     100 |       80 |     100 |     100 | 28                
  ...-scale-map.ts |   93.33 |       80 |     100 |   93.33 | 34-35             
  ...al-adapter.ts |   92.25 |    82.45 |     100 |   92.25 | ...,98-99,137-138 
 src/viz/contexts  |   81.81 |      100 |      75 |   81.81 |                   
  ...l-context.tsx |   81.81 |      100 |      75 |   81.81 | 97-107            
 src/viz/hooks     |   89.89 |    77.41 |   94.44 |   89.89 |                   
  index.ts         |       0 |        0 |       0 |       0 | 1-5               
  useBrush.ts      |   95.12 |    85.71 |     100 |   95.12 | 52-53             
  useFilter.ts     |   95.12 |    66.66 |     100 |   95.12 | 52-53             
  useHighlight.ts  |   94.28 |       80 |     100 |   94.28 | 15-16             
  ...Projection.ts |   91.52 |    94.44 |     100 |   91.52 | 79-83             
  ...patialSpec.ts |   86.02 |    73.33 |     100 |   86.02 | ...44-145,172-173 
  useTooltip.ts    |   92.59 |       80 |     100 |   92.59 | 12-13             
  useZoom.ts       |   95.23 |    66.66 |     100 |   95.23 | 52-53             
 ...z/interactions |   78.73 |    45.94 |    90.9 |   78.73 |                   
  ...er-actions.ts |   83.53 |    47.22 |     100 |   83.53 | ...03-204,210-215 
  ...er-reducer.ts |       0 |        0 |       0 |       0 | 1-27              
 src/viz/layout    |   71.69 |    57.89 |     100 |   71.69 |                   
  keyboard-nav.ts  |   71.69 |    57.89 |     100 |   71.69 | ...48,56-57,61-62 
 src/viz/patterns  |   55.18 |     69.6 |   94.59 |   55.18 |                   
  ...k-scaffold.ts |   99.24 |    97.22 |     100 |   99.24 | 46                
  ...-generator.ts |   72.49 |    50.57 |     100 |   72.49 | ...76-477,487-488 
  ...-detection.ts |    92.1 |    86.76 |   91.66 |    92.1 | ...2,36-37,93-100 
  ...l-scaffold.ts |     100 |    33.33 |     100 |     100 | 20-22,112-115     
  ...-chart-cli.ts |       0 |        0 |       0 |       0 | 1-458             
 src/viz/perf      |       0 |        0 |       0 |       0 |                   
  ...benchmarks.ts |       0 |        0 |       0 |       0 | 1-803             
 src/viz/resolver  |     100 |      100 |     100 |     100 |                   
  ...w-resolver.ts |     100 |      100 |     100 |     100 |                   
 src/viz/runtime   |      68 |       60 |   66.66 |      68 |                   
  ...bed-loader.ts |      68 |       60 |   66.66 |      68 | ...20,25-26,33-34 
 src/viz/tooltip   |   42.97 |    83.33 |   55.55 |   42.97 |                   
  ...tip-config.ts |   42.97 |    83.33 |   55.55 |   42.97 | ...92-132,141-166 
 ...viz/validation |   89.11 |    82.35 |     100 |   89.11 |                   
  ...validators.ts |   89.11 |    82.35 |     100 |   89.11 | ...12,139,147-150 
-------------------|---------|----------|---------|---------|-------------------

 RUN  v3.2.4 /Users/systemsystems/.codex/worktrees/225a/OODS-Forge/packages/mcp-server

 ✓ test/product-reality/codegen-matrix.s182.spec.ts (13 tests) 21055ms
   ✓ Sprint 182 M04 public codegen matrix > compiles and closes dependencies for 'react'/'inline'/typescript=false  779ms
   ✓ Sprint 182 M04 public codegen matrix > compiles and closes dependencies for 'react'/'inline'/typescript=true  373ms
   ✓ Sprint 182 M04 public codegen matrix > compiles and closes dependencies for 'react'/'tokens'/typescript=false  321ms
   ✓ Sprint 182 M04 public codegen matrix > compiles and closes dependencies for 'react'/'tokens'/typescript=true  328ms
   ✓ Sprint 182 M04 public codegen matrix > compiles and closes dependencies for 'react'/'tailwind'/typescript=false  330ms
   ✓ Sprint 182 M04 public codegen matrix > compiles and closes dependencies for 'react'/'tailwind'/typescript=true  330ms
   ✓ Sprint 182 M04 public codegen matrix > compiles and closes dependencies for 'vue'/'inline'/typescript=false  3518ms
   ✓ Sprint 182 M04 public codegen matrix > compiles and closes dependencies for 'vue'/'inline'/typescript=true  2869ms
   ✓ Sprint 182 M04 public codegen matrix > compiles and closes dependencies for 'vue'/'tokens'/typescript=false  3127ms
   ✓ Sprint 182 M04 public codegen matrix > compiles and closes dependencies for 'vue'/'tokens'/typescript=true  2958ms
   ✓ Sprint 182 M04 public codegen matrix > compiles and closes dependencies for 'vue'/'tailwind'/typescript=false  3238ms
   ✓ Sprint 182 M04 public codegen matrix > compiles and closes dependencies for 'vue'/'tailwind'/typescript=true  2879ms

 Test Files  1 passed (1)
      Tests  13 passed (13)
   Start at  05:28:05
   Duration  21.54s (transform 145ms, setup 12ms, collect 240ms, tests 21.06s, environment 0ms, prepare 69ms)


 RUN  v3.2.4 /Users/systemsystems/.codex/worktrees/225a/OODS-Forge/packages/mcp-server

 ✓ test/product-reality/packed-consumers.s182.spec.ts (2 tests) 50295ms
   ✓ Sprint 182 M04 packed generated consumers > B-12 installs and imports every required tarball and root export in isolation  14368ms
   ✓ Sprint 182 M04 packed generated consumers > B-13 resolves declared dependencies and shared CSS in a clean production build  35926ms

 Test Files  1 passed (1)
      Tests  2 passed (2)
   Start at  05:28:27
   Duration  50.67s (transform 132ms, setup 11ms, collect 219ms, tests 50.30s, environment 0ms, prepare 40ms)


 RUN  v3.2.4 /Users/systemsystems/.codex/worktrees/225a/OODS-Forge

 ✓ |core| tests/viz/spatial/geo-fetch.test.ts (9 tests) 124ms
 ✓ |core| tests/viz/adapters/spatial/echarts-spatial-adapter.test.ts (3 tests) 81ms
 ✓ |core| tests/viz/adapters/spatial/vega-lite-visual-regression.test.ts (2 tests) 130ms
 ✓ |core| tests/viz/adapters/spatial/echarts-visual-regression.test.ts (2 tests) 152ms
 ✓ |core| tests/viz/spatial/geo-data-resolver.test.ts (15 tests) 31ms
 ✓ |core| tests/contracts/public-api.contract.test.ts (3 tests) 21ms
 ✓ |core| tests/contracts/upstream-trait-sync.contract.test.ts (20 tests) 534ms
 ✓ |core| tests/viz/adapters/echarts/hierarchy-utils.test.ts (3 tests) 17ms
 ✓ |core| tests/contracts/schema-types.contract.test.ts (2 tests) 5ms
stderr | tests/viz/adapters/spatial/vega-lite-spatial-adapter.test.ts
unknown format "color-hex" ignored in schema at path "#/definitions/HexColor"
unknown format "color-hex" ignored in schema at path "#/definitions/HexColor"

 ✓ |core| tests/contracts/tokens-governance-entry-guard.spec.ts (2 tests) 1410ms
   ✓ tokens-governance entry guard (s176 m04 realpath fold, #1250) > direct invocation runs main(): the usage surface prints and the exit code is 1  635ms
   ✓ tokens-governance entry guard (s176 m04 realpath fold, #1250) > SYMLINKED invocation runs main() too — the pre-s176 guard silently no-opped here — and its usage surface is byte-identical to the direct one  774ms
 ✓ |core| tests/viz/adapters/spatial/vega-lite-spatial-adapter.test.ts (3 tests) 53ms
 ✓ |core| tests/viz/normalized-viz-spec.test.ts (6 tests) 10ms
 ✓ |core| tests/viz/a11y-equivalence.test.ts (12 tests) 6ms
 ✓ |core| tests/viz/echarts-interactions.test.ts (5 tests) 6ms
stderr | tests/viz/mark-options-schema-validity-s167.test.ts
unknown format "color-hex" ignored in schema at path "#/definitions/HexColor"
unknown format "color-hex" ignored in schema at path "#/definitions/HexColor"
unknown format "color-hex" ignored in schema at path "#/definitions/HexColor"
unknown format "color-hex" ignored in schema at path "#/definitions/HexColor"

 ✓ |core| tests/viz/adapters/echarts/sankey-adapter.test.ts (43 tests) 11ms
 ✓ |core| tests/viz/adapters/echarts/sankey-adapter-edge-cases.test.ts (21 tests) 8ms
 ✓ |core| tests/viz/adapters/layout-parity.test.ts (2 tests) 5ms
 ✓ |core| tests/viz/resolver/network-flow-resolver.test.ts (6 tests) 3ms
 ✓ |core| tests/viz/vega-lite-adapter.test.ts (8 tests) 9ms
 ✓ |core| tests/viz/adapters/echarts/graph-adapter-interaction.test.ts (24 tests) 10ms
 ✓ |core| tests/viz/integration/spatial-dashboard.test.tsx (2 tests) 10ms
 ✓ |core| tests/viz/layout/keyboard-nav.test.ts (3 tests) 3ms
 ✓ |core| tests/viz/mark-options-schema-validity-s167.test.ts (49 tests) 574ms
   ✓ s168 m02 — allowlist + translation table (FF#22 corrective) > every committed mark-bearing fixture emits schema-valid mark defs  374ms
 ✓ |core| tests/viz/spatial/geo-format-parser.test.ts (22 tests) 5ms
 ✓ |core| tests/viz/adapters/echarts/graph-adapter.test.ts (35 tests) 12ms
 ✓ |core| tests/viz/a11y/facet-table-generator.test.ts (4 tests) 12ms
 ✓ |core| tests/viz/spatial/geo-data-joiner.test.ts (13 tests) 3ms
 ✓ |core| tests/viz/echarts-adapter.test.ts (8 tests) 5ms
 ✓ |core| tests/viz/stack-transform.test.ts (2 tests) 5ms
 ✓ |core| tests/viz/adapters/layout-adapter.test.ts (2 tests) 5ms
 ✓ |core| tests/viz/patterns/suggest-chart.test.ts (4 tests) 6ms
 ✓ |core| tests/viz/patterns/pattern-library-v2.test.ts (6 tests) 10ms
 ✓ |core| tests/viz/integration/spatial-crossfilter.test.ts (5 tests) 3ms
 ✓ |core| tests/viz/patterns/scaffold-generator.test.ts (1 test) 3ms
 ✓ |core| tests/viz/integration/renderer-selection-spatial.test.ts (5 tests) 3ms
 ✓ |core| tests/viz/renderer-selector.test.ts (7 tests) 3ms
 ✓ |core| tests/viz/adapters/echarts/treemap-adapter.test.ts (2 tests) 5ms
 ✓ |core| tests/viz/patterns/suggest-chart-v2.test.ts (2 tests) 4ms
 ✓ |core| tests/viz/adapters/echarts/sunburst-adapter.test.ts (2 tests) 8ms
 ✓ |core| tests/viz/hooks/useSpatialProjection.test.ts (6 tests) 30ms
 ✓ |core| tests/viz/hooks.test.tsx (5 tests) 22ms
 ✓ |core| tests/viz/spatial/adapter-parity.test.ts (2 tests) 182ms
 ✓ |core| tests/viz/hooks/useSpatialSpec.test.ts (5 tests) 313ms
 ✓ |core| tests/viz/spatial/performance.test.tsx (3 tests) 625ms
   ✓ Spatial Performance Benchmarks > meets bubble render budgets  328ms
 ✓ |core| tests/viz/spatial/a11y-integration.test.tsx (4 tests) 153ms
 ✓ |core| tests/viz/spatial/e2e-spatial.test.tsx (3 tests) 141ms

 Test Files  46 passed (46)
      Tests  393 passed (393)
   Start at  05:29:18
   Duration  5.22s (transform 2.13s, setup 0ms, collect 16.30s, tests 4.77s, environment 2.77s, prepare 2.59s)

